ISO-10303-21;
HEADER;
FILE_DESCRIPTION(('STEP AP242'),'1');
FILE_NAME('3386f-1-103lf.stp','2022-08-03T00:53:18',('TraceParts'),('TraceParts S.A.'),'Spatial InterOp 3D',' ',' ');
FILE_SCHEMA(('AP242_MANAGED_MODEL_BASED_3D_ENGINEERING_MIM_LF  {1 0 10303 442 1 1 4}'));
ENDSEC;
DATA;
#1=PRODUCT_DEFINITION_CONTEXT('',#12,'design');
#2=APPLICATION_PROTOCOL_DEFINITION('INTERNATIONAL STANDARD','ap242_managed_model_based_3d_engineering',2014,#12);
#3=PRODUCT_CATEGORY_RELATIONSHIP('NONE','NONE',#13,#14);
#4=SHAPE_DEFINITION_REPRESENTATION(#15,#16);
#5=SHAPE_DEFINITION_REPRESENTATION(#15,#17);
#6=SHAPE_DEFINITION_REPRESENTATION(#15,#18);
#7=SHAPE_DEFINITION_REPRESENTATION(#15,#19);
#8= (GEOMETRIC_REPRESENTATION_CONTEXT(3)GLOBAL_UNCERTAINTY_ASSIGNED_CONTEXT((#22))GLOBAL_UNIT_ASSIGNED_CONTEXT((#24,#25,#26))REPRESENTATION_CONTEXT('NONE','WORKSPACE'));
#12=APPLICATION_CONTEXT('managed model based 3d engineering');
#13=PRODUCT_CATEGORY('part','NONE');
#14=PRODUCT_RELATED_PRODUCT_CATEGORY('detail',' ',(#28));
#15=PRODUCT_DEFINITION_SHAPE('NONE','NONE',#29);
#16=ADVANCED_BREP_SHAPE_REPRESENTATION('3386f-1-103lf_1',(#30,#31),#8);
#17=ADVANCED_BREP_SHAPE_REPRESENTATION('3386f-1-103lf_2',(#32,#33),#8);
#18=ADVANCED_BREP_SHAPE_REPRESENTATION('3386f-1-103lf_3',(#34,#35),#8);
#19=ADVANCED_BREP_SHAPE_REPRESENTATION('3386f-1-103lf_4',(#36,#37),#8);
#22=UNCERTAINTY_MEASURE_WITH_UNIT(LENGTH_MEASURE(1.0E-06),#24,'','');
#24= (CONVERSION_BASED_UNIT('MILLIMETRE',#40)LENGTH_UNIT()NAMED_UNIT(#43));
#25= (NAMED_UNIT(#45)PLANE_ANGLE_UNIT()SI_UNIT($,.RADIAN.));
#26= (NAMED_UNIT(#45)SOLID_ANGLE_UNIT()SI_UNIT($,.STERADIAN.));
#28=PRODUCT('3386f-1-103lf_1','3386f-1-103lf_1','PART-3386f-1-103lf_1-DESC',(#51));
#29=PRODUCT_DEFINITION('','NONE',#52,#1);
#30=MANIFOLD_SOLID_BREP('3386f-1-103lf_1',#53);
#31=AXIS2_PLACEMENT_3D('',#54,#55,#56);
#32=MANIFOLD_SOLID_BREP('3386f-1-103lf_2',#57);
#33=AXIS2_PLACEMENT_3D('',#58,#59,#60);
#34=MANIFOLD_SOLID_BREP('3386f-1-103lf_3',#61);
#35=AXIS2_PLACEMENT_3D('',#62,#63,#64);
#36=MANIFOLD_SOLID_BREP('3386f-1-103lf_4',#65);
#37=AXIS2_PLACEMENT_3D('',#66,#67,#68);
#40=LENGTH_MEASURE_WITH_UNIT(LENGTH_MEASURE(1.0),#69);
#43=DIMENSIONAL_EXPONENTS(1.0,0.0,0.0,0.0,0.0,0.0,0.0);
#45=DIMENSIONAL_EXPONENTS(0.0,0.0,0.0,0.0,0.0,0.0,0.0);
#51=PRODUCT_CONTEXT('',#12,'mechanical');
#52=PRODUCT_DEFINITION_FORMATION_WITH_SPECIFIED_SOURCE(' ','NONE',#28,.NOT_KNOWN.);
#53=CLOSED_SHELL('',(#70,#71,#72,#73,#74,#75,#76,#77,#78,#79,#80,#81,#82,#83,#84,#85,#86,#87,#88,#89,#90,#91,#92,#93,#94,#95,#96,#97,#98,#99,#100,#101,#102,#103,#104,#105,#106,#107,#108,#109,#110,#111,#112,#113,#114,#115,#116,#117,#118,#119,#120,#121,#122,#123,#124,#125,#126,#127,#128,#129,#130,#131,#132,#133,#134,#135,#136,#137,#138,#139,#140,#141,#142,#143,#144,#145,#146,#147,#148,#149,#150,#151,#152,#153,#154,#155,#156,#157,#158,#159,#160,#161,#162,#163,#164,#165,#166,#167,#168,#169,#170,#171,#172,#173,#174,#175,#176,#177,#178,#179,#180,#181,#182,#183,#184,#185,#186,#187,#188,#189,#190,#191,#192,#193,#194,#195,#196,#197,#198,#199,#200,#201,#202,#203,#204,#205,#206,#207,#208,#209,#210,#211,#212,#213,#214,#215,#216,#217,#218,#219,#220,#221,#222,#223,#224,#225,#226,#227,#228,#229,#230,#231,#232,#233,#234,#235,#236,#237,#238,#239,#240,#241,#242,#243,#244,#245,#246,#247,#248,#249,#250,#251,#252,#253,#254,#255,#256,#257,#258,#259,#260,#261,#262,#263,#264,#265,#266,#267,#268,#269,#270,#271,#272,#273,#274,#275,#276,#277,#278,#279,#280,#281,#282,#283,#284,#285,#286,#287,#288,#289,#290,#291,#292,#293,#294,#295,#296,#297,#298,#299,#300,#301,#302,#303,#304,#305,#306,#307,#308,#309,#310,#311,#312,#313,#314,#315,#316,#317,#318,#319,#320,#321,#322,#323,#324,#325,#326,#327,#328,#329,#330,#331,#332,#333,#334,#335,#336,#337,#338,#339,#340,#341,#342,#343,#344,#345,#346,#347,#348,#349,#350,#351,#352,#353,#354,#355,#356,#357,#358,#359,#360,#361,#362,#363,#364,#365,#366,#367,#368,#369,#370,#371,#372,#373,#374,#375,#376,#377,#378,#379,#380,#381,#382,#383,#384,#385,#386,#387,#388,#389,#390,#391,#392,#393,#394,#395,#396,#397,#398,#399,#400,#401,#402,#403,#404,#405,#406,#407,#408,#409,#410,#411,#412,#413,#414,#415,#416,#417,#418,#419,#420,#421,#422,#423,#424,#425,#426,#427,#428,#429,#430,#431,#432,#433,#434,#435,#436,#437,#438,#439,#440,#441,#442,#443,#444,#445,#446,#447,#448,#449,#450,#451,#452,#453,#454,#455,#456,#457,#458,#459,#460,#461,#462,#463,#464,#465,#466,#467,#468,#469,#470,#471,#472,#473,#474,#475,#476,#477,#478,#479,#480,#481,#482,#483,#484,#485,#486,#487,#488,#489,#490,#491,#492,#493,#494,#495,#496,#497,#498,#499,#500,#501,#502,#503,#504,#505,#506,#507,#508,#509,#510,#511,#512,#513,#514,#515,#516,#517,#518,#519,#520,#521,#522,#523,#524,#525,#526,#527,#528,#529,#530,#531,#532,#533,#534,#535,#536,#537,#538,#539,#540,#541,#542,#543,#544,#545,#546,#547,#548,#549,#550,#551,#552,#553,#554,#555,#556,#557,#558,#559,#560,#561,#562,#563,#564,#565,#566,#567,#568,#569,#570,#571,#572,#573,#574,#575,#576,#577,#578,#579,#580,#581,#582,#583,#584,#585,#586,#587,#588,#589,#590,#591,#592,#593,#594,#595,#596,#597,#598,#599,#600,#601,#602,#603,#604,#605,#606,#607,#608,#609,#610,#611,#612,#613,#614,#615,#616,#617,#618,#619,#620,#621,#622,#623,#624,#625,#626,#627,#628,#629,#630,#631,#632,#633,#634,#635,#636,#637,#638,#639,#640,#641,#642,#643,#644,#645,#646,#647,#648,#649,#650,#651,#652,#653,#654));
#54=CARTESIAN_POINT('',(0.0,0.0,0.0));
#55=DIRECTION('',(0.0,0.0,1.0));
#56=DIRECTION('',(1.0,0.0,0.0));
#57=CLOSED_SHELL('',(#655,#656,#657,#658));
#58=CARTESIAN_POINT('',(0.0,0.0,0.0));
#59=DIRECTION('',(0.0,0.0,1.0));
#60=DIRECTION('',(1.0,0.0,0.0));
#61=CLOSED_SHELL('',(#659,#660,#661,#662));
#62=CARTESIAN_POINT('',(0.0,0.0,0.0));
#63=DIRECTION('',(0.0,0.0,1.0));
#64=DIRECTION('',(1.0,0.0,0.0));
#65=CLOSED_SHELL('',(#663,#664,#665,#666));
#66=CARTESIAN_POINT('',(0.0,0.0,0.0));
#67=DIRECTION('',(0.0,0.0,1.0));
#68=DIRECTION('',(1.0,0.0,0.0));
#69= (NAMED_UNIT(#43)LENGTH_UNIT()SI_UNIT(.MILLI.,.METRE.));
#70=ADVANCED_FACE('',(#668),#669,.F.);
#71=ADVANCED_FACE('',(#670),#671,.F.);
#72=ADVANCED_FACE('',(#672),#673,.F.);
#73=ADVANCED_FACE('',(#674),#675,.F.);
#74=ADVANCED_FACE('',(#676),#677,.F.);
#75=ADVANCED_FACE('',(#678),#679,.F.);
#76=ADVANCED_FACE('',(#680),#681,.F.);
#77=ADVANCED_FACE('',(#682),#683,.F.);
#78=ADVANCED_FACE('',(#684),#685,.F.);
#79=ADVANCED_FACE('',(#686,#687),#688,.F.);
#80=ADVANCED_FACE('',(#689,#690,#691,#692,#693,#694,#695,#696,#697,#698,#699,#700,#701),#702,.F.);
#81=ADVANCED_FACE('',(#703),#704,.F.);
#82=ADVANCED_FACE('',(#705),#706,.F.);
#83=ADVANCED_FACE('',(#707),#708,.F.);
#84=ADVANCED_FACE('',(#709),#710,.F.);
#85=ADVANCED_FACE('',(#711),#712,.F.);
#86=ADVANCED_FACE('',(#713),#714,.F.);
#87=ADVANCED_FACE('',(#715),#716,.F.);
#88=ADVANCED_FACE('',(#717),#718,.F.);
#89=ADVANCED_FACE('',(#719),#720,.F.);
#90=ADVANCED_FACE('',(#721),#722,.F.);
#91=ADVANCED_FACE('',(#723),#724,.F.);
#92=ADVANCED_FACE('',(#725),#726,.F.);
#93=ADVANCED_FACE('',(#727),#728,.F.);
#94=ADVANCED_FACE('',(#729),#730,.F.);
#95=ADVANCED_FACE('',(#731),#732,.F.);
#96=ADVANCED_FACE('',(#733),#734,.F.);
#97=ADVANCED_FACE('',(#735),#736,.F.);
#98=ADVANCED_FACE('',(#737),#738,.F.);
#99=ADVANCED_FACE('',(#739),#740,.F.);
#100=ADVANCED_FACE('',(#741,#742,#743),#744,.T.);
#101=ADVANCED_FACE('',(#745,#746),#747,.T.);
#102=ADVANCED_FACE('',(#748),#749,.T.);
#103=ADVANCED_FACE('',(#750,#751),#752,.T.);
#104=ADVANCED_FACE('',(#753),#754,.T.);
#105=ADVANCED_FACE('',(#755),#756,.T.);
#106=ADVANCED_FACE('',(#757),#758,.T.);
#107=ADVANCED_FACE('',(#759),#760,.T.);
#108=ADVANCED_FACE('',(#761,#762,#763),#764,.T.);
#109=ADVANCED_FACE('',(#765,#766),#767,.T.);
#110=ADVANCED_FACE('',(#768),#769,.F.);
#111=ADVANCED_FACE('',(#770),#771,.F.);
#112=ADVANCED_FACE('',(#772),#773,.F.);
#113=ADVANCED_FACE('',(#774),#775,.F.);
#114=ADVANCED_FACE('',(#776),#777,.F.);
#115=ADVANCED_FACE('',(#778),#779,.F.);
#116=ADVANCED_FACE('',(#780),#781,.F.);
#117=ADVANCED_FACE('',(#782),#783,.F.);
#118=ADVANCED_FACE('',(#784),#785,.F.);
#119=ADVANCED_FACE('',(#786),#787,.F.);
#120=ADVANCED_FACE('',(#788),#789,.F.);
#121=ADVANCED_FACE('',(#790),#791,.F.);
#122=ADVANCED_FACE('',(#792),#793,.F.);
#123=ADVANCED_FACE('',(#794),#795,.F.);
#124=ADVANCED_FACE('',(#796),#797,.F.);
#125=ADVANCED_FACE('',(#798),#799,.F.);
#126=ADVANCED_FACE('',(#800),#801,.F.);
#127=ADVANCED_FACE('',(#802),#803,.F.);
#128=ADVANCED_FACE('',(#804),#805,.F.);
#129=ADVANCED_FACE('',(#806),#807,.F.);
#130=ADVANCED_FACE('',(#808),#809,.F.);
#131=ADVANCED_FACE('',(#810),#811,.F.);
#132=ADVANCED_FACE('',(#812),#813,.F.);
#133=ADVANCED_FACE('',(#814),#815,.F.);
#134=ADVANCED_FACE('',(#816),#817,.F.);
#135=ADVANCED_FACE('',(#818),#819,.F.);
#136=ADVANCED_FACE('',(#820),#821,.F.);
#137=ADVANCED_FACE('',(#822),#823,.F.);
#138=ADVANCED_FACE('',(#824),#825,.F.);
#139=ADVANCED_FACE('',(#826),#827,.F.);
#140=ADVANCED_FACE('',(#828),#829,.F.);
#141=ADVANCED_FACE('',(#830),#831,.F.);
#142=ADVANCED_FACE('',(#832),#833,.F.);
#143=ADVANCED_FACE('',(#834),#835,.F.);
#144=ADVANCED_FACE('',(#836),#837,.F.);
#145=ADVANCED_FACE('',(#838),#839,.F.);
#146=ADVANCED_FACE('',(#840),#841,.F.);
#147=ADVANCED_FACE('',(#842),#843,.F.);
#148=ADVANCED_FACE('',(#844),#845,.F.);
#149=ADVANCED_FACE('',(#846),#847,.F.);
#150=ADVANCED_FACE('',(#848),#849,.F.);
#151=ADVANCED_FACE('',(#850),#851,.F.);
#152=ADVANCED_FACE('',(#852),#853,.F.);
#153=ADVANCED_FACE('',(#854),#855,.F.);
#154=ADVANCED_FACE('',(#856),#857,.F.);
#155=ADVANCED_FACE('',(#858),#859,.F.);
#156=ADVANCED_FACE('',(#860),#861,.F.);
#157=ADVANCED_FACE('',(#862),#863,.F.);
#158=ADVANCED_FACE('',(#864),#865,.F.);
#159=ADVANCED_FACE('',(#866),#867,.F.);
#160=ADVANCED_FACE('',(#868),#869,.F.);
#161=ADVANCED_FACE('',(#870),#871,.F.);
#162=ADVANCED_FACE('',(#872),#873,.F.);
#163=ADVANCED_FACE('',(#874),#875,.F.);
#164=ADVANCED_FACE('',(#876),#877,.F.);
#165=ADVANCED_FACE('',(#878),#879,.F.);
#166=ADVANCED_FACE('',(#880),#881,.F.);
#167=ADVANCED_FACE('',(#882),#883,.F.);
#168=ADVANCED_FACE('',(#884),#885,.F.);
#169=ADVANCED_FACE('',(#886),#887,.F.);
#170=ADVANCED_FACE('',(#888),#889,.F.);
#171=ADVANCED_FACE('',(#890),#891,.F.);
#172=ADVANCED_FACE('',(#892),#893,.F.);
#173=ADVANCED_FACE('',(#894),#895,.F.);
#174=ADVANCED_FACE('',(#896),#897,.F.);
#175=ADVANCED_FACE('',(#898),#899,.F.);
#176=ADVANCED_FACE('',(#900),#901,.F.);
#177=ADVANCED_FACE('',(#902),#903,.F.);
#178=ADVANCED_FACE('',(#904),#905,.F.);
#179=ADVANCED_FACE('',(#906),#907,.F.);
#180=ADVANCED_FACE('',(#908),#909,.F.);
#181=ADVANCED_FACE('',(#910),#911,.F.);
#182=ADVANCED_FACE('',(#912),#913,.F.);
#183=ADVANCED_FACE('',(#914),#915,.F.);
#184=ADVANCED_FACE('',(#916),#917,.F.);
#185=ADVANCED_FACE('',(#918),#919,.F.);
#186=ADVANCED_FACE('',(#920),#921,.F.);
#187=ADVANCED_FACE('',(#922),#923,.F.);
#188=ADVANCED_FACE('',(#924),#925,.F.);
#189=ADVANCED_FACE('',(#926),#927,.F.);
#190=ADVANCED_FACE('',(#928),#929,.F.);
#191=ADVANCED_FACE('',(#930),#931,.F.);
#192=ADVANCED_FACE('',(#932),#933,.F.);
#193=ADVANCED_FACE('',(#934),#935,.F.);
#194=ADVANCED_FACE('',(#936),#937,.F.);
#195=ADVANCED_FACE('',(#938),#939,.F.);
#196=ADVANCED_FACE('',(#940),#941,.F.);
#197=ADVANCED_FACE('',(#942),#943,.F.);
#198=ADVANCED_FACE('',(#944),#945,.F.);
#199=ADVANCED_FACE('',(#946),#947,.F.);
#200=ADVANCED_FACE('',(#948),#949,.F.);
#201=ADVANCED_FACE('',(#950),#951,.F.);
#202=ADVANCED_FACE('',(#952),#953,.F.);
#203=ADVANCED_FACE('',(#954),#955,.F.);
#204=ADVANCED_FACE('',(#956),#957,.F.);
#205=ADVANCED_FACE('',(#958),#959,.F.);
#206=ADVANCED_FACE('',(#960),#961,.F.);
#207=ADVANCED_FACE('',(#962),#963,.F.);
#208=ADVANCED_FACE('',(#964),#965,.F.);
#209=ADVANCED_FACE('',(#966),#967,.F.);
#210=ADVANCED_FACE('',(#968),#969,.F.);
#211=ADVANCED_FACE('',(#970),#971,.F.);
#212=ADVANCED_FACE('',(#972),#973,.F.);
#213=ADVANCED_FACE('',(#974),#975,.F.);
#214=ADVANCED_FACE('',(#976),#977,.F.);
#215=ADVANCED_FACE('',(#978),#979,.F.);
#216=ADVANCED_FACE('',(#980),#981,.F.);
#217=ADVANCED_FACE('',(#982),#983,.F.);
#218=ADVANCED_FACE('',(#984),#985,.F.);
#219=ADVANCED_FACE('',(#986),#987,.F.);
#220=ADVANCED_FACE('',(#988),#989,.F.);
#221=ADVANCED_FACE('',(#990),#991,.F.);
#222=ADVANCED_FACE('',(#992),#993,.F.);
#223=ADVANCED_FACE('',(#994),#995,.F.);
#224=ADVANCED_FACE('',(#996),#997,.F.);
#225=ADVANCED_FACE('',(#998),#999,.F.);
#226=ADVANCED_FACE('',(#1000),#1001,.F.);
#227=ADVANCED_FACE('',(#1002),#1003,.F.);
#228=ADVANCED_FACE('',(#1004),#1005,.F.);
#229=ADVANCED_FACE('',(#1006),#1007,.F.);
#230=ADVANCED_FACE('',(#1008),#1009,.F.);
#231=ADVANCED_FACE('',(#1010),#1011,.F.);
#232=ADVANCED_FACE('',(#1012),#1013,.F.);
#233=ADVANCED_FACE('',(#1014),#1015,.F.);
#234=ADVANCED_FACE('',(#1016),#1017,.F.);
#235=ADVANCED_FACE('',(#1018),#1019,.F.);
#236=ADVANCED_FACE('',(#1020),#1021,.F.);
#237=ADVANCED_FACE('',(#1022),#1023,.F.);
#238=ADVANCED_FACE('',(#1024),#1025,.F.);
#239=ADVANCED_FACE('',(#1026),#1027,.F.);
#240=ADVANCED_FACE('',(#1028),#1029,.F.);
#241=ADVANCED_FACE('',(#1030),#1031,.F.);
#242=ADVANCED_FACE('',(#1032),#1033,.F.);
#243=ADVANCED_FACE('',(#1034),#1035,.F.);
#244=ADVANCED_FACE('',(#1036),#1037,.F.);
#245=ADVANCED_FACE('',(#1038),#1039,.F.);
#246=ADVANCED_FACE('',(#1040),#1041,.F.);
#247=ADVANCED_FACE('',(#1042),#1043,.F.);
#248=ADVANCED_FACE('',(#1044),#1045,.F.);
#249=ADVANCED_FACE('',(#1046),#1047,.F.);
#250=ADVANCED_FACE('',(#1048),#1049,.F.);
#251=ADVANCED_FACE('',(#1050),#1051,.F.);
#252=ADVANCED_FACE('',(#1052),#1053,.F.);
#253=ADVANCED_FACE('',(#1054),#1055,.F.);
#254=ADVANCED_FACE('',(#1056),#1057,.F.);
#255=ADVANCED_FACE('',(#1058),#1059,.F.);
#256=ADVANCED_FACE('',(#1060),#1061,.F.);
#257=ADVANCED_FACE('',(#1062),#1063,.F.);
#258=ADVANCED_FACE('',(#1064),#1065,.F.);
#259=ADVANCED_FACE('',(#1066),#1067,.F.);
#260=ADVANCED_FACE('',(#1068),#1069,.F.);
#261=ADVANCED_FACE('',(#1070),#1071,.F.);
#262=ADVANCED_FACE('',(#1072),#1073,.F.);
#263=ADVANCED_FACE('',(#1074),#1075,.F.);
#264=ADVANCED_FACE('',(#1076),#1077,.F.);
#265=ADVANCED_FACE('',(#1078),#1079,.F.);
#266=ADVANCED_FACE('',(#1080),#1081,.F.);
#267=ADVANCED_FACE('',(#1082),#1083,.F.);
#268=ADVANCED_FACE('',(#1084),#1085,.F.);
#269=ADVANCED_FACE('',(#1086),#1087,.F.);
#270=ADVANCED_FACE('',(#1088),#1089,.F.);
#271=ADVANCED_FACE('',(#1090),#1091,.F.);
#272=ADVANCED_FACE('',(#1092),#1093,.F.);
#273=ADVANCED_FACE('',(#1094),#1095,.F.);
#274=ADVANCED_FACE('',(#1096),#1097,.F.);
#275=ADVANCED_FACE('',(#1098),#1099,.F.);
#276=ADVANCED_FACE('',(#1100),#1101,.F.);
#277=ADVANCED_FACE('',(#1102),#1103,.F.);
#278=ADVANCED_FACE('',(#1104),#1105,.F.);
#279=ADVANCED_FACE('',(#1106),#1107,.F.);
#280=ADVANCED_FACE('',(#1108),#1109,.F.);
#281=ADVANCED_FACE('',(#1110),#1111,.F.);
#282=ADVANCED_FACE('',(#1112),#1113,.F.);
#283=ADVANCED_FACE('',(#1114),#1115,.F.);
#284=ADVANCED_FACE('',(#1116),#1117,.F.);
#285=ADVANCED_FACE('',(#1118),#1119,.F.);
#286=ADVANCED_FACE('',(#1120),#1121,.F.);
#287=ADVANCED_FACE('',(#1122),#1123,.F.);
#288=ADVANCED_FACE('',(#1124),#1125,.F.);
#289=ADVANCED_FACE('',(#1126),#1127,.F.);
#290=ADVANCED_FACE('',(#1128),#1129,.F.);
#291=ADVANCED_FACE('',(#1130),#1131,.F.);
#292=ADVANCED_FACE('',(#1132),#1133,.F.);
#293=ADVANCED_FACE('',(#1134),#1135,.F.);
#294=ADVANCED_FACE('',(#1136),#1137,.F.);
#295=ADVANCED_FACE('',(#1138),#1139,.F.);
#296=ADVANCED_FACE('',(#1140),#1141,.F.);
#297=ADVANCED_FACE('',(#1142),#1143,.F.);
#298=ADVANCED_FACE('',(#1144),#1145,.F.);
#299=ADVANCED_FACE('',(#1146),#1147,.F.);
#300=ADVANCED_FACE('',(#1148),#1149,.F.);
#301=ADVANCED_FACE('',(#1150),#1151,.F.);
#302=ADVANCED_FACE('',(#1152),#1153,.F.);
#303=ADVANCED_FACE('',(#1154),#1155,.F.);
#304=ADVANCED_FACE('',(#1156),#1157,.F.);
#305=ADVANCED_FACE('',(#1158),#1159,.F.);
#306=ADVANCED_FACE('',(#1160),#1161,.F.);
#307=ADVANCED_FACE('',(#1162),#1163,.F.);
#308=ADVANCED_FACE('',(#1164),#1165,.F.);
#309=ADVANCED_FACE('',(#1166),#1167,.F.);
#310=ADVANCED_FACE('',(#1168),#1169,.F.);
#311=ADVANCED_FACE('',(#1170),#1171,.F.);
#312=ADVANCED_FACE('',(#1172),#1173,.F.);
#313=ADVANCED_FACE('',(#1174),#1175,.F.);
#314=ADVANCED_FACE('',(#1176),#1177,.F.);
#315=ADVANCED_FACE('',(#1178),#1179,.F.);
#316=ADVANCED_FACE('',(#1180),#1181,.F.);
#317=ADVANCED_FACE('',(#1182),#1183,.F.);
#318=ADVANCED_FACE('',(#1184),#1185,.F.);
#319=ADVANCED_FACE('',(#1186),#1187,.F.);
#320=ADVANCED_FACE('',(#1188),#1189,.F.);
#321=ADVANCED_FACE('',(#1190),#1191,.F.);
#322=ADVANCED_FACE('',(#1192),#1193,.F.);
#323=ADVANCED_FACE('',(#1194),#1195,.F.);
#324=ADVANCED_FACE('',(#1196),#1197,.F.);
#325=ADVANCED_FACE('',(#1198),#1199,.F.);
#326=ADVANCED_FACE('',(#1200),#1201,.F.);
#327=ADVANCED_FACE('',(#1202),#1203,.F.);
#328=ADVANCED_FACE('',(#1204),#1205,.F.);
#329=ADVANCED_FACE('',(#1206),#1207,.F.);
#330=ADVANCED_FACE('',(#1208),#1209,.F.);
#331=ADVANCED_FACE('',(#1210),#1211,.F.);
#332=ADVANCED_FACE('',(#1212),#1213,.F.);
#333=ADVANCED_FACE('',(#1214),#1215,.F.);
#334=ADVANCED_FACE('',(#1216),#1217,.F.);
#335=ADVANCED_FACE('',(#1218),#1219,.F.);
#336=ADVANCED_FACE('',(#1220),#1221,.F.);
#337=ADVANCED_FACE('',(#1222),#1223,.F.);
#338=ADVANCED_FACE('',(#1224),#1225,.F.);
#339=ADVANCED_FACE('',(#1226),#1227,.F.);
#340=ADVANCED_FACE('',(#1228),#1229,.F.);
#341=ADVANCED_FACE('',(#1230),#1231,.F.);
#342=ADVANCED_FACE('',(#1232),#1233,.F.);
#343=ADVANCED_FACE('',(#1234),#1235,.F.);
#344=ADVANCED_FACE('',(#1236),#1237,.F.);
#345=ADVANCED_FACE('',(#1238),#1239,.F.);
#346=ADVANCED_FACE('',(#1240),#1241,.F.);
#347=ADVANCED_FACE('',(#1242),#1243,.F.);
#348=ADVANCED_FACE('',(#1244),#1245,.F.);
#349=ADVANCED_FACE('',(#1246),#1247,.F.);
#350=ADVANCED_FACE('',(#1248),#1249,.F.);
#351=ADVANCED_FACE('',(#1250),#1251,.F.);
#352=ADVANCED_FACE('',(#1252),#1253,.F.);
#353=ADVANCED_FACE('',(#1254),#1255,.F.);
#354=ADVANCED_FACE('',(#1256),#1257,.F.);
#355=ADVANCED_FACE('',(#1258),#1259,.F.);
#356=ADVANCED_FACE('',(#1260),#1261,.F.);
#357=ADVANCED_FACE('',(#1262),#1263,.F.);
#358=ADVANCED_FACE('',(#1264),#1265,.F.);
#359=ADVANCED_FACE('',(#1266),#1267,.F.);
#360=ADVANCED_FACE('',(#1268),#1269,.F.);
#361=ADVANCED_FACE('',(#1270),#1271,.F.);
#362=ADVANCED_FACE('',(#1272),#1273,.F.);
#363=ADVANCED_FACE('',(#1274),#1275,.F.);
#364=ADVANCED_FACE('',(#1276),#1277,.F.);
#365=ADVANCED_FACE('',(#1278),#1279,.F.);
#366=ADVANCED_FACE('',(#1280),#1281,.F.);
#367=ADVANCED_FACE('',(#1282),#1283,.F.);
#368=ADVANCED_FACE('',(#1284),#1285,.F.);
#369=ADVANCED_FACE('',(#1286),#1287,.F.);
#370=ADVANCED_FACE('',(#1288),#1289,.F.);
#371=ADVANCED_FACE('',(#1290),#1291,.F.);
#372=ADVANCED_FACE('',(#1292),#1293,.F.);
#373=ADVANCED_FACE('',(#1294),#1295,.F.);
#374=ADVANCED_FACE('',(#1296),#1297,.F.);
#375=ADVANCED_FACE('',(#1298),#1299,.F.);
#376=ADVANCED_FACE('',(#1300),#1301,.F.);
#377=ADVANCED_FACE('',(#1302),#1303,.F.);
#378=ADVANCED_FACE('',(#1304),#1305,.F.);
#379=ADVANCED_FACE('',(#1306),#1307,.F.);
#380=ADVANCED_FACE('',(#1308),#1309,.F.);
#381=ADVANCED_FACE('',(#1310),#1311,.F.);
#382=ADVANCED_FACE('',(#1312),#1313,.F.);
#383=ADVANCED_FACE('',(#1314),#1315,.F.);
#384=ADVANCED_FACE('',(#1316),#1317,.F.);
#385=ADVANCED_FACE('',(#1318),#1319,.F.);
#386=ADVANCED_FACE('',(#1320),#1321,.F.);
#387=ADVANCED_FACE('',(#1322),#1323,.F.);
#388=ADVANCED_FACE('',(#1324),#1325,.F.);
#389=ADVANCED_FACE('',(#1326),#1327,.F.);
#390=ADVANCED_FACE('',(#1328),#1329,.F.);
#391=ADVANCED_FACE('',(#1330),#1331,.F.);
#392=ADVANCED_FACE('',(#1332),#1333,.F.);
#393=ADVANCED_FACE('',(#1334),#1335,.F.);
#394=ADVANCED_FACE('',(#1336),#1337,.F.);
#395=ADVANCED_FACE('',(#1338),#1339,.F.);
#396=ADVANCED_FACE('',(#1340),#1341,.F.);
#397=ADVANCED_FACE('',(#1342),#1343,.F.);
#398=ADVANCED_FACE('',(#1344),#1345,.F.);
#399=ADVANCED_FACE('',(#1346),#1347,.F.);
#400=ADVANCED_FACE('',(#1348),#1349,.F.);
#401=ADVANCED_FACE('',(#1350),#1351,.F.);
#402=ADVANCED_FACE('',(#1352),#1353,.F.);
#403=ADVANCED_FACE('',(#1354),#1355,.F.);
#404=ADVANCED_FACE('',(#1356),#1357,.F.);
#405=ADVANCED_FACE('',(#1358),#1359,.F.);
#406=ADVANCED_FACE('',(#1360),#1361,.F.);
#407=ADVANCED_FACE('',(#1362),#1363,.F.);
#408=ADVANCED_FACE('',(#1364),#1365,.F.);
#409=ADVANCED_FACE('',(#1366),#1367,.F.);
#410=ADVANCED_FACE('',(#1368),#1369,.F.);
#411=ADVANCED_FACE('',(#1370),#1371,.F.);
#412=ADVANCED_FACE('',(#1372),#1373,.F.);
#413=ADVANCED_FACE('',(#1374),#1375,.F.);
#414=ADVANCED_FACE('',(#1376),#1377,.F.);
#415=ADVANCED_FACE('',(#1378),#1379,.F.);
#416=ADVANCED_FACE('',(#1380),#1381,.F.);
#417=ADVANCED_FACE('',(#1382),#1383,.F.);
#418=ADVANCED_FACE('',(#1384),#1385,.F.);
#419=ADVANCED_FACE('',(#1386),#1387,.F.);
#420=ADVANCED_FACE('',(#1388),#1389,.F.);
#421=ADVANCED_FACE('',(#1390),#1391,.F.);
#422=ADVANCED_FACE('',(#1392),#1393,.F.);
#423=ADVANCED_FACE('',(#1394),#1395,.F.);
#424=ADVANCED_FACE('',(#1396),#1397,.F.);
#425=ADVANCED_FACE('',(#1398),#1399,.F.);
#426=ADVANCED_FACE('',(#1400),#1401,.F.);
#427=ADVANCED_FACE('',(#1402),#1403,.F.);
#428=ADVANCED_FACE('',(#1404),#1405,.F.);
#429=ADVANCED_FACE('',(#1406),#1407,.F.);
#430=ADVANCED_FACE('',(#1408),#1409,.F.);
#431=ADVANCED_FACE('',(#1410),#1411,.F.);
#432=ADVANCED_FACE('',(#1412),#1413,.F.);
#433=ADVANCED_FACE('',(#1414),#1415,.F.);
#434=ADVANCED_FACE('',(#1416),#1417,.F.);
#435=ADVANCED_FACE('',(#1418),#1419,.F.);
#436=ADVANCED_FACE('',(#1420),#1421,.F.);
#437=ADVANCED_FACE('',(#1422),#1423,.F.);
#438=ADVANCED_FACE('',(#1424),#1425,.F.);
#439=ADVANCED_FACE('',(#1426),#1427,.F.);
#440=ADVANCED_FACE('',(#1428),#1429,.F.);
#441=ADVANCED_FACE('',(#1430),#1431,.F.);
#442=ADVANCED_FACE('',(#1432),#1433,.F.);
#443=ADVANCED_FACE('',(#1434),#1435,.F.);
#444=ADVANCED_FACE('',(#1436),#1437,.F.);
#445=ADVANCED_FACE('',(#1438),#1439,.F.);
#446=ADVANCED_FACE('',(#1440),#1441,.F.);
#447=ADVANCED_FACE('',(#1442),#1443,.F.);
#448=ADVANCED_FACE('',(#1444),#1445,.F.);
#449=ADVANCED_FACE('',(#1446),#1447,.F.);
#450=ADVANCED_FACE('',(#1448),#1449,.F.);
#451=ADVANCED_FACE('',(#1450),#1451,.F.);
#452=ADVANCED_FACE('',(#1452),#1453,.F.);
#453=ADVANCED_FACE('',(#1454),#1455,.F.);
#454=ADVANCED_FACE('',(#1456),#1457,.F.);
#455=ADVANCED_FACE('',(#1458),#1459,.F.);
#456=ADVANCED_FACE('',(#1460),#1461,.F.);
#457=ADVANCED_FACE('',(#1462),#1463,.F.);
#458=ADVANCED_FACE('',(#1464),#1465,.F.);
#459=ADVANCED_FACE('',(#1466),#1467,.F.);
#460=ADVANCED_FACE('',(#1468),#1469,.F.);
#461=ADVANCED_FACE('',(#1470),#1471,.F.);
#462=ADVANCED_FACE('',(#1472),#1473,.F.);
#463=ADVANCED_FACE('',(#1474),#1475,.F.);
#464=ADVANCED_FACE('',(#1476),#1477,.F.);
#465=ADVANCED_FACE('',(#1478),#1479,.F.);
#466=ADVANCED_FACE('',(#1480),#1481,.F.);
#467=ADVANCED_FACE('',(#1482),#1483,.F.);
#468=ADVANCED_FACE('',(#1484),#1485,.F.);
#469=ADVANCED_FACE('',(#1486),#1487,.F.);
#470=ADVANCED_FACE('',(#1488),#1489,.F.);
#471=ADVANCED_FACE('',(#1490),#1491,.F.);
#472=ADVANCED_FACE('',(#1492),#1493,.F.);
#473=ADVANCED_FACE('',(#1494),#1495,.F.);
#474=ADVANCED_FACE('',(#1496),#1497,.F.);
#475=ADVANCED_FACE('',(#1498),#1499,.F.);
#476=ADVANCED_FACE('',(#1500),#1501,.F.);
#477=ADVANCED_FACE('',(#1502),#1503,.F.);
#478=ADVANCED_FACE('',(#1504),#1505,.F.);
#479=ADVANCED_FACE('',(#1506),#1507,.F.);
#480=ADVANCED_FACE('',(#1508),#1509,.F.);
#481=ADVANCED_FACE('',(#1510),#1511,.F.);
#482=ADVANCED_FACE('',(#1512),#1513,.F.);
#483=ADVANCED_FACE('',(#1514),#1515,.F.);
#484=ADVANCED_FACE('',(#1516),#1517,.F.);
#485=ADVANCED_FACE('',(#1518),#1519,.F.);
#486=ADVANCED_FACE('',(#1520),#1521,.F.);
#487=ADVANCED_FACE('',(#1522),#1523,.F.);
#488=ADVANCED_FACE('',(#1524),#1525,.F.);
#489=ADVANCED_FACE('',(#1526),#1527,.F.);
#490=ADVANCED_FACE('',(#1528),#1529,.F.);
#491=ADVANCED_FACE('',(#1530),#1531,.F.);
#492=ADVANCED_FACE('',(#1532),#1533,.F.);
#493=ADVANCED_FACE('',(#1534),#1535,.F.);
#494=ADVANCED_FACE('',(#1536),#1537,.F.);
#495=ADVANCED_FACE('',(#1538),#1539,.F.);
#496=ADVANCED_FACE('',(#1540),#1541,.F.);
#497=ADVANCED_FACE('',(#1542),#1543,.F.);
#498=ADVANCED_FACE('',(#1544),#1545,.F.);
#499=ADVANCED_FACE('',(#1546),#1547,.F.);
#500=ADVANCED_FACE('',(#1548),#1549,.F.);
#501=ADVANCED_FACE('',(#1550),#1551,.F.);
#502=ADVANCED_FACE('',(#1552),#1553,.F.);
#503=ADVANCED_FACE('',(#1554),#1555,.F.);
#504=ADVANCED_FACE('',(#1556),#1557,.F.);
#505=ADVANCED_FACE('',(#1558),#1559,.F.);
#506=ADVANCED_FACE('',(#1560),#1561,.F.);
#507=ADVANCED_FACE('',(#1562),#1563,.F.);
#508=ADVANCED_FACE('',(#1564),#1565,.F.);
#509=ADVANCED_FACE('',(#1566),#1567,.F.);
#510=ADVANCED_FACE('',(#1568),#1569,.F.);
#511=ADVANCED_FACE('',(#1570),#1571,.F.);
#512=ADVANCED_FACE('',(#1572),#1573,.F.);
#513=ADVANCED_FACE('',(#1574),#1575,.F.);
#514=ADVANCED_FACE('',(#1576),#1577,.F.);
#515=ADVANCED_FACE('',(#1578),#1579,.F.);
#516=ADVANCED_FACE('',(#1580),#1581,.F.);
#517=ADVANCED_FACE('',(#1582),#1583,.F.);
#518=ADVANCED_FACE('',(#1584),#1585,.F.);
#519=ADVANCED_FACE('',(#1586),#1587,.F.);
#520=ADVANCED_FACE('',(#1588),#1589,.F.);
#521=ADVANCED_FACE('',(#1590),#1591,.F.);
#522=ADVANCED_FACE('',(#1592),#1593,.F.);
#523=ADVANCED_FACE('',(#1594),#1595,.F.);
#524=ADVANCED_FACE('',(#1596),#1597,.F.);
#525=ADVANCED_FACE('',(#1598),#1599,.F.);
#526=ADVANCED_FACE('',(#1600),#1601,.F.);
#527=ADVANCED_FACE('',(#1602),#1603,.F.);
#528=ADVANCED_FACE('',(#1604),#1605,.F.);
#529=ADVANCED_FACE('',(#1606),#1607,.F.);
#530=ADVANCED_FACE('',(#1608),#1609,.F.);
#531=ADVANCED_FACE('',(#1610),#1611,.F.);
#532=ADVANCED_FACE('',(#1612),#1613,.F.);
#533=ADVANCED_FACE('',(#1614),#1615,.F.);
#534=ADVANCED_FACE('',(#1616),#1617,.F.);
#535=ADVANCED_FACE('',(#1618),#1619,.F.);
#536=ADVANCED_FACE('',(#1620),#1621,.F.);
#537=ADVANCED_FACE('',(#1622),#1623,.F.);
#538=ADVANCED_FACE('',(#1624),#1625,.F.);
#539=ADVANCED_FACE('',(#1626),#1627,.F.);
#540=ADVANCED_FACE('',(#1628),#1629,.F.);
#541=ADVANCED_FACE('',(#1630),#1631,.F.);
#542=ADVANCED_FACE('',(#1632),#1633,.F.);
#543=ADVANCED_FACE('',(#1634),#1635,.F.);
#544=ADVANCED_FACE('',(#1636),#1637,.F.);
#545=ADVANCED_FACE('',(#1638,#1639),#1640,.T.);
#546=ADVANCED_FACE('',(#1641),#1642,.F.);
#547=ADVANCED_FACE('',(#1643),#1644,.F.);
#548=ADVANCED_FACE('',(#1645),#1646,.F.);
#549=ADVANCED_FACE('',(#1647),#1648,.F.);
#550=ADVANCED_FACE('',(#1649),#1650,.F.);
#551=ADVANCED_FACE('',(#1651),#1652,.F.);
#552=ADVANCED_FACE('',(#1653),#1654,.F.);
#553=ADVANCED_FACE('',(#1655),#1656,.F.);
#554=ADVANCED_FACE('',(#1657),#1658,.F.);
#555=ADVANCED_FACE('',(#1659),#1660,.F.);
#556=ADVANCED_FACE('',(#1661),#1662,.T.);
#557=ADVANCED_FACE('',(#1663),#1664,.T.);
#558=ADVANCED_FACE('',(#1665,#1666),#1667,.T.);
#559=ADVANCED_FACE('',(#1668),#1669,.F.);
#560=ADVANCED_FACE('',(#1670),#1671,.F.);
#561=ADVANCED_FACE('',(#1672),#1673,.F.);
#562=ADVANCED_FACE('',(#1674),#1675,.T.);
#563=ADVANCED_FACE('',(#1676),#1677,.T.);
#564=ADVANCED_FACE('',(#1678),#1679,.T.);
#565=ADVANCED_FACE('',(#1680),#1681,.T.);
#566=ADVANCED_FACE('',(#1682),#1683,.T.);
#567=ADVANCED_FACE('',(#1684),#1685,.T.);
#568=ADVANCED_FACE('',(#1686),#1687,.F.);
#569=ADVANCED_FACE('',(#1688),#1689,.T.);
#570=ADVANCED_FACE('',(#1690),#1691,.T.);
#571=ADVANCED_FACE('',(#1692),#1693,.F.);
#572=ADVANCED_FACE('',(#1694),#1695,.T.);
#573=ADVANCED_FACE('',(#1696),#1697,.T.);
#574=ADVANCED_FACE('',(#1698),#1699,.T.);
#575=ADVANCED_FACE('',(#1700),#1701,.T.);
#576=ADVANCED_FACE('',(#1702),#1703,.F.);
#577=ADVANCED_FACE('',(#1704),#1705,.T.);
#578=ADVANCED_FACE('',(#1706),#1707,.T.);
#579=ADVANCED_FACE('',(#1708),#1709,.T.);
#580=ADVANCED_FACE('',(#1710),#1711,.T.);
#581=ADVANCED_FACE('',(#1712),#1713,.F.);
#582=ADVANCED_FACE('',(#1714),#1715,.T.);
#583=ADVANCED_FACE('',(#1716),#1717,.T.);
#584=ADVANCED_FACE('',(#1718),#1719,.F.);
#585=ADVANCED_FACE('',(#1720),#1721,.T.);
#586=ADVANCED_FACE('',(#1722),#1723,.T.);
#587=ADVANCED_FACE('',(#1724),#1725,.T.);
#588=ADVANCED_FACE('',(#1726),#1727,.T.);
#589=ADVANCED_FACE('',(#1728),#1729,.F.);
#590=ADVANCED_FACE('',(#1730),#1731,.T.);
#591=ADVANCED_FACE('',(#1732),#1733,.T.);
#592=ADVANCED_FACE('',(#1734),#1735,.T.);
#593=ADVANCED_FACE('',(#1736),#1737,.T.);
#594=ADVANCED_FACE('',(#1738),#1739,.T.);
#595=ADVANCED_FACE('',(#1740),#1741,.T.);
#596=ADVANCED_FACE('',(#1742),#1743,.T.);
#597=ADVANCED_FACE('',(#1744),#1745,.T.);
#598=ADVANCED_FACE('',(#1746),#1747,.T.);
#599=ADVANCED_FACE('',(#1748),#1749,.F.);
#600=ADVANCED_FACE('',(#1750),#1751,.T.);
#601=ADVANCED_FACE('',(#1752),#1753,.T.);
#602=ADVANCED_FACE('',(#1754),#1755,.T.);
#603=ADVANCED_FACE('',(#1756),#1757,.T.);
#604=ADVANCED_FACE('',(#1758),#1759,.F.);
#605=ADVANCED_FACE('',(#1760),#1761,.F.);
#606=ADVANCED_FACE('',(#1762),#1763,.F.);
#607=ADVANCED_FACE('',(#1764),#1765,.F.);
#608=ADVANCED_FACE('',(#1766),#1767,.F.);
#609=ADVANCED_FACE('',(#1768),#1769,.T.);
#610=ADVANCED_FACE('',(#1770),#1771,.F.);
#611=ADVANCED_FACE('',(#1772),#1773,.T.);
#612=ADVANCED_FACE('',(#1774),#1775,.T.);
#613=ADVANCED_FACE('',(#1776),#1777,.T.);
#614=ADVANCED_FACE('',(#1778),#1779,.T.);
#615=ADVANCED_FACE('',(#1780),#1781,.T.);
#616=ADVANCED_FACE('',(#1782),#1783,.F.);
#617=ADVANCED_FACE('',(#1784),#1785,.F.);
#618=ADVANCED_FACE('',(#1786),#1787,.F.);
#619=ADVANCED_FACE('',(#1788),#1789,.T.);
#620=ADVANCED_FACE('',(#1790),#1791,.F.);
#621=ADVANCED_FACE('',(#1792),#1793,.T.);
#622=ADVANCED_FACE('',(#1794),#1795,.F.);
#623=ADVANCED_FACE('',(#1796),#1797,.F.);
#624=ADVANCED_FACE('',(#1798),#1799,.F.);
#625=ADVANCED_FACE('',(#1800),#1801,.T.);
#626=ADVANCED_FACE('',(#1802),#1803,.T.);
#627=ADVANCED_FACE('',(#1804),#1805,.T.);
#628=ADVANCED_FACE('',(#1806),#1807,.T.);
#629=ADVANCED_FACE('',(#1808),#1809,.T.);
#630=ADVANCED_FACE('',(#1810),#1811,.T.);
#631=ADVANCED_FACE('',(#1812),#1813,.F.);
#632=ADVANCED_FACE('',(#1814),#1815,.T.);
#633=ADVANCED_FACE('',(#1816),#1817,.F.);
#634=ADVANCED_FACE('',(#1818),#1819,.F.);
#635=ADVANCED_FACE('',(#1820),#1821,.T.);
#636=ADVANCED_FACE('',(#1822),#1823,.T.);
#637=ADVANCED_FACE('',(#1824),#1825,.F.);
#638=ADVANCED_FACE('',(#1826),#1827,.F.);
#639=ADVANCED_FACE('',(#1828),#1829,.F.);
#640=ADVANCED_FACE('',(#1830),#1831,.T.);
#641=ADVANCED_FACE('',(#1832),#1833,.F.);
#642=ADVANCED_FACE('',(#1834),#1835,.F.);
#643=ADVANCED_FACE('',(#1836),#1837,.T.);
#644=ADVANCED_FACE('',(#1838),#1839,.F.);
#645=ADVANCED_FACE('',(#1840),#1841,.F.);
#646=ADVANCED_FACE('',(#1842),#1843,.T.);
#647=ADVANCED_FACE('',(#1844),#1845,.T.);
#648=ADVANCED_FACE('',(#1846),#1847,.F.);
#649=ADVANCED_FACE('',(#1848),#1849,.F.);
#650=ADVANCED_FACE('',(#1850),#1851,.F.);
#651=ADVANCED_FACE('',(#1852),#1853,.F.);
#652=ADVANCED_FACE('',(#1854),#1855,.F.);
#653=ADVANCED_FACE('',(#1856),#1857,.T.);
#654=ADVANCED_FACE('',(#1858),#1859,.T.);
#655=ADVANCED_FACE('',(#1860),#1861,.F.);
#656=ADVANCED_FACE('',(#1862),#1863,.T.);
#657=ADVANCED_FACE('',(#1864),#1865,.T.);
#658=ADVANCED_FACE('',(#1866),#1867,.F.);
#659=ADVANCED_FACE('',(#1868),#1869,.F.);
#660=ADVANCED_FACE('',(#1870),#1871,.T.);
#661=ADVANCED_FACE('',(#1872),#1873,.T.);
#662=ADVANCED_FACE('',(#1874),#1875,.F.);
#663=ADVANCED_FACE('',(#1876),#1877,.F.);
#664=ADVANCED_FACE('',(#1878),#1879,.T.);
#665=ADVANCED_FACE('',(#1880),#1881,.T.);
#666=ADVANCED_FACE('',(#1882),#1883,.F.);
#668=FACE_OUTER_BOUND('',#1884,.T.);
#669=PLANE('',#1885);
#670=FACE_OUTER_BOUND('',#1886,.T.);
#671=PLANE('',#1887);
#672=FACE_OUTER_BOUND('',#1888,.T.);
#673=PLANE('',#1889);
#674=FACE_OUTER_BOUND('',#1890,.T.);
#675=PLANE('',#1891);
#676=FACE_OUTER_BOUND('',#1892,.T.);
#677=PLANE('',#1893);
#678=FACE_OUTER_BOUND('',#1894,.T.);
#679=PLANE('',#1895);
#680=FACE_OUTER_BOUND('',#1896,.T.);
#681=PLANE('',#1897);
#682=FACE_OUTER_BOUND('',#1898,.T.);
#683=PLANE('',#1899);
#684=FACE_OUTER_BOUND('',#1900,.T.);
#685=PLANE('',#1901);
#686=FACE_OUTER_BOUND('',#1902,.T.);
#687=FACE_BOUND('',#1903,.T.);
#688=PLANE('',#1904);
#689=FACE_OUTER_BOUND('',#1905,.T.);
#690=FACE_BOUND('',#1906,.T.);
#691=FACE_BOUND('',#1907,.T.);
#692=FACE_BOUND('',#1908,.T.);
#693=FACE_BOUND('',#1909,.T.);
#694=FACE_BOUND('',#1910,.T.);
#695=FACE_BOUND('',#1911,.T.);
#696=FACE_BOUND('',#1912,.T.);
#697=FACE_BOUND('',#1913,.T.);
#698=FACE_BOUND('',#1914,.T.);
#699=FACE_BOUND('',#1915,.T.);
#700=FACE_BOUND('',#1916,.T.);
#701=FACE_BOUND('',#1917,.T.);
#702=PLANE('',#1918);
#703=FACE_OUTER_BOUND('',#1919,.T.);
#704=PLANE('',#1920);
#705=FACE_OUTER_BOUND('',#1921,.T.);
#706=PLANE('',#1922);
#707=FACE_OUTER_BOUND('',#1923,.T.);
#708=PLANE('',#1924);
#709=FACE_OUTER_BOUND('',#1925,.T.);
#710=PLANE('',#1926);
#711=FACE_OUTER_BOUND('',#1927,.T.);
#712=PLANE('',#1928);
#713=FACE_OUTER_BOUND('',#1929,.T.);
#714=PLANE('',#1930);
#715=FACE_OUTER_BOUND('',#1931,.T.);
#716=PLANE('',#1932);
#717=FACE_OUTER_BOUND('',#1933,.T.);
#718=PLANE('',#1934);
#719=FACE_OUTER_BOUND('',#1935,.T.);
#720=PLANE('',#1936);
#721=FACE_OUTER_BOUND('',#1937,.T.);
#722=PLANE('',#1938);
#723=FACE_OUTER_BOUND('',#1939,.T.);
#724=PLANE('',#1940);
#725=FACE_OUTER_BOUND('',#1941,.T.);
#726=PLANE('',#1942);
#727=FACE_OUTER_BOUND('',#1943,.T.);
#728=PLANE('',#1944);
#729=FACE_OUTER_BOUND('',#1945,.T.);
#730=PLANE('',#1946);
#731=FACE_OUTER_BOUND('',#1947,.T.);
#732=PLANE('',#1948);
#733=FACE_OUTER_BOUND('',#1949,.T.);
#734=PLANE('',#1950);
#735=FACE_OUTER_BOUND('',#1951,.T.);
#736=PLANE('',#1952);
#737=FACE_OUTER_BOUND('',#1953,.T.);
#738=PLANE('',#1954);
#739=FACE_OUTER_BOUND('',#1955,.T.);
#740=PLANE('',#1956);
#741=FACE_OUTER_BOUND('',#1957,.T.);
#742=FACE_BOUND('',#1958,.T.);
#743=FACE_BOUND('',#1959,.T.);
#744=PLANE('',#1960);
#745=FACE_OUTER_BOUND('',#1961,.T.);
#746=FACE_BOUND('',#1962,.T.);
#747=PLANE('',#1963);
#748=FACE_OUTER_BOUND('',#1964,.T.);
#749=PLANE('',#1965);
#750=FACE_OUTER_BOUND('',#1966,.T.);
#751=FACE_BOUND('',#1967,.T.);
#752=PLANE('',#1968);
#753=FACE_OUTER_BOUND('',#1969,.T.);
#754=PLANE('',#1970);
#755=FACE_OUTER_BOUND('',#1971,.T.);
#756=PLANE('',#1972);
#757=FACE_OUTER_BOUND('',#1973,.T.);
#758=PLANE('',#1974);
#759=FACE_OUTER_BOUND('',#1975,.T.);
#760=PLANE('',#1976);
#761=FACE_OUTER_BOUND('',#1977,.T.);
#762=FACE_BOUND('',#1978,.T.);
#763=FACE_BOUND('',#1979,.T.);
#764=PLANE('',#1980);
#765=FACE_OUTER_BOUND('',#1981,.T.);
#766=FACE_BOUND('',#1982,.T.);
#767=PLANE('',#1983);
#768=FACE_OUTER_BOUND('',#1984,.T.);
#769=PLANE('',#1985);
#770=FACE_OUTER_BOUND('',#1986,.T.);
#771=PLANE('',#1987);
#772=FACE_OUTER_BOUND('',#1988,.T.);
#773=PLANE('',#1989);
#774=FACE_OUTER_BOUND('',#1990,.T.);
#775=PLANE('',#1991);
#776=FACE_OUTER_BOUND('',#1992,.T.);
#777=PLANE('',#1993);
#778=FACE_OUTER_BOUND('',#1994,.T.);
#779=PLANE('',#1995);
#780=FACE_OUTER_BOUND('',#1996,.T.);
#781=PLANE('',#1997);
#782=FACE_OUTER_BOUND('',#1998,.T.);
#783=PLANE('',#1999);
#784=FACE_OUTER_BOUND('',#2000,.T.);
#785=PLANE('',#2001);
#786=FACE_OUTER_BOUND('',#2002,.T.);
#787=PLANE('',#2003);
#788=FACE_OUTER_BOUND('',#2004,.T.);
#789=PLANE('',#2005);
#790=FACE_OUTER_BOUND('',#2006,.T.);
#791=PLANE('',#2007);
#792=FACE_OUTER_BOUND('',#2008,.T.);
#793=PLANE('',#2009);
#794=FACE_OUTER_BOUND('',#2010,.T.);
#795=PLANE('',#2011);
#796=FACE_OUTER_BOUND('',#2012,.T.);
#797=PLANE('',#2013);
#798=FACE_OUTER_BOUND('',#2014,.T.);
#799=PLANE('',#2015);
#800=FACE_OUTER_BOUND('',#2016,.T.);
#801=PLANE('',#2017);
#802=FACE_OUTER_BOUND('',#2018,.T.);
#803=PLANE('',#2019);
#804=FACE_OUTER_BOUND('',#2020,.T.);
#805=PLANE('',#2021);
#806=FACE_OUTER_BOUND('',#2022,.T.);
#807=PLANE('',#2023);
#808=FACE_OUTER_BOUND('',#2024,.T.);
#809=PLANE('',#2025);
#810=FACE_OUTER_BOUND('',#2026,.T.);
#811=PLANE('',#2027);
#812=FACE_OUTER_BOUND('',#2028,.T.);
#813=PLANE('',#2029);
#814=FACE_OUTER_BOUND('',#2030,.T.);
#815=PLANE('',#2031);
#816=FACE_OUTER_BOUND('',#2032,.T.);
#817=PLANE('',#2033);
#818=FACE_OUTER_BOUND('',#2034,.T.);
#819=PLANE('',#2035);
#820=FACE_OUTER_BOUND('',#2036,.T.);
#821=PLANE('',#2037);
#822=FACE_OUTER_BOUND('',#2038,.T.);
#823=PLANE('',#2039);
#824=FACE_OUTER_BOUND('',#2040,.T.);
#825=PLANE('',#2041);
#826=FACE_OUTER_BOUND('',#2042,.T.);
#827=PLANE('',#2043);
#828=FACE_OUTER_BOUND('',#2044,.T.);
#829=PLANE('',#2045);
#830=FACE_OUTER_BOUND('',#2046,.T.);
#831=PLANE('',#2047);
#832=FACE_OUTER_BOUND('',#2048,.T.);
#833=PLANE('',#2049);
#834=FACE_OUTER_BOUND('',#2050,.T.);
#835=PLANE('',#2051);
#836=FACE_OUTER_BOUND('',#2052,.T.);
#837=PLANE('',#2053);
#838=FACE_OUTER_BOUND('',#2054,.T.);
#839=PLANE('',#2055);
#840=FACE_OUTER_BOUND('',#2056,.T.);
#841=PLANE('',#2057);
#842=FACE_OUTER_BOUND('',#2058,.T.);
#843=PLANE('',#2059);
#844=FACE_OUTER_BOUND('',#2060,.T.);
#845=PLANE('',#2061);
#846=FACE_OUTER_BOUND('',#2062,.T.);
#847=PLANE('',#2063);
#848=FACE_OUTER_BOUND('',#2064,.T.);
#849=PLANE('',#2065);
#850=FACE_OUTER_BOUND('',#2066,.T.);
#851=PLANE('',#2067);
#852=FACE_OUTER_BOUND('',#2068,.T.);
#853=PLANE('',#2069);
#854=FACE_OUTER_BOUND('',#2070,.T.);
#855=PLANE('',#2071);
#856=FACE_OUTER_BOUND('',#2072,.T.);
#857=PLANE('',#2073);
#858=FACE_OUTER_BOUND('',#2074,.T.);
#859=PLANE('',#2075);
#860=FACE_OUTER_BOUND('',#2076,.T.);
#861=PLANE('',#2077);
#862=FACE_OUTER_BOUND('',#2078,.T.);
#863=PLANE('',#2079);
#864=FACE_OUTER_BOUND('',#2080,.T.);
#865=PLANE('',#2081);
#866=FACE_OUTER_BOUND('',#2082,.T.);
#867=PLANE('',#2083);
#868=FACE_OUTER_BOUND('',#2084,.T.);
#869=PLANE('',#2085);
#870=FACE_OUTER_BOUND('',#2086,.T.);
#871=PLANE('',#2087);
#872=FACE_OUTER_BOUND('',#2088,.T.);
#873=PLANE('',#2089);
#874=FACE_OUTER_BOUND('',#2090,.T.);
#875=PLANE('',#2091);
#876=FACE_OUTER_BOUND('',#2092,.T.);
#877=PLANE('',#2093);
#878=FACE_OUTER_BOUND('',#2094,.T.);
#879=PLANE('',#2095);
#880=FACE_OUTER_BOUND('',#2096,.T.);
#881=PLANE('',#2097);
#882=FACE_OUTER_BOUND('',#2098,.T.);
#883=PLANE('',#2099);
#884=FACE_OUTER_BOUND('',#2100,.T.);
#885=PLANE('',#2101);
#886=FACE_OUTER_BOUND('',#2102,.T.);
#887=PLANE('',#2103);
#888=FACE_OUTER_BOUND('',#2104,.T.);
#889=PLANE('',#2105);
#890=FACE_OUTER_BOUND('',#2106,.T.);
#891=PLANE('',#2107);
#892=FACE_OUTER_BOUND('',#2108,.T.);
#893=PLANE('',#2109);
#894=FACE_OUTER_BOUND('',#2110,.T.);
#895=PLANE('',#2111);
#896=FACE_OUTER_BOUND('',#2112,.T.);
#897=PLANE('',#2113);
#898=FACE_OUTER_BOUND('',#2114,.T.);
#899=PLANE('',#2115);
#900=FACE_OUTER_BOUND('',#2116,.T.);
#901=PLANE('',#2117);
#902=FACE_OUTER_BOUND('',#2118,.T.);
#903=PLANE('',#2119);
#904=FACE_OUTER_BOUND('',#2120,.T.);
#905=PLANE('',#2121);
#906=FACE_OUTER_BOUND('',#2122,.T.);
#907=PLANE('',#2123);
#908=FACE_OUTER_BOUND('',#2124,.T.);
#909=PLANE('',#2125);
#910=FACE_OUTER_BOUND('',#2126,.T.);
#911=PLANE('',#2127);
#912=FACE_OUTER_BOUND('',#2128,.T.);
#913=PLANE('',#2129);
#914=FACE_OUTER_BOUND('',#2130,.T.);
#915=PLANE('',#2131);
#916=FACE_OUTER_BOUND('',#2132,.T.);
#917=PLANE('',#2133);
#918=FACE_OUTER_BOUND('',#2134,.T.);
#919=PLANE('',#2135);
#920=FACE_OUTER_BOUND('',#2136,.T.);
#921=PLANE('',#2137);
#922=FACE_OUTER_BOUND('',#2138,.T.);
#923=PLANE('',#2139);
#924=FACE_OUTER_BOUND('',#2140,.T.);
#925=PLANE('',#2141);
#926=FACE_OUTER_BOUND('',#2142,.T.);
#927=PLANE('',#2143);
#928=FACE_OUTER_BOUND('',#2144,.T.);
#929=PLANE('',#2145);
#930=FACE_OUTER_BOUND('',#2146,.T.);
#931=PLANE('',#2147);
#932=FACE_OUTER_BOUND('',#2148,.T.);
#933=PLANE('',#2149);
#934=FACE_OUTER_BOUND('',#2150,.T.);
#935=PLANE('',#2151);
#936=FACE_OUTER_BOUND('',#2152,.T.);
#937=PLANE('',#2153);
#938=FACE_OUTER_BOUND('',#2154,.T.);
#939=PLANE('',#2155);
#940=FACE_OUTER_BOUND('',#2156,.T.);
#941=PLANE('',#2157);
#942=FACE_OUTER_BOUND('',#2158,.T.);
#943=PLANE('',#2159);
#944=FACE_OUTER_BOUND('',#2160,.T.);
#945=PLANE('',#2161);
#946=FACE_OUTER_BOUND('',#2162,.T.);
#947=PLANE('',#2163);
#948=FACE_OUTER_BOUND('',#2164,.T.);
#949=PLANE('',#2165);
#950=FACE_OUTER_BOUND('',#2166,.T.);
#951=PLANE('',#2167);
#952=FACE_OUTER_BOUND('',#2168,.T.);
#953=PLANE('',#2169);
#954=FACE_OUTER_BOUND('',#2170,.T.);
#955=PLANE('',#2171);
#956=FACE_OUTER_BOUND('',#2172,.T.);
#957=PLANE('',#2173);
#958=FACE_OUTER_BOUND('',#2174,.T.);
#959=PLANE('',#2175);
#960=FACE_OUTER_BOUND('',#2176,.T.);
#961=PLANE('',#2177);
#962=FACE_OUTER_BOUND('',#2178,.T.);
#963=PLANE('',#2179);
#964=FACE_OUTER_BOUND('',#2180,.T.);
#965=PLANE('',#2181);
#966=FACE_OUTER_BOUND('',#2182,.T.);
#967=PLANE('',#2183);
#968=FACE_OUTER_BOUND('',#2184,.T.);
#969=PLANE('',#2185);
#970=FACE_OUTER_BOUND('',#2186,.T.);
#971=PLANE('',#2187);
#972=FACE_OUTER_BOUND('',#2188,.T.);
#973=PLANE('',#2189);
#974=FACE_OUTER_BOUND('',#2190,.T.);
#975=PLANE('',#2191);
#976=FACE_OUTER_BOUND('',#2192,.T.);
#977=PLANE('',#2193);
#978=FACE_OUTER_BOUND('',#2194,.T.);
#979=PLANE('',#2195);
#980=FACE_OUTER_BOUND('',#2196,.T.);
#981=PLANE('',#2197);
#982=FACE_OUTER_BOUND('',#2198,.T.);
#983=PLANE('',#2199);
#984=FACE_OUTER_BOUND('',#2200,.T.);
#985=PLANE('',#2201);
#986=FACE_OUTER_BOUND('',#2202,.T.);
#987=PLANE('',#2203);
#988=FACE_OUTER_BOUND('',#2204,.T.);
#989=PLANE('',#2205);
#990=FACE_OUTER_BOUND('',#2206,.T.);
#991=PLANE('',#2207);
#992=FACE_OUTER_BOUND('',#2208,.T.);
#993=PLANE('',#2209);
#994=FACE_OUTER_BOUND('',#2210,.T.);
#995=PLANE('',#2211);
#996=FACE_OUTER_BOUND('',#2212,.T.);
#997=PLANE('',#2213);
#998=FACE_OUTER_BOUND('',#2214,.T.);
#999=PLANE('',#2215);
#1000=FACE_OUTER_BOUND('',#2216,.T.);
#1001=PLANE('',#2217);
#1002=FACE_OUTER_BOUND('',#2218,.T.);
#1003=PLANE('',#2219);
#1004=FACE_OUTER_BOUND('',#2220,.T.);
#1005=PLANE('',#2221);
#1006=FACE_OUTER_BOUND('',#2222,.T.);
#1007=PLANE('',#2223);
#1008=FACE_OUTER_BOUND('',#2224,.T.);
#1009=PLANE('',#2225);
#1010=FACE_OUTER_BOUND('',#2226,.T.);
#1011=PLANE('',#2227);
#1012=FACE_OUTER_BOUND('',#2228,.T.);
#1013=PLANE('',#2229);
#1014=FACE_OUTER_BOUND('',#2230,.T.);
#1015=PLANE('',#2231);
#1016=FACE_OUTER_BOUND('',#2232,.T.);
#1017=PLANE('',#2233);
#1018=FACE_OUTER_BOUND('',#2234,.T.);
#1019=PLANE('',#2235);
#1020=FACE_OUTER_BOUND('',#2236,.T.);
#1021=PLANE('',#2237);
#1022=FACE_OUTER_BOUND('',#2238,.T.);
#1023=PLANE('',#2239);
#1024=FACE_OUTER_BOUND('',#2240,.T.);
#1025=PLANE('',#2241);
#1026=FACE_OUTER_BOUND('',#2242,.T.);
#1027=PLANE('',#2243);
#1028=FACE_OUTER_BOUND('',#2244,.T.);
#1029=PLANE('',#2245);
#1030=FACE_OUTER_BOUND('',#2246,.T.);
#1031=PLANE('',#2247);
#1032=FACE_OUTER_BOUND('',#2248,.T.);
#1033=PLANE('',#2249);
#1034=FACE_OUTER_BOUND('',#2250,.T.);
#1035=PLANE('',#2251);
#1036=FACE_OUTER_BOUND('',#2252,.T.);
#1037=PLANE('',#2253);
#1038=FACE_OUTER_BOUND('',#2254,.T.);
#1039=PLANE('',#2255);
#1040=FACE_OUTER_BOUND('',#2256,.T.);
#1041=PLANE('',#2257);
#1042=FACE_OUTER_BOUND('',#2258,.T.);
#1043=PLANE('',#2259);
#1044=FACE_OUTER_BOUND('',#2260,.T.);
#1045=PLANE('',#2261);
#1046=FACE_OUTER_BOUND('',#2262,.T.);
#1047=PLANE('',#2263);
#1048=FACE_OUTER_BOUND('',#2264,.T.);
#1049=PLANE('',#2265);
#1050=FACE_OUTER_BOUND('',#2266,.T.);
#1051=PLANE('',#2267);
#1052=FACE_OUTER_BOUND('',#2268,.T.);
#1053=PLANE('',#2269);
#1054=FACE_OUTER_BOUND('',#2270,.T.);
#1055=PLANE('',#2271);
#1056=FACE_OUTER_BOUND('',#2272,.T.);
#1057=PLANE('',#2273);
#1058=FACE_OUTER_BOUND('',#2274,.T.);
#1059=PLANE('',#2275);
#1060=FACE_OUTER_BOUND('',#2276,.T.);
#1061=PLANE('',#2277);
#1062=FACE_OUTER_BOUND('',#2278,.T.);
#1063=PLANE('',#2279);
#1064=FACE_OUTER_BOUND('',#2280,.T.);
#1065=PLANE('',#2281);
#1066=FACE_OUTER_BOUND('',#2282,.T.);
#1067=PLANE('',#2283);
#1068=FACE_OUTER_BOUND('',#2284,.T.);
#1069=PLANE('',#2285);
#1070=FACE_OUTER_BOUND('',#2286,.T.);
#1071=PLANE('',#2287);
#1072=FACE_OUTER_BOUND('',#2288,.T.);
#1073=PLANE('',#2289);
#1074=FACE_OUTER_BOUND('',#2290,.T.);
#1075=PLANE('',#2291);
#1076=FACE_OUTER_BOUND('',#2292,.T.);
#1077=PLANE('',#2293);
#1078=FACE_OUTER_BOUND('',#2294,.T.);
#1079=PLANE('',#2295);
#1080=FACE_OUTER_BOUND('',#2296,.T.);
#1081=PLANE('',#2297);
#1082=FACE_OUTER_BOUND('',#2298,.T.);
#1083=PLANE('',#2299);
#1084=FACE_OUTER_BOUND('',#2300,.T.);
#1085=PLANE('',#2301);
#1086=FACE_OUTER_BOUND('',#2302,.T.);
#1087=PLANE('',#2303);
#1088=FACE_OUTER_BOUND('',#2304,.T.);
#1089=PLANE('',#2305);
#1090=FACE_OUTER_BOUND('',#2306,.T.);
#1091=PLANE('',#2307);
#1092=FACE_OUTER_BOUND('',#2308,.T.);
#1093=PLANE('',#2309);
#1094=FACE_OUTER_BOUND('',#2310,.T.);
#1095=PLANE('',#2311);
#1096=FACE_OUTER_BOUND('',#2312,.T.);
#1097=PLANE('',#2313);
#1098=FACE_OUTER_BOUND('',#2314,.T.);
#1099=PLANE('',#2315);
#1100=FACE_OUTER_BOUND('',#2316,.T.);
#1101=PLANE('',#2317);
#1102=FACE_OUTER_BOUND('',#2318,.T.);
#1103=PLANE('',#2319);
#1104=FACE_OUTER_BOUND('',#2320,.T.);
#1105=PLANE('',#2321);
#1106=FACE_OUTER_BOUND('',#2322,.T.);
#1107=PLANE('',#2323);
#1108=FACE_OUTER_BOUND('',#2324,.T.);
#1109=PLANE('',#2325);
#1110=FACE_OUTER_BOUND('',#2326,.T.);
#1111=PLANE('',#2327);
#1112=FACE_OUTER_BOUND('',#2328,.T.);
#1113=PLANE('',#2329);
#1114=FACE_OUTER_BOUND('',#2330,.T.);
#1115=PLANE('',#2331);
#1116=FACE_OUTER_BOUND('',#2332,.T.);
#1117=PLANE('',#2333);
#1118=FACE_OUTER_BOUND('',#2334,.T.);
#1119=PLANE('',#2335);
#1120=FACE_OUTER_BOUND('',#2336,.T.);
#1121=PLANE('',#2337);
#1122=FACE_OUTER_BOUND('',#2338,.T.);
#1123=PLANE('',#2339);
#1124=FACE_OUTER_BOUND('',#2340,.T.);
#1125=PLANE('',#2341);
#1126=FACE_OUTER_BOUND('',#2342,.T.);
#1127=PLANE('',#2343);
#1128=FACE_OUTER_BOUND('',#2344,.T.);
#1129=PLANE('',#2345);
#1130=FACE_OUTER_BOUND('',#2346,.T.);
#1131=PLANE('',#2347);
#1132=FACE_OUTER_BOUND('',#2348,.T.);
#1133=PLANE('',#2349);
#1134=FACE_OUTER_BOUND('',#2350,.T.);
#1135=PLANE('',#2351);
#1136=FACE_OUTER_BOUND('',#2352,.T.);
#1137=PLANE('',#2353);
#1138=FACE_OUTER_BOUND('',#2354,.T.);
#1139=PLANE('',#2355);
#1140=FACE_OUTER_BOUND('',#2356,.T.);
#1141=PLANE('',#2357);
#1142=FACE_OUTER_BOUND('',#2358,.T.);
#1143=PLANE('',#2359);
#1144=FACE_OUTER_BOUND('',#2360,.T.);
#1145=PLANE('',#2361);
#1146=FACE_OUTER_BOUND('',#2362,.T.);
#1147=PLANE('',#2363);
#1148=FACE_OUTER_BOUND('',#2364,.T.);
#1149=PLANE('',#2365);
#1150=FACE_OUTER_BOUND('',#2366,.T.);
#1151=PLANE('',#2367);
#1152=FACE_OUTER_BOUND('',#2368,.T.);
#1153=PLANE('',#2369);
#1154=FACE_OUTER_BOUND('',#2370,.T.);
#1155=PLANE('',#2371);
#1156=FACE_OUTER_BOUND('',#2372,.T.);
#1157=PLANE('',#2373);
#1158=FACE_OUTER_BOUND('',#2374,.T.);
#1159=PLANE('',#2375);
#1160=FACE_OUTER_BOUND('',#2376,.T.);
#1161=PLANE('',#2377);
#1162=FACE_OUTER_BOUND('',#2378,.T.);
#1163=PLANE('',#2379);
#1164=FACE_OUTER_BOUND('',#2380,.T.);
#1165=PLANE('',#2381);
#1166=FACE_OUTER_BOUND('',#2382,.T.);
#1167=PLANE('',#2383);
#1168=FACE_OUTER_BOUND('',#2384,.T.);
#1169=PLANE('',#2385);
#1170=FACE_OUTER_BOUND('',#2386,.T.);
#1171=PLANE('',#2387);
#1172=FACE_OUTER_BOUND('',#2388,.T.);
#1173=PLANE('',#2389);
#1174=FACE_OUTER_BOUND('',#2390,.T.);
#1175=PLANE('',#2391);
#1176=FACE_OUTER_BOUND('',#2392,.T.);
#1177=PLANE('',#2393);
#1178=FACE_OUTER_BOUND('',#2394,.T.);
#1179=PLANE('',#2395);
#1180=FACE_OUTER_BOUND('',#2396,.T.);
#1181=PLANE('',#2397);
#1182=FACE_OUTER_BOUND('',#2398,.T.);
#1183=PLANE('',#2399);
#1184=FACE_OUTER_BOUND('',#2400,.T.);
#1185=PLANE('',#2401);
#1186=FACE_OUTER_BOUND('',#2402,.T.);
#1187=PLANE('',#2403);
#1188=FACE_OUTER_BOUND('',#2404,.T.);
#1189=PLANE('',#2405);
#1190=FACE_OUTER_BOUND('',#2406,.T.);
#1191=PLANE('',#2407);
#1192=FACE_OUTER_BOUND('',#2408,.T.);
#1193=PLANE('',#2409);
#1194=FACE_OUTER_BOUND('',#2410,.T.);
#1195=PLANE('',#2411);
#1196=FACE_OUTER_BOUND('',#2412,.T.);
#1197=PLANE('',#2413);
#1198=FACE_OUTER_BOUND('',#2414,.T.);
#1199=PLANE('',#2415);
#1200=FACE_OUTER_BOUND('',#2416,.T.);
#1201=PLANE('',#2417);
#1202=FACE_OUTER_BOUND('',#2418,.T.);
#1203=PLANE('',#2419);
#1204=FACE_OUTER_BOUND('',#2420,.T.);
#1205=PLANE('',#2421);
#1206=FACE_OUTER_BOUND('',#2422,.T.);
#1207=PLANE('',#2423);
#1208=FACE_OUTER_BOUND('',#2424,.T.);
#1209=PLANE('',#2425);
#1210=FACE_OUTER_BOUND('',#2426,.T.);
#1211=PLANE('',#2427);
#1212=FACE_OUTER_BOUND('',#2428,.T.);
#1213=PLANE('',#2429);
#1214=FACE_OUTER_BOUND('',#2430,.T.);
#1215=PLANE('',#2431);
#1216=FACE_OUTER_BOUND('',#2432,.T.);
#1217=PLANE('',#2433);
#1218=FACE_OUTER_BOUND('',#2434,.T.);
#1219=PLANE('',#2435);
#1220=FACE_OUTER_BOUND('',#2436,.T.);
#1221=PLANE('',#2437);
#1222=FACE_OUTER_BOUND('',#2438,.T.);
#1223=PLANE('',#2439);
#1224=FACE_OUTER_BOUND('',#2440,.T.);
#1225=PLANE('',#2441);
#1226=FACE_OUTER_BOUND('',#2442,.T.);
#1227=PLANE('',#2443);
#1228=FACE_OUTER_BOUND('',#2444,.T.);
#1229=PLANE('',#2445);
#1230=FACE_OUTER_BOUND('',#2446,.T.);
#1231=PLANE('',#2447);
#1232=FACE_OUTER_BOUND('',#2448,.T.);
#1233=PLANE('',#2449);
#1234=FACE_OUTER_BOUND('',#2450,.T.);
#1235=PLANE('',#2451);
#1236=FACE_OUTER_BOUND('',#2452,.T.);
#1237=PLANE('',#2453);
#1238=FACE_OUTER_BOUND('',#2454,.T.);
#1239=PLANE('',#2455);
#1240=FACE_OUTER_BOUND('',#2456,.T.);
#1241=PLANE('',#2457);
#1242=FACE_OUTER_BOUND('',#2458,.T.);
#1243=PLANE('',#2459);
#1244=FACE_OUTER_BOUND('',#2460,.T.);
#1245=PLANE('',#2461);
#1246=FACE_OUTER_BOUND('',#2462,.T.);
#1247=PLANE('',#2463);
#1248=FACE_OUTER_BOUND('',#2464,.T.);
#1249=PLANE('',#2465);
#1250=FACE_OUTER_BOUND('',#2466,.T.);
#1251=PLANE('',#2467);
#1252=FACE_OUTER_BOUND('',#2468,.T.);
#1253=PLANE('',#2469);
#1254=FACE_OUTER_BOUND('',#2470,.T.);
#1255=PLANE('',#2471);
#1256=FACE_OUTER_BOUND('',#2472,.T.);
#1257=PLANE('',#2473);
#1258=FACE_OUTER_BOUND('',#2474,.T.);
#1259=PLANE('',#2475);
#1260=FACE_OUTER_BOUND('',#2476,.T.);
#1261=PLANE('',#2477);
#1262=FACE_OUTER_BOUND('',#2478,.T.);
#1263=PLANE('',#2479);
#1264=FACE_OUTER_BOUND('',#2480,.T.);
#1265=PLANE('',#2481);
#1266=FACE_OUTER_BOUND('',#2482,.T.);
#1267=PLANE('',#2483);
#1268=FACE_OUTER_BOUND('',#2484,.T.);
#1269=PLANE('',#2485);
#1270=FACE_OUTER_BOUND('',#2486,.T.);
#1271=PLANE('',#2487);
#1272=FACE_OUTER_BOUND('',#2488,.T.);
#1273=PLANE('',#2489);
#1274=FACE_OUTER_BOUND('',#2490,.T.);
#1275=PLANE('',#2491);
#1276=FACE_OUTER_BOUND('',#2492,.T.);
#1277=PLANE('',#2493);
#1278=FACE_OUTER_BOUND('',#2494,.T.);
#1279=PLANE('',#2495);
#1280=FACE_OUTER_BOUND('',#2496,.T.);
#1281=PLANE('',#2497);
#1282=FACE_OUTER_BOUND('',#2498,.T.);
#1283=PLANE('',#2499);
#1284=FACE_OUTER_BOUND('',#2500,.T.);
#1285=PLANE('',#2501);
#1286=FACE_OUTER_BOUND('',#2502,.T.);
#1287=PLANE('',#2503);
#1288=FACE_OUTER_BOUND('',#2504,.T.);
#1289=PLANE('',#2505);
#1290=FACE_OUTER_BOUND('',#2506,.T.);
#1291=PLANE('',#2507);
#1292=FACE_OUTER_BOUND('',#2508,.T.);
#1293=PLANE('',#2509);
#1294=FACE_OUTER_BOUND('',#2510,.T.);
#1295=PLANE('',#2511);
#1296=FACE_OUTER_BOUND('',#2512,.T.);
#1297=PLANE('',#2513);
#1298=FACE_OUTER_BOUND('',#2514,.T.);
#1299=PLANE('',#2515);
#1300=FACE_OUTER_BOUND('',#2516,.T.);
#1301=PLANE('',#2517);
#1302=FACE_OUTER_BOUND('',#2518,.T.);
#1303=PLANE('',#2519);
#1304=FACE_OUTER_BOUND('',#2520,.T.);
#1305=PLANE('',#2521);
#1306=FACE_OUTER_BOUND('',#2522,.T.);
#1307=PLANE('',#2523);
#1308=FACE_OUTER_BOUND('',#2524,.T.);
#1309=PLANE('',#2525);
#1310=FACE_OUTER_BOUND('',#2526,.T.);
#1311=PLANE('',#2527);
#1312=FACE_OUTER_BOUND('',#2528,.T.);
#1313=PLANE('',#2529);
#1314=FACE_OUTER_BOUND('',#2530,.T.);
#1315=PLANE('',#2531);
#1316=FACE_OUTER_BOUND('',#2532,.T.);
#1317=PLANE('',#2533);
#1318=FACE_OUTER_BOUND('',#2534,.T.);
#1319=PLANE('',#2535);
#1320=FACE_OUTER_BOUND('',#2536,.T.);
#1321=PLANE('',#2537);
#1322=FACE_OUTER_BOUND('',#2538,.T.);
#1323=PLANE('',#2539);
#1324=FACE_OUTER_BOUND('',#2540,.T.);
#1325=PLANE('',#2541);
#1326=FACE_OUTER_BOUND('',#2542,.T.);
#1327=PLANE('',#2543);
#1328=FACE_OUTER_BOUND('',#2544,.T.);
#1329=PLANE('',#2545);
#1330=FACE_OUTER_BOUND('',#2546,.T.);
#1331=PLANE('',#2547);
#1332=FACE_OUTER_BOUND('',#2548,.T.);
#1333=PLANE('',#2549);
#1334=FACE_OUTER_BOUND('',#2550,.T.);
#1335=PLANE('',#2551);
#1336=FACE_OUTER_BOUND('',#2552,.T.);
#1337=PLANE('',#2553);
#1338=FACE_OUTER_BOUND('',#2554,.T.);
#1339=PLANE('',#2555);
#1340=FACE_OUTER_BOUND('',#2556,.T.);
#1341=PLANE('',#2557);
#1342=FACE_OUTER_BOUND('',#2558,.T.);
#1343=PLANE('',#2559);
#1344=FACE_OUTER_BOUND('',#2560,.T.);
#1345=PLANE('',#2561);
#1346=FACE_OUTER_BOUND('',#2562,.T.);
#1347=PLANE('',#2563);
#1348=FACE_OUTER_BOUND('',#2564,.T.);
#1349=PLANE('',#2565);
#1350=FACE_OUTER_BOUND('',#2566,.T.);
#1351=PLANE('',#2567);
#1352=FACE_OUTER_BOUND('',#2568,.T.);
#1353=PLANE('',#2569);
#1354=FACE_OUTER_BOUND('',#2570,.T.);
#1355=PLANE('',#2571);
#1356=FACE_OUTER_BOUND('',#2572,.T.);
#1357=PLANE('',#2573);
#1358=FACE_OUTER_BOUND('',#2574,.T.);
#1359=PLANE('',#2575);
#1360=FACE_OUTER_BOUND('',#2576,.T.);
#1361=PLANE('',#2577);
#1362=FACE_OUTER_BOUND('',#2578,.T.);
#1363=PLANE('',#2579);
#1364=FACE_OUTER_BOUND('',#2580,.T.);
#1365=PLANE('',#2581);
#1366=FACE_OUTER_BOUND('',#2582,.T.);
#1367=PLANE('',#2583);
#1368=FACE_OUTER_BOUND('',#2584,.T.);
#1369=PLANE('',#2585);
#1370=FACE_OUTER_BOUND('',#2586,.T.);
#1371=PLANE('',#2587);
#1372=FACE_OUTER_BOUND('',#2588,.T.);
#1373=PLANE('',#2589);
#1374=FACE_OUTER_BOUND('',#2590,.T.);
#1375=PLANE('',#2591);
#1376=FACE_OUTER_BOUND('',#2592,.T.);
#1377=PLANE('',#2593);
#1378=FACE_OUTER_BOUND('',#2594,.T.);
#1379=PLANE('',#2595);
#1380=FACE_OUTER_BOUND('',#2596,.T.);
#1381=PLANE('',#2597);
#1382=FACE_OUTER_BOUND('',#2598,.T.);
#1383=PLANE('',#2599);
#1384=FACE_OUTER_BOUND('',#2600,.T.);
#1385=PLANE('',#2601);
#1386=FACE_OUTER_BOUND('',#2602,.T.);
#1387=PLANE('',#2603);
#1388=FACE_OUTER_BOUND('',#2604,.T.);
#1389=PLANE('',#2605);
#1390=FACE_OUTER_BOUND('',#2606,.T.);
#1391=PLANE('',#2607);
#1392=FACE_OUTER_BOUND('',#2608,.T.);
#1393=PLANE('',#2609);
#1394=FACE_OUTER_BOUND('',#2610,.T.);
#1395=PLANE('',#2611);
#1396=FACE_OUTER_BOUND('',#2612,.T.);
#1397=PLANE('',#2613);
#1398=FACE_OUTER_BOUND('',#2614,.T.);
#1399=PLANE('',#2615);
#1400=FACE_OUTER_BOUND('',#2616,.T.);
#1401=PLANE('',#2617);
#1402=FACE_OUTER_BOUND('',#2618,.T.);
#1403=PLANE('',#2619);
#1404=FACE_OUTER_BOUND('',#2620,.T.);
#1405=PLANE('',#2621);
#1406=FACE_OUTER_BOUND('',#2622,.T.);
#1407=PLANE('',#2623);
#1408=FACE_OUTER_BOUND('',#2624,.T.);
#1409=PLANE('',#2625);
#1410=FACE_OUTER_BOUND('',#2626,.T.);
#1411=PLANE('',#2627);
#1412=FACE_OUTER_BOUND('',#2628,.T.);
#1413=PLANE('',#2629);
#1414=FACE_OUTER_BOUND('',#2630,.T.);
#1415=PLANE('',#2631);
#1416=FACE_OUTER_BOUND('',#2632,.T.);
#1417=PLANE('',#2633);
#1418=FACE_OUTER_BOUND('',#2634,.T.);
#1419=PLANE('',#2635);
#1420=FACE_OUTER_BOUND('',#2636,.T.);
#1421=PLANE('',#2637);
#1422=FACE_OUTER_BOUND('',#2638,.T.);
#1423=PLANE('',#2639);
#1424=FACE_OUTER_BOUND('',#2640,.T.);
#1425=PLANE('',#2641);
#1426=FACE_OUTER_BOUND('',#2642,.T.);
#1427=PLANE('',#2643);
#1428=FACE_OUTER_BOUND('',#2644,.T.);
#1429=PLANE('',#2645);
#1430=FACE_OUTER_BOUND('',#2646,.T.);
#1431=PLANE('',#2647);
#1432=FACE_OUTER_BOUND('',#2648,.T.);
#1433=PLANE('',#2649);
#1434=FACE_OUTER_BOUND('',#2650,.T.);
#1435=PLANE('',#2651);
#1436=FACE_OUTER_BOUND('',#2652,.T.);
#1437=PLANE('',#2653);
#1438=FACE_OUTER_BOUND('',#2654,.T.);
#1439=PLANE('',#2655);
#1440=FACE_OUTER_BOUND('',#2656,.T.);
#1441=PLANE('',#2657);
#1442=FACE_OUTER_BOUND('',#2658,.T.);
#1443=PLANE('',#2659);
#1444=FACE_OUTER_BOUND('',#2660,.T.);
#1445=PLANE('',#2661);
#1446=FACE_OUTER_BOUND('',#2662,.T.);
#1447=PLANE('',#2663);
#1448=FACE_OUTER_BOUND('',#2664,.T.);
#1449=PLANE('',#2665);
#1450=FACE_OUTER_BOUND('',#2666,.T.);
#1451=PLANE('',#2667);
#1452=FACE_OUTER_BOUND('',#2668,.T.);
#1453=PLANE('',#2669);
#1454=FACE_OUTER_BOUND('',#2670,.T.);
#1455=PLANE('',#2671);
#1456=FACE_OUTER_BOUND('',#2672,.T.);
#1457=PLANE('',#2673);
#1458=FACE_OUTER_BOUND('',#2674,.T.);
#1459=PLANE('',#2675);
#1460=FACE_OUTER_BOUND('',#2676,.T.);
#1461=PLANE('',#2677);
#1462=FACE_OUTER_BOUND('',#2678,.T.);
#1463=PLANE('',#2679);
#1464=FACE_OUTER_BOUND('',#2680,.T.);
#1465=PLANE('',#2681);
#1466=FACE_OUTER_BOUND('',#2682,.T.);
#1467=PLANE('',#2683);
#1468=FACE_OUTER_BOUND('',#2684,.T.);
#1469=PLANE('',#2685);
#1470=FACE_OUTER_BOUND('',#2686,.T.);
#1471=PLANE('',#2687);
#1472=FACE_OUTER_BOUND('',#2688,.T.);
#1473=PLANE('',#2689);
#1474=FACE_OUTER_BOUND('',#2690,.T.);
#1475=PLANE('',#2691);
#1476=FACE_OUTER_BOUND('',#2692,.T.);
#1477=PLANE('',#2693);
#1478=FACE_OUTER_BOUND('',#2694,.T.);
#1479=PLANE('',#2695);
#1480=FACE_OUTER_BOUND('',#2696,.T.);
#1481=PLANE('',#2697);
#1482=FACE_OUTER_BOUND('',#2698,.T.);
#1483=PLANE('',#2699);
#1484=FACE_OUTER_BOUND('',#2700,.T.);
#1485=PLANE('',#2701);
#1486=FACE_OUTER_BOUND('',#2702,.T.);
#1487=PLANE('',#2703);
#1488=FACE_OUTER_BOUND('',#2704,.T.);
#1489=PLANE('',#2705);
#1490=FACE_OUTER_BOUND('',#2706,.T.);
#1491=PLANE('',#2707);
#1492=FACE_OUTER_BOUND('',#2708,.T.);
#1493=PLANE('',#2709);
#1494=FACE_OUTER_BOUND('',#2710,.T.);
#1495=PLANE('',#2711);
#1496=FACE_OUTER_BOUND('',#2712,.T.);
#1497=PLANE('',#2713);
#1498=FACE_OUTER_BOUND('',#2714,.T.);
#1499=PLANE('',#2715);
#1500=FACE_OUTER_BOUND('',#2716,.T.);
#1501=PLANE('',#2717);
#1502=FACE_OUTER_BOUND('',#2718,.T.);
#1503=PLANE('',#2719);
#1504=FACE_OUTER_BOUND('',#2720,.T.);
#1505=PLANE('',#2721);
#1506=FACE_OUTER_BOUND('',#2722,.T.);
#1507=PLANE('',#2723);
#1508=FACE_OUTER_BOUND('',#2724,.T.);
#1509=PLANE('',#2725);
#1510=FACE_OUTER_BOUND('',#2726,.T.);
#1511=PLANE('',#2727);
#1512=FACE_OUTER_BOUND('',#2728,.T.);
#1513=PLANE('',#2729);
#1514=FACE_OUTER_BOUND('',#2730,.T.);
#1515=PLANE('',#2731);
#1516=FACE_OUTER_BOUND('',#2732,.T.);
#1517=PLANE('',#2733);
#1518=FACE_OUTER_BOUND('',#2734,.T.);
#1519=PLANE('',#2735);
#1520=FACE_OUTER_BOUND('',#2736,.T.);
#1521=PLANE('',#2737);
#1522=FACE_OUTER_BOUND('',#2738,.T.);
#1523=PLANE('',#2739);
#1524=FACE_OUTER_BOUND('',#2740,.T.);
#1525=PLANE('',#2741);
#1526=FACE_OUTER_BOUND('',#2742,.T.);
#1527=PLANE('',#2743);
#1528=FACE_OUTER_BOUND('',#2744,.T.);
#1529=PLANE('',#2745);
#1530=FACE_OUTER_BOUND('',#2746,.T.);
#1531=PLANE('',#2747);
#1532=FACE_OUTER_BOUND('',#2748,.T.);
#1533=PLANE('',#2749);
#1534=FACE_OUTER_BOUND('',#2750,.T.);
#1535=PLANE('',#2751);
#1536=FACE_OUTER_BOUND('',#2752,.T.);
#1537=PLANE('',#2753);
#1538=FACE_OUTER_BOUND('',#2754,.T.);
#1539=PLANE('',#2755);
#1540=FACE_OUTER_BOUND('',#2756,.T.);
#1541=PLANE('',#2757);
#1542=FACE_OUTER_BOUND('',#2758,.T.);
#1543=PLANE('',#2759);
#1544=FACE_OUTER_BOUND('',#2760,.T.);
#1545=PLANE('',#2761);
#1546=FACE_OUTER_BOUND('',#2762,.T.);
#1547=PLANE('',#2763);
#1548=FACE_OUTER_BOUND('',#2764,.T.);
#1549=PLANE('',#2765);
#1550=FACE_OUTER_BOUND('',#2766,.T.);
#1551=PLANE('',#2767);
#1552=FACE_OUTER_BOUND('',#2768,.T.);
#1553=PLANE('',#2769);
#1554=FACE_OUTER_BOUND('',#2770,.T.);
#1555=PLANE('',#2771);
#1556=FACE_OUTER_BOUND('',#2772,.T.);
#1557=PLANE('',#2773);
#1558=FACE_OUTER_BOUND('',#2774,.T.);
#1559=PLANE('',#2775);
#1560=FACE_OUTER_BOUND('',#2776,.T.);
#1561=PLANE('',#2777);
#1562=FACE_OUTER_BOUND('',#2778,.T.);
#1563=PLANE('',#2779);
#1564=FACE_OUTER_BOUND('',#2780,.T.);
#1565=PLANE('',#2781);
#1566=FACE_OUTER_BOUND('',#2782,.T.);
#1567=PLANE('',#2783);
#1568=FACE_OUTER_BOUND('',#2784,.T.);
#1569=PLANE('',#2785);
#1570=FACE_OUTER_BOUND('',#2786,.T.);
#1571=PLANE('',#2787);
#1572=FACE_OUTER_BOUND('',#2788,.T.);
#1573=PLANE('',#2789);
#1574=FACE_OUTER_BOUND('',#2790,.T.);
#1575=PLANE('',#2791);
#1576=FACE_OUTER_BOUND('',#2792,.T.);
#1577=PLANE('',#2793);
#1578=FACE_OUTER_BOUND('',#2794,.T.);
#1579=PLANE('',#2795);
#1580=FACE_OUTER_BOUND('',#2796,.T.);
#1581=PLANE('',#2797);
#1582=FACE_OUTER_BOUND('',#2798,.T.);
#1583=PLANE('',#2799);
#1584=FACE_OUTER_BOUND('',#2800,.T.);
#1585=PLANE('',#2801);
#1586=FACE_OUTER_BOUND('',#2802,.T.);
#1587=PLANE('',#2803);
#1588=FACE_OUTER_BOUND('',#2804,.T.);
#1589=PLANE('',#2805);
#1590=FACE_OUTER_BOUND('',#2806,.T.);
#1591=PLANE('',#2807);
#1592=FACE_OUTER_BOUND('',#2808,.T.);
#1593=PLANE('',#2809);
#1594=FACE_OUTER_BOUND('',#2810,.T.);
#1595=PLANE('',#2811);
#1596=FACE_OUTER_BOUND('',#2812,.T.);
#1597=PLANE('',#2813);
#1598=FACE_OUTER_BOUND('',#2814,.T.);
#1599=PLANE('',#2815);
#1600=FACE_OUTER_BOUND('',#2816,.T.);
#1601=PLANE('',#2817);
#1602=FACE_OUTER_BOUND('',#2818,.T.);
#1603=PLANE('',#2819);
#1604=FACE_OUTER_BOUND('',#2820,.T.);
#1605=PLANE('',#2821);
#1606=FACE_OUTER_BOUND('',#2822,.T.);
#1607=PLANE('',#2823);
#1608=FACE_OUTER_BOUND('',#2824,.T.);
#1609=PLANE('',#2825);
#1610=FACE_OUTER_BOUND('',#2826,.T.);
#1611=PLANE('',#2827);
#1612=FACE_OUTER_BOUND('',#2828,.T.);
#1613=PLANE('',#2829);
#1614=FACE_OUTER_BOUND('',#2830,.T.);
#1615=PLANE('',#2831);
#1616=FACE_OUTER_BOUND('',#2832,.T.);
#1617=PLANE('',#2833);
#1618=FACE_OUTER_BOUND('',#2834,.T.);
#1619=PLANE('',#2835);
#1620=FACE_OUTER_BOUND('',#2836,.T.);
#1621=PLANE('',#2837);
#1622=FACE_OUTER_BOUND('',#2838,.T.);
#1623=PLANE('',#2839);
#1624=FACE_OUTER_BOUND('',#2840,.T.);
#1625=PLANE('',#2841);
#1626=FACE_OUTER_BOUND('',#2842,.T.);
#1627=PLANE('',#2843);
#1628=FACE_OUTER_BOUND('',#2844,.T.);
#1629=PLANE('',#2845);
#1630=FACE_OUTER_BOUND('',#2846,.T.);
#1631=PLANE('',#2847);
#1632=FACE_OUTER_BOUND('',#2848,.T.);
#1633=PLANE('',#2849);
#1634=FACE_OUTER_BOUND('',#2850,.T.);
#1635=PLANE('',#2851);
#1636=FACE_OUTER_BOUND('',#2852,.T.);
#1637=PLANE('',#2853);
#1638=FACE_OUTER_BOUND('',#2854,.T.);
#1639=FACE_BOUND('',#2855,.T.);
#1640=PLANE('',#2856);
#1641=FACE_OUTER_BOUND('',#2857,.T.);
#1642=PLANE('',#2858);
#1643=FACE_OUTER_BOUND('',#2859,.T.);
#1644=PLANE('',#2860);
#1645=FACE_OUTER_BOUND('',#2861,.T.);
#1646=PLANE('',#2862);
#1647=FACE_OUTER_BOUND('',#2863,.T.);
#1648=PLANE('',#2864);
#1649=FACE_OUTER_BOUND('',#2865,.T.);
#1650=PLANE('',#2866);
#1651=FACE_OUTER_BOUND('',#2867,.T.);
#1652=PLANE('',#2868);
#1653=FACE_OUTER_BOUND('',#2869,.T.);
#1654=PLANE('',#2870);
#1655=FACE_OUTER_BOUND('',#2871,.T.);
#1656=PLANE('',#2872);
#1657=FACE_OUTER_BOUND('',#2873,.T.);
#1658=PLANE('',#2874);
#1659=FACE_OUTER_BOUND('',#2875,.T.);
#1660=PLANE('',#2876);
#1661=FACE_OUTER_BOUND('',#2877,.T.);
#1662=CYLINDRICAL_SURFACE('',#2878,0.152405908723844);
#1663=FACE_OUTER_BOUND('',#2879,.T.);
#1664=CYLINDRICAL_SURFACE('',#2880,0.152405908723844);
#1665=FACE_OUTER_BOUND('',#2881,.T.);
#1666=FACE_BOUND('',#2882,.T.);
#1667=PLANE('',#2883);
#1668=FACE_OUTER_BOUND('',#2884,.T.);
#1669=CYLINDRICAL_SURFACE('',#2885,0.191258126584836);
#1670=FACE_OUTER_BOUND('',#2886,.T.);
#1671=CYLINDRICAL_SURFACE('',#2887,0.191258126584836);
#1672=FACE_OUTER_BOUND('',#2888,.T.);
#1673=CYLINDRICAL_SURFACE('',#2889,1.8542);
#1674=FACE_OUTER_BOUND('',#2890,.T.);
#1675=PLANE('',#2891);
#1676=FACE_OUTER_BOUND('',#2892,.T.);
#1677=PLANE('',#2893);
#1678=FACE_OUTER_BOUND('',#2894,.T.);
#1679=PLANE('',#2895);
#1680=FACE_OUTER_BOUND('',#2896,.T.);
#1681=PLANE('',#2897);
#1682=FACE_OUTER_BOUND('',#2898,.T.);
#1683=PLANE('',#2899);
#1684=FACE_OUTER_BOUND('',#2900,.T.);
#1685=PLANE('',#2901);
#1686=FACE_OUTER_BOUND('',#2902,.T.);
#1687=CYLINDRICAL_SURFACE('',#2903,1.8542);
#1688=FACE_OUTER_BOUND('',#2904,.T.);
#1689=PLANE('',#2905);
#1690=FACE_OUTER_BOUND('',#2906,.T.);
#1691=PLANE('',#2907);
#1692=FACE_OUTER_BOUND('',#2908,.T.);
#1693=CYLINDRICAL_SURFACE('',#2909,0.127);
#1694=FACE_OUTER_BOUND('',#2910,.T.);
#1695=PLANE('',#2911);
#1696=FACE_OUTER_BOUND('',#2912,.T.);
#1697=PLANE('',#2913);
#1698=FACE_OUTER_BOUND('',#2914,.T.);
#1699=PLANE('',#2915);
#1700=FACE_OUTER_BOUND('',#2916,.T.);
#1701=PLANE('',#2917);
#1702=FACE_OUTER_BOUND('',#2918,.T.);
#1703=CYLINDRICAL_SURFACE('',#2919,0.127);
#1704=FACE_OUTER_BOUND('',#2920,.T.);
#1705=PLANE('',#2921);
#1706=FACE_OUTER_BOUND('',#2922,.T.);
#1707=PLANE('',#2923);
#1708=FACE_OUTER_BOUND('',#2924,.T.);
#1709=PLANE('',#2925);
#1710=FACE_OUTER_BOUND('',#2926,.T.);
#1711=PLANE('',#2927);
#1712=FACE_OUTER_BOUND('',#2928,.T.);
#1713=PLANE('',#2929);
#1714=FACE_OUTER_BOUND('',#2930,.T.);
#1715=PLANE('',#2931);
#1716=FACE_OUTER_BOUND('',#2932,.T.);
#1717=PLANE('',#2933);
#1718=FACE_OUTER_BOUND('',#2934,.T.);
#1719=PLANE('',#2935);
#1720=FACE_OUTER_BOUND('',#2936,.T.);
#1721=PLANE('',#2937);
#1722=FACE_OUTER_BOUND('',#2938,.T.);
#1723=PLANE('',#2939);
#1724=FACE_OUTER_BOUND('',#2940,.T.);
#1725=CYLINDRICAL_SURFACE('',#2941,0.254);
#1726=FACE_OUTER_BOUND('',#2942,.T.);
#1727=PLANE('',#2943);
#1728=FACE_OUTER_BOUND('',#2944,.T.);
#1729=PLANE('',#2945);
#1730=FACE_OUTER_BOUND('',#2946,.T.);
#1731=PLANE('',#2947);
#1732=FACE_OUTER_BOUND('',#2948,.T.);
#1733=PLANE('',#2949);
#1734=FACE_OUTER_BOUND('',#2950,.T.);
#1735=PLANE('',#2951);
#1736=FACE_OUTER_BOUND('',#2952,.T.);
#1737=PLANE('',#2953);
#1738=FACE_OUTER_BOUND('',#2954,.T.);
#1739=PLANE('',#2955);
#1740=FACE_OUTER_BOUND('',#2956,.T.);
#1741=PLANE('',#2957);
#1742=FACE_OUTER_BOUND('',#2958,.T.);
#1743=PLANE('',#2959);
#1744=FACE_OUTER_BOUND('',#2960,.T.);
#1745=PLANE('',#2961);
#1746=FACE_OUTER_BOUND('',#2962,.T.);
#1747=PLANE('',#2963);
#1748=FACE_OUTER_BOUND('',#2964,.T.);
#1749=PLANE('',#2965);
#1750=FACE_OUTER_BOUND('',#2966,.T.);
#1751=PLANE('',#2967);
#1752=FACE_OUTER_BOUND('',#2968,.T.);
#1753=PLANE('',#2969);
#1754=FACE_OUTER_BOUND('',#2970,.T.);
#1755=CYLINDRICAL_SURFACE('',#2971,0.254);
#1756=FACE_OUTER_BOUND('',#2972,.T.);
#1757=PLANE('',#2973);
#1758=FACE_OUTER_BOUND('',#2974,.T.);
#1759=PLANE('',#2975);
#1760=FACE_OUTER_BOUND('',#2976,.T.);
#1761=PLANE('',#2977);
#1762=FACE_OUTER_BOUND('',#2978,.T.);
#1763=PLANE('',#2979);
#1764=FACE_OUTER_BOUND('',#2980,.T.);
#1765=PLANE('',#2981);
#1766=FACE_OUTER_BOUND('',#2982,.T.);
#1767=PLANE('',#2983);
#1768=FACE_OUTER_BOUND('',#2984,.T.);
#1769=CYLINDRICAL_SURFACE('',#2985,0.254);
#1770=FACE_OUTER_BOUND('',#2986,.T.);
#1771=PLANE('',#2987);
#1772=FACE_OUTER_BOUND('',#2988,.T.);
#1773=PLANE('',#2989);
#1774=FACE_OUTER_BOUND('',#2990,.T.);
#1775=PLANE('',#2991);
#1776=FACE_OUTER_BOUND('',#2992,.T.);
#1777=PLANE('',#2993);
#1778=FACE_OUTER_BOUND('',#2994,.T.);
#1779=CYLINDRICAL_SURFACE('',#2995,0.254);
#1780=FACE_OUTER_BOUND('',#2996,.T.);
#1781=PLANE('',#2997);
#1782=FACE_OUTER_BOUND('',#2998,.T.);
#1783=PLANE('',#2999);
#1784=FACE_OUTER_BOUND('',#3000,.T.);
#1785=PLANE('',#3001);
#1786=FACE_OUTER_BOUND('',#3002,.T.);
#1787=PLANE('',#3003);
#1788=FACE_OUTER_BOUND('',#3004,.T.);
#1789=CYLINDRICAL_SURFACE('',#3005,0.254);
#1790=FACE_OUTER_BOUND('',#3006,.T.);
#1791=PLANE('',#3007);
#1792=FACE_OUTER_BOUND('',#3008,.T.);
#1793=PLANE('',#3009);
#1794=FACE_OUTER_BOUND('',#3010,.T.);
#1795=PLANE('',#3011);
#1796=FACE_OUTER_BOUND('',#3012,.T.);
#1797=PLANE('',#3013);
#1798=FACE_OUTER_BOUND('',#3014,.T.);
#1799=PLANE('',#3015);
#1800=FACE_OUTER_BOUND('',#3016,.T.);
#1801=PLANE('',#3017);
#1802=FACE_OUTER_BOUND('',#3018,.T.);
#1803=PLANE('',#3019);
#1804=FACE_OUTER_BOUND('',#3020,.T.);
#1805=PLANE('',#3021);
#1806=FACE_OUTER_BOUND('',#3022,.T.);
#1807=PLANE('',#3023);
#1808=FACE_OUTER_BOUND('',#3024,.T.);
#1809=PLANE('',#3025);
#1810=FACE_OUTER_BOUND('',#3026,.T.);
#1811=PLANE('',#3027);
#1812=FACE_OUTER_BOUND('',#3028,.T.);
#1813=PLANE('',#3029);
#1814=FACE_OUTER_BOUND('',#3030,.T.);
#1815=PLANE('',#3031);
#1816=FACE_OUTER_BOUND('',#3032,.T.);
#1817=PLANE('',#3033);
#1818=FACE_OUTER_BOUND('',#3034,.T.);
#1819=PLANE('',#3035);
#1820=FACE_OUTER_BOUND('',#3036,.T.);
#1821=PLANE('',#3037);
#1822=FACE_OUTER_BOUND('',#3038,.T.);
#1823=PLANE('',#3039);
#1824=FACE_OUTER_BOUND('',#3040,.T.);
#1825=PLANE('',#3041);
#1826=FACE_OUTER_BOUND('',#3042,.T.);
#1827=PLANE('',#3043);
#1828=FACE_OUTER_BOUND('',#3044,.T.);
#1829=PLANE('',#3045);
#1830=FACE_OUTER_BOUND('',#3046,.T.);
#1831=PLANE('',#3047);
#1832=FACE_OUTER_BOUND('',#3048,.T.);
#1833=PLANE('',#3049);
#1834=FACE_OUTER_BOUND('',#3050,.T.);
#1835=PLANE('',#3051);
#1836=FACE_OUTER_BOUND('',#3052,.T.);
#1837=PLANE('',#3053);
#1838=FACE_OUTER_BOUND('',#3054,.T.);
#1839=PLANE('',#3055);
#1840=FACE_OUTER_BOUND('',#3056,.T.);
#1841=PLANE('',#3057);
#1842=FACE_OUTER_BOUND('',#3058,.T.);
#1843=CYLINDRICAL_SURFACE('',#3059,0.254);
#1844=FACE_OUTER_BOUND('',#3060,.T.);
#1845=PLANE('',#3061);
#1846=FACE_OUTER_BOUND('',#3062,.T.);
#1847=PLANE('',#3063);
#1848=FACE_OUTER_BOUND('',#3064,.T.);
#1849=PLANE('',#3065);
#1850=FACE_OUTER_BOUND('',#3066,.T.);
#1851=PLANE('',#3067);
#1852=FACE_OUTER_BOUND('',#3068,.T.);
#1853=PLANE('',#3069);
#1854=FACE_OUTER_BOUND('',#3070,.T.);
#1855=PLANE('',#3071);
#1856=FACE_OUTER_BOUND('',#3072,.T.);
#1857=PLANE('',#3073);
#1858=FACE_OUTER_BOUND('',#3074,.T.);
#1859=PLANE('',#3075);
#1860=FACE_OUTER_BOUND('',#3076,.T.);
#1861=PLANE('',#3077);
#1862=FACE_OUTER_BOUND('',#3078,.T.);
#1863=CYLINDRICAL_SURFACE('',#3079,0.254);
#1864=FACE_OUTER_BOUND('',#3080,.T.);
#1865=CYLINDRICAL_SURFACE('',#3081,0.254);
#1866=FACE_OUTER_BOUND('',#3082,.T.);
#1867=PLANE('',#3083);
#1868=FACE_OUTER_BOUND('',#3084,.T.);
#1869=PLANE('',#3085);
#1870=FACE_OUTER_BOUND('',#3086,.T.);
#1871=CYLINDRICAL_SURFACE('',#3087,0.254);
#1872=FACE_OUTER_BOUND('',#3088,.T.);
#1873=CYLINDRICAL_SURFACE('',#3089,0.254);
#1874=FACE_OUTER_BOUND('',#3090,.T.);
#1875=PLANE('',#3091);
#1876=FACE_OUTER_BOUND('',#3092,.T.);
#1877=PLANE('',#3093);
#1878=FACE_OUTER_BOUND('',#3094,.T.);
#1879=CYLINDRICAL_SURFACE('',#3095,0.254);
#1880=FACE_OUTER_BOUND('',#3096,.T.);
#1881=CYLINDRICAL_SURFACE('',#3097,0.254);
#1882=FACE_OUTER_BOUND('',#3098,.T.);
#1883=PLANE('',#3099);
#1884=EDGE_LOOP('',(#3100,#3101,#3102,#3103));
#1885=AXIS2_PLACEMENT_3D('',#3104,#3105,#3106);
#1886=EDGE_LOOP('',(#3107,#3108,#3109,#3110,#3111,#3112,#3113,#3114,#3115,#3116));
#1887=AXIS2_PLACEMENT_3D('',#3117,#3118,#3119);
#1888=EDGE_LOOP('',(#3120,#3121,#3122,#3123,#3124,#3125,#3126,#3127,#3128,#3129));
#1889=AXIS2_PLACEMENT_3D('',#3130,#3131,#3132);
#1890=EDGE_LOOP('',(#3133,#3134,#3135,#3136,#3137,#3138,#3139,#3140,#3141,#3142,#3143,#3144,#3145,#3146,#3147,#3148,#3149,#3150,#3151,#3152));
#1891=AXIS2_PLACEMENT_3D('',#3153,#3154,#3155);
#1892=EDGE_LOOP('',(#3156,#3157,#3158,#3159,#3160,#3161,#3162,#3163,#3164,#3165));
#1893=AXIS2_PLACEMENT_3D('',#3166,#3167,#3168);
#1894=EDGE_LOOP('',(#3169,#3170,#3171,#3172,#3173,#3174,#3175,#3176,#3177,#3178,#3179,#3180,#3181,#3182,#3183,#3184));
#1895=AXIS2_PLACEMENT_3D('',#3185,#3186,#3187);
#1896=EDGE_LOOP('',(#3188,#3189,#3190,#3191,#3192,#3193,#3194,#3195,#3196,#3197,#3198,#3199,#3200,#3201,#3202,#3203));
#1897=AXIS2_PLACEMENT_3D('',#3204,#3205,#3206);
#1898=EDGE_LOOP('',(#3207,#3208,#3209,#3210,#3211,#3212,#3213,#3214,#3215,#3216,#3217,#3218,#3219,#3220,#3221,#3222,#3223,#3224,#3225,#3226));
#1899=AXIS2_PLACEMENT_3D('',#3227,#3228,#3229);
#1900=EDGE_LOOP('',(#3230,#3231,#3232,#3233,#3234,#3235,#3236,#3237,#3238,#3239));
#1901=AXIS2_PLACEMENT_3D('',#3240,#3241,#3242);
#1902=EDGE_LOOP('',(#3243,#3244));
#1903=EDGE_LOOP('',(#3245,#3246,#3247,#3248,#3249,#3250,#3251,#3252,#3253,#3254,#3255,#3256,#3257,#3258,#3259,#3260));
#1904=AXIS2_PLACEMENT_3D('',#3261,#3262,#3263);
#1905=EDGE_LOOP('',(#3264,#3265,#3266,#3267,#3268,#3269,#3270,#3271,#3272,#3273,#3274,#3275,#3276,#3277,#3278,#3279,#3280,#3281,#3282,#3283,#3284,#3285,#3286,#3287,#3288,#3289,#3290,#3291,#3292,#3293,#3294,#3295));
#1906=EDGE_LOOP('',(#3296,#3297,#3298,#3299,#3300,#3301,#3302,#3303,#3304,#3305,#3306,#3307,#3308,#3309,#3310,#3311,#3312,#3313,#3314));
#1907=EDGE_LOOP('',(#3315,#3316,#3317,#3318,#3319,#3320,#3321,#3322,#3323,#3324,#3325,#3326,#3327,#3328,#3329,#3330,#3331,#3332,#3333,#3334,#3335,#3336,#3337,#3338));
#1908=EDGE_LOOP('',(#3339,#3340,#3341,#3342,#3343,#3344,#3345,#3346,#3347,#3348,#3349,#3350,#3351,#3352,#3353,#3354,#3355,#3356,#3357,#3358,#3359,#3360,#3361,#3362,#3363,#3364));
#1909=EDGE_LOOP('',(#3365,#3366,#3367,#3368,#3369,#3370,#3371,#3372,#3373,#3374,#3375,#3376,#3377,#3378,#3379,#3380));
#1910=EDGE_LOOP('',(#3381,#3382,#3383,#3384,#3385,#3386,#3387,#3388,#3389,#3390));
#1911=EDGE_LOOP('',(#3391,#3392,#3393,#3394,#3395,#3396,#3397,#3398,#3399,#3400,#3401,#3402,#3403,#3404,#3405,#3406,#3407,#3408,#3409,#3410,#3411,#3412,#3413,#3414,#3415,#3416,#3417,#3418,#3419,#3420,#3421,#3422,#3423,#3424,#3425,#3426,#3427,#3428,#3429,#3430,#3431,#3432,#3433,#3434,#3435,#3436,#3437,#3438,#3439,#3440,#3441,#3442,#3443,#3444));
#1912=EDGE_LOOP('',(#3445,#3446,#3447,#3448,#3449,#3450,#3451,#3452,#3453,#3454,#3455,#3456,#3457,#3458,#3459,#3460,#3461,#3462,#3463,#3464,#3465,#3466,#3467,#3468,#3469,#3470,#3471,#3472,#3473,#3474,#3475,#3476,#3477,#3478,#3479,#3480,#3481,#3482,#3483,#3484,#3485,#3486,#3487,#3488,#3489,#3490,#3491,#3492,#3493,#3494,#3495,#3496,#3497,#3498,#3499,#3500,#3501));
#1913=EDGE_LOOP('',(#3502,#3503,#3504,#3505,#3506,#3507,#3508,#3509,#3510,#3511,#3512,#3513,#3514,#3515,#3516,#3517,#3518,#3519,#3520,#3521,#3522,#3523,#3524,#3525,#3526,#3527,#3528,#3529,#3530,#3531,#3532,#3533,#3534,#3535,#3536,#3537,#3538,#3539,#3540,#3541,#3542,#3543,#3544,#3545,#3546,#3547,#3548,#3549,#3550,#3551,#3552,#3553,#3554,#3555,#3556,#3557,#3558));
#1914=EDGE_LOOP('',(#3559,#3560,#3561,#3562,#3563,#3564,#3565,#3566,#3567,#3568,#3569,#3570,#3571,#3572,#3573,#3574,#3575,#3576,#3577,#3578,#3579,#3580,#3581,#3582,#3583,#3584,#3585,#3586,#3587,#3588,#3589,#3590,#3591,#3592));
#1915=EDGE_LOOP('',(#3593,#3594,#3595,#3596,#3597,#3598,#3599,#3600,#3601,#3602,#3603,#3604,#3605,#3606,#3607,#3608,#3609,#3610,#3611,#3612,#3613,#3614,#3615,#3616,#3617,#3618,#3619,#3620,#3621,#3622,#3623,#3624,#3625,#3626,#3627,#3628,#3629,#3630,#3631,#3632));
#1916=EDGE_LOOP('',(#3633,#3634));
#1917=EDGE_LOOP('',(#3635,#3636));
#1918=AXIS2_PLACEMENT_3D('',#3637,#3638,#3639);
#1919=EDGE_LOOP('',(#3640,#3641,#3642,#3643));
#1920=AXIS2_PLACEMENT_3D('',#3644,#3645,#3646);
#1921=EDGE_LOOP('',(#3647,#3648,#3649,#3650));
#1922=AXIS2_PLACEMENT_3D('',#3651,#3652,#3653);
#1923=EDGE_LOOP('',(#3654,#3655,#3656,#3657));
#1924=AXIS2_PLACEMENT_3D('',#3658,#3659,#3660);
#1925=EDGE_LOOP('',(#3661,#3662,#3663,#3664));
#1926=AXIS2_PLACEMENT_3D('',#3665,#3666,#3667);
#1927=EDGE_LOOP('',(#3668,#3669,#3670,#3671));
#1928=AXIS2_PLACEMENT_3D('',#3672,#3673,#3674);
#1929=EDGE_LOOP('',(#3675,#3676,#3677,#3678));
#1930=AXIS2_PLACEMENT_3D('',#3679,#3680,#3681);
#1931=EDGE_LOOP('',(#3682,#3683,#3684,#3685));
#1932=AXIS2_PLACEMENT_3D('',#3686,#3687,#3688);
#1933=EDGE_LOOP('',(#3689,#3690,#3691,#3692));
#1934=AXIS2_PLACEMENT_3D('',#3693,#3694,#3695);
#1935=EDGE_LOOP('',(#3696,#3697,#3698,#3699));
#1936=AXIS2_PLACEMENT_3D('',#3700,#3701,#3702);
#1937=EDGE_LOOP('',(#3703,#3704,#3705,#3706));
#1938=AXIS2_PLACEMENT_3D('',#3707,#3708,#3709);
#1939=EDGE_LOOP('',(#3710,#3711,#3712,#3713));
#1940=AXIS2_PLACEMENT_3D('',#3714,#3715,#3716);
#1941=EDGE_LOOP('',(#3717,#3718,#3719,#3720));
#1942=AXIS2_PLACEMENT_3D('',#3721,#3722,#3723);
#1943=EDGE_LOOP('',(#3724,#3725,#3726,#3727));
#1944=AXIS2_PLACEMENT_3D('',#3728,#3729,#3730);
#1945=EDGE_LOOP('',(#3731,#3732,#3733,#3734));
#1946=AXIS2_PLACEMENT_3D('',#3735,#3736,#3737);
#1947=EDGE_LOOP('',(#3738,#3739,#3740,#3741));
#1948=AXIS2_PLACEMENT_3D('',#3742,#3743,#3744);
#1949=EDGE_LOOP('',(#3745,#3746,#3747,#3748));
#1950=AXIS2_PLACEMENT_3D('',#3749,#3750,#3751);
#1951=EDGE_LOOP('',(#3752,#3753,#3754,#3755));
#1952=AXIS2_PLACEMENT_3D('',#3756,#3757,#3758);
#1953=EDGE_LOOP('',(#3759,#3760,#3761,#3762));
#1954=AXIS2_PLACEMENT_3D('',#3763,#3764,#3765);
#1955=EDGE_LOOP('',(#3766,#3767,#3768,#3769));
#1956=AXIS2_PLACEMENT_3D('',#3770,#3771,#3772);
#1957=EDGE_LOOP('',(#3773,#3774,#3775,#3776,#3777,#3778,#3779,#3780,#3781,#3782,#3783,#3784,#3785,#3786,#3787,#3788,#3789,#3790,#3791));
#1958=EDGE_LOOP('',(#3792,#3793,#3794,#3795,#3796,#3797,#3798,#3799,#3800,#3801));
#1959=EDGE_LOOP('',(#3802,#3803,#3804,#3805,#3806,#3807,#3808,#3809,#3810,#3811));
#1960=AXIS2_PLACEMENT_3D('',#3812,#3813,#3814);
#1961=EDGE_LOOP('',(#3815,#3816,#3817,#3818,#3819,#3820,#3821,#3822,#3823,#3824,#3825,#3826,#3827,#3828,#3829,#3830,#3831,#3832,#3833,#3834,#3835,#3836,#3837,#3838));
#1962=EDGE_LOOP('',(#3839,#3840,#3841,#3842,#3843,#3844,#3845,#3846,#3847,#3848,#3849,#3850,#3851,#3852,#3853,#3854,#3855,#3856,#3857,#3858));
#1963=AXIS2_PLACEMENT_3D('',#3859,#3860,#3861);
#1964=EDGE_LOOP('',(#3862,#3863,#3864,#3865,#3866,#3867,#3868,#3869,#3870,#3871,#3872,#3873,#3874,#3875,#3876,#3877,#3878,#3879,#3880,#3881,#3882,#3883,#3884,#3885,#3886,#3887));
#1965=AXIS2_PLACEMENT_3D('',#3888,#3889,#3890);
#1966=EDGE_LOOP('',(#3891,#3892,#3893,#3894,#3895,#3896,#3897,#3898,#3899,#3900,#3901,#3902,#3903,#3904,#3905,#3906));
#1967=EDGE_LOOP('',(#3907,#3908,#3909,#3910,#3911,#3912,#3913,#3914,#3915,#3916));
#1968=AXIS2_PLACEMENT_3D('',#3917,#3918,#3919);
#1969=EDGE_LOOP('',(#3920,#3921,#3922,#3923,#3924,#3925,#3926,#3927,#3928,#3929));
#1970=AXIS2_PLACEMENT_3D('',#3930,#3931,#3932);
#1971=EDGE_LOOP('',(#3933,#3934,#3935,#3936,#3937,#3938,#3939,#3940,#3941,#3942,#3943,#3944,#3945,#3946,#3947,#3948,#3949,#3950,#3951,#3952,#3953,#3954,#3955,#3956,#3957,#3958,#3959,#3960,#3961,#3962,#3963,#3964,#3965,#3966,#3967,#3968,#3969,#3970,#3971,#3972,#3973,#3974,#3975,#3976,#3977,#3978,#3979,#3980,#3981,#3982,#3983,#3984,#3985,#3986));
#1972=AXIS2_PLACEMENT_3D('',#3987,#3988,#3989);
#1973=EDGE_LOOP('',(#3990,#3991,#3992,#3993,#3994,#3995,#3996,#3997,#3998,#3999,#4000,#4001,#4002,#4003,#4004,#4005,#4006,#4007,#4008,#4009,#4010,#4011,#4012,#4013,#4014,#4015,#4016,#4017,#4018,#4019,#4020,#4021,#4022,#4023,#4024,#4025,#4026,#4027,#4028,#4029,#4030,#4031,#4032,#4033,#4034,#4035,#4036,#4037,#4038,#4039,#4040,#4041,#4042,#4043,#4044,#4045,#4046));
#1974=AXIS2_PLACEMENT_3D('',#4047,#4048,#4049);
#1975=EDGE_LOOP('',(#4050,#4051,#4052,#4053,#4054,#4055,#4056,#4057,#4058,#4059,#4060,#4061,#4062,#4063,#4064,#4065,#4066,#4067,#4068,#4069,#4070,#4071,#4072,#4073,#4074,#4075,#4076,#4077,#4078,#4079,#4080,#4081,#4082,#4083,#4084,#4085,#4086,#4087,#4088,#4089,#4090,#4091,#4092,#4093,#4094,#4095,#4096,#4097,#4098,#4099,#4100,#4101,#4102,#4103,#4104,#4105,#4106));
#1976=AXIS2_PLACEMENT_3D('',#4107,#4108,#4109);
#1977=EDGE_LOOP('',(#4110,#4111,#4112,#4113,#4114,#4115,#4116,#4117,#4118,#4119,#4120,#4121,#4122,#4123,#4124,#4125,#4126,#4127,#4128,#4129,#4130,#4131,#4132,#4133,#4134,#4135,#4136,#4137,#4138,#4139,#4140,#4141,#4142,#4143));
#1978=EDGE_LOOP('',(#4144,#4145,#4146,#4147,#4148,#4149,#4150,#4151,#4152,#4153,#4154,#4155,#4156,#4157,#4158,#4159));
#1979=EDGE_LOOP('',(#4160,#4161,#4162,#4163,#4164,#4165,#4166,#4167,#4168,#4169,#4170,#4171,#4172,#4173,#4174,#4175));
#1980=AXIS2_PLACEMENT_3D('',#4176,#4177,#4178);
#1981=EDGE_LOOP('',(#4179,#4180,#4181,#4182,#4183,#4184,#4185,#4186,#4187,#4188,#4189,#4190,#4191,#4192,#4193,#4194,#4195,#4196,#4197,#4198,#4199,#4200,#4201,#4202,#4203,#4204,#4205,#4206,#4207,#4208,#4209,#4210,#4211,#4212,#4213,#4214,#4215,#4216,#4217,#4218));
#1982=EDGE_LOOP('',(#4219,#4220,#4221,#4222,#4223,#4224,#4225,#4226,#4227,#4228,#4229,#4230,#4231,#4232,#4233,#4234,#4235,#4236,#4237,#4238));
#1983=AXIS2_PLACEMENT_3D('',#4239,#4240,#4241);
#1984=EDGE_LOOP('',(#4242,#4243,#4244,#4245));
#1985=AXIS2_PLACEMENT_3D('',#4246,#4247,#4248);
#1986=EDGE_LOOP('',(#4249,#4250,#4251,#4252));
#1987=AXIS2_PLACEMENT_3D('',#4253,#4254,#4255);
#1988=EDGE_LOOP('',(#4256,#4257,#4258,#4259));
#1989=AXIS2_PLACEMENT_3D('',#4260,#4261,#4262);
#1990=EDGE_LOOP('',(#4263,#4264,#4265,#4266));
#1991=AXIS2_PLACEMENT_3D('',#4267,#4268,#4269);
#1992=EDGE_LOOP('',(#4270,#4271,#4272,#4273));
#1993=AXIS2_PLACEMENT_3D('',#4274,#4275,#4276);
#1994=EDGE_LOOP('',(#4277,#4278,#4279,#4280));
#1995=AXIS2_PLACEMENT_3D('',#4281,#4282,#4283);
#1996=EDGE_LOOP('',(#4284,#4285,#4286,#4287));
#1997=AXIS2_PLACEMENT_3D('',#4288,#4289,#4290);
#1998=EDGE_LOOP('',(#4291,#4292,#4293,#4294));
#1999=AXIS2_PLACEMENT_3D('',#4295,#4296,#4297);
#2000=EDGE_LOOP('',(#4298,#4299,#4300,#4301));
#2001=AXIS2_PLACEMENT_3D('',#4302,#4303,#4304);
#2002=EDGE_LOOP('',(#4305,#4306,#4307,#4308));
#2003=AXIS2_PLACEMENT_3D('',#4309,#4310,#4311);
#2004=EDGE_LOOP('',(#4312,#4313,#4314,#4315));
#2005=AXIS2_PLACEMENT_3D('',#4316,#4317,#4318);
#2006=EDGE_LOOP('',(#4319,#4320,#4321,#4322));
#2007=AXIS2_PLACEMENT_3D('',#4323,#4324,#4325);
#2008=EDGE_LOOP('',(#4326,#4327,#4328,#4329));
#2009=AXIS2_PLACEMENT_3D('',#4330,#4331,#4332);
#2010=EDGE_LOOP('',(#4333,#4334,#4335,#4336));
#2011=AXIS2_PLACEMENT_3D('',#4337,#4338,#4339);
#2012=EDGE_LOOP('',(#4340,#4341,#4342,#4343));
#2013=AXIS2_PLACEMENT_3D('',#4344,#4345,#4346);
#2014=EDGE_LOOP('',(#4347,#4348,#4349,#4350));
#2015=AXIS2_PLACEMENT_3D('',#4351,#4352,#4353);
#2016=EDGE_LOOP('',(#4354,#4355,#4356,#4357));
#2017=AXIS2_PLACEMENT_3D('',#4358,#4359,#4360);
#2018=EDGE_LOOP('',(#4361,#4362,#4363,#4364));
#2019=AXIS2_PLACEMENT_3D('',#4365,#4366,#4367);
#2020=EDGE_LOOP('',(#4368,#4369,#4370,#4371));
#2021=AXIS2_PLACEMENT_3D('',#4372,#4373,#4374);
#2022=EDGE_LOOP('',(#4375,#4376,#4377,#4378));
#2023=AXIS2_PLACEMENT_3D('',#4379,#4380,#4381);
#2024=EDGE_LOOP('',(#4382,#4383,#4384,#4385));
#2025=AXIS2_PLACEMENT_3D('',#4386,#4387,#4388);
#2026=EDGE_LOOP('',(#4389,#4390,#4391,#4392));
#2027=AXIS2_PLACEMENT_3D('',#4393,#4394,#4395);
#2028=EDGE_LOOP('',(#4396,#4397,#4398,#4399));
#2029=AXIS2_PLACEMENT_3D('',#4400,#4401,#4402);
#2030=EDGE_LOOP('',(#4403,#4404,#4405,#4406));
#2031=AXIS2_PLACEMENT_3D('',#4407,#4408,#4409);
#2032=EDGE_LOOP('',(#4410,#4411,#4412,#4413));
#2033=AXIS2_PLACEMENT_3D('',#4414,#4415,#4416);
#2034=EDGE_LOOP('',(#4417,#4418,#4419,#4420));
#2035=AXIS2_PLACEMENT_3D('',#4421,#4422,#4423);
#2036=EDGE_LOOP('',(#4424,#4425,#4426,#4427));
#2037=AXIS2_PLACEMENT_3D('',#4428,#4429,#4430);
#2038=EDGE_LOOP('',(#4431,#4432,#4433,#4434));
#2039=AXIS2_PLACEMENT_3D('',#4435,#4436,#4437);
#2040=EDGE_LOOP('',(#4438,#4439,#4440,#4441));
#2041=AXIS2_PLACEMENT_3D('',#4442,#4443,#4444);
#2042=EDGE_LOOP('',(#4445,#4446,#4447,#4448));
#2043=AXIS2_PLACEMENT_3D('',#4449,#4450,#4451);
#2044=EDGE_LOOP('',(#4452,#4453,#4454,#4455));
#2045=AXIS2_PLACEMENT_3D('',#4456,#4457,#4458);
#2046=EDGE_LOOP('',(#4459,#4460,#4461,#4462));
#2047=AXIS2_PLACEMENT_3D('',#4463,#4464,#4465);
#2048=EDGE_LOOP('',(#4466,#4467,#4468,#4469));
#2049=AXIS2_PLACEMENT_3D('',#4470,#4471,#4472);
#2050=EDGE_LOOP('',(#4473,#4474,#4475,#4476));
#2051=AXIS2_PLACEMENT_3D('',#4477,#4478,#4479);
#2052=EDGE_LOOP('',(#4480,#4481,#4482,#4483));
#2053=AXIS2_PLACEMENT_3D('',#4484,#4485,#4486);
#2054=EDGE_LOOP('',(#4487,#4488,#4489,#4490));
#2055=AXIS2_PLACEMENT_3D('',#4491,#4492,#4493);
#2056=EDGE_LOOP('',(#4494,#4495,#4496,#4497));
#2057=AXIS2_PLACEMENT_3D('',#4498,#4499,#4500);
#2058=EDGE_LOOP('',(#4501,#4502,#4503,#4504));
#2059=AXIS2_PLACEMENT_3D('',#4505,#4506,#4507);
#2060=EDGE_LOOP('',(#4508,#4509,#4510,#4511));
#2061=AXIS2_PLACEMENT_3D('',#4512,#4513,#4514);
#2062=EDGE_LOOP('',(#4515,#4516,#4517,#4518));
#2063=AXIS2_PLACEMENT_3D('',#4519,#4520,#4521);
#2064=EDGE_LOOP('',(#4522,#4523,#4524,#4525));
#2065=AXIS2_PLACEMENT_3D('',#4526,#4527,#4528);
#2066=EDGE_LOOP('',(#4529,#4530,#4531,#4532));
#2067=AXIS2_PLACEMENT_3D('',#4533,#4534,#4535);
#2068=EDGE_LOOP('',(#4536,#4537,#4538,#4539));
#2069=AXIS2_PLACEMENT_3D('',#4540,#4541,#4542);
#2070=EDGE_LOOP('',(#4543,#4544,#4545,#4546));
#2071=AXIS2_PLACEMENT_3D('',#4547,#4548,#4549);
#2072=EDGE_LOOP('',(#4550,#4551,#4552,#4553));
#2073=AXIS2_PLACEMENT_3D('',#4554,#4555,#4556);
#2074=EDGE_LOOP('',(#4557,#4558,#4559,#4560));
#2075=AXIS2_PLACEMENT_3D('',#4561,#4562,#4563);
#2076=EDGE_LOOP('',(#4564,#4565,#4566,#4567));
#2077=AXIS2_PLACEMENT_3D('',#4568,#4569,#4570);
#2078=EDGE_LOOP('',(#4571,#4572,#4573,#4574));
#2079=AXIS2_PLACEMENT_3D('',#4575,#4576,#4577);
#2080=EDGE_LOOP('',(#4578,#4579,#4580,#4581));
#2081=AXIS2_PLACEMENT_3D('',#4582,#4583,#4584);
#2082=EDGE_LOOP('',(#4585,#4586,#4587,#4588));
#2083=AXIS2_PLACEMENT_3D('',#4589,#4590,#4591);
#2084=EDGE_LOOP('',(#4592,#4593,#4594,#4595));
#2085=AXIS2_PLACEMENT_3D('',#4596,#4597,#4598);
#2086=EDGE_LOOP('',(#4599,#4600,#4601,#4602));
#2087=AXIS2_PLACEMENT_3D('',#4603,#4604,#4605);
#2088=EDGE_LOOP('',(#4606,#4607,#4608,#4609));
#2089=AXIS2_PLACEMENT_3D('',#4610,#4611,#4612);
#2090=EDGE_LOOP('',(#4613,#4614,#4615,#4616));
#2091=AXIS2_PLACEMENT_3D('',#4617,#4618,#4619);
#2092=EDGE_LOOP('',(#4620,#4621,#4622,#4623));
#2093=AXIS2_PLACEMENT_3D('',#4624,#4625,#4626);
#2094=EDGE_LOOP('',(#4627,#4628,#4629,#4630));
#2095=AXIS2_PLACEMENT_3D('',#4631,#4632,#4633);
#2096=EDGE_LOOP('',(#4634,#4635,#4636,#4637));
#2097=AXIS2_PLACEMENT_3D('',#4638,#4639,#4640);
#2098=EDGE_LOOP('',(#4641,#4642,#4643,#4644));
#2099=AXIS2_PLACEMENT_3D('',#4645,#4646,#4647);
#2100=EDGE_LOOP('',(#4648,#4649,#4650,#4651));
#2101=AXIS2_PLACEMENT_3D('',#4652,#4653,#4654);
#2102=EDGE_LOOP('',(#4655,#4656,#4657,#4658));
#2103=AXIS2_PLACEMENT_3D('',#4659,#4660,#4661);
#2104=EDGE_LOOP('',(#4662,#4663,#4664,#4665));
#2105=AXIS2_PLACEMENT_3D('',#4666,#4667,#4668);
#2106=EDGE_LOOP('',(#4669,#4670,#4671,#4672));
#2107=AXIS2_PLACEMENT_3D('',#4673,#4674,#4675);
#2108=EDGE_LOOP('',(#4676,#4677,#4678,#4679));
#2109=AXIS2_PLACEMENT_3D('',#4680,#4681,#4682);
#2110=EDGE_LOOP('',(#4683,#4684,#4685,#4686));
#2111=AXIS2_PLACEMENT_3D('',#4687,#4688,#4689);
#2112=EDGE_LOOP('',(#4690,#4691,#4692,#4693));
#2113=AXIS2_PLACEMENT_3D('',#4694,#4695,#4696);
#2114=EDGE_LOOP('',(#4697,#4698,#4699,#4700));
#2115=AXIS2_PLACEMENT_3D('',#4701,#4702,#4703);
#2116=EDGE_LOOP('',(#4704,#4705,#4706,#4707));
#2117=AXIS2_PLACEMENT_3D('',#4708,#4709,#4710);
#2118=EDGE_LOOP('',(#4711,#4712,#4713,#4714));
#2119=AXIS2_PLACEMENT_3D('',#4715,#4716,#4717);
#2120=EDGE_LOOP('',(#4718,#4719,#4720,#4721));
#2121=AXIS2_PLACEMENT_3D('',#4722,#4723,#4724);
#2122=EDGE_LOOP('',(#4725,#4726,#4727,#4728));
#2123=AXIS2_PLACEMENT_3D('',#4729,#4730,#4731);
#2124=EDGE_LOOP('',(#4732,#4733,#4734,#4735));
#2125=AXIS2_PLACEMENT_3D('',#4736,#4737,#4738);
#2126=EDGE_LOOP('',(#4739,#4740,#4741,#4742));
#2127=AXIS2_PLACEMENT_3D('',#4743,#4744,#4745);
#2128=EDGE_LOOP('',(#4746,#4747,#4748,#4749));
#2129=AXIS2_PLACEMENT_3D('',#4750,#4751,#4752);
#2130=EDGE_LOOP('',(#4753,#4754,#4755,#4756));
#2131=AXIS2_PLACEMENT_3D('',#4757,#4758,#4759);
#2132=EDGE_LOOP('',(#4760,#4761,#4762,#4763));
#2133=AXIS2_PLACEMENT_3D('',#4764,#4765,#4766);
#2134=EDGE_LOOP('',(#4767,#4768,#4769,#4770));
#2135=AXIS2_PLACEMENT_3D('',#4771,#4772,#4773);
#2136=EDGE_LOOP('',(#4774,#4775,#4776,#4777));
#2137=AXIS2_PLACEMENT_3D('',#4778,#4779,#4780);
#2138=EDGE_LOOP('',(#4781,#4782,#4783,#4784));
#2139=AXIS2_PLACEMENT_3D('',#4785,#4786,#4787);
#2140=EDGE_LOOP('',(#4788,#4789,#4790,#4791));
#2141=AXIS2_PLACEMENT_3D('',#4792,#4793,#4794);
#2142=EDGE_LOOP('',(#4795,#4796,#4797,#4798));
#2143=AXIS2_PLACEMENT_3D('',#4799,#4800,#4801);
#2144=EDGE_LOOP('',(#4802,#4803,#4804,#4805));
#2145=AXIS2_PLACEMENT_3D('',#4806,#4807,#4808);
#2146=EDGE_LOOP('',(#4809,#4810,#4811,#4812));
#2147=AXIS2_PLACEMENT_3D('',#4813,#4814,#4815);
#2148=EDGE_LOOP('',(#4816,#4817,#4818,#4819));
#2149=AXIS2_PLACEMENT_3D('',#4820,#4821,#4822);
#2150=EDGE_LOOP('',(#4823,#4824,#4825,#4826));
#2151=AXIS2_PLACEMENT_3D('',#4827,#4828,#4829);
#2152=EDGE_LOOP('',(#4830,#4831,#4832,#4833));
#2153=AXIS2_PLACEMENT_3D('',#4834,#4835,#4836);
#2154=EDGE_LOOP('',(#4837,#4838,#4839,#4840));
#2155=AXIS2_PLACEMENT_3D('',#4841,#4842,#4843);
#2156=EDGE_LOOP('',(#4844,#4845,#4846,#4847));
#2157=AXIS2_PLACEMENT_3D('',#4848,#4849,#4850);
#2158=EDGE_LOOP('',(#4851,#4852,#4853,#4854));
#2159=AXIS2_PLACEMENT_3D('',#4855,#4856,#4857);
#2160=EDGE_LOOP('',(#4858,#4859,#4860,#4861));
#2161=AXIS2_PLACEMENT_3D('',#4862,#4863,#4864);
#2162=EDGE_LOOP('',(#4865,#4866,#4867,#4868));
#2163=AXIS2_PLACEMENT_3D('',#4869,#4870,#4871);
#2164=EDGE_LOOP('',(#4872,#4873,#4874,#4875));
#2165=AXIS2_PLACEMENT_3D('',#4876,#4877,#4878);
#2166=EDGE_LOOP('',(#4879,#4880,#4881,#4882));
#2167=AXIS2_PLACEMENT_3D('',#4883,#4884,#4885);
#2168=EDGE_LOOP('',(#4886,#4887,#4888,#4889));
#2169=AXIS2_PLACEMENT_3D('',#4890,#4891,#4892);
#2170=EDGE_LOOP('',(#4893,#4894,#4895,#4896));
#2171=AXIS2_PLACEMENT_3D('',#4897,#4898,#4899);
#2172=EDGE_LOOP('',(#4900,#4901,#4902,#4903));
#2173=AXIS2_PLACEMENT_3D('',#4904,#4905,#4906);
#2174=EDGE_LOOP('',(#4907,#4908,#4909,#4910));
#2175=AXIS2_PLACEMENT_3D('',#4911,#4912,#4913);
#2176=EDGE_LOOP('',(#4914,#4915,#4916,#4917));
#2177=AXIS2_PLACEMENT_3D('',#4918,#4919,#4920);
#2178=EDGE_LOOP('',(#4921,#4922,#4923,#4924));
#2179=AXIS2_PLACEMENT_3D('',#4925,#4926,#4927);
#2180=EDGE_LOOP('',(#4928,#4929,#4930,#4931));
#2181=AXIS2_PLACEMENT_3D('',#4932,#4933,#4934);
#2182=EDGE_LOOP('',(#4935,#4936,#4937,#4938));
#2183=AXIS2_PLACEMENT_3D('',#4939,#4940,#4941);
#2184=EDGE_LOOP('',(#4942,#4943,#4944,#4945));
#2185=AXIS2_PLACEMENT_3D('',#4946,#4947,#4948);
#2186=EDGE_LOOP('',(#4949,#4950,#4951,#4952));
#2187=AXIS2_PLACEMENT_3D('',#4953,#4954,#4955);
#2188=EDGE_LOOP('',(#4956,#4957,#4958,#4959));
#2189=AXIS2_PLACEMENT_3D('',#4960,#4961,#4962);
#2190=EDGE_LOOP('',(#4963,#4964,#4965,#4966));
#2191=AXIS2_PLACEMENT_3D('',#4967,#4968,#4969);
#2192=EDGE_LOOP('',(#4970,#4971,#4972,#4973));
#2193=AXIS2_PLACEMENT_3D('',#4974,#4975,#4976);
#2194=EDGE_LOOP('',(#4977,#4978,#4979,#4980));
#2195=AXIS2_PLACEMENT_3D('',#4981,#4982,#4983);
#2196=EDGE_LOOP('',(#4984,#4985,#4986,#4987));
#2197=AXIS2_PLACEMENT_3D('',#4988,#4989,#4990);
#2198=EDGE_LOOP('',(#4991,#4992,#4993,#4994));
#2199=AXIS2_PLACEMENT_3D('',#4995,#4996,#4997);
#2200=EDGE_LOOP('',(#4998,#4999,#5000,#5001));
#2201=AXIS2_PLACEMENT_3D('',#5002,#5003,#5004);
#2202=EDGE_LOOP('',(#5005,#5006,#5007,#5008));
#2203=AXIS2_PLACEMENT_3D('',#5009,#5010,#5011);
#2204=EDGE_LOOP('',(#5012,#5013,#5014,#5015));
#2205=AXIS2_PLACEMENT_3D('',#5016,#5017,#5018);
#2206=EDGE_LOOP('',(#5019,#5020,#5021,#5022));
#2207=AXIS2_PLACEMENT_3D('',#5023,#5024,#5025);
#2208=EDGE_LOOP('',(#5026,#5027,#5028,#5029));
#2209=AXIS2_PLACEMENT_3D('',#5030,#5031,#5032);
#2210=EDGE_LOOP('',(#5033,#5034,#5035,#5036));
#2211=AXIS2_PLACEMENT_3D('',#5037,#5038,#5039);
#2212=EDGE_LOOP('',(#5040,#5041,#5042,#5043));
#2213=AXIS2_PLACEMENT_3D('',#5044,#5045,#5046);
#2214=EDGE_LOOP('',(#5047,#5048,#5049,#5050));
#2215=AXIS2_PLACEMENT_3D('',#5051,#5052,#5053);
#2216=EDGE_LOOP('',(#5054,#5055,#5056,#5057));
#2217=AXIS2_PLACEMENT_3D('',#5058,#5059,#5060);
#2218=EDGE_LOOP('',(#5061,#5062,#5063,#5064));
#2219=AXIS2_PLACEMENT_3D('',#5065,#5066,#5067);
#2220=EDGE_LOOP('',(#5068,#5069,#5070,#5071));
#2221=AXIS2_PLACEMENT_3D('',#5072,#5073,#5074);
#2222=EDGE_LOOP('',(#5075,#5076,#5077,#5078));
#2223=AXIS2_PLACEMENT_3D('',#5079,#5080,#5081);
#2224=EDGE_LOOP('',(#5082,#5083,#5084,#5085));
#2225=AXIS2_PLACEMENT_3D('',#5086,#5087,#5088);
#2226=EDGE_LOOP('',(#5089,#5090,#5091,#5092));
#2227=AXIS2_PLACEMENT_3D('',#5093,#5094,#5095);
#2228=EDGE_LOOP('',(#5096,#5097,#5098,#5099));
#2229=AXIS2_PLACEMENT_3D('',#5100,#5101,#5102);
#2230=EDGE_LOOP('',(#5103,#5104,#5105,#5106));
#2231=AXIS2_PLACEMENT_3D('',#5107,#5108,#5109);
#2232=EDGE_LOOP('',(#5110,#5111,#5112,#5113));
#2233=AXIS2_PLACEMENT_3D('',#5114,#5115,#5116);
#2234=EDGE_LOOP('',(#5117,#5118,#5119,#5120));
#2235=AXIS2_PLACEMENT_3D('',#5121,#5122,#5123);
#2236=EDGE_LOOP('',(#5124,#5125,#5126,#5127));
#2237=AXIS2_PLACEMENT_3D('',#5128,#5129,#5130);
#2238=EDGE_LOOP('',(#5131,#5132,#5133,#5134));
#2239=AXIS2_PLACEMENT_3D('',#5135,#5136,#5137);
#2240=EDGE_LOOP('',(#5138,#5139,#5140,#5141));
#2241=AXIS2_PLACEMENT_3D('',#5142,#5143,#5144);
#2242=EDGE_LOOP('',(#5145,#5146,#5147,#5148));
#2243=AXIS2_PLACEMENT_3D('',#5149,#5150,#5151);
#2244=EDGE_LOOP('',(#5152,#5153,#5154,#5155));
#2245=AXIS2_PLACEMENT_3D('',#5156,#5157,#5158);
#2246=EDGE_LOOP('',(#5159,#5160,#5161,#5162));
#2247=AXIS2_PLACEMENT_3D('',#5163,#5164,#5165);
#2248=EDGE_LOOP('',(#5166,#5167,#5168,#5169));
#2249=AXIS2_PLACEMENT_3D('',#5170,#5171,#5172);
#2250=EDGE_LOOP('',(#5173,#5174,#5175,#5176));
#2251=AXIS2_PLACEMENT_3D('',#5177,#5178,#5179);
#2252=EDGE_LOOP('',(#5180,#5181,#5182,#5183));
#2253=AXIS2_PLACEMENT_3D('',#5184,#5185,#5186);
#2254=EDGE_LOOP('',(#5187,#5188,#5189,#5190));
#2255=AXIS2_PLACEMENT_3D('',#5191,#5192,#5193);
#2256=EDGE_LOOP('',(#5194,#5195,#5196,#5197));
#2257=AXIS2_PLACEMENT_3D('',#5198,#5199,#5200);
#2258=EDGE_LOOP('',(#5201,#5202,#5203,#5204));
#2259=AXIS2_PLACEMENT_3D('',#5205,#5206,#5207);
#2260=EDGE_LOOP('',(#5208,#5209,#5210,#5211));
#2261=AXIS2_PLACEMENT_3D('',#5212,#5213,#5214);
#2262=EDGE_LOOP('',(#5215,#5216,#5217,#5218));
#2263=AXIS2_PLACEMENT_3D('',#5219,#5220,#5221);
#2264=EDGE_LOOP('',(#5222,#5223,#5224,#5225));
#2265=AXIS2_PLACEMENT_3D('',#5226,#5227,#5228);
#2266=EDGE_LOOP('',(#5229,#5230,#5231,#5232));
#2267=AXIS2_PLACEMENT_3D('',#5233,#5234,#5235);
#2268=EDGE_LOOP('',(#5236,#5237,#5238,#5239));
#2269=AXIS2_PLACEMENT_3D('',#5240,#5241,#5242);
#2270=EDGE_LOOP('',(#5243,#5244,#5245,#5246));
#2271=AXIS2_PLACEMENT_3D('',#5247,#5248,#5249);
#2272=EDGE_LOOP('',(#5250,#5251,#5252,#5253));
#2273=AXIS2_PLACEMENT_3D('',#5254,#5255,#5256);
#2274=EDGE_LOOP('',(#5257,#5258,#5259,#5260));
#2275=AXIS2_PLACEMENT_3D('',#5261,#5262,#5263);
#2276=EDGE_LOOP('',(#5264,#5265,#5266,#5267));
#2277=AXIS2_PLACEMENT_3D('',#5268,#5269,#5270);
#2278=EDGE_LOOP('',(#5271,#5272,#5273,#5274));
#2279=AXIS2_PLACEMENT_3D('',#5275,#5276,#5277);
#2280=EDGE_LOOP('',(#5278,#5279,#5280,#5281));
#2281=AXIS2_PLACEMENT_3D('',#5282,#5283,#5284);
#2282=EDGE_LOOP('',(#5285,#5286,#5287,#5288));
#2283=AXIS2_PLACEMENT_3D('',#5289,#5290,#5291);
#2284=EDGE_LOOP('',(#5292,#5293,#5294,#5295));
#2285=AXIS2_PLACEMENT_3D('',#5296,#5297,#5298);
#2286=EDGE_LOOP('',(#5299,#5300,#5301,#5302));
#2287=AXIS2_PLACEMENT_3D('',#5303,#5304,#5305);
#2288=EDGE_LOOP('',(#5306,#5307,#5308,#5309));
#2289=AXIS2_PLACEMENT_3D('',#5310,#5311,#5312);
#2290=EDGE_LOOP('',(#5313,#5314,#5315,#5316));
#2291=AXIS2_PLACEMENT_3D('',#5317,#5318,#5319);
#2292=EDGE_LOOP('',(#5320,#5321,#5322,#5323));
#2293=AXIS2_PLACEMENT_3D('',#5324,#5325,#5326);
#2294=EDGE_LOOP('',(#5327,#5328,#5329,#5330));
#2295=AXIS2_PLACEMENT_3D('',#5331,#5332,#5333);
#2296=EDGE_LOOP('',(#5334,#5335,#5336,#5337));
#2297=AXIS2_PLACEMENT_3D('',#5338,#5339,#5340);
#2298=EDGE_LOOP('',(#5341,#5342,#5343,#5344));
#2299=AXIS2_PLACEMENT_3D('',#5345,#5346,#5347);
#2300=EDGE_LOOP('',(#5348,#5349,#5350,#5351));
#2301=AXIS2_PLACEMENT_3D('',#5352,#5353,#5354);
#2302=EDGE_LOOP('',(#5355,#5356,#5357,#5358));
#2303=AXIS2_PLACEMENT_3D('',#5359,#5360,#5361);
#2304=EDGE_LOOP('',(#5362,#5363,#5364,#5365));
#2305=AXIS2_PLACEMENT_3D('',#5366,#5367,#5368);
#2306=EDGE_LOOP('',(#5369,#5370,#5371,#5372));
#2307=AXIS2_PLACEMENT_3D('',#5373,#5374,#5375);
#2308=EDGE_LOOP('',(#5376,#5377,#5378,#5379));
#2309=AXIS2_PLACEMENT_3D('',#5380,#5381,#5382);
#2310=EDGE_LOOP('',(#5383,#5384,#5385,#5386));
#2311=AXIS2_PLACEMENT_3D('',#5387,#5388,#5389);
#2312=EDGE_LOOP('',(#5390,#5391,#5392,#5393));
#2313=AXIS2_PLACEMENT_3D('',#5394,#5395,#5396);
#2314=EDGE_LOOP('',(#5397,#5398,#5399,#5400));
#2315=AXIS2_PLACEMENT_3D('',#5401,#5402,#5403);
#2316=EDGE_LOOP('',(#5404,#5405,#5406,#5407));
#2317=AXIS2_PLACEMENT_3D('',#5408,#5409,#5410);
#2318=EDGE_LOOP('',(#5411,#5412,#5413,#5414));
#2319=AXIS2_PLACEMENT_3D('',#5415,#5416,#5417);
#2320=EDGE_LOOP('',(#5418,#5419,#5420,#5421));
#2321=AXIS2_PLACEMENT_3D('',#5422,#5423,#5424);
#2322=EDGE_LOOP('',(#5425,#5426,#5427,#5428));
#2323=AXIS2_PLACEMENT_3D('',#5429,#5430,#5431);
#2324=EDGE_LOOP('',(#5432,#5433,#5434,#5435));
#2325=AXIS2_PLACEMENT_3D('',#5436,#5437,#5438);
#2326=EDGE_LOOP('',(#5439,#5440,#5441,#5442));
#2327=AXIS2_PLACEMENT_3D('',#5443,#5444,#5445);
#2328=EDGE_LOOP('',(#5446,#5447,#5448,#5449));
#2329=AXIS2_PLACEMENT_3D('',#5450,#5451,#5452);
#2330=EDGE_LOOP('',(#5453,#5454,#5455,#5456));
#2331=AXIS2_PLACEMENT_3D('',#5457,#5458,#5459);
#2332=EDGE_LOOP('',(#5460,#5461,#5462,#5463));
#2333=AXIS2_PLACEMENT_3D('',#5464,#5465,#5466);
#2334=EDGE_LOOP('',(#5467,#5468,#5469,#5470));
#2335=AXIS2_PLACEMENT_3D('',#5471,#5472,#5473);
#2336=EDGE_LOOP('',(#5474,#5475,#5476,#5477));
#2337=AXIS2_PLACEMENT_3D('',#5478,#5479,#5480);
#2338=EDGE_LOOP('',(#5481,#5482,#5483,#5484));
#2339=AXIS2_PLACEMENT_3D('',#5485,#5486,#5487);
#2340=EDGE_LOOP('',(#5488,#5489,#5490,#5491));
#2341=AXIS2_PLACEMENT_3D('',#5492,#5493,#5494);
#2342=EDGE_LOOP('',(#5495,#5496,#5497,#5498));
#2343=AXIS2_PLACEMENT_3D('',#5499,#5500,#5501);
#2344=EDGE_LOOP('',(#5502,#5503,#5504,#5505));
#2345=AXIS2_PLACEMENT_3D('',#5506,#5507,#5508);
#2346=EDGE_LOOP('',(#5509,#5510,#5511,#5512));
#2347=AXIS2_PLACEMENT_3D('',#5513,#5514,#5515);
#2348=EDGE_LOOP('',(#5516,#5517,#5518,#5519));
#2349=AXIS2_PLACEMENT_3D('',#5520,#5521,#5522);
#2350=EDGE_LOOP('',(#5523,#5524,#5525,#5526));
#2351=AXIS2_PLACEMENT_3D('',#5527,#5528,#5529);
#2352=EDGE_LOOP('',(#5530,#5531,#5532,#5533));
#2353=AXIS2_PLACEMENT_3D('',#5534,#5535,#5536);
#2354=EDGE_LOOP('',(#5537,#5538,#5539,#5540));
#2355=AXIS2_PLACEMENT_3D('',#5541,#5542,#5543);
#2356=EDGE_LOOP('',(#5544,#5545,#5546,#5547));
#2357=AXIS2_PLACEMENT_3D('',#5548,#5549,#5550);
#2358=EDGE_LOOP('',(#5551,#5552,#5553,#5554));
#2359=AXIS2_PLACEMENT_3D('',#5555,#5556,#5557);
#2360=EDGE_LOOP('',(#5558,#5559,#5560,#5561));
#2361=AXIS2_PLACEMENT_3D('',#5562,#5563,#5564);
#2362=EDGE_LOOP('',(#5565,#5566,#5567,#5568));
#2363=AXIS2_PLACEMENT_3D('',#5569,#5570,#5571);
#2364=EDGE_LOOP('',(#5572,#5573,#5574,#5575));
#2365=AXIS2_PLACEMENT_3D('',#5576,#5577,#5578);
#2366=EDGE_LOOP('',(#5579,#5580,#5581,#5582));
#2367=AXIS2_PLACEMENT_3D('',#5583,#5584,#5585);
#2368=EDGE_LOOP('',(#5586,#5587,#5588,#5589));
#2369=AXIS2_PLACEMENT_3D('',#5590,#5591,#5592);
#2370=EDGE_LOOP('',(#5593,#5594,#5595,#5596));
#2371=AXIS2_PLACEMENT_3D('',#5597,#5598,#5599);
#2372=EDGE_LOOP('',(#5600,#5601,#5602,#5603));
#2373=AXIS2_PLACEMENT_3D('',#5604,#5605,#5606);
#2374=EDGE_LOOP('',(#5607,#5608,#5609,#5610));
#2375=AXIS2_PLACEMENT_3D('',#5611,#5612,#5613);
#2376=EDGE_LOOP('',(#5614,#5615,#5616,#5617));
#2377=AXIS2_PLACEMENT_3D('',#5618,#5619,#5620);
#2378=EDGE_LOOP('',(#5621,#5622,#5623,#5624));
#2379=AXIS2_PLACEMENT_3D('',#5625,#5626,#5627);
#2380=EDGE_LOOP('',(#5628,#5629,#5630,#5631));
#2381=AXIS2_PLACEMENT_3D('',#5632,#5633,#5634);
#2382=EDGE_LOOP('',(#5635,#5636,#5637,#5638));
#2383=AXIS2_PLACEMENT_3D('',#5639,#5640,#5641);
#2384=EDGE_LOOP('',(#5642,#5643,#5644,#5645));
#2385=AXIS2_PLACEMENT_3D('',#5646,#5647,#5648);
#2386=EDGE_LOOP('',(#5649,#5650,#5651,#5652));
#2387=AXIS2_PLACEMENT_3D('',#5653,#5654,#5655);
#2388=EDGE_LOOP('',(#5656,#5657,#5658,#5659));
#2389=AXIS2_PLACEMENT_3D('',#5660,#5661,#5662);
#2390=EDGE_LOOP('',(#5663,#5664,#5665,#5666));
#2391=AXIS2_PLACEMENT_3D('',#5667,#5668,#5669);
#2392=EDGE_LOOP('',(#5670,#5671,#5672,#5673));
#2393=AXIS2_PLACEMENT_3D('',#5674,#5675,#5676);
#2394=EDGE_LOOP('',(#5677,#5678,#5679,#5680));
#2395=AXIS2_PLACEMENT_3D('',#5681,#5682,#5683);
#2396=EDGE_LOOP('',(#5684,#5685,#5686,#5687));
#2397=AXIS2_PLACEMENT_3D('',#5688,#5689,#5690);
#2398=EDGE_LOOP('',(#5691,#5692,#5693,#5694));
#2399=AXIS2_PLACEMENT_3D('',#5695,#5696,#5697);
#2400=EDGE_LOOP('',(#5698,#5699,#5700,#5701));
#2401=AXIS2_PLACEMENT_3D('',#5702,#5703,#5704);
#2402=EDGE_LOOP('',(#5705,#5706,#5707,#5708));
#2403=AXIS2_PLACEMENT_3D('',#5709,#5710,#5711);
#2404=EDGE_LOOP('',(#5712,#5713,#5714,#5715));
#2405=AXIS2_PLACEMENT_3D('',#5716,#5717,#5718);
#2406=EDGE_LOOP('',(#5719,#5720,#5721,#5722));
#2407=AXIS2_PLACEMENT_3D('',#5723,#5724,#5725);
#2408=EDGE_LOOP('',(#5726,#5727,#5728,#5729));
#2409=AXIS2_PLACEMENT_3D('',#5730,#5731,#5732);
#2410=EDGE_LOOP('',(#5733,#5734,#5735,#5736));
#2411=AXIS2_PLACEMENT_3D('',#5737,#5738,#5739);
#2412=EDGE_LOOP('',(#5740,#5741,#5742,#5743));
#2413=AXIS2_PLACEMENT_3D('',#5744,#5745,#5746);
#2414=EDGE_LOOP('',(#5747,#5748,#5749,#5750));
#2415=AXIS2_PLACEMENT_3D('',#5751,#5752,#5753);
#2416=EDGE_LOOP('',(#5754,#5755,#5756,#5757));
#2417=AXIS2_PLACEMENT_3D('',#5758,#5759,#5760);
#2418=EDGE_LOOP('',(#5761,#5762,#5763,#5764));
#2419=AXIS2_PLACEMENT_3D('',#5765,#5766,#5767);
#2420=EDGE_LOOP('',(#5768,#5769,#5770,#5771));
#2421=AXIS2_PLACEMENT_3D('',#5772,#5773,#5774);
#2422=EDGE_LOOP('',(#5775,#5776,#5777,#5778));
#2423=AXIS2_PLACEMENT_3D('',#5779,#5780,#5781);
#2424=EDGE_LOOP('',(#5782,#5783,#5784,#5785));
#2425=AXIS2_PLACEMENT_3D('',#5786,#5787,#5788);
#2426=EDGE_LOOP('',(#5789,#5790,#5791,#5792));
#2427=AXIS2_PLACEMENT_3D('',#5793,#5794,#5795);
#2428=EDGE_LOOP('',(#5796,#5797,#5798,#5799));
#2429=AXIS2_PLACEMENT_3D('',#5800,#5801,#5802);
#2430=EDGE_LOOP('',(#5803,#5804,#5805,#5806));
#2431=AXIS2_PLACEMENT_3D('',#5807,#5808,#5809);
#2432=EDGE_LOOP('',(#5810,#5811,#5812,#5813));
#2433=AXIS2_PLACEMENT_3D('',#5814,#5815,#5816);
#2434=EDGE_LOOP('',(#5817,#5818,#5819,#5820));
#2435=AXIS2_PLACEMENT_3D('',#5821,#5822,#5823);
#2436=EDGE_LOOP('',(#5824,#5825,#5826,#5827));
#2437=AXIS2_PLACEMENT_3D('',#5828,#5829,#5830);
#2438=EDGE_LOOP('',(#5831,#5832,#5833,#5834));
#2439=AXIS2_PLACEMENT_3D('',#5835,#5836,#5837);
#2440=EDGE_LOOP('',(#5838,#5839,#5840,#5841));
#2441=AXIS2_PLACEMENT_3D('',#5842,#5843,#5844);
#2442=EDGE_LOOP('',(#5845,#5846,#5847,#5848));
#2443=AXIS2_PLACEMENT_3D('',#5849,#5850,#5851);
#2444=EDGE_LOOP('',(#5852,#5853,#5854,#5855));
#2445=AXIS2_PLACEMENT_3D('',#5856,#5857,#5858);
#2446=EDGE_LOOP('',(#5859,#5860,#5861,#5862));
#2447=AXIS2_PLACEMENT_3D('',#5863,#5864,#5865);
#2448=EDGE_LOOP('',(#5866,#5867,#5868,#5869));
#2449=AXIS2_PLACEMENT_3D('',#5870,#5871,#5872);
#2450=EDGE_LOOP('',(#5873,#5874,#5875,#5876));
#2451=AXIS2_PLACEMENT_3D('',#5877,#5878,#5879);
#2452=EDGE_LOOP('',(#5880,#5881,#5882,#5883));
#2453=AXIS2_PLACEMENT_3D('',#5884,#5885,#5886);
#2454=EDGE_LOOP('',(#5887,#5888,#5889,#5890));
#2455=AXIS2_PLACEMENT_3D('',#5891,#5892,#5893);
#2456=EDGE_LOOP('',(#5894,#5895,#5896,#5897));
#2457=AXIS2_PLACEMENT_3D('',#5898,#5899,#5900);
#2458=EDGE_LOOP('',(#5901,#5902,#5903,#5904));
#2459=AXIS2_PLACEMENT_3D('',#5905,#5906,#5907);
#2460=EDGE_LOOP('',(#5908,#5909,#5910,#5911));
#2461=AXIS2_PLACEMENT_3D('',#5912,#5913,#5914);
#2462=EDGE_LOOP('',(#5915,#5916,#5917,#5918));
#2463=AXIS2_PLACEMENT_3D('',#5919,#5920,#5921);
#2464=EDGE_LOOP('',(#5922,#5923,#5924,#5925));
#2465=AXIS2_PLACEMENT_3D('',#5926,#5927,#5928);
#2466=EDGE_LOOP('',(#5929,#5930,#5931,#5932));
#2467=AXIS2_PLACEMENT_3D('',#5933,#5934,#5935);
#2468=EDGE_LOOP('',(#5936,#5937,#5938,#5939));
#2469=AXIS2_PLACEMENT_3D('',#5940,#5941,#5942);
#2470=EDGE_LOOP('',(#5943,#5944,#5945,#5946));
#2471=AXIS2_PLACEMENT_3D('',#5947,#5948,#5949);
#2472=EDGE_LOOP('',(#5950,#5951,#5952,#5953));
#2473=AXIS2_PLACEMENT_3D('',#5954,#5955,#5956);
#2474=EDGE_LOOP('',(#5957,#5958,#5959,#5960));
#2475=AXIS2_PLACEMENT_3D('',#5961,#5962,#5963);
#2476=EDGE_LOOP('',(#5964,#5965,#5966,#5967));
#2477=AXIS2_PLACEMENT_3D('',#5968,#5969,#5970);
#2478=EDGE_LOOP('',(#5971,#5972,#5973,#5974));
#2479=AXIS2_PLACEMENT_3D('',#5975,#5976,#5977);
#2480=EDGE_LOOP('',(#5978,#5979,#5980,#5981));
#2481=AXIS2_PLACEMENT_3D('',#5982,#5983,#5984);
#2482=EDGE_LOOP('',(#5985,#5986,#5987,#5988));
#2483=AXIS2_PLACEMENT_3D('',#5989,#5990,#5991);
#2484=EDGE_LOOP('',(#5992,#5993,#5994,#5995));
#2485=AXIS2_PLACEMENT_3D('',#5996,#5997,#5998);
#2486=EDGE_LOOP('',(#5999,#6000,#6001,#6002));
#2487=AXIS2_PLACEMENT_3D('',#6003,#6004,#6005);
#2488=EDGE_LOOP('',(#6006,#6007,#6008,#6009));
#2489=AXIS2_PLACEMENT_3D('',#6010,#6011,#6012);
#2490=EDGE_LOOP('',(#6013,#6014,#6015,#6016));
#2491=AXIS2_PLACEMENT_3D('',#6017,#6018,#6019);
#2492=EDGE_LOOP('',(#6020,#6021,#6022,#6023));
#2493=AXIS2_PLACEMENT_3D('',#6024,#6025,#6026);
#2494=EDGE_LOOP('',(#6027,#6028,#6029,#6030));
#2495=AXIS2_PLACEMENT_3D('',#6031,#6032,#6033);
#2496=EDGE_LOOP('',(#6034,#6035,#6036,#6037));
#2497=AXIS2_PLACEMENT_3D('',#6038,#6039,#6040);
#2498=EDGE_LOOP('',(#6041,#6042,#6043,#6044));
#2499=AXIS2_PLACEMENT_3D('',#6045,#6046,#6047);
#2500=EDGE_LOOP('',(#6048,#6049,#6050,#6051));
#2501=AXIS2_PLACEMENT_3D('',#6052,#6053,#6054);
#2502=EDGE_LOOP('',(#6055,#6056,#6057,#6058));
#2503=AXIS2_PLACEMENT_3D('',#6059,#6060,#6061);
#2504=EDGE_LOOP('',(#6062,#6063,#6064,#6065));
#2505=AXIS2_PLACEMENT_3D('',#6066,#6067,#6068);
#2506=EDGE_LOOP('',(#6069,#6070,#6071,#6072));
#2507=AXIS2_PLACEMENT_3D('',#6073,#6074,#6075);
#2508=EDGE_LOOP('',(#6076,#6077,#6078,#6079));
#2509=AXIS2_PLACEMENT_3D('',#6080,#6081,#6082);
#2510=EDGE_LOOP('',(#6083,#6084,#6085,#6086));
#2511=AXIS2_PLACEMENT_3D('',#6087,#6088,#6089);
#2512=EDGE_LOOP('',(#6090,#6091,#6092,#6093));
#2513=AXIS2_PLACEMENT_3D('',#6094,#6095,#6096);
#2514=EDGE_LOOP('',(#6097,#6098,#6099,#6100));
#2515=AXIS2_PLACEMENT_3D('',#6101,#6102,#6103);
#2516=EDGE_LOOP('',(#6104,#6105,#6106,#6107));
#2517=AXIS2_PLACEMENT_3D('',#6108,#6109,#6110);
#2518=EDGE_LOOP('',(#6111,#6112,#6113,#6114));
#2519=AXIS2_PLACEMENT_3D('',#6115,#6116,#6117);
#2520=EDGE_LOOP('',(#6118,#6119,#6120,#6121));
#2521=AXIS2_PLACEMENT_3D('',#6122,#6123,#6124);
#2522=EDGE_LOOP('',(#6125,#6126,#6127,#6128));
#2523=AXIS2_PLACEMENT_3D('',#6129,#6130,#6131);
#2524=EDGE_LOOP('',(#6132,#6133,#6134,#6135));
#2525=AXIS2_PLACEMENT_3D('',#6136,#6137,#6138);
#2526=EDGE_LOOP('',(#6139,#6140,#6141,#6142));
#2527=AXIS2_PLACEMENT_3D('',#6143,#6144,#6145);
#2528=EDGE_LOOP('',(#6146,#6147,#6148,#6149));
#2529=AXIS2_PLACEMENT_3D('',#6150,#6151,#6152);
#2530=EDGE_LOOP('',(#6153,#6154,#6155,#6156));
#2531=AXIS2_PLACEMENT_3D('',#6157,#6158,#6159);
#2532=EDGE_LOOP('',(#6160,#6161,#6162,#6163));
#2533=AXIS2_PLACEMENT_3D('',#6164,#6165,#6166);
#2534=EDGE_LOOP('',(#6167,#6168,#6169,#6170));
#2535=AXIS2_PLACEMENT_3D('',#6171,#6172,#6173);
#2536=EDGE_LOOP('',(#6174,#6175,#6176,#6177));
#2537=AXIS2_PLACEMENT_3D('',#6178,#6179,#6180);
#2538=EDGE_LOOP('',(#6181,#6182,#6183,#6184));
#2539=AXIS2_PLACEMENT_3D('',#6185,#6186,#6187);
#2540=EDGE_LOOP('',(#6188,#6189,#6190,#6191));
#2541=AXIS2_PLACEMENT_3D('',#6192,#6193,#6194);
#2542=EDGE_LOOP('',(#6195,#6196,#6197,#6198));
#2543=AXIS2_PLACEMENT_3D('',#6199,#6200,#6201);
#2544=EDGE_LOOP('',(#6202,#6203,#6204,#6205));
#2545=AXIS2_PLACEMENT_3D('',#6206,#6207,#6208);
#2546=EDGE_LOOP('',(#6209,#6210,#6211,#6212));
#2547=AXIS2_PLACEMENT_3D('',#6213,#6214,#6215);
#2548=EDGE_LOOP('',(#6216,#6217,#6218,#6219));
#2549=AXIS2_PLACEMENT_3D('',#6220,#6221,#6222);
#2550=EDGE_LOOP('',(#6223,#6224,#6225,#6226));
#2551=AXIS2_PLACEMENT_3D('',#6227,#6228,#6229);
#2552=EDGE_LOOP('',(#6230,#6231,#6232,#6233));
#2553=AXIS2_PLACEMENT_3D('',#6234,#6235,#6236);
#2554=EDGE_LOOP('',(#6237,#6238,#6239,#6240));
#2555=AXIS2_PLACEMENT_3D('',#6241,#6242,#6243);
#2556=EDGE_LOOP('',(#6244,#6245,#6246,#6247));
#2557=AXIS2_PLACEMENT_3D('',#6248,#6249,#6250);
#2558=EDGE_LOOP('',(#6251,#6252,#6253,#6254));
#2559=AXIS2_PLACEMENT_3D('',#6255,#6256,#6257);
#2560=EDGE_LOOP('',(#6258,#6259,#6260,#6261));
#2561=AXIS2_PLACEMENT_3D('',#6262,#6263,#6264);
#2562=EDGE_LOOP('',(#6265,#6266,#6267,#6268));
#2563=AXIS2_PLACEMENT_3D('',#6269,#6270,#6271);
#2564=EDGE_LOOP('',(#6272,#6273,#6274,#6275));
#2565=AXIS2_PLACEMENT_3D('',#6276,#6277,#6278);
#2566=EDGE_LOOP('',(#6279,#6280,#6281,#6282));
#2567=AXIS2_PLACEMENT_3D('',#6283,#6284,#6285);
#2568=EDGE_LOOP('',(#6286,#6287,#6288,#6289));
#2569=AXIS2_PLACEMENT_3D('',#6290,#6291,#6292);
#2570=EDGE_LOOP('',(#6293,#6294,#6295,#6296));
#2571=AXIS2_PLACEMENT_3D('',#6297,#6298,#6299);
#2572=EDGE_LOOP('',(#6300,#6301,#6302,#6303));
#2573=AXIS2_PLACEMENT_3D('',#6304,#6305,#6306);
#2574=EDGE_LOOP('',(#6307,#6308,#6309,#6310));
#2575=AXIS2_PLACEMENT_3D('',#6311,#6312,#6313);
#2576=EDGE_LOOP('',(#6314,#6315,#6316,#6317));
#2577=AXIS2_PLACEMENT_3D('',#6318,#6319,#6320);
#2578=EDGE_LOOP('',(#6321,#6322,#6323,#6324));
#2579=AXIS2_PLACEMENT_3D('',#6325,#6326,#6327);
#2580=EDGE_LOOP('',(#6328,#6329,#6330,#6331));
#2581=AXIS2_PLACEMENT_3D('',#6332,#6333,#6334);
#2582=EDGE_LOOP('',(#6335,#6336,#6337,#6338));
#2583=AXIS2_PLACEMENT_3D('',#6339,#6340,#6341);
#2584=EDGE_LOOP('',(#6342,#6343,#6344,#6345));
#2585=AXIS2_PLACEMENT_3D('',#6346,#6347,#6348);
#2586=EDGE_LOOP('',(#6349,#6350,#6351,#6352));
#2587=AXIS2_PLACEMENT_3D('',#6353,#6354,#6355);
#2588=EDGE_LOOP('',(#6356,#6357,#6358,#6359));
#2589=AXIS2_PLACEMENT_3D('',#6360,#6361,#6362);
#2590=EDGE_LOOP('',(#6363,#6364,#6365,#6366));
#2591=AXIS2_PLACEMENT_3D('',#6367,#6368,#6369);
#2592=EDGE_LOOP('',(#6370,#6371,#6372,#6373));
#2593=AXIS2_PLACEMENT_3D('',#6374,#6375,#6376);
#2594=EDGE_LOOP('',(#6377,#6378,#6379,#6380));
#2595=AXIS2_PLACEMENT_3D('',#6381,#6382,#6383);
#2596=EDGE_LOOP('',(#6384,#6385,#6386,#6387));
#2597=AXIS2_PLACEMENT_3D('',#6388,#6389,#6390);
#2598=EDGE_LOOP('',(#6391,#6392,#6393,#6394));
#2599=AXIS2_PLACEMENT_3D('',#6395,#6396,#6397);
#2600=EDGE_LOOP('',(#6398,#6399,#6400,#6401));
#2601=AXIS2_PLACEMENT_3D('',#6402,#6403,#6404);
#2602=EDGE_LOOP('',(#6405,#6406,#6407,#6408));
#2603=AXIS2_PLACEMENT_3D('',#6409,#6410,#6411);
#2604=EDGE_LOOP('',(#6412,#6413,#6414,#6415));
#2605=AXIS2_PLACEMENT_3D('',#6416,#6417,#6418);
#2606=EDGE_LOOP('',(#6419,#6420,#6421,#6422));
#2607=AXIS2_PLACEMENT_3D('',#6423,#6424,#6425);
#2608=EDGE_LOOP('',(#6426,#6427,#6428,#6429));
#2609=AXIS2_PLACEMENT_3D('',#6430,#6431,#6432);
#2610=EDGE_LOOP('',(#6433,#6434,#6435,#6436));
#2611=AXIS2_PLACEMENT_3D('',#6437,#6438,#6439);
#2612=EDGE_LOOP('',(#6440,#6441,#6442,#6443));
#2613=AXIS2_PLACEMENT_3D('',#6444,#6445,#6446);
#2614=EDGE_LOOP('',(#6447,#6448,#6449,#6450));
#2615=AXIS2_PLACEMENT_3D('',#6451,#6452,#6453);
#2616=EDGE_LOOP('',(#6454,#6455,#6456,#6457));
#2617=AXIS2_PLACEMENT_3D('',#6458,#6459,#6460);
#2618=EDGE_LOOP('',(#6461,#6462,#6463,#6464));
#2619=AXIS2_PLACEMENT_3D('',#6465,#6466,#6467);
#2620=EDGE_LOOP('',(#6468,#6469,#6470,#6471));
#2621=AXIS2_PLACEMENT_3D('',#6472,#6473,#6474);
#2622=EDGE_LOOP('',(#6475,#6476,#6477,#6478));
#2623=AXIS2_PLACEMENT_3D('',#6479,#6480,#6481);
#2624=EDGE_LOOP('',(#6482,#6483,#6484,#6485));
#2625=AXIS2_PLACEMENT_3D('',#6486,#6487,#6488);
#2626=EDGE_LOOP('',(#6489,#6490,#6491,#6492));
#2627=AXIS2_PLACEMENT_3D('',#6493,#6494,#6495);
#2628=EDGE_LOOP('',(#6496,#6497,#6498,#6499));
#2629=AXIS2_PLACEMENT_3D('',#6500,#6501,#6502);
#2630=EDGE_LOOP('',(#6503,#6504,#6505,#6506));
#2631=AXIS2_PLACEMENT_3D('',#6507,#6508,#6509);
#2632=EDGE_LOOP('',(#6510,#6511,#6512,#6513));
#2633=AXIS2_PLACEMENT_3D('',#6514,#6515,#6516);
#2634=EDGE_LOOP('',(#6517,#6518,#6519,#6520));
#2635=AXIS2_PLACEMENT_3D('',#6521,#6522,#6523);
#2636=EDGE_LOOP('',(#6524,#6525,#6526,#6527));
#2637=AXIS2_PLACEMENT_3D('',#6528,#6529,#6530);
#2638=EDGE_LOOP('',(#6531,#6532,#6533,#6534));
#2639=AXIS2_PLACEMENT_3D('',#6535,#6536,#6537);
#2640=EDGE_LOOP('',(#6538,#6539,#6540,#6541));
#2641=AXIS2_PLACEMENT_3D('',#6542,#6543,#6544);
#2642=EDGE_LOOP('',(#6545,#6546,#6547,#6548));
#2643=AXIS2_PLACEMENT_3D('',#6549,#6550,#6551);
#2644=EDGE_LOOP('',(#6552,#6553,#6554,#6555));
#2645=AXIS2_PLACEMENT_3D('',#6556,#6557,#6558);
#2646=EDGE_LOOP('',(#6559,#6560,#6561,#6562));
#2647=AXIS2_PLACEMENT_3D('',#6563,#6564,#6565);
#2648=EDGE_LOOP('',(#6566,#6567,#6568,#6569));
#2649=AXIS2_PLACEMENT_3D('',#6570,#6571,#6572);
#2650=EDGE_LOOP('',(#6573,#6574,#6575,#6576));
#2651=AXIS2_PLACEMENT_3D('',#6577,#6578,#6579);
#2652=EDGE_LOOP('',(#6580,#6581,#6582,#6583));
#2653=AXIS2_PLACEMENT_3D('',#6584,#6585,#6586);
#2654=EDGE_LOOP('',(#6587,#6588,#6589,#6590));
#2655=AXIS2_PLACEMENT_3D('',#6591,#6592,#6593);
#2656=EDGE_LOOP('',(#6594,#6595,#6596,#6597));
#2657=AXIS2_PLACEMENT_3D('',#6598,#6599,#6600);
#2658=EDGE_LOOP('',(#6601,#6602,#6603,#6604));
#2659=AXIS2_PLACEMENT_3D('',#6605,#6606,#6607);
#2660=EDGE_LOOP('',(#6608,#6609,#6610,#6611));
#2661=AXIS2_PLACEMENT_3D('',#6612,#6613,#6614);
#2662=EDGE_LOOP('',(#6615,#6616,#6617,#6618));
#2663=AXIS2_PLACEMENT_3D('',#6619,#6620,#6621);
#2664=EDGE_LOOP('',(#6622,#6623,#6624,#6625));
#2665=AXIS2_PLACEMENT_3D('',#6626,#6627,#6628);
#2666=EDGE_LOOP('',(#6629,#6630,#6631,#6632));
#2667=AXIS2_PLACEMENT_3D('',#6633,#6634,#6635);
#2668=EDGE_LOOP('',(#6636,#6637,#6638,#6639));
#2669=AXIS2_PLACEMENT_3D('',#6640,#6641,#6642);
#2670=EDGE_LOOP('',(#6643,#6644,#6645,#6646));
#2671=AXIS2_PLACEMENT_3D('',#6647,#6648,#6649);
#2672=EDGE_LOOP('',(#6650,#6651,#6652,#6653));
#2673=AXIS2_PLACEMENT_3D('',#6654,#6655,#6656);
#2674=EDGE_LOOP('',(#6657,#6658,#6659,#6660));
#2675=AXIS2_PLACEMENT_3D('',#6661,#6662,#6663);
#2676=EDGE_LOOP('',(#6664,#6665,#6666,#6667));
#2677=AXIS2_PLACEMENT_3D('',#6668,#6669,#6670);
#2678=EDGE_LOOP('',(#6671,#6672,#6673,#6674));
#2679=AXIS2_PLACEMENT_3D('',#6675,#6676,#6677);
#2680=EDGE_LOOP('',(#6678,#6679,#6680,#6681));
#2681=AXIS2_PLACEMENT_3D('',#6682,#6683,#6684);
#2682=EDGE_LOOP('',(#6685,#6686,#6687,#6688));
#2683=AXIS2_PLACEMENT_3D('',#6689,#6690,#6691);
#2684=EDGE_LOOP('',(#6692,#6693,#6694,#6695));
#2685=AXIS2_PLACEMENT_3D('',#6696,#6697,#6698);
#2686=EDGE_LOOP('',(#6699,#6700,#6701,#6702));
#2687=AXIS2_PLACEMENT_3D('',#6703,#6704,#6705);
#2688=EDGE_LOOP('',(#6706,#6707,#6708,#6709));
#2689=AXIS2_PLACEMENT_3D('',#6710,#6711,#6712);
#2690=EDGE_LOOP('',(#6713,#6714,#6715,#6716));
#2691=AXIS2_PLACEMENT_3D('',#6717,#6718,#6719);
#2692=EDGE_LOOP('',(#6720,#6721,#6722,#6723));
#2693=AXIS2_PLACEMENT_3D('',#6724,#6725,#6726);
#2694=EDGE_LOOP('',(#6727,#6728,#6729,#6730));
#2695=AXIS2_PLACEMENT_3D('',#6731,#6732,#6733);
#2696=EDGE_LOOP('',(#6734,#6735,#6736,#6737));
#2697=AXIS2_PLACEMENT_3D('',#6738,#6739,#6740);
#2698=EDGE_LOOP('',(#6741,#6742,#6743,#6744));
#2699=AXIS2_PLACEMENT_3D('',#6745,#6746,#6747);
#2700=EDGE_LOOP('',(#6748,#6749,#6750,#6751));
#2701=AXIS2_PLACEMENT_3D('',#6752,#6753,#6754);
#2702=EDGE_LOOP('',(#6755,#6756,#6757,#6758));
#2703=AXIS2_PLACEMENT_3D('',#6759,#6760,#6761);
#2704=EDGE_LOOP('',(#6762,#6763,#6764,#6765));
#2705=AXIS2_PLACEMENT_3D('',#6766,#6767,#6768);
#2706=EDGE_LOOP('',(#6769,#6770,#6771,#6772));
#2707=AXIS2_PLACEMENT_3D('',#6773,#6774,#6775);
#2708=EDGE_LOOP('',(#6776,#6777,#6778,#6779));
#2709=AXIS2_PLACEMENT_3D('',#6780,#6781,#6782);
#2710=EDGE_LOOP('',(#6783,#6784,#6785,#6786));
#2711=AXIS2_PLACEMENT_3D('',#6787,#6788,#6789);
#2712=EDGE_LOOP('',(#6790,#6791,#6792,#6793));
#2713=AXIS2_PLACEMENT_3D('',#6794,#6795,#6796);
#2714=EDGE_LOOP('',(#6797,#6798,#6799,#6800));
#2715=AXIS2_PLACEMENT_3D('',#6801,#6802,#6803);
#2716=EDGE_LOOP('',(#6804,#6805,#6806,#6807));
#2717=AXIS2_PLACEMENT_3D('',#6808,#6809,#6810);
#2718=EDGE_LOOP('',(#6811,#6812,#6813,#6814));
#2719=AXIS2_PLACEMENT_3D('',#6815,#6816,#6817);
#2720=EDGE_LOOP('',(#6818,#6819,#6820,#6821));
#2721=AXIS2_PLACEMENT_3D('',#6822,#6823,#6824);
#2722=EDGE_LOOP('',(#6825,#6826,#6827,#6828));
#2723=AXIS2_PLACEMENT_3D('',#6829,#6830,#6831);
#2724=EDGE_LOOP('',(#6832,#6833,#6834,#6835));
#2725=AXIS2_PLACEMENT_3D('',#6836,#6837,#6838);
#2726=EDGE_LOOP('',(#6839,#6840,#6841,#6842));
#2727=AXIS2_PLACEMENT_3D('',#6843,#6844,#6845);
#2728=EDGE_LOOP('',(#6846,#6847,#6848,#6849));
#2729=AXIS2_PLACEMENT_3D('',#6850,#6851,#6852);
#2730=EDGE_LOOP('',(#6853,#6854,#6855,#6856));
#2731=AXIS2_PLACEMENT_3D('',#6857,#6858,#6859);
#2732=EDGE_LOOP('',(#6860,#6861,#6862,#6863));
#2733=AXIS2_PLACEMENT_3D('',#6864,#6865,#6866);
#2734=EDGE_LOOP('',(#6867,#6868,#6869,#6870));
#2735=AXIS2_PLACEMENT_3D('',#6871,#6872,#6873);
#2736=EDGE_LOOP('',(#6874,#6875,#6876,#6877));
#2737=AXIS2_PLACEMENT_3D('',#6878,#6879,#6880);
#2738=EDGE_LOOP('',(#6881,#6882,#6883,#6884));
#2739=AXIS2_PLACEMENT_3D('',#6885,#6886,#6887);
#2740=EDGE_LOOP('',(#6888,#6889,#6890,#6891));
#2741=AXIS2_PLACEMENT_3D('',#6892,#6893,#6894);
#2742=EDGE_LOOP('',(#6895,#6896,#6897,#6898));
#2743=AXIS2_PLACEMENT_3D('',#6899,#6900,#6901);
#2744=EDGE_LOOP('',(#6902,#6903,#6904,#6905));
#2745=AXIS2_PLACEMENT_3D('',#6906,#6907,#6908);
#2746=EDGE_LOOP('',(#6909,#6910,#6911,#6912));
#2747=AXIS2_PLACEMENT_3D('',#6913,#6914,#6915);
#2748=EDGE_LOOP('',(#6916,#6917,#6918,#6919));
#2749=AXIS2_PLACEMENT_3D('',#6920,#6921,#6922);
#2750=EDGE_LOOP('',(#6923,#6924,#6925,#6926));
#2751=AXIS2_PLACEMENT_3D('',#6927,#6928,#6929);
#2752=EDGE_LOOP('',(#6930,#6931,#6932,#6933));
#2753=AXIS2_PLACEMENT_3D('',#6934,#6935,#6936);
#2754=EDGE_LOOP('',(#6937,#6938,#6939,#6940));
#2755=AXIS2_PLACEMENT_3D('',#6941,#6942,#6943);
#2756=EDGE_LOOP('',(#6944,#6945,#6946,#6947));
#2757=AXIS2_PLACEMENT_3D('',#6948,#6949,#6950);
#2758=EDGE_LOOP('',(#6951,#6952,#6953,#6954));
#2759=AXIS2_PLACEMENT_3D('',#6955,#6956,#6957);
#2760=EDGE_LOOP('',(#6958,#6959,#6960,#6961));
#2761=AXIS2_PLACEMENT_3D('',#6962,#6963,#6964);
#2762=EDGE_LOOP('',(#6965,#6966,#6967,#6968));
#2763=AXIS2_PLACEMENT_3D('',#6969,#6970,#6971);
#2764=EDGE_LOOP('',(#6972,#6973,#6974,#6975));
#2765=AXIS2_PLACEMENT_3D('',#6976,#6977,#6978);
#2766=EDGE_LOOP('',(#6979,#6980,#6981,#6982));
#2767=AXIS2_PLACEMENT_3D('',#6983,#6984,#6985);
#2768=EDGE_LOOP('',(#6986,#6987,#6988,#6989));
#2769=AXIS2_PLACEMENT_3D('',#6990,#6991,#6992);
#2770=EDGE_LOOP('',(#6993,#6994,#6995,#6996));
#2771=AXIS2_PLACEMENT_3D('',#6997,#6998,#6999);
#2772=EDGE_LOOP('',(#7000,#7001,#7002,#7003));
#2773=AXIS2_PLACEMENT_3D('',#7004,#7005,#7006);
#2774=EDGE_LOOP('',(#7007,#7008,#7009,#7010));
#2775=AXIS2_PLACEMENT_3D('',#7011,#7012,#7013);
#2776=EDGE_LOOP('',(#7014,#7015,#7016,#7017));
#2777=AXIS2_PLACEMENT_3D('',#7018,#7019,#7020);
#2778=EDGE_LOOP('',(#7021,#7022,#7023,#7024));
#2779=AXIS2_PLACEMENT_3D('',#7025,#7026,#7027);
#2780=EDGE_LOOP('',(#7028,#7029,#7030,#7031));
#2781=AXIS2_PLACEMENT_3D('',#7032,#7033,#7034);
#2782=EDGE_LOOP('',(#7035,#7036,#7037,#7038));
#2783=AXIS2_PLACEMENT_3D('',#7039,#7040,#7041);
#2784=EDGE_LOOP('',(#7042,#7043,#7044,#7045));
#2785=AXIS2_PLACEMENT_3D('',#7046,#7047,#7048);
#2786=EDGE_LOOP('',(#7049,#7050,#7051,#7052));
#2787=AXIS2_PLACEMENT_3D('',#7053,#7054,#7055);
#2788=EDGE_LOOP('',(#7056,#7057,#7058,#7059));
#2789=AXIS2_PLACEMENT_3D('',#7060,#7061,#7062);
#2790=EDGE_LOOP('',(#7063,#7064,#7065,#7066));
#2791=AXIS2_PLACEMENT_3D('',#7067,#7068,#7069);
#2792=EDGE_LOOP('',(#7070,#7071,#7072,#7073));
#2793=AXIS2_PLACEMENT_3D('',#7074,#7075,#7076);
#2794=EDGE_LOOP('',(#7077,#7078,#7079,#7080));
#2795=AXIS2_PLACEMENT_3D('',#7081,#7082,#7083);
#2796=EDGE_LOOP('',(#7084,#7085,#7086,#7087));
#2797=AXIS2_PLACEMENT_3D('',#7088,#7089,#7090);
#2798=EDGE_LOOP('',(#7091,#7092,#7093,#7094));
#2799=AXIS2_PLACEMENT_3D('',#7095,#7096,#7097);
#2800=EDGE_LOOP('',(#7098,#7099,#7100,#7101));
#2801=AXIS2_PLACEMENT_3D('',#7102,#7103,#7104);
#2802=EDGE_LOOP('',(#7105,#7106,#7107,#7108));
#2803=AXIS2_PLACEMENT_3D('',#7109,#7110,#7111);
#2804=EDGE_LOOP('',(#7112,#7113,#7114,#7115));
#2805=AXIS2_PLACEMENT_3D('',#7116,#7117,#7118);
#2806=EDGE_LOOP('',(#7119,#7120,#7121,#7122));
#2807=AXIS2_PLACEMENT_3D('',#7123,#7124,#7125);
#2808=EDGE_LOOP('',(#7126,#7127,#7128,#7129));
#2809=AXIS2_PLACEMENT_3D('',#7130,#7131,#7132);
#2810=EDGE_LOOP('',(#7133,#7134,#7135,#7136));
#2811=AXIS2_PLACEMENT_3D('',#7137,#7138,#7139);
#2812=EDGE_LOOP('',(#7140,#7141,#7142,#7143));
#2813=AXIS2_PLACEMENT_3D('',#7144,#7145,#7146);
#2814=EDGE_LOOP('',(#7147,#7148,#7149,#7150));
#2815=AXIS2_PLACEMENT_3D('',#7151,#7152,#7153);
#2816=EDGE_LOOP('',(#7154,#7155,#7156,#7157));
#2817=AXIS2_PLACEMENT_3D('',#7158,#7159,#7160);
#2818=EDGE_LOOP('',(#7161,#7162,#7163,#7164));
#2819=AXIS2_PLACEMENT_3D('',#7165,#7166,#7167);
#2820=EDGE_LOOP('',(#7168,#7169,#7170,#7171));
#2821=AXIS2_PLACEMENT_3D('',#7172,#7173,#7174);
#2822=EDGE_LOOP('',(#7175,#7176,#7177,#7178));
#2823=AXIS2_PLACEMENT_3D('',#7179,#7180,#7181);
#2824=EDGE_LOOP('',(#7182,#7183,#7184,#7185));
#2825=AXIS2_PLACEMENT_3D('',#7186,#7187,#7188);
#2826=EDGE_LOOP('',(#7189,#7190,#7191,#7192));
#2827=AXIS2_PLACEMENT_3D('',#7193,#7194,#7195);
#2828=EDGE_LOOP('',(#7196,#7197,#7198,#7199));
#2829=AXIS2_PLACEMENT_3D('',#7200,#7201,#7202);
#2830=EDGE_LOOP('',(#7203,#7204,#7205,#7206));
#2831=AXIS2_PLACEMENT_3D('',#7207,#7208,#7209);
#2832=EDGE_LOOP('',(#7210,#7211,#7212,#7213));
#2833=AXIS2_PLACEMENT_3D('',#7214,#7215,#7216);
#2834=EDGE_LOOP('',(#7217,#7218,#7219,#7220));
#2835=AXIS2_PLACEMENT_3D('',#7221,#7222,#7223);
#2836=EDGE_LOOP('',(#7224,#7225,#7226,#7227));
#2837=AXIS2_PLACEMENT_3D('',#7228,#7229,#7230);
#2838=EDGE_LOOP('',(#7231,#7232,#7233,#7234));
#2839=AXIS2_PLACEMENT_3D('',#7235,#7236,#7237);
#2840=EDGE_LOOP('',(#7238,#7239,#7240,#7241));
#2841=AXIS2_PLACEMENT_3D('',#7242,#7243,#7244);
#2842=EDGE_LOOP('',(#7245,#7246,#7247,#7248));
#2843=AXIS2_PLACEMENT_3D('',#7249,#7250,#7251);
#2844=EDGE_LOOP('',(#7252,#7253,#7254,#7255));
#2845=AXIS2_PLACEMENT_3D('',#7256,#7257,#7258);
#2846=EDGE_LOOP('',(#7259,#7260,#7261,#7262));
#2847=AXIS2_PLACEMENT_3D('',#7263,#7264,#7265);
#2848=EDGE_LOOP('',(#7266,#7267,#7268,#7269));
#2849=AXIS2_PLACEMENT_3D('',#7270,#7271,#7272);
#2850=EDGE_LOOP('',(#7273,#7274,#7275,#7276));
#2851=AXIS2_PLACEMENT_3D('',#7277,#7278,#7279);
#2852=EDGE_LOOP('',(#7280,#7281,#7282,#7283));
#2853=AXIS2_PLACEMENT_3D('',#7284,#7285,#7286);
#2854=EDGE_LOOP('',(#7287,#7288,#7289,#7290,#7291,#7292,#7293,#7294,#7295,#7296,#7297,#7298,#7299,#7300,#7301,#7302));
#2855=EDGE_LOOP('',(#7303,#7304,#7305,#7306,#7307,#7308,#7309,#7310,#7311,#7312));
#2856=AXIS2_PLACEMENT_3D('',#7313,#7314,#7315);
#2857=EDGE_LOOP('',(#7316,#7317,#7318,#7319));
#2858=AXIS2_PLACEMENT_3D('',#7320,#7321,#7322);
#2859=EDGE_LOOP('',(#7323,#7324,#7325,#7326));
#2860=AXIS2_PLACEMENT_3D('',#7327,#7328,#7329);
#2861=EDGE_LOOP('',(#7330,#7331,#7332,#7333));
#2862=AXIS2_PLACEMENT_3D('',#7334,#7335,#7336);
#2863=EDGE_LOOP('',(#7337,#7338,#7339,#7340));
#2864=AXIS2_PLACEMENT_3D('',#7341,#7342,#7343);
#2865=EDGE_LOOP('',(#7344,#7345,#7346,#7347));
#2866=AXIS2_PLACEMENT_3D('',#7348,#7349,#7350);
#2867=EDGE_LOOP('',(#7351,#7352,#7353,#7354));
#2868=AXIS2_PLACEMENT_3D('',#7355,#7356,#7357);
#2869=EDGE_LOOP('',(#7358,#7359,#7360,#7361));
#2870=AXIS2_PLACEMENT_3D('',#7362,#7363,#7364);
#2871=EDGE_LOOP('',(#7365,#7366,#7367,#7368));
#2872=AXIS2_PLACEMENT_3D('',#7369,#7370,#7371);
#2873=EDGE_LOOP('',(#7372,#7373,#7374,#7375));
#2874=AXIS2_PLACEMENT_3D('',#7376,#7377,#7378);
#2875=EDGE_LOOP('',(#7379,#7380,#7381,#7382));
#2876=AXIS2_PLACEMENT_3D('',#7383,#7384,#7385);
#2877=EDGE_LOOP('',(#7386,#7387,#7388,#7389));
#2878=AXIS2_PLACEMENT_3D('',#7390,#7391,#7392);
#2879=EDGE_LOOP('',(#7393,#7394,#7395,#7396));
#2880=AXIS2_PLACEMENT_3D('',#7397,#7398,#7399);
#2881=EDGE_LOOP('',(#7400,#7401));
#2882=EDGE_LOOP('',(#7402,#7403));
#2883=AXIS2_PLACEMENT_3D('',#7404,#7405,#7406);
#2884=EDGE_LOOP('',(#7407,#7408,#7409,#7410));
#2885=AXIS2_PLACEMENT_3D('',#7411,#7412,#7413);
#2886=EDGE_LOOP('',(#7414,#7415,#7416,#7417));
#2887=AXIS2_PLACEMENT_3D('',#7418,#7419,#7420);
#2888=EDGE_LOOP('',(#7421,#7422,#7423,#7424,#7425,#7426,#7427,#7428,#7429));
#2889=AXIS2_PLACEMENT_3D('',#7430,#7431,#7432);
#2890=EDGE_LOOP('',(#7433,#7434,#7435,#7436,#7437));
#2891=AXIS2_PLACEMENT_3D('',#7438,#7439,#7440);
#2892=EDGE_LOOP('',(#7441,#7442,#7443,#7444,#7445));
#2893=AXIS2_PLACEMENT_3D('',#7446,#7447,#7448);
#2894=EDGE_LOOP('',(#7449,#7450,#7451,#7452));
#2895=AXIS2_PLACEMENT_3D('',#7453,#7454,#7455);
#2896=EDGE_LOOP('',(#7456,#7457,#7458,#7459));
#2897=AXIS2_PLACEMENT_3D('',#7460,#7461,#7462);
#2898=EDGE_LOOP('',(#7463,#7464,#7465,#7466));
#2899=AXIS2_PLACEMENT_3D('',#7467,#7468,#7469);
#2900=EDGE_LOOP('',(#7470,#7471,#7472,#7473));
#2901=AXIS2_PLACEMENT_3D('',#7474,#7475,#7476);
#2902=EDGE_LOOP('',(#7477,#7478,#7479,#7480,#7481,#7482,#7483,#7484,#7485));
#2903=AXIS2_PLACEMENT_3D('',#7486,#7487,#7488);
#2904=EDGE_LOOP('',(#7489,#7490,#7491,#7492,#7493,#7494,#7495,#7496,#7497,#7498));
#2905=AXIS2_PLACEMENT_3D('',#7499,#7500,#7501);
#2906=EDGE_LOOP('',(#7502,#7503,#7504,#7505));
#2907=AXIS2_PLACEMENT_3D('',#7506,#7507,#7508);
#2908=EDGE_LOOP('',(#7509,#7510,#7511,#7512));
#2909=AXIS2_PLACEMENT_3D('',#7513,#7514,#7515);
#2910=EDGE_LOOP('',(#7516,#7517,#7518,#7519,#7520));
#2911=AXIS2_PLACEMENT_3D('',#7521,#7522,#7523);
#2912=EDGE_LOOP('',(#7524,#7525,#7526,#7527,#7528));
#2913=AXIS2_PLACEMENT_3D('',#7529,#7530,#7531);
#2914=EDGE_LOOP('',(#7532,#7533,#7534,#7535,#7536,#7537,#7538,#7539,#7540,#7541));
#2915=AXIS2_PLACEMENT_3D('',#7542,#7543,#7544);
#2916=EDGE_LOOP('',(#7545,#7546,#7547,#7548));
#2917=AXIS2_PLACEMENT_3D('',#7549,#7550,#7551);
#2918=EDGE_LOOP('',(#7552,#7553,#7554,#7555));
#2919=AXIS2_PLACEMENT_3D('',#7556,#7557,#7558);
#2920=EDGE_LOOP('',(#7559,#7560,#7561,#7562));
#2921=AXIS2_PLACEMENT_3D('',#7563,#7564,#7565);
#2922=EDGE_LOOP('',(#7566,#7567,#7568,#7569));
#2923=AXIS2_PLACEMENT_3D('',#7570,#7571,#7572);
#2924=EDGE_LOOP('',(#7573,#7574,#7575,#7576));
#2925=AXIS2_PLACEMENT_3D('',#7577,#7578,#7579);
#2926=EDGE_LOOP('',(#7580,#7581,#7582,#7583,#7584,#7585,#7586,#7587));
#2927=AXIS2_PLACEMENT_3D('',#7588,#7589,#7590);
#2928=EDGE_LOOP('',(#7591,#7592,#7593,#7594,#7595,#7596,#7597,#7598,#7599,#7600,#7601,#7602,#7603,#7604,#7605,#7606,#7607));
#2929=AXIS2_PLACEMENT_3D('',#7608,#7609,#7610);
#2930=EDGE_LOOP('',(#7611,#7612,#7613,#7614));
#2931=AXIS2_PLACEMENT_3D('',#7615,#7616,#7617);
#2932=EDGE_LOOP('',(#7618,#7619,#7620,#7621));
#2933=AXIS2_PLACEMENT_3D('',#7622,#7623,#7624);
#2934=EDGE_LOOP('',(#7625,#7626,#7627,#7628,#7629,#7630,#7631,#7632));
#2935=AXIS2_PLACEMENT_3D('',#7633,#7634,#7635);
#2936=EDGE_LOOP('',(#7636,#7637,#7638,#7639));
#2937=AXIS2_PLACEMENT_3D('',#7640,#7641,#7642);
#2938=EDGE_LOOP('',(#7643,#7644,#7645,#7646));
#2939=AXIS2_PLACEMENT_3D('',#7647,#7648,#7649);
#2940=EDGE_LOOP('',(#7650,#7651,#7652,#7653,#7654,#7655,#7656,#7657));
#2941=AXIS2_PLACEMENT_3D('',#7658,#7659,#7660);
#2942=EDGE_LOOP('',(#7661,#7662,#7663,#7664));
#2943=AXIS2_PLACEMENT_3D('',#7665,#7666,#7667);
#2944=EDGE_LOOP('',(#7668,#7669));
#2945=AXIS2_PLACEMENT_3D('',#7670,#7671,#7672);
#2946=EDGE_LOOP('',(#7673,#7674,#7675,#7676,#7677,#7678,#7679,#7680,#7681,#7682,#7683,#7684,#7685,#7686,#7687,#7688,#7689,#7690,#7691));
#2947=AXIS2_PLACEMENT_3D('',#7692,#7693,#7694);
#2948=EDGE_LOOP('',(#7695,#7696,#7697,#7698,#7699,#7700,#7701,#7702,#7703,#7704,#7705,#7706,#7707,#7708));
#2949=AXIS2_PLACEMENT_3D('',#7709,#7710,#7711);
#2950=EDGE_LOOP('',(#7712,#7713,#7714,#7715,#7716,#7717,#7718,#7719,#7720,#7721,#7722,#7723,#7724,#7725,#7726,#7727));
#2951=AXIS2_PLACEMENT_3D('',#7728,#7729,#7730);
#2952=EDGE_LOOP('',(#7731,#7732,#7733,#7734,#7735,#7736,#7737,#7738,#7739,#7740,#7741,#7742,#7743,#7744,#7745,#7746));
#2953=AXIS2_PLACEMENT_3D('',#7747,#7748,#7749);
#2954=EDGE_LOOP('',(#7750,#7751,#7752,#7753,#7754));
#2955=AXIS2_PLACEMENT_3D('',#7755,#7756,#7757);
#2956=EDGE_LOOP('',(#7758,#7759,#7760,#7761));
#2957=AXIS2_PLACEMENT_3D('',#7762,#7763,#7764);
#2958=EDGE_LOOP('',(#7765,#7766,#7767,#7768));
#2959=AXIS2_PLACEMENT_3D('',#7769,#7770,#7771);
#2960=EDGE_LOOP('',(#7772,#7773,#7774,#7775));
#2961=AXIS2_PLACEMENT_3D('',#7776,#7777,#7778);
#2962=EDGE_LOOP('',(#7779,#7780,#7781,#7782));
#2963=AXIS2_PLACEMENT_3D('',#7783,#7784,#7785);
#2964=EDGE_LOOP('',(#7786,#7787,#7788,#7789,#7790,#7791,#7792,#7793));
#2965=AXIS2_PLACEMENT_3D('',#7794,#7795,#7796);
#2966=EDGE_LOOP('',(#7797,#7798,#7799,#7800));
#2967=AXIS2_PLACEMENT_3D('',#7801,#7802,#7803);
#2968=EDGE_LOOP('',(#7804,#7805,#7806,#7807));
#2969=AXIS2_PLACEMENT_3D('',#7808,#7809,#7810);
#2970=EDGE_LOOP('',(#7811,#7812,#7813,#7814,#7815,#7816,#7817,#7818));
#2971=AXIS2_PLACEMENT_3D('',#7819,#7820,#7821);
#2972=EDGE_LOOP('',(#7822,#7823,#7824,#7825));
#2973=AXIS2_PLACEMENT_3D('',#7826,#7827,#7828);
#2974=EDGE_LOOP('',(#7829,#7830));
#2975=AXIS2_PLACEMENT_3D('',#7831,#7832,#7833);
#2976=EDGE_LOOP('',(#7834,#7835,#7836,#7837));
#2977=AXIS2_PLACEMENT_3D('',#7838,#7839,#7840);
#2978=EDGE_LOOP('',(#7841,#7842,#7843,#7844));
#2979=AXIS2_PLACEMENT_3D('',#7845,#7846,#7847);
#2980=EDGE_LOOP('',(#7848,#7849,#7850,#7851));
#2981=AXIS2_PLACEMENT_3D('',#7852,#7853,#7854);
#2982=EDGE_LOOP('',(#7855,#7856,#7857,#7858));
#2983=AXIS2_PLACEMENT_3D('',#7859,#7860,#7861);
#2984=EDGE_LOOP('',(#7862,#7863,#7864,#7865,#7866,#7867,#7868,#7869));
#2985=AXIS2_PLACEMENT_3D('',#7870,#7871,#7872);
#2986=EDGE_LOOP('',(#7873,#7874));
#2987=AXIS2_PLACEMENT_3D('',#7875,#7876,#7877);
#2988=EDGE_LOOP('',(#7878,#7879,#7880,#7881));
#2989=AXIS2_PLACEMENT_3D('',#7882,#7883,#7884);
#2990=EDGE_LOOP('',(#7885,#7886,#7887,#7888));
#2991=AXIS2_PLACEMENT_3D('',#7889,#7890,#7891);
#2992=EDGE_LOOP('',(#7892,#7893,#7894,#7895));
#2993=AXIS2_PLACEMENT_3D('',#7896,#7897,#7898);
#2994=EDGE_LOOP('',(#7899,#7900,#7901,#7902,#7903,#7904,#7905,#7906));
#2995=AXIS2_PLACEMENT_3D('',#7907,#7908,#7909);
#2996=EDGE_LOOP('',(#7910,#7911));
#2997=AXIS2_PLACEMENT_3D('',#7912,#7913,#7914);
#2998=EDGE_LOOP('',(#7915,#7916,#7917,#7918));
#2999=AXIS2_PLACEMENT_3D('',#7919,#7920,#7921);
#3000=EDGE_LOOP('',(#7922,#7923,#7924,#7925));
#3001=AXIS2_PLACEMENT_3D('',#7926,#7927,#7928);
#3002=EDGE_LOOP('',(#7929,#7930,#7931,#7932));
#3003=AXIS2_PLACEMENT_3D('',#7933,#7934,#7935);
#3004=EDGE_LOOP('',(#7936,#7937,#7938,#7939,#7940,#7941,#7942,#7943));
#3005=AXIS2_PLACEMENT_3D('',#7944,#7945,#7946);
#3006=EDGE_LOOP('',(#7947,#7948,#7949,#7950));
#3007=AXIS2_PLACEMENT_3D('',#7951,#7952,#7953);
#3008=EDGE_LOOP('',(#7954,#7955));
#3009=AXIS2_PLACEMENT_3D('',#7956,#7957,#7958);
#3010=EDGE_LOOP('',(#7959,#7960,#7961,#7962));
#3011=AXIS2_PLACEMENT_3D('',#7963,#7964,#7965);
#3012=EDGE_LOOP('',(#7966,#7967,#7968,#7969));
#3013=AXIS2_PLACEMENT_3D('',#7970,#7971,#7972);
#3014=EDGE_LOOP('',(#7973,#7974,#7975,#7976,#7977,#7978));
#3015=AXIS2_PLACEMENT_3D('',#7979,#7980,#7981);
#3016=EDGE_LOOP('',(#7982,#7983,#7984,#7985));
#3017=AXIS2_PLACEMENT_3D('',#7986,#7987,#7988);
#3018=EDGE_LOOP('',(#7989,#7990,#7991,#7992));
#3019=AXIS2_PLACEMENT_3D('',#7993,#7994,#7995);
#3020=EDGE_LOOP('',(#7996,#7997,#7998,#7999));
#3021=AXIS2_PLACEMENT_3D('',#8000,#8001,#8002);
#3022=EDGE_LOOP('',(#8003,#8004,#8005,#8006));
#3023=AXIS2_PLACEMENT_3D('',#8007,#8008,#8009);
#3024=EDGE_LOOP('',(#8010,#8011,#8012,#8013));
#3025=AXIS2_PLACEMENT_3D('',#8014,#8015,#8016);
#3026=EDGE_LOOP('',(#8017,#8018,#8019,#8020,#8021,#8022));
#3027=AXIS2_PLACEMENT_3D('',#8023,#8024,#8025);
#3028=EDGE_LOOP('',(#8026,#8027,#8028,#8029));
#3029=AXIS2_PLACEMENT_3D('',#8030,#8031,#8032);
#3030=EDGE_LOOP('',(#8033,#8034,#8035,#8036,#8037,#8038,#8039,#8040));
#3031=AXIS2_PLACEMENT_3D('',#8041,#8042,#8043);
#3032=EDGE_LOOP('',(#8044,#8045,#8046,#8047));
#3033=AXIS2_PLACEMENT_3D('',#8048,#8049,#8050);
#3034=EDGE_LOOP('',(#8051,#8052,#8053,#8054));
#3035=AXIS2_PLACEMENT_3D('',#8055,#8056,#8057);
#3036=EDGE_LOOP('',(#8058,#8059,#8060,#8061,#8062));
#3037=AXIS2_PLACEMENT_3D('',#8063,#8064,#8065);
#3038=EDGE_LOOP('',(#8066,#8067,#8068,#8069));
#3039=AXIS2_PLACEMENT_3D('',#8070,#8071,#8072);
#3040=EDGE_LOOP('',(#8073,#8074,#8075,#8076));
#3041=AXIS2_PLACEMENT_3D('',#8077,#8078,#8079);
#3042=EDGE_LOOP('',(#8080,#8081,#8082,#8083));
#3043=AXIS2_PLACEMENT_3D('',#8084,#8085,#8086);
#3044=EDGE_LOOP('',(#8087,#8088,#8089,#8090));
#3045=AXIS2_PLACEMENT_3D('',#8091,#8092,#8093);
#3046=EDGE_LOOP('',(#8094,#8095,#8096,#8097,#8098,#8099,#8100,#8101));
#3047=AXIS2_PLACEMENT_3D('',#8102,#8103,#8104);
#3048=EDGE_LOOP('',(#8105,#8106,#8107,#8108));
#3049=AXIS2_PLACEMENT_3D('',#8109,#8110,#8111);
#3050=EDGE_LOOP('',(#8112,#8113,#8114,#8115));
#3051=AXIS2_PLACEMENT_3D('',#8116,#8117,#8118);
#3052=EDGE_LOOP('',(#8119,#8120,#8121,#8122,#8123,#8124,#8125,#8126));
#3053=AXIS2_PLACEMENT_3D('',#8127,#8128,#8129);
#3054=EDGE_LOOP('',(#8130,#8131,#8132,#8133));
#3055=AXIS2_PLACEMENT_3D('',#8134,#8135,#8136);
#3056=EDGE_LOOP('',(#8137,#8138,#8139,#8140,#8141,#8142));
#3057=AXIS2_PLACEMENT_3D('',#8143,#8144,#8145);
#3058=EDGE_LOOP('',(#8146,#8147,#8148,#8149,#8150,#8151,#8152,#8153));
#3059=AXIS2_PLACEMENT_3D('',#8154,#8155,#8156);
#3060=EDGE_LOOP('',(#8157,#8158));
#3061=AXIS2_PLACEMENT_3D('',#8159,#8160,#8161);
#3062=EDGE_LOOP('',(#8162,#8163,#8164,#8165));
#3063=AXIS2_PLACEMENT_3D('',#8166,#8167,#8168);
#3064=EDGE_LOOP('',(#8169,#8170,#8171,#8172));
#3065=AXIS2_PLACEMENT_3D('',#8173,#8174,#8175);
#3066=EDGE_LOOP('',(#8176,#8177,#8178,#8179));
#3067=AXIS2_PLACEMENT_3D('',#8180,#8181,#8182);
#3068=EDGE_LOOP('',(#8183,#8184,#8185,#8186));
#3069=AXIS2_PLACEMENT_3D('',#8187,#8188,#8189);
#3070=EDGE_LOOP('',(#8190,#8191,#8192,#8193));
#3071=AXIS2_PLACEMENT_3D('',#8194,#8195,#8196);
#3072=EDGE_LOOP('',(#8197,#8198,#8199,#8200));
#3073=AXIS2_PLACEMENT_3D('',#8201,#8202,#8203);
#3074=EDGE_LOOP('',(#8204,#8205,#8206,#8207));
#3075=AXIS2_PLACEMENT_3D('',#8208,#8209,#8210);
#3076=EDGE_LOOP('',(#8211,#8212));
#3077=AXIS2_PLACEMENT_3D('',#8213,#8214,#8215);
#3078=EDGE_LOOP('',(#8216,#8217,#8218,#8219));
#3079=AXIS2_PLACEMENT_3D('',#8220,#8221,#8222);
#3080=EDGE_LOOP('',(#8223,#8224,#8225,#8226));
#3081=AXIS2_PLACEMENT_3D('',#8227,#8228,#8229);
#3082=EDGE_LOOP('',(#8230,#8231));
#3083=AXIS2_PLACEMENT_3D('',#8232,#8233,#8234);
#3084=EDGE_LOOP('',(#8235,#8236));
#3085=AXIS2_PLACEMENT_3D('',#8237,#8238,#8239);
#3086=EDGE_LOOP('',(#8240,#8241,#8242,#8243));
#3087=AXIS2_PLACEMENT_3D('',#8244,#8245,#8246);
#3088=EDGE_LOOP('',(#8247,#8248,#8249,#8250));
#3089=AXIS2_PLACEMENT_3D('',#8251,#8252,#8253);
#3090=EDGE_LOOP('',(#8254,#8255));
#3091=AXIS2_PLACEMENT_3D('',#8256,#8257,#8258);
#3092=EDGE_LOOP('',(#8259,#8260));
#3093=AXIS2_PLACEMENT_3D('',#8261,#8262,#8263);
#3094=EDGE_LOOP('',(#8264,#8265,#8266,#8267));
#3095=AXIS2_PLACEMENT_3D('',#8268,#8269,#8270);
#3096=EDGE_LOOP('',(#8271,#8272,#8273,#8274));
#3097=AXIS2_PLACEMENT_3D('',#8275,#8276,#8277);
#3098=EDGE_LOOP('',(#8278,#8279));
#3099=AXIS2_PLACEMENT_3D('',#8280,#8281,#8282);
#3100=ORIENTED_EDGE('',*,*,#8283,.T.);
#3101=ORIENTED_EDGE('',*,*,#8284,.F.);
#3102=ORIENTED_EDGE('',*,*,#8285,.F.);
#3103=ORIENTED_EDGE('',*,*,#8286,.T.);
#3104=CARTESIAN_POINT('',(-0.796483886558124,-2.03422465829058,0.0));
#3105=DIRECTION('',(-0.386830166028109,-0.922150976061222,0.0));
#3106=DIRECTION('',(-0.922150976061222,0.386830166028109,0.0));
#3107=ORIENTED_EDGE('',*,*,#8287,.F.);
#3108=ORIENTED_EDGE('',*,*,#8288,.F.);
#3109=ORIENTED_EDGE('',*,*,#8289,.F.);
#3110=ORIENTED_EDGE('',*,*,#8290,.F.);
#3111=ORIENTED_EDGE('',*,*,#8291,.F.);
#3112=ORIENTED_EDGE('',*,*,#8292,.F.);
#3113=ORIENTED_EDGE('',*,*,#8293,.F.);
#3114=ORIENTED_EDGE('',*,*,#8294,.F.);
#3115=ORIENTED_EDGE('',*,*,#8295,.F.);
#3116=ORIENTED_EDGE('',*,*,#8296,.F.);
#3117=CARTESIAN_POINT('',(0.0,0.0,0.0));
#3118=DIRECTION('',(0.0,0.0,1.0));
#3119=DIRECTION('',(1.0,0.0,0.0));
#3120=ORIENTED_EDGE('',*,*,#8297,.F.);
#3121=ORIENTED_EDGE('',*,*,#8298,.F.);
#3122=ORIENTED_EDGE('',*,*,#8299,.F.);
#3123=ORIENTED_EDGE('',*,*,#8300,.F.);
#3124=ORIENTED_EDGE('',*,*,#8301,.F.);
#3125=ORIENTED_EDGE('',*,*,#8302,.F.);
#3126=ORIENTED_EDGE('',*,*,#8303,.F.);
#3127=ORIENTED_EDGE('',*,*,#8304,.F.);
#3128=ORIENTED_EDGE('',*,*,#8305,.F.);
#3129=ORIENTED_EDGE('',*,*,#8306,.F.);
#3130=CARTESIAN_POINT('',(0.0,0.0,0.0));
#3131=DIRECTION('',(0.0,0.0,1.0));
#3132=DIRECTION('',(1.0,0.0,0.0));
#3133=ORIENTED_EDGE('',*,*,#8307,.F.);
#3134=ORIENTED_EDGE('',*,*,#8308,.F.);
#3135=ORIENTED_EDGE('',*,*,#8309,.F.);
#3136=ORIENTED_EDGE('',*,*,#8310,.F.);
#3137=ORIENTED_EDGE('',*,*,#8311,.F.);
#3138=ORIENTED_EDGE('',*,*,#8312,.F.);
#3139=ORIENTED_EDGE('',*,*,#8313,.F.);
#3140=ORIENTED_EDGE('',*,*,#8314,.F.);
#3141=ORIENTED_EDGE('',*,*,#8315,.F.);
#3142=ORIENTED_EDGE('',*,*,#8316,.F.);
#3143=ORIENTED_EDGE('',*,*,#8317,.F.);
#3144=ORIENTED_EDGE('',*,*,#8318,.F.);
#3145=ORIENTED_EDGE('',*,*,#8319,.F.);
#3146=ORIENTED_EDGE('',*,*,#8320,.F.);
#3147=ORIENTED_EDGE('',*,*,#8321,.F.);
#3148=ORIENTED_EDGE('',*,*,#8322,.F.);
#3149=ORIENTED_EDGE('',*,*,#8323,.F.);
#3150=ORIENTED_EDGE('',*,*,#8324,.F.);
#3151=ORIENTED_EDGE('',*,*,#8325,.F.);
#3152=ORIENTED_EDGE('',*,*,#8326,.F.);
#3153=CARTESIAN_POINT('',(0.0,0.0,0.0));
#3154=DIRECTION('',(0.0,0.0,1.0));
#3155=DIRECTION('',(1.0,0.0,0.0));
#3156=ORIENTED_EDGE('',*,*,#8327,.F.);
#3157=ORIENTED_EDGE('',*,*,#8328,.F.);
#3158=ORIENTED_EDGE('',*,*,#8329,.F.);
#3159=ORIENTED_EDGE('',*,*,#8330,.F.);
#3160=ORIENTED_EDGE('',*,*,#8331,.F.);
#3161=ORIENTED_EDGE('',*,*,#8332,.F.);
#3162=ORIENTED_EDGE('',*,*,#8333,.F.);
#3163=ORIENTED_EDGE('',*,*,#8334,.F.);
#3164=ORIENTED_EDGE('',*,*,#8335,.F.);
#3165=ORIENTED_EDGE('',*,*,#8336,.F.);
#3166=CARTESIAN_POINT('',(0.0,0.0,0.0));
#3167=DIRECTION('',(0.0,0.0,1.0));
#3168=DIRECTION('',(1.0,0.0,0.0));
#3169=ORIENTED_EDGE('',*,*,#8337,.F.);
#3170=ORIENTED_EDGE('',*,*,#8338,.F.);
#3171=ORIENTED_EDGE('',*,*,#8339,.F.);
#3172=ORIENTED_EDGE('',*,*,#8340,.F.);
#3173=ORIENTED_EDGE('',*,*,#8341,.F.);
#3174=ORIENTED_EDGE('',*,*,#8342,.F.);
#3175=ORIENTED_EDGE('',*,*,#8343,.F.);
#3176=ORIENTED_EDGE('',*,*,#8344,.F.);
#3177=ORIENTED_EDGE('',*,*,#8345,.F.);
#3178=ORIENTED_EDGE('',*,*,#8346,.F.);
#3179=ORIENTED_EDGE('',*,*,#8347,.F.);
#3180=ORIENTED_EDGE('',*,*,#8348,.F.);
#3181=ORIENTED_EDGE('',*,*,#8349,.F.);
#3182=ORIENTED_EDGE('',*,*,#8350,.F.);
#3183=ORIENTED_EDGE('',*,*,#8351,.F.);
#3184=ORIENTED_EDGE('',*,*,#8352,.F.);
#3185=CARTESIAN_POINT('',(0.0,0.0,0.0));
#3186=DIRECTION('',(0.0,0.0,1.0));
#3187=DIRECTION('',(1.0,0.0,0.0));
#3188=ORIENTED_EDGE('',*,*,#8353,.F.);
#3189=ORIENTED_EDGE('',*,*,#8354,.F.);
#3190=ORIENTED_EDGE('',*,*,#8355,.F.);
#3191=ORIENTED_EDGE('',*,*,#8356,.F.);
#3192=ORIENTED_EDGE('',*,*,#8357,.F.);
#3193=ORIENTED_EDGE('',*,*,#8358,.F.);
#3194=ORIENTED_EDGE('',*,*,#8359,.F.);
#3195=ORIENTED_EDGE('',*,*,#8360,.F.);
#3196=ORIENTED_EDGE('',*,*,#8361,.F.);
#3197=ORIENTED_EDGE('',*,*,#8362,.F.);
#3198=ORIENTED_EDGE('',*,*,#8363,.F.);
#3199=ORIENTED_EDGE('',*,*,#8364,.F.);
#3200=ORIENTED_EDGE('',*,*,#8365,.F.);
#3201=ORIENTED_EDGE('',*,*,#8366,.F.);
#3202=ORIENTED_EDGE('',*,*,#8367,.F.);
#3203=ORIENTED_EDGE('',*,*,#8368,.F.);
#3204=CARTESIAN_POINT('',(0.0,0.0,0.0));
#3205=DIRECTION('',(0.0,0.0,1.0));
#3206=DIRECTION('',(1.0,0.0,0.0));
#3207=ORIENTED_EDGE('',*,*,#8369,.F.);
#3208=ORIENTED_EDGE('',*,*,#8370,.F.);
#3209=ORIENTED_EDGE('',*,*,#8371,.F.);
#3210=ORIENTED_EDGE('',*,*,#8372,.F.);
#3211=ORIENTED_EDGE('',*,*,#8373,.F.);
#3212=ORIENTED_EDGE('',*,*,#8374,.F.);
#3213=ORIENTED_EDGE('',*,*,#8375,.F.);
#3214=ORIENTED_EDGE('',*,*,#8376,.F.);
#3215=ORIENTED_EDGE('',*,*,#8377,.F.);
#3216=ORIENTED_EDGE('',*,*,#8378,.F.);
#3217=ORIENTED_EDGE('',*,*,#8379,.F.);
#3218=ORIENTED_EDGE('',*,*,#8380,.F.);
#3219=ORIENTED_EDGE('',*,*,#8381,.F.);
#3220=ORIENTED_EDGE('',*,*,#8382,.F.);
#3221=ORIENTED_EDGE('',*,*,#8383,.F.);
#3222=ORIENTED_EDGE('',*,*,#8384,.F.);
#3223=ORIENTED_EDGE('',*,*,#8385,.F.);
#3224=ORIENTED_EDGE('',*,*,#8386,.F.);
#3225=ORIENTED_EDGE('',*,*,#8387,.F.);
#3226=ORIENTED_EDGE('',*,*,#8388,.F.);
#3227=CARTESIAN_POINT('',(0.0,0.0,0.0));
#3228=DIRECTION('',(0.0,0.0,1.0));
#3229=DIRECTION('',(1.0,0.0,0.0));
#3230=ORIENTED_EDGE('',*,*,#8389,.F.);
#3231=ORIENTED_EDGE('',*,*,#8390,.F.);
#3232=ORIENTED_EDGE('',*,*,#8391,.F.);
#3233=ORIENTED_EDGE('',*,*,#8392,.F.);
#3234=ORIENTED_EDGE('',*,*,#8393,.F.);
#3235=ORIENTED_EDGE('',*,*,#8394,.F.);
#3236=ORIENTED_EDGE('',*,*,#8395,.F.);
#3237=ORIENTED_EDGE('',*,*,#8396,.F.);
#3238=ORIENTED_EDGE('',*,*,#8397,.F.);
#3239=ORIENTED_EDGE('',*,*,#8398,.F.);
#3240=CARTESIAN_POINT('',(0.0,0.0,0.0));
#3241=DIRECTION('',(0.0,0.0,1.0));
#3242=DIRECTION('',(1.0,0.0,0.0));
#3243=ORIENTED_EDGE('',*,*,#8399,.T.);
#3244=ORIENTED_EDGE('',*,*,#8400,.T.);
#3245=ORIENTED_EDGE('',*,*,#8401,.F.);
#3246=ORIENTED_EDGE('',*,*,#8402,.F.);
#3247=ORIENTED_EDGE('',*,*,#8403,.F.);
#3248=ORIENTED_EDGE('',*,*,#8404,.F.);
#3249=ORIENTED_EDGE('',*,*,#8405,.F.);
#3250=ORIENTED_EDGE('',*,*,#8406,.F.);
#3251=ORIENTED_EDGE('',*,*,#8407,.F.);
#3252=ORIENTED_EDGE('',*,*,#8408,.F.);
#3253=ORIENTED_EDGE('',*,*,#8409,.F.);
#3254=ORIENTED_EDGE('',*,*,#8410,.F.);
#3255=ORIENTED_EDGE('',*,*,#8411,.F.);
#3256=ORIENTED_EDGE('',*,*,#8412,.F.);
#3257=ORIENTED_EDGE('',*,*,#8413,.F.);
#3258=ORIENTED_EDGE('',*,*,#8414,.F.);
#3259=ORIENTED_EDGE('',*,*,#8415,.F.);
#3260=ORIENTED_EDGE('',*,*,#8416,.F.);
#3261=CARTESIAN_POINT('',(0.0,0.0,0.0));
#3262=DIRECTION('',(0.0,0.0,1.0));
#3263=DIRECTION('',(1.0,0.0,0.0));
#3264=ORIENTED_EDGE('',*,*,#8417,.F.);
#3265=ORIENTED_EDGE('',*,*,#8418,.F.);
#3266=ORIENTED_EDGE('',*,*,#8419,.T.);
#3267=ORIENTED_EDGE('',*,*,#8420,.T.);
#3268=ORIENTED_EDGE('',*,*,#8421,.F.);
#3269=ORIENTED_EDGE('',*,*,#8422,.T.);
#3270=ORIENTED_EDGE('',*,*,#8423,.T.);
#3271=ORIENTED_EDGE('',*,*,#8424,.F.);
#3272=ORIENTED_EDGE('',*,*,#8425,.F.);
#3273=ORIENTED_EDGE('',*,*,#8426,.F.);
#3274=ORIENTED_EDGE('',*,*,#8427,.T.);
#3275=ORIENTED_EDGE('',*,*,#8428,.T.);
#3276=ORIENTED_EDGE('',*,*,#8429,.F.);
#3277=ORIENTED_EDGE('',*,*,#8430,.T.);
#3278=ORIENTED_EDGE('',*,*,#8431,.T.);
#3279=ORIENTED_EDGE('',*,*,#8432,.F.);
#3280=ORIENTED_EDGE('',*,*,#8433,.F.);
#3281=ORIENTED_EDGE('',*,*,#8434,.F.);
#3282=ORIENTED_EDGE('',*,*,#8435,.T.);
#3283=ORIENTED_EDGE('',*,*,#8436,.T.);
#3284=ORIENTED_EDGE('',*,*,#8437,.F.);
#3285=ORIENTED_EDGE('',*,*,#8438,.F.);
#3286=ORIENTED_EDGE('',*,*,#8439,.F.);
#3287=ORIENTED_EDGE('',*,*,#8440,.F.);
#3288=ORIENTED_EDGE('',*,*,#8441,.F.);
#3289=ORIENTED_EDGE('',*,*,#8442,.F.);
#3290=ORIENTED_EDGE('',*,*,#8443,.T.);
#3291=ORIENTED_EDGE('',*,*,#8444,.T.);
#3292=ORIENTED_EDGE('',*,*,#8445,.F.);
#3293=ORIENTED_EDGE('',*,*,#8446,.T.);
#3294=ORIENTED_EDGE('',*,*,#8447,.T.);
#3295=ORIENTED_EDGE('',*,*,#8448,.F.);
#3296=ORIENTED_EDGE('',*,*,#8449,.F.);
#3297=ORIENTED_EDGE('',*,*,#8450,.F.);
#3298=ORIENTED_EDGE('',*,*,#8451,.F.);
#3299=ORIENTED_EDGE('',*,*,#8452,.F.);
#3300=ORIENTED_EDGE('',*,*,#8453,.F.);
#3301=ORIENTED_EDGE('',*,*,#8454,.F.);
#3302=ORIENTED_EDGE('',*,*,#8455,.F.);
#3303=ORIENTED_EDGE('',*,*,#8456,.F.);
#3304=ORIENTED_EDGE('',*,*,#8457,.F.);
#3305=ORIENTED_EDGE('',*,*,#8458,.F.);
#3306=ORIENTED_EDGE('',*,*,#8459,.F.);
#3307=ORIENTED_EDGE('',*,*,#8460,.F.);
#3308=ORIENTED_EDGE('',*,*,#8461,.F.);
#3309=ORIENTED_EDGE('',*,*,#8462,.F.);
#3310=ORIENTED_EDGE('',*,*,#8463,.F.);
#3311=ORIENTED_EDGE('',*,*,#8464,.F.);
#3312=ORIENTED_EDGE('',*,*,#8465,.F.);
#3313=ORIENTED_EDGE('',*,*,#8466,.F.);
#3314=ORIENTED_EDGE('',*,*,#8467,.F.);
#3315=ORIENTED_EDGE('',*,*,#8468,.F.);
#3316=ORIENTED_EDGE('',*,*,#8469,.F.);
#3317=ORIENTED_EDGE('',*,*,#8470,.F.);
#3318=ORIENTED_EDGE('',*,*,#8471,.F.);
#3319=ORIENTED_EDGE('',*,*,#8472,.F.);
#3320=ORIENTED_EDGE('',*,*,#8473,.F.);
#3321=ORIENTED_EDGE('',*,*,#8474,.F.);
#3322=ORIENTED_EDGE('',*,*,#8475,.F.);
#3323=ORIENTED_EDGE('',*,*,#8476,.F.);
#3324=ORIENTED_EDGE('',*,*,#8477,.F.);
#3325=ORIENTED_EDGE('',*,*,#8478,.F.);
#3326=ORIENTED_EDGE('',*,*,#8479,.F.);
#3327=ORIENTED_EDGE('',*,*,#8480,.F.);
#3328=ORIENTED_EDGE('',*,*,#8481,.F.);
#3329=ORIENTED_EDGE('',*,*,#8482,.F.);
#3330=ORIENTED_EDGE('',*,*,#8483,.F.);
#3331=ORIENTED_EDGE('',*,*,#8484,.F.);
#3332=ORIENTED_EDGE('',*,*,#8485,.F.);
#3333=ORIENTED_EDGE('',*,*,#8486,.F.);
#3334=ORIENTED_EDGE('',*,*,#8487,.F.);
#3335=ORIENTED_EDGE('',*,*,#8488,.F.);
#3336=ORIENTED_EDGE('',*,*,#8489,.F.);
#3337=ORIENTED_EDGE('',*,*,#8490,.F.);
#3338=ORIENTED_EDGE('',*,*,#8491,.F.);
#3339=ORIENTED_EDGE('',*,*,#8492,.F.);
#3340=ORIENTED_EDGE('',*,*,#8493,.F.);
#3341=ORIENTED_EDGE('',*,*,#8494,.F.);
#3342=ORIENTED_EDGE('',*,*,#8495,.F.);
#3343=ORIENTED_EDGE('',*,*,#8496,.F.);
#3344=ORIENTED_EDGE('',*,*,#8497,.F.);
#3345=ORIENTED_EDGE('',*,*,#8498,.F.);
#3346=ORIENTED_EDGE('',*,*,#8499,.F.);
#3347=ORIENTED_EDGE('',*,*,#8500,.F.);
#3348=ORIENTED_EDGE('',*,*,#8501,.F.);
#3349=ORIENTED_EDGE('',*,*,#8502,.F.);
#3350=ORIENTED_EDGE('',*,*,#8503,.F.);
#3351=ORIENTED_EDGE('',*,*,#8504,.F.);
#3352=ORIENTED_EDGE('',*,*,#8505,.F.);
#3353=ORIENTED_EDGE('',*,*,#8506,.F.);
#3354=ORIENTED_EDGE('',*,*,#8507,.F.);
#3355=ORIENTED_EDGE('',*,*,#8508,.F.);
#3356=ORIENTED_EDGE('',*,*,#8509,.F.);
#3357=ORIENTED_EDGE('',*,*,#8510,.F.);
#3358=ORIENTED_EDGE('',*,*,#8511,.F.);
#3359=ORIENTED_EDGE('',*,*,#8512,.F.);
#3360=ORIENTED_EDGE('',*,*,#8513,.F.);
#3361=ORIENTED_EDGE('',*,*,#8514,.F.);
#3362=ORIENTED_EDGE('',*,*,#8515,.F.);
#3363=ORIENTED_EDGE('',*,*,#8516,.F.);
#3364=ORIENTED_EDGE('',*,*,#8517,.F.);
#3365=ORIENTED_EDGE('',*,*,#8518,.F.);
#3366=ORIENTED_EDGE('',*,*,#8519,.F.);
#3367=ORIENTED_EDGE('',*,*,#8520,.F.);
#3368=ORIENTED_EDGE('',*,*,#8521,.F.);
#3369=ORIENTED_EDGE('',*,*,#8522,.F.);
#3370=ORIENTED_EDGE('',*,*,#8523,.F.);
#3371=ORIENTED_EDGE('',*,*,#8524,.F.);
#3372=ORIENTED_EDGE('',*,*,#8525,.F.);
#3373=ORIENTED_EDGE('',*,*,#8526,.F.);
#3374=ORIENTED_EDGE('',*,*,#8527,.F.);
#3375=ORIENTED_EDGE('',*,*,#8528,.F.);
#3376=ORIENTED_EDGE('',*,*,#8529,.F.);
#3377=ORIENTED_EDGE('',*,*,#8530,.F.);
#3378=ORIENTED_EDGE('',*,*,#8531,.F.);
#3379=ORIENTED_EDGE('',*,*,#8532,.F.);
#3380=ORIENTED_EDGE('',*,*,#8533,.F.);
#3381=ORIENTED_EDGE('',*,*,#8534,.F.);
#3382=ORIENTED_EDGE('',*,*,#8535,.F.);
#3383=ORIENTED_EDGE('',*,*,#8536,.F.);
#3384=ORIENTED_EDGE('',*,*,#8537,.F.);
#3385=ORIENTED_EDGE('',*,*,#8538,.F.);
#3386=ORIENTED_EDGE('',*,*,#8539,.F.);
#3387=ORIENTED_EDGE('',*,*,#8540,.F.);
#3388=ORIENTED_EDGE('',*,*,#8541,.F.);
#3389=ORIENTED_EDGE('',*,*,#8542,.F.);
#3390=ORIENTED_EDGE('',*,*,#8543,.F.);
#3391=ORIENTED_EDGE('',*,*,#8544,.F.);
#3392=ORIENTED_EDGE('',*,*,#8545,.F.);
#3393=ORIENTED_EDGE('',*,*,#8546,.F.);
#3394=ORIENTED_EDGE('',*,*,#8547,.F.);
#3395=ORIENTED_EDGE('',*,*,#8548,.F.);
#3396=ORIENTED_EDGE('',*,*,#8549,.F.);
#3397=ORIENTED_EDGE('',*,*,#8550,.F.);
#3398=ORIENTED_EDGE('',*,*,#8551,.F.);
#3399=ORIENTED_EDGE('',*,*,#8552,.F.);
#3400=ORIENTED_EDGE('',*,*,#8553,.F.);
#3401=ORIENTED_EDGE('',*,*,#8554,.F.);
#3402=ORIENTED_EDGE('',*,*,#8555,.F.);
#3403=ORIENTED_EDGE('',*,*,#8556,.F.);
#3404=ORIENTED_EDGE('',*,*,#8557,.F.);
#3405=ORIENTED_EDGE('',*,*,#8558,.F.);
#3406=ORIENTED_EDGE('',*,*,#8559,.F.);
#3407=ORIENTED_EDGE('',*,*,#8560,.F.);
#3408=ORIENTED_EDGE('',*,*,#8561,.F.);
#3409=ORIENTED_EDGE('',*,*,#8562,.F.);
#3410=ORIENTED_EDGE('',*,*,#8563,.F.);
#3411=ORIENTED_EDGE('',*,*,#8564,.F.);
#3412=ORIENTED_EDGE('',*,*,#8565,.F.);
#3413=ORIENTED_EDGE('',*,*,#8566,.F.);
#3414=ORIENTED_EDGE('',*,*,#8567,.F.);
#3415=ORIENTED_EDGE('',*,*,#8568,.F.);
#3416=ORIENTED_EDGE('',*,*,#8569,.F.);
#3417=ORIENTED_EDGE('',*,*,#8570,.F.);
#3418=ORIENTED_EDGE('',*,*,#8571,.F.);
#3419=ORIENTED_EDGE('',*,*,#8572,.F.);
#3420=ORIENTED_EDGE('',*,*,#8573,.F.);
#3421=ORIENTED_EDGE('',*,*,#8574,.F.);
#3422=ORIENTED_EDGE('',*,*,#8575,.F.);
#3423=ORIENTED_EDGE('',*,*,#8576,.F.);
#3424=ORIENTED_EDGE('',*,*,#8577,.F.);
#3425=ORIENTED_EDGE('',*,*,#8578,.F.);
#3426=ORIENTED_EDGE('',*,*,#8579,.F.);
#3427=ORIENTED_EDGE('',*,*,#8580,.F.);
#3428=ORIENTED_EDGE('',*,*,#8581,.F.);
#3429=ORIENTED_EDGE('',*,*,#8582,.F.);
#3430=ORIENTED_EDGE('',*,*,#8583,.F.);
#3431=ORIENTED_EDGE('',*,*,#8584,.F.);
#3432=ORIENTED_EDGE('',*,*,#8585,.F.);
#3433=ORIENTED_EDGE('',*,*,#8586,.F.);
#3434=ORIENTED_EDGE('',*,*,#8587,.F.);
#3435=ORIENTED_EDGE('',*,*,#8588,.F.);
#3436=ORIENTED_EDGE('',*,*,#8589,.F.);
#3437=ORIENTED_EDGE('',*,*,#8590,.F.);
#3438=ORIENTED_EDGE('',*,*,#8591,.F.);
#3439=ORIENTED_EDGE('',*,*,#8592,.F.);
#3440=ORIENTED_EDGE('',*,*,#8593,.F.);
#3441=ORIENTED_EDGE('',*,*,#8594,.F.);
#3442=ORIENTED_EDGE('',*,*,#8595,.F.);
#3443=ORIENTED_EDGE('',*,*,#8596,.F.);
#3444=ORIENTED_EDGE('',*,*,#8597,.F.);
#3445=ORIENTED_EDGE('',*,*,#8598,.F.);
#3446=ORIENTED_EDGE('',*,*,#8599,.F.);
#3447=ORIENTED_EDGE('',*,*,#8600,.F.);
#3448=ORIENTED_EDGE('',*,*,#8601,.F.);
#3449=ORIENTED_EDGE('',*,*,#8602,.F.);
#3450=ORIENTED_EDGE('',*,*,#8603,.F.);
#3451=ORIENTED_EDGE('',*,*,#8604,.F.);
#3452=ORIENTED_EDGE('',*,*,#8605,.F.);
#3453=ORIENTED_EDGE('',*,*,#8606,.F.);
#3454=ORIENTED_EDGE('',*,*,#8607,.F.);
#3455=ORIENTED_EDGE('',*,*,#8608,.F.);
#3456=ORIENTED_EDGE('',*,*,#8609,.F.);
#3457=ORIENTED_EDGE('',*,*,#8610,.F.);
#3458=ORIENTED_EDGE('',*,*,#8611,.F.);
#3459=ORIENTED_EDGE('',*,*,#8612,.F.);
#3460=ORIENTED_EDGE('',*,*,#8613,.F.);
#3461=ORIENTED_EDGE('',*,*,#8614,.F.);
#3462=ORIENTED_EDGE('',*,*,#8615,.F.);
#3463=ORIENTED_EDGE('',*,*,#8616,.F.);
#3464=ORIENTED_EDGE('',*,*,#8617,.F.);
#3465=ORIENTED_EDGE('',*,*,#8618,.F.);
#3466=ORIENTED_EDGE('',*,*,#8619,.F.);
#3467=ORIENTED_EDGE('',*,*,#8620,.F.);
#3468=ORIENTED_EDGE('',*,*,#8621,.F.);
#3469=ORIENTED_EDGE('',*,*,#8622,.F.);
#3470=ORIENTED_EDGE('',*,*,#8623,.F.);
#3471=ORIENTED_EDGE('',*,*,#8624,.F.);
#3472=ORIENTED_EDGE('',*,*,#8625,.F.);
#3473=ORIENTED_EDGE('',*,*,#8626,.F.);
#3474=ORIENTED_EDGE('',*,*,#8627,.F.);
#3475=ORIENTED_EDGE('',*,*,#8628,.F.);
#3476=ORIENTED_EDGE('',*,*,#8629,.F.);
#3477=ORIENTED_EDGE('',*,*,#8630,.F.);
#3478=ORIENTED_EDGE('',*,*,#8631,.F.);
#3479=ORIENTED_EDGE('',*,*,#8632,.F.);
#3480=ORIENTED_EDGE('',*,*,#8633,.F.);
#3481=ORIENTED_EDGE('',*,*,#8634,.F.);
#3482=ORIENTED_EDGE('',*,*,#8635,.F.);
#3483=ORIENTED_EDGE('',*,*,#8636,.F.);
#3484=ORIENTED_EDGE('',*,*,#8637,.F.);
#3485=ORIENTED_EDGE('',*,*,#8638,.F.);
#3486=ORIENTED_EDGE('',*,*,#8639,.F.);
#3487=ORIENTED_EDGE('',*,*,#8640,.F.);
#3488=ORIENTED_EDGE('',*,*,#8641,.F.);
#3489=ORIENTED_EDGE('',*,*,#8642,.F.);
#3490=ORIENTED_EDGE('',*,*,#8643,.F.);
#3491=ORIENTED_EDGE('',*,*,#8644,.F.);
#3492=ORIENTED_EDGE('',*,*,#8645,.F.);
#3493=ORIENTED_EDGE('',*,*,#8646,.F.);
#3494=ORIENTED_EDGE('',*,*,#8647,.F.);
#3495=ORIENTED_EDGE('',*,*,#8648,.F.);
#3496=ORIENTED_EDGE('',*,*,#8649,.F.);
#3497=ORIENTED_EDGE('',*,*,#8650,.F.);
#3498=ORIENTED_EDGE('',*,*,#8651,.F.);
#3499=ORIENTED_EDGE('',*,*,#8652,.F.);
#3500=ORIENTED_EDGE('',*,*,#8653,.F.);
#3501=ORIENTED_EDGE('',*,*,#8654,.F.);
#3502=ORIENTED_EDGE('',*,*,#8655,.F.);
#3503=ORIENTED_EDGE('',*,*,#8656,.F.);
#3504=ORIENTED_EDGE('',*,*,#8657,.F.);
#3505=ORIENTED_EDGE('',*,*,#8658,.F.);
#3506=ORIENTED_EDGE('',*,*,#8659,.F.);
#3507=ORIENTED_EDGE('',*,*,#8660,.F.);
#3508=ORIENTED_EDGE('',*,*,#8661,.F.);
#3509=ORIENTED_EDGE('',*,*,#8662,.F.);
#3510=ORIENTED_EDGE('',*,*,#8663,.F.);
#3511=ORIENTED_EDGE('',*,*,#8664,.F.);
#3512=ORIENTED_EDGE('',*,*,#8665,.F.);
#3513=ORIENTED_EDGE('',*,*,#8666,.F.);
#3514=ORIENTED_EDGE('',*,*,#8667,.F.);
#3515=ORIENTED_EDGE('',*,*,#8668,.F.);
#3516=ORIENTED_EDGE('',*,*,#8286,.F.);
#3517=ORIENTED_EDGE('',*,*,#8669,.F.);
#3518=ORIENTED_EDGE('',*,*,#8670,.F.);
#3519=ORIENTED_EDGE('',*,*,#8671,.F.);
#3520=ORIENTED_EDGE('',*,*,#8672,.F.);
#3521=ORIENTED_EDGE('',*,*,#8673,.F.);
#3522=ORIENTED_EDGE('',*,*,#8674,.F.);
#3523=ORIENTED_EDGE('',*,*,#8675,.F.);
#3524=ORIENTED_EDGE('',*,*,#8676,.F.);
#3525=ORIENTED_EDGE('',*,*,#8677,.F.);
#3526=ORIENTED_EDGE('',*,*,#8678,.F.);
#3527=ORIENTED_EDGE('',*,*,#8679,.F.);
#3528=ORIENTED_EDGE('',*,*,#8680,.F.);
#3529=ORIENTED_EDGE('',*,*,#8681,.F.);
#3530=ORIENTED_EDGE('',*,*,#8682,.F.);
#3531=ORIENTED_EDGE('',*,*,#8683,.F.);
#3532=ORIENTED_EDGE('',*,*,#8684,.F.);
#3533=ORIENTED_EDGE('',*,*,#8685,.F.);
#3534=ORIENTED_EDGE('',*,*,#8686,.F.);
#3535=ORIENTED_EDGE('',*,*,#8687,.F.);
#3536=ORIENTED_EDGE('',*,*,#8688,.F.);
#3537=ORIENTED_EDGE('',*,*,#8689,.F.);
#3538=ORIENTED_EDGE('',*,*,#8690,.F.);
#3539=ORIENTED_EDGE('',*,*,#8691,.F.);
#3540=ORIENTED_EDGE('',*,*,#8692,.F.);
#3541=ORIENTED_EDGE('',*,*,#8693,.F.);
#3542=ORIENTED_EDGE('',*,*,#8694,.F.);
#3543=ORIENTED_EDGE('',*,*,#8695,.F.);
#3544=ORIENTED_EDGE('',*,*,#8696,.F.);
#3545=ORIENTED_EDGE('',*,*,#8697,.F.);
#3546=ORIENTED_EDGE('',*,*,#8698,.F.);
#3547=ORIENTED_EDGE('',*,*,#8699,.F.);
#3548=ORIENTED_EDGE('',*,*,#8700,.F.);
#3549=ORIENTED_EDGE('',*,*,#8701,.F.);
#3550=ORIENTED_EDGE('',*,*,#8702,.F.);
#3551=ORIENTED_EDGE('',*,*,#8703,.F.);
#3552=ORIENTED_EDGE('',*,*,#8704,.F.);
#3553=ORIENTED_EDGE('',*,*,#8705,.F.);
#3554=ORIENTED_EDGE('',*,*,#8706,.F.);
#3555=ORIENTED_EDGE('',*,*,#8707,.F.);
#3556=ORIENTED_EDGE('',*,*,#8708,.F.);
#3557=ORIENTED_EDGE('',*,*,#8709,.F.);
#3558=ORIENTED_EDGE('',*,*,#8710,.F.);
#3559=ORIENTED_EDGE('',*,*,#8711,.F.);
#3560=ORIENTED_EDGE('',*,*,#8712,.F.);
#3561=ORIENTED_EDGE('',*,*,#8713,.F.);
#3562=ORIENTED_EDGE('',*,*,#8714,.F.);
#3563=ORIENTED_EDGE('',*,*,#8715,.F.);
#3564=ORIENTED_EDGE('',*,*,#8716,.F.);
#3565=ORIENTED_EDGE('',*,*,#8717,.F.);
#3566=ORIENTED_EDGE('',*,*,#8718,.F.);
#3567=ORIENTED_EDGE('',*,*,#8719,.F.);
#3568=ORIENTED_EDGE('',*,*,#8720,.F.);
#3569=ORIENTED_EDGE('',*,*,#8721,.F.);
#3570=ORIENTED_EDGE('',*,*,#8722,.F.);
#3571=ORIENTED_EDGE('',*,*,#8723,.F.);
#3572=ORIENTED_EDGE('',*,*,#8724,.F.);
#3573=ORIENTED_EDGE('',*,*,#8725,.F.);
#3574=ORIENTED_EDGE('',*,*,#8726,.F.);
#3575=ORIENTED_EDGE('',*,*,#8727,.F.);
#3576=ORIENTED_EDGE('',*,*,#8728,.F.);
#3577=ORIENTED_EDGE('',*,*,#8729,.F.);
#3578=ORIENTED_EDGE('',*,*,#8730,.F.);
#3579=ORIENTED_EDGE('',*,*,#8731,.F.);
#3580=ORIENTED_EDGE('',*,*,#8732,.F.);
#3581=ORIENTED_EDGE('',*,*,#8733,.F.);
#3582=ORIENTED_EDGE('',*,*,#8734,.F.);
#3583=ORIENTED_EDGE('',*,*,#8735,.F.);
#3584=ORIENTED_EDGE('',*,*,#8736,.F.);
#3585=ORIENTED_EDGE('',*,*,#8737,.F.);
#3586=ORIENTED_EDGE('',*,*,#8738,.F.);
#3587=ORIENTED_EDGE('',*,*,#8739,.F.);
#3588=ORIENTED_EDGE('',*,*,#8740,.F.);
#3589=ORIENTED_EDGE('',*,*,#8741,.F.);
#3590=ORIENTED_EDGE('',*,*,#8742,.F.);
#3591=ORIENTED_EDGE('',*,*,#8743,.F.);
#3592=ORIENTED_EDGE('',*,*,#8744,.F.);
#3593=ORIENTED_EDGE('',*,*,#8745,.F.);
#3594=ORIENTED_EDGE('',*,*,#8746,.F.);
#3595=ORIENTED_EDGE('',*,*,#8747,.F.);
#3596=ORIENTED_EDGE('',*,*,#8748,.F.);
#3597=ORIENTED_EDGE('',*,*,#8749,.F.);
#3598=ORIENTED_EDGE('',*,*,#8750,.F.);
#3599=ORIENTED_EDGE('',*,*,#8751,.F.);
#3600=ORIENTED_EDGE('',*,*,#8752,.F.);
#3601=ORIENTED_EDGE('',*,*,#8753,.F.);
#3602=ORIENTED_EDGE('',*,*,#8754,.F.);
#3603=ORIENTED_EDGE('',*,*,#8755,.F.);
#3604=ORIENTED_EDGE('',*,*,#8756,.F.);
#3605=ORIENTED_EDGE('',*,*,#8757,.F.);
#3606=ORIENTED_EDGE('',*,*,#8758,.F.);
#3607=ORIENTED_EDGE('',*,*,#8759,.F.);
#3608=ORIENTED_EDGE('',*,*,#8760,.F.);
#3609=ORIENTED_EDGE('',*,*,#8761,.F.);
#3610=ORIENTED_EDGE('',*,*,#8762,.F.);
#3611=ORIENTED_EDGE('',*,*,#8763,.F.);
#3612=ORIENTED_EDGE('',*,*,#8764,.F.);
#3613=ORIENTED_EDGE('',*,*,#8765,.F.);
#3614=ORIENTED_EDGE('',*,*,#8766,.F.);
#3615=ORIENTED_EDGE('',*,*,#8767,.F.);
#3616=ORIENTED_EDGE('',*,*,#8768,.F.);
#3617=ORIENTED_EDGE('',*,*,#8769,.F.);
#3618=ORIENTED_EDGE('',*,*,#8770,.F.);
#3619=ORIENTED_EDGE('',*,*,#8771,.F.);
#3620=ORIENTED_EDGE('',*,*,#8772,.F.);
#3621=ORIENTED_EDGE('',*,*,#8773,.F.);
#3622=ORIENTED_EDGE('',*,*,#8774,.F.);
#3623=ORIENTED_EDGE('',*,*,#8775,.F.);
#3624=ORIENTED_EDGE('',*,*,#8776,.F.);
#3625=ORIENTED_EDGE('',*,*,#8777,.F.);
#3626=ORIENTED_EDGE('',*,*,#8778,.F.);
#3627=ORIENTED_EDGE('',*,*,#8779,.F.);
#3628=ORIENTED_EDGE('',*,*,#8780,.F.);
#3629=ORIENTED_EDGE('',*,*,#8781,.F.);
#3630=ORIENTED_EDGE('',*,*,#8782,.F.);
#3631=ORIENTED_EDGE('',*,*,#8783,.F.);
#3632=ORIENTED_EDGE('',*,*,#8784,.F.);
#3633=ORIENTED_EDGE('',*,*,#8785,.F.);
#3634=ORIENTED_EDGE('',*,*,#8786,.F.);
#3635=ORIENTED_EDGE('',*,*,#8787,.F.);
#3636=ORIENTED_EDGE('',*,*,#8788,.F.);
#3637=CARTESIAN_POINT('',(0.0,0.0,0.0));
#3638=DIRECTION('',(0.0,0.0,1.0));
#3639=DIRECTION('',(1.0,0.0,0.0));
#3640=ORIENTED_EDGE('',*,*,#8789,.T.);
#3641=ORIENTED_EDGE('',*,*,#8790,.F.);
#3642=ORIENTED_EDGE('',*,*,#8791,.F.);
#3643=ORIENTED_EDGE('',*,*,#8467,.T.);
#3644=CARTESIAN_POINT('',(0.503174441336176,2.41105180269447,0.0));
#3645=DIRECTION('',(-0.628696684058915,-0.777650615285119,0.0));
#3646=DIRECTION('',(-0.777650615285119,0.628696684058915,0.0));
#3647=ORIENTED_EDGE('',*,*,#8791,.T.);
#3648=ORIENTED_EDGE('',*,*,#8792,.F.);
#3649=ORIENTED_EDGE('',*,*,#8793,.F.);
#3650=ORIENTED_EDGE('',*,*,#8449,.T.);
#3651=CARTESIAN_POINT('',(0.465617128995528,2.40763229110196,0.0));
#3652=DIRECTION('',(-0.0906727750758232,0.995880739777635,0.0));
#3653=DIRECTION('',(0.0,0.0,1.0));
#3654=ORIENTED_EDGE('',*,*,#8793,.T.);
#3655=ORIENTED_EDGE('',*,*,#8794,.F.);
#3656=ORIENTED_EDGE('',*,*,#8795,.F.);
#3657=ORIENTED_EDGE('',*,*,#8450,.T.);
#3658=CARTESIAN_POINT('',(0.398993636131274,2.36859134613118,0.0));
#3659=DIRECTION('',(-0.505582574978807,0.862778221722013,0.0));
#3660=DIRECTION('',(0.0,0.0,1.0));
#3661=ORIENTED_EDGE('',*,*,#8795,.T.);
#3662=ORIENTED_EDGE('',*,*,#8796,.F.);
#3663=ORIENTED_EDGE('',*,*,#8797,.F.);
#3664=ORIENTED_EDGE('',*,*,#8451,.T.);
#3665=CARTESIAN_POINT('',(0.369927449843646,2.33296989375218,0.0));
#3666=DIRECTION('',(-0.774794909614783,0.632212660451386,0.0));
#3667=DIRECTION('',(0.0,0.0,1.0));
#3668=ORIENTED_EDGE('',*,*,#8797,.T.);
#3669=ORIENTED_EDGE('',*,*,#8798,.F.);
#3670=ORIENTED_EDGE('',*,*,#8799,.F.);
#3671=ORIENTED_EDGE('',*,*,#8452,.T.);
#3672=CARTESIAN_POINT('',(0.349352353297452,2.26514655310017,0.0));
#3673=DIRECTION('',(-0.956935980895086,0.290299032840896,0.0));
#3674=DIRECTION('',(0.0,0.0,1.0));
#3675=ORIENTED_EDGE('',*,*,#8799,.T.);
#3676=ORIENTED_EDGE('',*,*,#8800,.F.);
#3677=ORIENTED_EDGE('',*,*,#8801,.F.);
#3678=ORIENTED_EDGE('',*,*,#8453,.T.);
#3679=CARTESIAN_POINT('',(0.353728415083792,2.21937996819639,0.0));
#3680=DIRECTION('',(-0.995459806616843,-0.0951828419955941,0.0));
#3681=DIRECTION('',(-0.0951828419955941,0.995459806616843,0.0));
#3682=ORIENTED_EDGE('',*,*,#8801,.T.);
#3683=ORIENTED_EDGE('',*,*,#8802,.F.);
#3684=ORIENTED_EDGE('',*,*,#8803,.F.);
#3685=ORIENTED_EDGE('',*,*,#8454,.T.);
#3686=CARTESIAN_POINT('',(0.3874317520336,2.14990356337401,0.0));
#3687=DIRECTION('',(-0.899723559930618,-0.436460210907909,0.0));
#3688=DIRECTION('',(-0.436460210907909,0.899723559930618,0.0));
#3689=ORIENTED_EDGE('',*,*,#8803,.T.);
#3690=ORIENTED_EDGE('',*,*,#8804,.F.);
#3691=ORIENTED_EDGE('',*,*,#8805,.F.);
#3692=ORIENTED_EDGE('',*,*,#8455,.T.);
#3693=CARTESIAN_POINT('',(0.441971231248556,2.08891925685697,0.0));
#3694=DIRECTION('',(-0.745395728823703,-0.666622237441402,0.0));
#3695=DIRECTION('',(-0.666622237441402,0.745395728823702,0.0));
#3696=ORIENTED_EDGE('',*,*,#8805,.T.);
#3697=ORIENTED_EDGE('',*,*,#8806,.F.);
#3698=ORIENTED_EDGE('',*,*,#8807,.F.);
#3699=ORIENTED_EDGE('',*,*,#8456,.T.);
#3700=CARTESIAN_POINT('',(0.521461920238158,2.04999170345035,0.0));
#3701=DIRECTION('',(-0.439806746612677,-0.898092437132154,0.0));
#3702=DIRECTION('',(-0.898092437132154,0.439806746612677,0.0));
#3703=ORIENTED_EDGE('',*,*,#8807,.T.);
#3704=ORIENTED_EDGE('',*,*,#8808,.F.);
#3705=ORIENTED_EDGE('',*,*,#8809,.F.);
#3706=ORIENTED_EDGE('',*,*,#8457,.T.);
#3707=CARTESIAN_POINT('',(0.922769245258174,1.92824988304523,0.0));
#3708=DIRECTION('',(-0.290299032840896,-0.956935980895086,0.0));
#3709=DIRECTION('',(-0.956935980895086,0.290299032840896,0.0));
#3710=ORIENTED_EDGE('',*,*,#8809,.T.);
#3711=ORIENTED_EDGE('',*,*,#8810,.F.);
#3712=ORIENTED_EDGE('',*,*,#8811,.F.);
#3713=ORIENTED_EDGE('',*,*,#8458,.T.);
#3714=CARTESIAN_POINT('',(1.11617517584711,2.56578936117454,0.0));
#3715=DIRECTION('',(0.956935980895086,-0.290299032840896,0.0));
#3716=DIRECTION('',(0.0,0.0,-1.0));
#3717=ORIENTED_EDGE('',*,*,#8811,.T.);
#3718=ORIENTED_EDGE('',*,*,#8812,.F.);
#3719=ORIENTED_EDGE('',*,*,#8813,.F.);
#3720=ORIENTED_EDGE('',*,*,#8459,.T.);
#3721=CARTESIAN_POINT('',(0.714867850827098,2.68753118157916,0.0));
#3722=DIRECTION('',(0.290299032840896,0.956935980895086,0.0));
#3723=DIRECTION('',(0.0,0.0,-1.0));
#3724=ORIENTED_EDGE('',*,*,#8813,.T.);
#3725=ORIENTED_EDGE('',*,*,#8814,.F.);
#3726=ORIENTED_EDGE('',*,*,#8815,.F.);
#3727=ORIENTED_EDGE('',*,*,#8460,.T.);
#3728=CARTESIAN_POINT('',(0.627147122858948,2.69932939753818,0.0));
#3729=DIRECTION('',(0.133297228671898,0.991076106476385,0.0));
#3730=DIRECTION('',(0.0,0.0,-1.0));
#3731=ORIENTED_EDGE('',*,*,#8815,.T.);
#3732=ORIENTED_EDGE('',*,*,#8816,.F.);
#3733=ORIENTED_EDGE('',*,*,#8817,.F.);
#3734=ORIENTED_EDGE('',*,*,#8461,.T.);
#3735=CARTESIAN_POINT('',(0.54791752670784,2.67892569171118,0.0));
#3736=DIRECTION('',(-0.249389333169204,0.968403304672914,0.0));
#3737=DIRECTION('',(0.0,0.0,1.0));
#3738=ORIENTED_EDGE('',*,*,#8817,.T.);
#3739=ORIENTED_EDGE('',*,*,#8818,.F.);
#3740=ORIENTED_EDGE('',*,*,#8819,.F.);
#3741=ORIENTED_EDGE('',*,*,#8462,.T.);
#3742=CARTESIAN_POINT('',(0.481294033843332,2.63988474674014,0.0));
#3743=DIRECTION('',(-0.505582574978807,0.862778221722013,0.0));
#3744=DIRECTION('',(0.0,0.0,1.0));
#3745=ORIENTED_EDGE('',*,*,#8819,.T.);
#3746=ORIENTED_EDGE('',*,*,#8820,.F.);
#3747=ORIENTED_EDGE('',*,*,#8821,.F.);
#3748=ORIENTED_EDGE('',*,*,#8463,.T.);
#3749=CARTESIAN_POINT('',(0.452227853319726,2.60426331336034,0.0));
#3750=DIRECTION('',(-0.774794805845107,0.632212787624106,0.0));
#3751=DIRECTION('',(0.0,0.0,1.0));
#3752=ORIENTED_EDGE('',*,*,#8821,.T.);
#3753=ORIENTED_EDGE('',*,*,#8822,.F.);
#3754=ORIENTED_EDGE('',*,*,#8823,.F.);
#3755=ORIENTED_EDGE('',*,*,#8464,.T.);
#3756=CARTESIAN_POINT('',(0.43576776455493,2.5500046028381,0.0));
#3757=DIRECTION('',(-0.956935980895086,0.290299032840896,0.0));
#3758=DIRECTION('',(0.0,0.0,1.0));
#3759=ORIENTED_EDGE('',*,*,#8823,.T.);
#3760=ORIENTED_EDGE('',*,*,#8824,.F.);
#3761=ORIENTED_EDGE('',*,*,#8825,.F.);
#3762=ORIENTED_EDGE('',*,*,#8465,.T.);
#3763=CARTESIAN_POINT('',(0.440143829223408,2.50423802743519,0.0));
#3764=DIRECTION('',(-0.995459798805311,-0.0951829236916411,0.0));
#3765=DIRECTION('',(-0.0951829236916411,0.995459798805311,0.0));
#3766=ORIENTED_EDGE('',*,*,#8825,.T.);
#3767=ORIENTED_EDGE('',*,*,#8826,.F.);
#3768=ORIENTED_EDGE('',*,*,#8789,.F.);
#3769=ORIENTED_EDGE('',*,*,#8466,.T.);
#3770=CARTESIAN_POINT('',(0.473847167613904,2.43476162736287,0.0));
#3771=DIRECTION('',(-0.899723540884488,-0.436460250169794,0.0));
#3772=DIRECTION('',(-0.436460250169794,0.899723540884488,0.0));
#3773=ORIENTED_EDGE('',*,*,#8826,.T.);
#3774=ORIENTED_EDGE('',*,*,#8824,.T.);
#3775=ORIENTED_EDGE('',*,*,#8822,.T.);
#3776=ORIENTED_EDGE('',*,*,#8820,.T.);
#3777=ORIENTED_EDGE('',*,*,#8818,.T.);
#3778=ORIENTED_EDGE('',*,*,#8816,.T.);
#3779=ORIENTED_EDGE('',*,*,#8814,.T.);
#3780=ORIENTED_EDGE('',*,*,#8812,.T.);
#3781=ORIENTED_EDGE('',*,*,#8810,.T.);
#3782=ORIENTED_EDGE('',*,*,#8808,.T.);
#3783=ORIENTED_EDGE('',*,*,#8806,.T.);
#3784=ORIENTED_EDGE('',*,*,#8804,.T.);
#3785=ORIENTED_EDGE('',*,*,#8802,.T.);
#3786=ORIENTED_EDGE('',*,*,#8800,.T.);
#3787=ORIENTED_EDGE('',*,*,#8798,.T.);
#3788=ORIENTED_EDGE('',*,*,#8796,.T.);
#3789=ORIENTED_EDGE('',*,*,#8794,.T.);
#3790=ORIENTED_EDGE('',*,*,#8792,.T.);
#3791=ORIENTED_EDGE('',*,*,#8790,.T.);
#3792=ORIENTED_EDGE('',*,*,#8827,.T.);
#3793=ORIENTED_EDGE('',*,*,#8828,.T.);
#3794=ORIENTED_EDGE('',*,*,#8829,.T.);
#3795=ORIENTED_EDGE('',*,*,#8830,.T.);
#3796=ORIENTED_EDGE('',*,*,#8831,.T.);
#3797=ORIENTED_EDGE('',*,*,#8832,.T.);
#3798=ORIENTED_EDGE('',*,*,#8833,.T.);
#3799=ORIENTED_EDGE('',*,*,#8834,.T.);
#3800=ORIENTED_EDGE('',*,*,#8835,.T.);
#3801=ORIENTED_EDGE('',*,*,#8836,.T.);
#3802=ORIENTED_EDGE('',*,*,#8837,.T.);
#3803=ORIENTED_EDGE('',*,*,#8838,.T.);
#3804=ORIENTED_EDGE('',*,*,#8839,.T.);
#3805=ORIENTED_EDGE('',*,*,#8840,.T.);
#3806=ORIENTED_EDGE('',*,*,#8841,.T.);
#3807=ORIENTED_EDGE('',*,*,#8842,.T.);
#3808=ORIENTED_EDGE('',*,*,#8843,.T.);
#3809=ORIENTED_EDGE('',*,*,#8844,.T.);
#3810=ORIENTED_EDGE('',*,*,#8845,.T.);
#3811=ORIENTED_EDGE('',*,*,#8846,.T.);
#3812=CARTESIAN_POINT('',(-3.937,4.7879,0.0127));
#3813=DIRECTION('',(0.0,0.0,-1.0));
#3814=DIRECTION('',(0.0,-1.0,0.0));
#3815=ORIENTED_EDGE('',*,*,#8847,.T.);
#3816=ORIENTED_EDGE('',*,*,#8848,.T.);
#3817=ORIENTED_EDGE('',*,*,#8849,.T.);
#3818=ORIENTED_EDGE('',*,*,#8850,.T.);
#3819=ORIENTED_EDGE('',*,*,#8851,.T.);
#3820=ORIENTED_EDGE('',*,*,#8852,.T.);
#3821=ORIENTED_EDGE('',*,*,#8853,.T.);
#3822=ORIENTED_EDGE('',*,*,#8854,.T.);
#3823=ORIENTED_EDGE('',*,*,#8855,.T.);
#3824=ORIENTED_EDGE('',*,*,#8856,.T.);
#3825=ORIENTED_EDGE('',*,*,#8857,.T.);
#3826=ORIENTED_EDGE('',*,*,#8858,.T.);
#3827=ORIENTED_EDGE('',*,*,#8859,.T.);
#3828=ORIENTED_EDGE('',*,*,#8860,.T.);
#3829=ORIENTED_EDGE('',*,*,#8861,.T.);
#3830=ORIENTED_EDGE('',*,*,#8862,.T.);
#3831=ORIENTED_EDGE('',*,*,#8863,.T.);
#3832=ORIENTED_EDGE('',*,*,#8864,.T.);
#3833=ORIENTED_EDGE('',*,*,#8865,.T.);
#3834=ORIENTED_EDGE('',*,*,#8866,.T.);
#3835=ORIENTED_EDGE('',*,*,#8867,.T.);
#3836=ORIENTED_EDGE('',*,*,#8868,.T.);
#3837=ORIENTED_EDGE('',*,*,#8869,.T.);
#3838=ORIENTED_EDGE('',*,*,#8870,.T.);
#3839=ORIENTED_EDGE('',*,*,#8871,.T.);
#3840=ORIENTED_EDGE('',*,*,#8872,.T.);
#3841=ORIENTED_EDGE('',*,*,#8873,.T.);
#3842=ORIENTED_EDGE('',*,*,#8874,.T.);
#3843=ORIENTED_EDGE('',*,*,#8875,.T.);
#3844=ORIENTED_EDGE('',*,*,#8876,.T.);
#3845=ORIENTED_EDGE('',*,*,#8877,.T.);
#3846=ORIENTED_EDGE('',*,*,#8878,.T.);
#3847=ORIENTED_EDGE('',*,*,#8879,.T.);
#3848=ORIENTED_EDGE('',*,*,#8880,.T.);
#3849=ORIENTED_EDGE('',*,*,#8881,.T.);
#3850=ORIENTED_EDGE('',*,*,#8882,.T.);
#3851=ORIENTED_EDGE('',*,*,#8883,.T.);
#3852=ORIENTED_EDGE('',*,*,#8884,.T.);
#3853=ORIENTED_EDGE('',*,*,#8885,.T.);
#3854=ORIENTED_EDGE('',*,*,#8886,.T.);
#3855=ORIENTED_EDGE('',*,*,#8887,.T.);
#3856=ORIENTED_EDGE('',*,*,#8888,.T.);
#3857=ORIENTED_EDGE('',*,*,#8889,.T.);
#3858=ORIENTED_EDGE('',*,*,#8890,.T.);
#3859=CARTESIAN_POINT('',(-3.937,4.7879,0.0127));
#3860=DIRECTION('',(0.0,0.0,-1.0));
#3861=DIRECTION('',(0.0,-1.0,0.0));
#3862=ORIENTED_EDGE('',*,*,#8891,.T.);
#3863=ORIENTED_EDGE('',*,*,#8892,.T.);
#3864=ORIENTED_EDGE('',*,*,#8893,.T.);
#3865=ORIENTED_EDGE('',*,*,#8894,.T.);
#3866=ORIENTED_EDGE('',*,*,#8895,.T.);
#3867=ORIENTED_EDGE('',*,*,#8896,.T.);
#3868=ORIENTED_EDGE('',*,*,#8897,.T.);
#3869=ORIENTED_EDGE('',*,*,#8898,.T.);
#3870=ORIENTED_EDGE('',*,*,#8899,.T.);
#3871=ORIENTED_EDGE('',*,*,#8900,.T.);
#3872=ORIENTED_EDGE('',*,*,#8901,.T.);
#3873=ORIENTED_EDGE('',*,*,#8902,.T.);
#3874=ORIENTED_EDGE('',*,*,#8903,.T.);
#3875=ORIENTED_EDGE('',*,*,#8904,.T.);
#3876=ORIENTED_EDGE('',*,*,#8905,.T.);
#3877=ORIENTED_EDGE('',*,*,#8906,.T.);
#3878=ORIENTED_EDGE('',*,*,#8907,.T.);
#3879=ORIENTED_EDGE('',*,*,#8908,.T.);
#3880=ORIENTED_EDGE('',*,*,#8909,.T.);
#3881=ORIENTED_EDGE('',*,*,#8910,.T.);
#3882=ORIENTED_EDGE('',*,*,#8911,.T.);
#3883=ORIENTED_EDGE('',*,*,#8912,.T.);
#3884=ORIENTED_EDGE('',*,*,#8913,.T.);
#3885=ORIENTED_EDGE('',*,*,#8914,.T.);
#3886=ORIENTED_EDGE('',*,*,#8915,.T.);
#3887=ORIENTED_EDGE('',*,*,#8916,.T.);
#3888=CARTESIAN_POINT('',(-3.937,4.7879,0.0127));
#3889=DIRECTION('',(0.0,0.0,-1.0));
#3890=DIRECTION('',(0.0,-1.0,0.0));
#3891=ORIENTED_EDGE('',*,*,#8917,.T.);
#3892=ORIENTED_EDGE('',*,*,#8918,.T.);
#3893=ORIENTED_EDGE('',*,*,#8919,.T.);
#3894=ORIENTED_EDGE('',*,*,#8920,.T.);
#3895=ORIENTED_EDGE('',*,*,#8921,.T.);
#3896=ORIENTED_EDGE('',*,*,#8922,.T.);
#3897=ORIENTED_EDGE('',*,*,#8923,.T.);
#3898=ORIENTED_EDGE('',*,*,#8924,.T.);
#3899=ORIENTED_EDGE('',*,*,#8925,.T.);
#3900=ORIENTED_EDGE('',*,*,#8926,.T.);
#3901=ORIENTED_EDGE('',*,*,#8927,.T.);
#3902=ORIENTED_EDGE('',*,*,#8928,.T.);
#3903=ORIENTED_EDGE('',*,*,#8929,.T.);
#3904=ORIENTED_EDGE('',*,*,#8930,.T.);
#3905=ORIENTED_EDGE('',*,*,#8931,.T.);
#3906=ORIENTED_EDGE('',*,*,#8932,.T.);
#3907=ORIENTED_EDGE('',*,*,#8933,.T.);
#3908=ORIENTED_EDGE('',*,*,#8934,.T.);
#3909=ORIENTED_EDGE('',*,*,#8935,.T.);
#3910=ORIENTED_EDGE('',*,*,#8936,.T.);
#3911=ORIENTED_EDGE('',*,*,#8937,.T.);
#3912=ORIENTED_EDGE('',*,*,#8938,.T.);
#3913=ORIENTED_EDGE('',*,*,#8939,.T.);
#3914=ORIENTED_EDGE('',*,*,#8940,.T.);
#3915=ORIENTED_EDGE('',*,*,#8941,.T.);
#3916=ORIENTED_EDGE('',*,*,#8942,.T.);
#3917=CARTESIAN_POINT('',(-3.937,4.7879,0.0127));
#3918=DIRECTION('',(0.0,0.0,-1.0));
#3919=DIRECTION('',(0.0,-1.0,0.0));
#3920=ORIENTED_EDGE('',*,*,#8943,.T.);
#3921=ORIENTED_EDGE('',*,*,#8944,.T.);
#3922=ORIENTED_EDGE('',*,*,#8945,.T.);
#3923=ORIENTED_EDGE('',*,*,#8946,.T.);
#3924=ORIENTED_EDGE('',*,*,#8947,.T.);
#3925=ORIENTED_EDGE('',*,*,#8948,.T.);
#3926=ORIENTED_EDGE('',*,*,#8949,.T.);
#3927=ORIENTED_EDGE('',*,*,#8950,.T.);
#3928=ORIENTED_EDGE('',*,*,#8951,.T.);
#3929=ORIENTED_EDGE('',*,*,#8952,.T.);
#3930=CARTESIAN_POINT('',(-3.937,4.7879,0.0127));
#3931=DIRECTION('',(0.0,0.0,-1.0));
#3932=DIRECTION('',(0.0,-1.0,0.0));
#3933=ORIENTED_EDGE('',*,*,#8953,.T.);
#3934=ORIENTED_EDGE('',*,*,#8954,.T.);
#3935=ORIENTED_EDGE('',*,*,#8955,.T.);
#3936=ORIENTED_EDGE('',*,*,#8956,.T.);
#3937=ORIENTED_EDGE('',*,*,#8957,.T.);
#3938=ORIENTED_EDGE('',*,*,#8958,.T.);
#3939=ORIENTED_EDGE('',*,*,#8959,.T.);
#3940=ORIENTED_EDGE('',*,*,#8960,.T.);
#3941=ORIENTED_EDGE('',*,*,#8961,.T.);
#3942=ORIENTED_EDGE('',*,*,#8962,.T.);
#3943=ORIENTED_EDGE('',*,*,#8963,.T.);
#3944=ORIENTED_EDGE('',*,*,#8964,.T.);
#3945=ORIENTED_EDGE('',*,*,#8965,.T.);
#3946=ORIENTED_EDGE('',*,*,#8966,.T.);
#3947=ORIENTED_EDGE('',*,*,#8967,.T.);
#3948=ORIENTED_EDGE('',*,*,#8968,.T.);
#3949=ORIENTED_EDGE('',*,*,#8969,.T.);
#3950=ORIENTED_EDGE('',*,*,#8970,.T.);
#3951=ORIENTED_EDGE('',*,*,#8971,.T.);
#3952=ORIENTED_EDGE('',*,*,#8972,.T.);
#3953=ORIENTED_EDGE('',*,*,#8973,.T.);
#3954=ORIENTED_EDGE('',*,*,#8974,.T.);
#3955=ORIENTED_EDGE('',*,*,#8975,.T.);
#3956=ORIENTED_EDGE('',*,*,#8976,.T.);
#3957=ORIENTED_EDGE('',*,*,#8977,.T.);
#3958=ORIENTED_EDGE('',*,*,#8978,.T.);
#3959=ORIENTED_EDGE('',*,*,#8979,.T.);
#3960=ORIENTED_EDGE('',*,*,#8980,.T.);
#3961=ORIENTED_EDGE('',*,*,#8981,.T.);
#3962=ORIENTED_EDGE('',*,*,#8982,.T.);
#3963=ORIENTED_EDGE('',*,*,#8983,.T.);
#3964=ORIENTED_EDGE('',*,*,#8984,.T.);
#3965=ORIENTED_EDGE('',*,*,#8985,.T.);
#3966=ORIENTED_EDGE('',*,*,#8986,.T.);
#3967=ORIENTED_EDGE('',*,*,#8987,.T.);
#3968=ORIENTED_EDGE('',*,*,#8988,.T.);
#3969=ORIENTED_EDGE('',*,*,#8989,.T.);
#3970=ORIENTED_EDGE('',*,*,#8990,.T.);
#3971=ORIENTED_EDGE('',*,*,#8991,.T.);
#3972=ORIENTED_EDGE('',*,*,#8992,.T.);
#3973=ORIENTED_EDGE('',*,*,#8993,.T.);
#3974=ORIENTED_EDGE('',*,*,#8994,.T.);
#3975=ORIENTED_EDGE('',*,*,#8995,.T.);
#3976=ORIENTED_EDGE('',*,*,#8996,.T.);
#3977=ORIENTED_EDGE('',*,*,#8997,.T.);
#3978=ORIENTED_EDGE('',*,*,#8998,.T.);
#3979=ORIENTED_EDGE('',*,*,#8999,.T.);
#3980=ORIENTED_EDGE('',*,*,#9000,.T.);
#3981=ORIENTED_EDGE('',*,*,#9001,.T.);
#3982=ORIENTED_EDGE('',*,*,#9002,.T.);
#3983=ORIENTED_EDGE('',*,*,#9003,.T.);
#3984=ORIENTED_EDGE('',*,*,#9004,.T.);
#3985=ORIENTED_EDGE('',*,*,#9005,.T.);
#3986=ORIENTED_EDGE('',*,*,#9006,.T.);
#3987=CARTESIAN_POINT('',(-3.937,4.7879,0.0127));
#3988=DIRECTION('',(0.0,0.0,-1.0));
#3989=DIRECTION('',(0.0,-1.0,0.0));
#3990=ORIENTED_EDGE('',*,*,#9007,.T.);
#3991=ORIENTED_EDGE('',*,*,#9008,.T.);
#3992=ORIENTED_EDGE('',*,*,#9009,.T.);
#3993=ORIENTED_EDGE('',*,*,#9010,.T.);
#3994=ORIENTED_EDGE('',*,*,#9011,.T.);
#3995=ORIENTED_EDGE('',*,*,#9012,.T.);
#3996=ORIENTED_EDGE('',*,*,#9013,.T.);
#3997=ORIENTED_EDGE('',*,*,#9014,.T.);
#3998=ORIENTED_EDGE('',*,*,#9015,.T.);
#3999=ORIENTED_EDGE('',*,*,#9016,.T.);
#4000=ORIENTED_EDGE('',*,*,#9017,.T.);
#4001=ORIENTED_EDGE('',*,*,#9018,.T.);
#4002=ORIENTED_EDGE('',*,*,#9019,.T.);
#4003=ORIENTED_EDGE('',*,*,#9020,.T.);
#4004=ORIENTED_EDGE('',*,*,#9021,.T.);
#4005=ORIENTED_EDGE('',*,*,#9022,.T.);
#4006=ORIENTED_EDGE('',*,*,#9023,.T.);
#4007=ORIENTED_EDGE('',*,*,#9024,.T.);
#4008=ORIENTED_EDGE('',*,*,#9025,.T.);
#4009=ORIENTED_EDGE('',*,*,#9026,.T.);
#4010=ORIENTED_EDGE('',*,*,#9027,.T.);
#4011=ORIENTED_EDGE('',*,*,#9028,.T.);
#4012=ORIENTED_EDGE('',*,*,#9029,.T.);
#4013=ORIENTED_EDGE('',*,*,#9030,.T.);
#4014=ORIENTED_EDGE('',*,*,#9031,.T.);
#4015=ORIENTED_EDGE('',*,*,#9032,.T.);
#4016=ORIENTED_EDGE('',*,*,#9033,.T.);
#4017=ORIENTED_EDGE('',*,*,#9034,.T.);
#4018=ORIENTED_EDGE('',*,*,#9035,.T.);
#4019=ORIENTED_EDGE('',*,*,#9036,.T.);
#4020=ORIENTED_EDGE('',*,*,#9037,.T.);
#4021=ORIENTED_EDGE('',*,*,#9038,.T.);
#4022=ORIENTED_EDGE('',*,*,#9039,.T.);
#4023=ORIENTED_EDGE('',*,*,#9040,.T.);
#4024=ORIENTED_EDGE('',*,*,#9041,.T.);
#4025=ORIENTED_EDGE('',*,*,#9042,.T.);
#4026=ORIENTED_EDGE('',*,*,#9043,.T.);
#4027=ORIENTED_EDGE('',*,*,#9044,.T.);
#4028=ORIENTED_EDGE('',*,*,#9045,.T.);
#4029=ORIENTED_EDGE('',*,*,#9046,.T.);
#4030=ORIENTED_EDGE('',*,*,#9047,.T.);
#4031=ORIENTED_EDGE('',*,*,#9048,.T.);
#4032=ORIENTED_EDGE('',*,*,#9049,.T.);
#4033=ORIENTED_EDGE('',*,*,#9050,.T.);
#4034=ORIENTED_EDGE('',*,*,#9051,.T.);
#4035=ORIENTED_EDGE('',*,*,#9052,.T.);
#4036=ORIENTED_EDGE('',*,*,#9053,.T.);
#4037=ORIENTED_EDGE('',*,*,#9054,.T.);
#4038=ORIENTED_EDGE('',*,*,#9055,.T.);
#4039=ORIENTED_EDGE('',*,*,#9056,.T.);
#4040=ORIENTED_EDGE('',*,*,#9057,.T.);
#4041=ORIENTED_EDGE('',*,*,#9058,.T.);
#4042=ORIENTED_EDGE('',*,*,#9059,.T.);
#4043=ORIENTED_EDGE('',*,*,#9060,.T.);
#4044=ORIENTED_EDGE('',*,*,#9061,.T.);
#4045=ORIENTED_EDGE('',*,*,#9062,.T.);
#4046=ORIENTED_EDGE('',*,*,#9063,.T.);
#4047=CARTESIAN_POINT('',(-3.937,4.7879,0.0127));
#4048=DIRECTION('',(0.0,0.0,-1.0));
#4049=DIRECTION('',(0.0,-1.0,0.0));
#4050=ORIENTED_EDGE('',*,*,#9064,.T.);
#4051=ORIENTED_EDGE('',*,*,#9065,.T.);
#4052=ORIENTED_EDGE('',*,*,#9066,.T.);
#4053=ORIENTED_EDGE('',*,*,#9067,.T.);
#4054=ORIENTED_EDGE('',*,*,#9068,.T.);
#4055=ORIENTED_EDGE('',*,*,#9069,.T.);
#4056=ORIENTED_EDGE('',*,*,#9070,.T.);
#4057=ORIENTED_EDGE('',*,*,#9071,.T.);
#4058=ORIENTED_EDGE('',*,*,#9072,.T.);
#4059=ORIENTED_EDGE('',*,*,#9073,.T.);
#4060=ORIENTED_EDGE('',*,*,#9074,.T.);
#4061=ORIENTED_EDGE('',*,*,#9075,.T.);
#4062=ORIENTED_EDGE('',*,*,#9076,.T.);
#4063=ORIENTED_EDGE('',*,*,#9077,.T.);
#4064=ORIENTED_EDGE('',*,*,#9078,.T.);
#4065=ORIENTED_EDGE('',*,*,#9079,.T.);
#4066=ORIENTED_EDGE('',*,*,#9080,.T.);
#4067=ORIENTED_EDGE('',*,*,#9081,.T.);
#4068=ORIENTED_EDGE('',*,*,#9082,.T.);
#4069=ORIENTED_EDGE('',*,*,#9083,.T.);
#4070=ORIENTED_EDGE('',*,*,#9084,.T.);
#4071=ORIENTED_EDGE('',*,*,#9085,.T.);
#4072=ORIENTED_EDGE('',*,*,#9086,.T.);
#4073=ORIENTED_EDGE('',*,*,#9087,.T.);
#4074=ORIENTED_EDGE('',*,*,#9088,.T.);
#4075=ORIENTED_EDGE('',*,*,#9089,.T.);
#4076=ORIENTED_EDGE('',*,*,#9090,.T.);
#4077=ORIENTED_EDGE('',*,*,#9091,.T.);
#4078=ORIENTED_EDGE('',*,*,#9092,.T.);
#4079=ORIENTED_EDGE('',*,*,#9093,.T.);
#4080=ORIENTED_EDGE('',*,*,#9094,.T.);
#4081=ORIENTED_EDGE('',*,*,#9095,.T.);
#4082=ORIENTED_EDGE('',*,*,#9096,.T.);
#4083=ORIENTED_EDGE('',*,*,#9097,.T.);
#4084=ORIENTED_EDGE('',*,*,#9098,.T.);
#4085=ORIENTED_EDGE('',*,*,#9099,.T.);
#4086=ORIENTED_EDGE('',*,*,#9100,.T.);
#4087=ORIENTED_EDGE('',*,*,#9101,.T.);
#4088=ORIENTED_EDGE('',*,*,#9102,.T.);
#4089=ORIENTED_EDGE('',*,*,#9103,.T.);
#4090=ORIENTED_EDGE('',*,*,#9104,.T.);
#4091=ORIENTED_EDGE('',*,*,#8284,.T.);
#4092=ORIENTED_EDGE('',*,*,#9105,.T.);
#4093=ORIENTED_EDGE('',*,*,#9106,.T.);
#4094=ORIENTED_EDGE('',*,*,#9107,.T.);
#4095=ORIENTED_EDGE('',*,*,#9108,.T.);
#4096=ORIENTED_EDGE('',*,*,#9109,.T.);
#4097=ORIENTED_EDGE('',*,*,#9110,.T.);
#4098=ORIENTED_EDGE('',*,*,#9111,.T.);
#4099=ORIENTED_EDGE('',*,*,#9112,.T.);
#4100=ORIENTED_EDGE('',*,*,#9113,.T.);
#4101=ORIENTED_EDGE('',*,*,#9114,.T.);
#4102=ORIENTED_EDGE('',*,*,#9115,.T.);
#4103=ORIENTED_EDGE('',*,*,#9116,.T.);
#4104=ORIENTED_EDGE('',*,*,#9117,.T.);
#4105=ORIENTED_EDGE('',*,*,#9118,.T.);
#4106=ORIENTED_EDGE('',*,*,#9119,.T.);
#4107=CARTESIAN_POINT('',(-3.937,4.7879,0.0127));
#4108=DIRECTION('',(0.0,0.0,-1.0));
#4109=DIRECTION('',(0.0,-1.0,0.0));
#4110=ORIENTED_EDGE('',*,*,#9120,.T.);
#4111=ORIENTED_EDGE('',*,*,#9121,.T.);
#4112=ORIENTED_EDGE('',*,*,#9122,.T.);
#4113=ORIENTED_EDGE('',*,*,#9123,.T.);
#4114=ORIENTED_EDGE('',*,*,#9124,.T.);
#4115=ORIENTED_EDGE('',*,*,#9125,.T.);
#4116=ORIENTED_EDGE('',*,*,#9126,.T.);
#4117=ORIENTED_EDGE('',*,*,#9127,.T.);
#4118=ORIENTED_EDGE('',*,*,#9128,.T.);
#4119=ORIENTED_EDGE('',*,*,#9129,.T.);
#4120=ORIENTED_EDGE('',*,*,#9130,.T.);
#4121=ORIENTED_EDGE('',*,*,#9131,.T.);
#4122=ORIENTED_EDGE('',*,*,#9132,.T.);
#4123=ORIENTED_EDGE('',*,*,#9133,.T.);
#4124=ORIENTED_EDGE('',*,*,#9134,.T.);
#4125=ORIENTED_EDGE('',*,*,#9135,.T.);
#4126=ORIENTED_EDGE('',*,*,#9136,.T.);
#4127=ORIENTED_EDGE('',*,*,#9137,.T.);
#4128=ORIENTED_EDGE('',*,*,#9138,.T.);
#4129=ORIENTED_EDGE('',*,*,#9139,.T.);
#4130=ORIENTED_EDGE('',*,*,#9140,.T.);
#4131=ORIENTED_EDGE('',*,*,#9141,.T.);
#4132=ORIENTED_EDGE('',*,*,#9142,.T.);
#4133=ORIENTED_EDGE('',*,*,#9143,.T.);
#4134=ORIENTED_EDGE('',*,*,#9144,.T.);
#4135=ORIENTED_EDGE('',*,*,#9145,.T.);
#4136=ORIENTED_EDGE('',*,*,#9146,.T.);
#4137=ORIENTED_EDGE('',*,*,#9147,.T.);
#4138=ORIENTED_EDGE('',*,*,#9148,.T.);
#4139=ORIENTED_EDGE('',*,*,#9149,.T.);
#4140=ORIENTED_EDGE('',*,*,#9150,.T.);
#4141=ORIENTED_EDGE('',*,*,#9151,.T.);
#4142=ORIENTED_EDGE('',*,*,#9152,.T.);
#4143=ORIENTED_EDGE('',*,*,#9153,.T.);
#4144=ORIENTED_EDGE('',*,*,#9154,.T.);
#4145=ORIENTED_EDGE('',*,*,#9155,.T.);
#4146=ORIENTED_EDGE('',*,*,#9156,.T.);
#4147=ORIENTED_EDGE('',*,*,#9157,.T.);
#4148=ORIENTED_EDGE('',*,*,#9158,.T.);
#4149=ORIENTED_EDGE('',*,*,#9159,.T.);
#4150=ORIENTED_EDGE('',*,*,#9160,.T.);
#4151=ORIENTED_EDGE('',*,*,#9161,.T.);
#4152=ORIENTED_EDGE('',*,*,#9162,.T.);
#4153=ORIENTED_EDGE('',*,*,#9163,.T.);
#4154=ORIENTED_EDGE('',*,*,#9164,.T.);
#4155=ORIENTED_EDGE('',*,*,#9165,.T.);
#4156=ORIENTED_EDGE('',*,*,#9166,.T.);
#4157=ORIENTED_EDGE('',*,*,#9167,.T.);
#4158=ORIENTED_EDGE('',*,*,#9168,.T.);
#4159=ORIENTED_EDGE('',*,*,#9169,.T.);
#4160=ORIENTED_EDGE('',*,*,#9170,.T.);
#4161=ORIENTED_EDGE('',*,*,#9171,.T.);
#4162=ORIENTED_EDGE('',*,*,#9172,.T.);
#4163=ORIENTED_EDGE('',*,*,#9173,.T.);
#4164=ORIENTED_EDGE('',*,*,#9174,.T.);
#4165=ORIENTED_EDGE('',*,*,#9175,.T.);
#4166=ORIENTED_EDGE('',*,*,#9176,.T.);
#4167=ORIENTED_EDGE('',*,*,#9177,.T.);
#4168=ORIENTED_EDGE('',*,*,#9178,.T.);
#4169=ORIENTED_EDGE('',*,*,#9179,.T.);
#4170=ORIENTED_EDGE('',*,*,#9180,.T.);
#4171=ORIENTED_EDGE('',*,*,#9181,.T.);
#4172=ORIENTED_EDGE('',*,*,#9182,.T.);
#4173=ORIENTED_EDGE('',*,*,#9183,.T.);
#4174=ORIENTED_EDGE('',*,*,#9184,.T.);
#4175=ORIENTED_EDGE('',*,*,#9185,.T.);
#4176=CARTESIAN_POINT('',(-3.937,4.7879,0.0127));
#4177=DIRECTION('',(0.0,0.0,-1.0));
#4178=DIRECTION('',(0.0,-1.0,0.0));
#4179=ORIENTED_EDGE('',*,*,#9186,.T.);
#4180=ORIENTED_EDGE('',*,*,#9187,.T.);
#4181=ORIENTED_EDGE('',*,*,#9188,.T.);
#4182=ORIENTED_EDGE('',*,*,#9189,.T.);
#4183=ORIENTED_EDGE('',*,*,#9190,.T.);
#4184=ORIENTED_EDGE('',*,*,#9191,.T.);
#4185=ORIENTED_EDGE('',*,*,#9192,.T.);
#4186=ORIENTED_EDGE('',*,*,#9193,.T.);
#4187=ORIENTED_EDGE('',*,*,#9194,.T.);
#4188=ORIENTED_EDGE('',*,*,#9195,.T.);
#4189=ORIENTED_EDGE('',*,*,#9196,.T.);
#4190=ORIENTED_EDGE('',*,*,#9197,.T.);
#4191=ORIENTED_EDGE('',*,*,#9198,.T.);
#4192=ORIENTED_EDGE('',*,*,#9199,.T.);
#4193=ORIENTED_EDGE('',*,*,#9200,.T.);
#4194=ORIENTED_EDGE('',*,*,#9201,.T.);
#4195=ORIENTED_EDGE('',*,*,#9202,.T.);
#4196=ORIENTED_EDGE('',*,*,#9203,.T.);
#4197=ORIENTED_EDGE('',*,*,#9204,.T.);
#4198=ORIENTED_EDGE('',*,*,#9205,.T.);
#4199=ORIENTED_EDGE('',*,*,#9206,.T.);
#4200=ORIENTED_EDGE('',*,*,#9207,.T.);
#4201=ORIENTED_EDGE('',*,*,#9208,.T.);
#4202=ORIENTED_EDGE('',*,*,#9209,.T.);
#4203=ORIENTED_EDGE('',*,*,#9210,.T.);
#4204=ORIENTED_EDGE('',*,*,#9211,.T.);
#4205=ORIENTED_EDGE('',*,*,#9212,.T.);
#4206=ORIENTED_EDGE('',*,*,#9213,.T.);
#4207=ORIENTED_EDGE('',*,*,#9214,.T.);
#4208=ORIENTED_EDGE('',*,*,#9215,.T.);
#4209=ORIENTED_EDGE('',*,*,#9216,.T.);
#4210=ORIENTED_EDGE('',*,*,#9217,.T.);
#4211=ORIENTED_EDGE('',*,*,#9218,.T.);
#4212=ORIENTED_EDGE('',*,*,#9219,.T.);
#4213=ORIENTED_EDGE('',*,*,#9220,.T.);
#4214=ORIENTED_EDGE('',*,*,#9221,.T.);
#4215=ORIENTED_EDGE('',*,*,#9222,.T.);
#4216=ORIENTED_EDGE('',*,*,#9223,.T.);
#4217=ORIENTED_EDGE('',*,*,#9224,.T.);
#4218=ORIENTED_EDGE('',*,*,#9225,.T.);
#4219=ORIENTED_EDGE('',*,*,#9226,.T.);
#4220=ORIENTED_EDGE('',*,*,#9227,.T.);
#4221=ORIENTED_EDGE('',*,*,#9228,.T.);
#4222=ORIENTED_EDGE('',*,*,#9229,.T.);
#4223=ORIENTED_EDGE('',*,*,#9230,.T.);
#4224=ORIENTED_EDGE('',*,*,#9231,.T.);
#4225=ORIENTED_EDGE('',*,*,#9232,.T.);
#4226=ORIENTED_EDGE('',*,*,#9233,.T.);
#4227=ORIENTED_EDGE('',*,*,#9234,.T.);
#4228=ORIENTED_EDGE('',*,*,#9235,.T.);
#4229=ORIENTED_EDGE('',*,*,#9236,.T.);
#4230=ORIENTED_EDGE('',*,*,#9237,.T.);
#4231=ORIENTED_EDGE('',*,*,#9238,.T.);
#4232=ORIENTED_EDGE('',*,*,#9239,.T.);
#4233=ORIENTED_EDGE('',*,*,#9240,.T.);
#4234=ORIENTED_EDGE('',*,*,#9241,.T.);
#4235=ORIENTED_EDGE('',*,*,#9242,.T.);
#4236=ORIENTED_EDGE('',*,*,#9243,.T.);
#4237=ORIENTED_EDGE('',*,*,#9244,.T.);
#4238=ORIENTED_EDGE('',*,*,#9245,.T.);
#4239=CARTESIAN_POINT('',(-3.937,4.7879,0.0127));
#4240=DIRECTION('',(0.0,0.0,-1.0));
#4241=DIRECTION('',(0.0,-1.0,0.0));
#4242=ORIENTED_EDGE('',*,*,#9246,.T.);
#4243=ORIENTED_EDGE('',*,*,#8836,.F.);
#4244=ORIENTED_EDGE('',*,*,#9247,.F.);
#4245=ORIENTED_EDGE('',*,*,#8296,.T.);
#4246=CARTESIAN_POINT('',(0.991158228736728,2.51483680749413,0.0));
#4247=DIRECTION('',(-0.290299032840896,-0.956935980895086,0.0));
#4248=DIRECTION('',(-0.956935980895086,0.290299032840896,0.0));
#4249=ORIENTED_EDGE('',*,*,#9247,.T.);
#4250=ORIENTED_EDGE('',*,*,#8835,.F.);
#4251=ORIENTED_EDGE('',*,*,#9248,.F.);
#4252=ORIENTED_EDGE('',*,*,#8287,.T.);
#4253=CARTESIAN_POINT('',(0.933547946879798,2.32493141566813,0.0));
#4254=DIRECTION('',(-0.956935980895086,0.290299032840896,0.0));
#4255=DIRECTION('',(0.0,0.0,1.0));
#4256=ORIENTED_EDGE('',*,*,#9248,.T.);
#4257=ORIENTED_EDGE('',*,*,#8834,.F.);
#4258=ORIENTED_EDGE('',*,*,#9249,.F.);
#4259=ORIENTED_EDGE('',*,*,#8288,.T.);
#4260=CARTESIAN_POINT('',(0.615846330518998,2.42131035198455,0.0));
#4261=DIRECTION('',(0.290299032840896,0.956935980895086,0.0));
#4262=DIRECTION('',(0.0,0.0,-1.0));
#4263=ORIENTED_EDGE('',*,*,#9249,.T.);
#4264=ORIENTED_EDGE('',*,*,#8833,.F.);
#4265=ORIENTED_EDGE('',*,*,#9250,.F.);
#4266=ORIENTED_EDGE('',*,*,#8289,.T.);
#4267=CARTESIAN_POINT('',(0.569797934200684,2.45009274766551,0.0));
#4268=DIRECTION('',(0.530027383791993,0.847980525973689,0.0));
#4269=DIRECTION('',(0.0,0.0,-1.0));
#4270=ORIENTED_EDGE('',*,*,#9250,.T.);
#4271=ORIENTED_EDGE('',*,*,#8832,.F.);
#4272=ORIENTED_EDGE('',*,*,#9251,.F.);
#4273=ORIENTED_EDGE('',*,*,#8290,.T.);
#4274=CARTESIAN_POINT('',(0.5445856797876,2.48736724046436,0.0));
#4275=DIRECTION('',(0.828312738924121,0.560266014082615,0.0));
#4276=DIRECTION('',(0.0,0.0,-1.0));
#4277=ORIENTED_EDGE('',*,*,#9251,.T.);
#4278=ORIENTED_EDGE('',*,*,#8831,.F.);
#4279=ORIENTED_EDGE('',*,*,#9252,.F.);
#4280=ORIENTED_EDGE('',*,*,#8291,.T.);
#4281=CARTESIAN_POINT('',(0.540209615119122,2.53313381586829,0.0));
#4282=DIRECTION('',(0.995459798805311,0.0951829236916411,0.0));
#4283=DIRECTION('',(0.0,0.0,-1.0));
#4284=ORIENTED_EDGE('',*,*,#9252,.T.);
#4285=ORIENTED_EDGE('',*,*,#8830,.F.);
#4286=ORIENTED_EDGE('',*,*,#9253,.F.);
#4287=ORIENTED_EDGE('',*,*,#8292,.T.);
#4288=CARTESIAN_POINT('',(0.548439653737752,2.56026315212792,0.0));
#4289=DIRECTION('',(0.956935980895086,-0.290299032840896,0.0));
#4290=DIRECTION('',(0.0,0.0,-1.0));
#4291=ORIENTED_EDGE('',*,*,#9253,.T.);
#4292=ORIENTED_EDGE('',*,*,#8829,.F.);
#4293=ORIENTED_EDGE('',*,*,#9254,.F.);
#4294=ORIENTED_EDGE('',*,*,#8293,.T.);
#4295=CARTESIAN_POINT('',(0.577505845789148,2.59588462350866,0.0));
#4296=DIRECTION('',(0.774795013384398,-0.632212533278699,0.0));
#4297=DIRECTION('',(0.0,0.0,-1.0));
#4298=ORIENTED_EDGE('',*,*,#9254,.T.);
#4299=ORIENTED_EDGE('',*,*,#8828,.F.);
#4300=ORIENTED_EDGE('',*,*,#9255,.F.);
#4301=ORIENTED_EDGE('',*,*,#8294,.T.);
#4302=CARTESIAN_POINT('',(0.619178177438984,2.61286880323086,0.0));
#4303=DIRECTION('',(0.377421967899405,-0.926041391162912,0.0));
#4304=DIRECTION('',(0.0,0.0,-1.0));
#4305=ORIENTED_EDGE('',*,*,#9255,.T.);
#4306=ORIENTED_EDGE('',*,*,#8827,.F.);
#4307=ORIENTED_EDGE('',*,*,#9246,.F.);
#4308=ORIENTED_EDGE('',*,*,#8295,.T.);
#4309=CARTESIAN_POINT('',(0.673456612375928,2.61121574381156,0.0));
#4310=DIRECTION('',(-0.030441064373549,-0.999536563413168,0.0));
#4311=DIRECTION('',(-0.999536563413168,0.030441064373549,0.0));
#4312=ORIENTED_EDGE('',*,*,#9256,.T.);
#4313=ORIENTED_EDGE('',*,*,#8846,.F.);
#4314=ORIENTED_EDGE('',*,*,#9257,.F.);
#4315=ORIENTED_EDGE('',*,*,#8306,.T.);
#4316=CARTESIAN_POINT('',(0.466139261789462,2.2889697705207,0.0));
#4317=DIRECTION('',(0.956935980895086,-0.290299032840896,0.0));
#4318=DIRECTION('',(0.0,0.0,-1.0));
#4319=ORIENTED_EDGE('',*,*,#9257,.T.);
#4320=ORIENTED_EDGE('',*,*,#8845,.F.);
#4321=ORIENTED_EDGE('',*,*,#9258,.F.);
#4322=ORIENTED_EDGE('',*,*,#8297,.T.);
#4323=CARTESIAN_POINT('',(0.495205448076836,2.32459122289944,0.0));
#4324=DIRECTION('',(0.774794909614783,-0.632212660451386,0.0));
#4325=DIRECTION('',(0.0,0.0,-1.0));
#4326=ORIENTED_EDGE('',*,*,#9258,.T.);
#4327=ORIENTED_EDGE('',*,*,#8844,.F.);
#4328=ORIENTED_EDGE('',*,*,#9259,.F.);
#4329=ORIENTED_EDGE('',*,*,#8298,.T.);
#4330=CARTESIAN_POINT('',(0.536877779726926,2.34157540262215,0.0));
#4331=DIRECTION('',(0.377421967899405,-0.926041391162912,0.0));
#4332=DIRECTION('',(0.0,0.0,-1.0));
#4333=ORIENTED_EDGE('',*,*,#9259,.T.);
#4334=ORIENTED_EDGE('',*,*,#8843,.F.);
#4335=ORIENTED_EDGE('',*,*,#9260,.F.);
#4336=ORIENTED_EDGE('',*,*,#8299,.T.);
#4337=CARTESIAN_POINT('',(0.591156214663616,2.33992234320209,0.0));
#4338=DIRECTION('',(-0.030441064373539,-0.999536563413168,0.0));
#4339=DIRECTION('',(-0.999536563413168,0.030441064373539,0.0));
#4340=ORIENTED_EDGE('',*,*,#9260,.T.);
#4341=ORIENTED_EDGE('',*,*,#8842,.F.);
#4342=ORIENTED_EDGE('',*,*,#9261,.F.);
#4343=ORIENTED_EDGE('',*,*,#8300,.T.);
#4344=CARTESIAN_POINT('',(0.908857831024416,2.24354340688567,0.0));
#4345=DIRECTION('',(-0.290299032840896,-0.956935980895086,0.0));
#4346=DIRECTION('',(-0.956935980895086,0.290299032840896,0.0));
#4347=ORIENTED_EDGE('',*,*,#9261,.T.);
#4348=ORIENTED_EDGE('',*,*,#8841,.F.);
#4349=ORIENTED_EDGE('',*,*,#9262,.F.);
#4350=ORIENTED_EDGE('',*,*,#8301,.T.);
#4351=CARTESIAN_POINT('',(0.847132532740436,2.04007335642907,0.0));
#4352=DIRECTION('',(-0.956935980895086,0.290299032840896,0.0));
#4353=DIRECTION('',(0.0,0.0,1.0));
#4354=ORIENTED_EDGE('',*,*,#9262,.T.);
#4355=ORIENTED_EDGE('',*,*,#8840,.F.);
#4356=ORIENTED_EDGE('',*,*,#9263,.F.);
#4357=ORIENTED_EDGE('',*,*,#8302,.T.);
#4358=CARTESIAN_POINT('',(0.529430916379382,2.13645229274549,0.0));
#4359=DIRECTION('',(0.290299032840896,0.956935980895086,0.0));
#4360=DIRECTION('',(0.0,0.0,-1.0));
#4361=ORIENTED_EDGE('',*,*,#9263,.T.);
#4362=ORIENTED_EDGE('',*,*,#8839,.F.);
#4363=ORIENTED_EDGE('',*,*,#9264,.F.);
#4364=ORIENTED_EDGE('',*,*,#8303,.T.);
#4365=CARTESIAN_POINT('',(0.483382520061068,2.16523468842671,0.0));
#4366=DIRECTION('',(0.530027383791993,0.847980525973689,0.0));
#4367=DIRECTION('',(0.0,0.0,-1.0));
#4368=ORIENTED_EDGE('',*,*,#9264,.T.);
#4369=ORIENTED_EDGE('',*,*,#8838,.F.);
#4370=ORIENTED_EDGE('',*,*,#9265,.F.);
#4371=ORIENTED_EDGE('',*,*,#8304,.T.);
#4372=CARTESIAN_POINT('',(0.458170268530122,2.20250919072541,0.0));
#4373=DIRECTION('',(0.828312834912105,0.560265872171304,0.0));
#4374=DIRECTION('',(0.0,0.0,-1.0));
#4375=ORIENTED_EDGE('',*,*,#9265,.T.);
#4376=ORIENTED_EDGE('',*,*,#8837,.F.);
#4377=ORIENTED_EDGE('',*,*,#9256,.F.);
#4378=ORIENTED_EDGE('',*,*,#8305,.T.);
#4379=CARTESIAN_POINT('',(0.453794203861644,2.24827576612934,0.0));
#4380=DIRECTION('',(0.995459798805311,0.0951829236916411,0.0));
#4381=DIRECTION('',(0.0,0.0,-1.0));
#4382=ORIENTED_EDGE('',*,*,#9266,.T.);
#4383=ORIENTED_EDGE('',*,*,#8870,.F.);
#4384=ORIENTED_EDGE('',*,*,#9267,.F.);
#4385=ORIENTED_EDGE('',*,*,#8491,.T.);
#4386=CARTESIAN_POINT('',(-0.180133321407186,2.77435775664042,0.0));
#4387=DIRECTION('',(0.0708050961569877,0.997490169554668,0.0));
#4388=DIRECTION('',(0.0,0.0,-1.0));
#4389=ORIENTED_EDGE('',*,*,#9267,.T.);
#4390=ORIENTED_EDGE('',*,*,#8869,.F.);
#4391=ORIENTED_EDGE('',*,*,#9268,.F.);
#4392=ORIENTED_EDGE('',*,*,#8468,.T.);
#4393=CARTESIAN_POINT('',(-0.319356764070564,2.76179655886472,0.0));
#4394=DIRECTION('',(-0.089858302340329,0.995954559957689,0.0));
#4395=DIRECTION('',(0.0,0.0,1.0));
#4396=ORIENTED_EDGE('',*,*,#9268,.T.);
#4397=ORIENTED_EDGE('',*,*,#8868,.F.);
#4398=ORIENTED_EDGE('',*,*,#9269,.F.);
#4399=ORIENTED_EDGE('',*,*,#8469,.T.);
#4400=CARTESIAN_POINT('',(-0.40509765240531,2.73982805078506,0.0));
#4401=DIRECTION('',(-0.248202176312699,0.968708253125594,0.0));
#4402=DIRECTION('',(0.0,0.0,1.0));
#4403=ORIENTED_EDGE('',*,*,#9269,.T.);
#4404=ORIENTED_EDGE('',*,*,#8867,.F.);
#4405=ORIENTED_EDGE('',*,*,#9270,.F.);
#4406=ORIENTED_EDGE('',*,*,#8470,.T.);
#4407=CARTESIAN_POINT('',(-0.472161921762406,2.70531192622334,0.0));
#4408=DIRECTION('',(-0.457619855099196,0.889147945068193,0.0));
#4409=DIRECTION('',(0.0,0.0,1.0));
#4410=ORIENTED_EDGE('',*,*,#9270,.T.);
#4411=ORIENTED_EDGE('',*,*,#8866,.F.);
#4412=ORIENTED_EDGE('',*,*,#9271,.F.);
#4413=ORIENTED_EDGE('',*,*,#8471,.T.);
#4414=CARTESIAN_POINT('',(-0.536678689354978,2.64256028048228,0.0));
#4415=DIRECTION('',(-0.697232660382986,0.716844904630886,0.0));
#4416=DIRECTION('',(0.0,0.0,1.0));
#4417=ORIENTED_EDGE('',*,*,#9271,.T.);
#4418=ORIENTED_EDGE('',*,*,#8865,.F.);
#4419=ORIENTED_EDGE('',*,*,#9272,.F.);
#4420=ORIENTED_EDGE('',*,*,#8472,.T.);
#4421=CARTESIAN_POINT('',(-0.56638952159639,2.58294894092186,0.0));
#4422=DIRECTION('',(-0.894996016472939,0.446074131168319,0.0));
#4423=DIRECTION('',(0.0,0.0,1.0));
#4424=ORIENTED_EDGE('',*,*,#9272,.T.);
#4425=ORIENTED_EDGE('',*,*,#8864,.F.);
#4426=ORIENTED_EDGE('',*,*,#9273,.F.);
#4427=ORIENTED_EDGE('',*,*,#8473,.T.);
#4428=CARTESIAN_POINT('',(-0.57742373129196,2.51078994532752,0.0));
#4429=DIRECTION('',(-0.988509588285909,0.151158174991701,0.0));
#4430=DIRECTION('',(0.0,0.0,1.0));
#4431=ORIENTED_EDGE('',*,*,#9273,.T.);
#4432=ORIENTED_EDGE('',*,*,#8863,.F.);
#4433=ORIENTED_EDGE('',*,*,#9274,.F.);
#4434=ORIENTED_EDGE('',*,*,#8474,.T.);
#4435=CARTESIAN_POINT('',(-0.558317466272664,2.29902351669383,0.0));
#4436=DIRECTION('',(-0.99595455995769,-0.0898583023403191,0.0));
#4437=DIRECTION('',(-0.0898583023403191,0.99595455995769,0.0));
#4438=ORIENTED_EDGE('',*,*,#9274,.T.);
#4439=ORIENTED_EDGE('',*,*,#8862,.F.);
#4440=ORIENTED_EDGE('',*,*,#9275,.F.);
#4441=ORIENTED_EDGE('',*,*,#8475,.T.);
#4442=CARTESIAN_POINT('',(-0.534545744185266,2.23000486683225,0.0));
#4443=DIRECTION('',(-0.94549033883782,-0.325650148417507,0.0));
#4444=DIRECTION('',(-0.325650148417507,0.94549033883782,0.0));
#4445=ORIENTED_EDGE('',*,*,#9275,.T.);
#4446=ORIENTED_EDGE('',*,*,#8861,.F.);
#4447=ORIENTED_EDGE('',*,*,#9276,.F.);
#4448=ORIENTED_EDGE('',*,*,#8476,.T.);
#4449=CARTESIAN_POINT('',(-0.494644903993202,2.17667411178023,0.0));
#4450=DIRECTION('',(-0.800700128911928,-0.599065358337821,0.0));
#4451=DIRECTION('',(-0.599065358337821,0.800700128911928,0.0));
#4452=ORIENTED_EDGE('',*,*,#9276,.T.);
#4453=ORIENTED_EDGE('',*,*,#8860,.F.);
#4454=ORIENTED_EDGE('',*,*,#9277,.F.);
#4455=ORIENTED_EDGE('',*,*,#8477,.T.);
#4456=CARTESIAN_POINT('',(-0.419938128896002,2.12648366785449,0.0));
#4457=DIRECTION('',(-0.557665302862971,-0.830065907011456,0.0));
#4458=DIRECTION('',(-0.830065907011456,0.557665302862971,0.0));
#4459=ORIENTED_EDGE('',*,*,#9277,.T.);
#4460=ORIENTED_EDGE('',*,*,#8859,.F.);
#4461=ORIENTED_EDGE('',*,*,#9278,.F.);
#4462=ORIENTED_EDGE('',*,*,#8478,.T.);
#4463=CARTESIAN_POINT('',(-0.347778855674832,2.10452874634582,0.0));
#4464=DIRECTION('',(-0.2910815724751,-0.956698237776899,0.0));
#4465=DIRECTION('',(-0.956698237776899,0.2910815724751,0.0));
#4466=ORIENTED_EDGE('',*,*,#9278,.T.);
#4467=ORIENTED_EDGE('',*,*,#8858,.F.);
#4468=ORIENTED_EDGE('',*,*,#9279,.F.);
#4469=ORIENTED_EDGE('',*,*,#8479,.T.);
#4470=CARTESIAN_POINT('',(-0.259490465463802,2.09826173200637,0.0));
#4471=DIRECTION('',(-0.0708052904207383,-0.997490155765176,0.0));
#4472=DIRECTION('',(-0.997490155765176,0.0708052904207383,0.0));
#4473=ORIENTED_EDGE('',*,*,#9279,.T.);
#4474=ORIENTED_EDGE('',*,*,#8857,.F.);
#4475=ORIENTED_EDGE('',*,*,#9280,.F.);
#4476=ORIENTED_EDGE('',*,*,#8480,.T.);
#4477=CARTESIAN_POINT('',(-0.120267022800551,2.11082292978258,0.0));
#4478=DIRECTION('',(0.0898583023403191,-0.99595455995769,0.0));
#4479=DIRECTION('',(0.0,0.0,-1.0));
#4480=ORIENTED_EDGE('',*,*,#9280,.T.);
#4481=ORIENTED_EDGE('',*,*,#8856,.F.);
#4482=ORIENTED_EDGE('',*,*,#9281,.F.);
#4483=ORIENTED_EDGE('',*,*,#8481,.T.);
#4484=CARTESIAN_POINT('',(-0.034526034996941,2.13279144808066,0.0));
#4485=DIRECTION('',(0.24820201446701,-0.96870829459364,0.0));
#4486=DIRECTION('',(0.0,0.0,-1.0));
#4487=ORIENTED_EDGE('',*,*,#9281,.T.);
#4488=ORIENTED_EDGE('',*,*,#8855,.F.);
#4489=ORIENTED_EDGE('',*,*,#9282,.F.);
#4490=ORIENTED_EDGE('',*,*,#8482,.T.);
#4491=CARTESIAN_POINT('',(0.032538134445318,2.16730756736553,0.0));
#4492=DIRECTION('',(0.457620338795308,-0.889147696123016,0.0));
#4493=DIRECTION('',(0.0,0.0,-1.0));
#4494=ORIENTED_EDGE('',*,*,#9282,.T.);
#4495=ORIENTED_EDGE('',*,*,#8854,.F.);
#4496=ORIENTED_EDGE('',*,*,#9283,.F.);
#4497=ORIENTED_EDGE('',*,*,#8483,.T.);
#4498=CARTESIAN_POINT('',(0.0970549015917898,2.23005921805171,0.0));
#4499=DIRECTION('',(0.697232691086496,-0.716844874767396,0.0));
#4500=DIRECTION('',(0.0,0.0,-1.0));
#4501=ORIENTED_EDGE('',*,*,#9283,.T.);
#4502=ORIENTED_EDGE('',*,*,#8853,.F.);
#4503=ORIENTED_EDGE('',*,*,#9284,.F.);
#4504=ORIENTED_EDGE('',*,*,#8484,.T.);
#4505=CARTESIAN_POINT('',(0.126765782731301,2.28967057199184,0.0));
#4506=DIRECTION('',(0.894995766334276,-0.446074633042188,0.0));
#4507=DIRECTION('',(0.0,0.0,-1.0));
#4508=ORIENTED_EDGE('',*,*,#9284,.T.);
#4509=ORIENTED_EDGE('',*,*,#8852,.F.);
#4510=ORIENTED_EDGE('',*,*,#9285,.F.);
#4511=ORIENTED_EDGE('',*,*,#8485,.T.);
#4512=CARTESIAN_POINT('',(0.137799946204967,2.3618295235436,0.0));
#4513=DIRECTION('',(0.988509669113332,-0.151157646414105,0.0));
#4514=DIRECTION('',(0.0,0.0,-1.0));
#4515=ORIENTED_EDGE('',*,*,#9285,.T.);
#4516=ORIENTED_EDGE('',*,*,#8851,.F.);
#4517=ORIENTED_EDGE('',*,*,#9286,.F.);
#4518=ORIENTED_EDGE('',*,*,#8486,.T.);
#4519=CARTESIAN_POINT('',(0.118693681185696,2.57359595217804,0.0));
#4520=DIRECTION('',(0.995954559957689,0.089858302340329,0.0));
#4521=DIRECTION('',(0.0,0.0,-1.0));
#4522=ORIENTED_EDGE('',*,*,#9286,.T.);
#4523=ORIENTED_EDGE('',*,*,#8850,.F.);
#4524=ORIENTED_EDGE('',*,*,#9287,.F.);
#4525=ORIENTED_EDGE('',*,*,#8487,.T.);
#4526=CARTESIAN_POINT('',(0.0949220053203036,2.64261464608094,0.0));
#4527=DIRECTION('',(0.945490597780291,0.325649396604797,0.0));
#4528=DIRECTION('',(0.0,0.0,-1.0));
#4529=ORIENTED_EDGE('',*,*,#9287,.T.);
#4530=ORIENTED_EDGE('',*,*,#8849,.F.);
#4531=ORIENTED_EDGE('',*,*,#9288,.F.);
#4532=ORIENTED_EDGE('',*,*,#8488,.T.);
#4533=CARTESIAN_POINT('',(0.0550211162300138,2.69594538675224,0.0));
#4534=DIRECTION('',(0.800699699281248,0.599065932574136,0.0));
#4535=DIRECTION('',(0.0,0.0,-1.0));
#4536=ORIENTED_EDGE('',*,*,#9288,.T.);
#4537=ORIENTED_EDGE('',*,*,#8848,.F.);
#4538=ORIENTED_EDGE('',*,*,#9289,.F.);
#4539=ORIENTED_EDGE('',*,*,#8489,.T.);
#4540=CARTESIAN_POINT('',(-0.0196856584212282,2.74613582573616,0.0));
#4541=DIRECTION('',(0.557665267310068,0.830065930897052,0.0));
#4542=DIRECTION('',(0.0,0.0,-1.0));
#4543=ORIENTED_EDGE('',*,*,#9289,.T.);
#4544=ORIENTED_EDGE('',*,*,#8847,.F.);
#4545=ORIENTED_EDGE('',*,*,#9266,.F.);
#4546=ORIENTED_EDGE('',*,*,#8490,.T.);
#4547=CARTESIAN_POINT('',(-0.0918448317273936,2.76809075251964,0.0));
#4548=DIRECTION('',(0.291082005402185,0.95669810605595,0.0));
#4549=DIRECTION('',(0.0,0.0,-1.0));
#4550=ORIENTED_EDGE('',*,*,#9290,.T.);
#4551=ORIENTED_EDGE('',*,*,#8890,.F.);
#4552=ORIENTED_EDGE('',*,*,#9291,.F.);
#4553=ORIENTED_EDGE('',*,*,#8326,.T.);
#4554=CARTESIAN_POINT('',(-0.172490816113131,2.68965119309732,0.0));
#4555=DIRECTION('',(0.0898583023403191,-0.99595455995769,0.0));
#4556=DIRECTION('',(0.0,0.0,-1.0));
#4557=ORIENTED_EDGE('',*,*,#9291,.T.);
#4558=ORIENTED_EDGE('',*,*,#8889,.F.);
#4559=ORIENTED_EDGE('',*,*,#9292,.F.);
#4560=ORIENTED_EDGE('',*,*,#8307,.T.);
#4561=CARTESIAN_POINT('',(-0.101605294108919,2.68181403588622,0.0));
#4562=DIRECTION('',(-0.109891163065205,-0.993943626308946,0.0));
#4563=DIRECTION('',(-0.993943626308945,0.109891163065205,0.0));
#4564=ORIENTED_EDGE('',*,*,#9292,.T.);
#4565=ORIENTED_EDGE('',*,*,#8888,.F.);
#4566=ORIENTED_EDGE('',*,*,#9293,.F.);
#4567=ORIENTED_EDGE('',*,*,#8308,.T.);
#4568=CARTESIAN_POINT('',(-0.0468489888979232,2.65828896499386,0.0));
#4569=DIRECTION('',(-0.394742519320201,-0.918791784595803,0.0));
#4570=DIRECTION('',(-0.918791784595803,0.394742519320201,0.0));
#4571=ORIENTED_EDGE('',*,*,#9293,.T.);
#4572=ORIENTED_EDGE('',*,*,#8887,.F.);
#4573=ORIENTED_EDGE('',*,*,#9294,.F.);
#4574=ORIENTED_EDGE('',*,*,#8309,.T.);
#4575=CARTESIAN_POINT('',(-0.00822189691185274,2.6190759408699,0.0));
#4576=DIRECTION('',(-0.712409259883284,-0.701764238496485,0.0));
#4577=DIRECTION('',(-0.701764238496485,0.712409259883284,0.0));
#4578=ORIENTED_EDGE('',*,*,#9294,.T.);
#4579=ORIENTED_EDGE('',*,*,#8886,.F.);
#4580=ORIENTED_EDGE('',*,*,#9295,.F.);
#4581=ORIENTED_EDGE('',*,*,#8310,.T.);
#4582=CARTESIAN_POINT('',(0.0142760742930775,2.564175051599,0.0));
#4583=DIRECTION('',(-0.92531929205918,-0.379188881354792,0.0));
#4584=DIRECTION('',(-0.379188881354792,0.92531929205918,0.0));
#4585=ORIENTED_EDGE('',*,*,#9295,.T.);
#4586=ORIENTED_EDGE('',*,*,#8885,.F.);
#4587=ORIENTED_EDGE('',*,*,#9296,.F.);
#4588=ORIENTED_EDGE('',*,*,#8311,.T.);
#4589=CARTESIAN_POINT('',(0.0333823393123532,2.35240862296532,0.0));
#4590=DIRECTION('',(-0.99595455995769,-0.0898583023403191,0.0));
#4591=DIRECTION('',(-0.0898583023403191,0.99595455995769,0.0));
#4592=ORIENTED_EDGE('',*,*,#9296,.T.);
#4593=ORIENTED_EDGE('',*,*,#8884,.F.);
#4594=ORIENTED_EDGE('',*,*,#9297,.F.);
#4595=ORIENTED_EDGE('',*,*,#8312,.T.);
#4596=CARTESIAN_POINT('',(0.0210743751661412,2.29436742751175,0.0));
#4597=DIRECTION('',(-0.978247139533402,0.2074428451278,0.0));
#4598=DIRECTION('',(0.0,0.0,1.0));
#4599=ORIENTED_EDGE('',*,*,#9297,.T.);
#4600=ORIENTED_EDGE('',*,*,#8883,.F.);
#4601=ORIENTED_EDGE('',*,*,#9298,.F.);
#4602=ORIENTED_EDGE('',*,*,#8313,.T.);
#4603=CARTESIAN_POINT('',(-0.00991020795758102,2.24887384854227,0.0));
#4604=DIRECTION('',(-0.826512764885748,0.562917977578365,0.0));
#4605=DIRECTION('',(0.0,0.0,1.0));
#4606=ORIENTED_EDGE('',*,*,#9298,.T.);
#4607=ORIENTED_EDGE('',*,*,#8882,.F.);
#4608=ORIENTED_EDGE('',*,*,#9299,.F.);
#4609=ORIENTED_EDGE('',*,*,#8314,.T.);
#4610=CARTESIAN_POINT('',(-0.059571508747143,2.21592786718442,0.0));
#4611=DIRECTION('',(-0.552822081247792,0.833299313863188,0.0));
#4612=DIRECTION('',(0.0,0.0,1.0));
#4613=ORIENTED_EDGE('',*,*,#9299,.T.);
#4614=ORIENTED_EDGE('',*,*,#8881,.F.);
#4615=ORIENTED_EDGE('',*,*,#9300,.F.);
#4616=ORIENTED_EDGE('',*,*,#8315,.T.);
#4617=CARTESIAN_POINT('',(-0.127909528986653,2.19552950321364,0.0));
#4618=DIRECTION('',(-0.286022071683505,0.958223029628216,0.0));
#4619=DIRECTION('',(0.0,0.0,1.0));
#4620=ORIENTED_EDGE('',*,*,#9300,.T.);
#4621=ORIENTED_EDGE('',*,*,#8880,.F.);
#4622=ORIENTED_EDGE('',*,*,#9301,.F.);
#4623=ORIENTED_EDGE('',*,*,#8316,.T.);
#4624=CARTESIAN_POINT('',(-0.26713297164993,2.18296830543744,0.0));
#4625=DIRECTION('',(-0.0898583023403191,0.99595455995769,0.0));
#4626=DIRECTION('',(0.0,0.0,1.0));
#4627=ORIENTED_EDGE('',*,*,#9301,.T.);
#4628=ORIENTED_EDGE('',*,*,#8879,.F.);
#4629=ORIENTED_EDGE('',*,*,#9302,.F.);
#4630=ORIENTED_EDGE('',*,*,#8317,.T.);
#4631=CARTESIAN_POINT('',(-0.33801849365432,2.19080546264752,0.0));
#4632=DIRECTION('',(0.109891163065205,0.993943626308946,0.0));
#4633=DIRECTION('',(0.0,0.0,-1.0));
#4634=ORIENTED_EDGE('',*,*,#9302,.T.);
#4635=ORIENTED_EDGE('',*,*,#8878,.F.);
#4636=ORIENTED_EDGE('',*,*,#9303,.F.);
#4637=ORIENTED_EDGE('',*,*,#8318,.T.);
#4638=CARTESIAN_POINT('',(-0.392774799757186,2.21433054342708,0.0));
#4639=DIRECTION('',(0.394742653946995,0.918791726755788,0.0));
#4640=DIRECTION('',(0.0,0.0,-1.0));
#4641=ORIENTED_EDGE('',*,*,#9303,.T.);
#4642=ORIENTED_EDGE('',*,*,#8877,.F.);
#4643=ORIENTED_EDGE('',*,*,#9304,.F.);
#4644=ORIENTED_EDGE('',*,*,#8319,.T.);
#4645=CARTESIAN_POINT('',(-0.431401888175194,2.25354352800096,0.0));
#4646=DIRECTION('',(0.712408938438101,0.701764564817501,0.0));
#4647=DIRECTION('',(0.0,0.0,-1.0));
#4648=ORIENTED_EDGE('',*,*,#9304,.T.);
#4649=ORIENTED_EDGE('',*,*,#8876,.F.);
#4650=ORIENTED_EDGE('',*,*,#9305,.F.);
#4651=ORIENTED_EDGE('',*,*,#8320,.T.);
#4652=CARTESIAN_POINT('',(-0.453899859380076,2.30844441727211,0.0));
#4653=DIRECTION('',(0.92531929205918,0.379188881354792,0.0));
#4654=DIRECTION('',(0.0,0.0,-1.0));
#4655=ORIENTED_EDGE('',*,*,#9305,.T.);
#4656=ORIENTED_EDGE('',*,*,#8875,.F.);
#4657=ORIENTED_EDGE('',*,*,#9306,.F.);
#4658=ORIENTED_EDGE('',*,*,#8321,.T.);
#4659=CARTESIAN_POINT('',(-0.473006124399372,2.52021084590579,0.0));
#4660=DIRECTION('',(0.99595455995769,0.0898583023403191,0.0));
#4661=DIRECTION('',(0.0,0.0,-1.0));
#4662=ORIENTED_EDGE('',*,*,#9306,.T.);
#4663=ORIENTED_EDGE('',*,*,#8874,.F.);
#4664=ORIENTED_EDGE('',*,*,#9307,.F.);
#4665=ORIENTED_EDGE('',*,*,#8322,.T.);
#4666=CARTESIAN_POINT('',(-0.460698160253094,2.57825204135962,0.0));
#4667=DIRECTION('',(0.978247139533402,-0.2074428451278,0.0));
#4668=DIRECTION('',(0.0,0.0,-1.0));
#4669=ORIENTED_EDGE('',*,*,#9307,.T.);
#4670=ORIENTED_EDGE('',*,*,#8873,.F.);
#4671=ORIENTED_EDGE('',*,*,#9308,.F.);
#4672=ORIENTED_EDGE('',*,*,#8323,.T.);
#4673=CARTESIAN_POINT('',(-0.429713580697612,2.62374565987944,0.0));
#4674=DIRECTION('',(0.826513022731821,-0.562917598991814,0.0));
#4675=DIRECTION('',(0.0,0.0,-1.0));
#4676=ORIENTED_EDGE('',*,*,#9308,.T.);
#4677=ORIENTED_EDGE('',*,*,#8872,.F.);
#4678=ORIENTED_EDGE('',*,*,#9309,.F.);
#4679=ORIENTED_EDGE('',*,*,#8324,.T.);
#4680=CARTESIAN_POINT('',(-0.380052279016096,2.6566916313483,0.0));
#4681=DIRECTION('',(0.552821959147901,-0.833299394865901,0.0));
#4682=DIRECTION('',(0.0,0.0,-1.0));
#4683=ORIENTED_EDGE('',*,*,#9309,.T.);
#4684=ORIENTED_EDGE('',*,*,#8871,.F.);
#4685=ORIENTED_EDGE('',*,*,#9290,.F.);
#4686=ORIENTED_EDGE('',*,*,#8325,.T.);
#4687=CARTESIAN_POINT('',(-0.311714258776484,2.67708999531908,0.0));
#4688=DIRECTION('',(0.286022071683505,-0.958223029628216,0.0));
#4689=DIRECTION('',(0.0,0.0,-1.0));
#4690=ORIENTED_EDGE('',*,*,#9310,.T.);
#4691=ORIENTED_EDGE('',*,*,#8916,.F.);
#4692=ORIENTED_EDGE('',*,*,#9311,.F.);
#4693=ORIENTED_EDGE('',*,*,#8517,.T.);
#4694=CARTESIAN_POINT('',(-1.34083336225578,1.94324175451151,0.0));
#4695=DIRECTION('',(-0.891403368416815,-0.453210806110308,0.0));
#4696=DIRECTION('',(-0.453210806110308,0.891403368416815,0.0));
#4697=ORIENTED_EDGE('',*,*,#9311,.T.);
#4698=ORIENTED_EDGE('',*,*,#8915,.F.);
#4699=ORIENTED_EDGE('',*,*,#9312,.F.);
#4700=ORIENTED_EDGE('',*,*,#8492,.T.);
#4701=CARTESIAN_POINT('',(-1.29313582118445,1.88798227676094,0.0));
#4702=DIRECTION('',(-0.757002919897581,-0.653411493062784,0.0));
#4703=DIRECTION('',(-0.653411493062784,0.757002919897581,0.0));
#4704=ORIENTED_EDGE('',*,*,#9312,.T.);
#4705=ORIENTED_EDGE('',*,*,#8914,.F.);
#4706=ORIENTED_EDGE('',*,*,#9313,.F.);
#4707=ORIENTED_EDGE('',*,*,#8493,.T.);
#4708=CARTESIAN_POINT('',(-1.23628642122054,1.85327782179356,0.0));
#4709=DIRECTION('',(-0.521047182852714,-0.853527874905823,0.0));
#4710=DIRECTION('',(-0.853527874905823,0.521047182852714,0.0));
#4711=ORIENTED_EDGE('',*,*,#9313,.T.);
#4712=ORIENTED_EDGE('',*,*,#8913,.F.);
#4713=ORIENTED_EDGE('',*,*,#9314,.F.);
#4714=ORIENTED_EDGE('',*,*,#8494,.T.);
#4715=CARTESIAN_POINT('',(-1.1482850495833,1.83441178034131,0.0));
#4716=DIRECTION('',(-0.209620496936007,-0.977782822136031,0.0));
#4717=DIRECTION('',(-0.977782822136031,0.209620496936007,0.0));
#4718=ORIENTED_EDGE('',*,*,#9314,.T.);
#4719=ORIENTED_EDGE('',*,*,#8912,.F.);
#4720=ORIENTED_EDGE('',*,*,#9315,.F.);
#4721=ORIENTED_EDGE('',*,*,#8495,.T.);
#4722=CARTESIAN_POINT('',(-1.0731321218986,1.84081730354218,0.0));
#4723=DIRECTION('',(0.0849252626425714,-0.996387324169216,0.0));
#4724=DIRECTION('',(0.0,0.0,-1.0));
#4725=ORIENTED_EDGE('',*,*,#9315,.T.);
#4726=ORIENTED_EDGE('',*,*,#8911,.F.);
#4727=ORIENTED_EDGE('',*,*,#9316,.F.);
#4728=ORIENTED_EDGE('',*,*,#8496,.T.);
#4729=CARTESIAN_POINT('',(-0.988827697453172,1.86777767933125,0.0));
#4730=DIRECTION('',(0.304601084787206,-0.95248001509032,0.0));
#4731=DIRECTION('',(0.0,0.0,-1.0));
#4732=ORIENTED_EDGE('',*,*,#9316,.T.);
#4733=ORIENTED_EDGE('',*,*,#8910,.F.);
#4734=ORIENTED_EDGE('',*,*,#9317,.F.);
#4735=ORIENTED_EDGE('',*,*,#8497,.T.);
#4736=CARTESIAN_POINT('',(-0.926523393099622,1.8994546787691,0.0));
#4737=DIRECTION('',(0.453210806110308,-0.891403368416816,0.0));
#4738=DIRECTION('',(0.0,0.0,-1.0));
#4739=ORIENTED_EDGE('',*,*,#9317,.T.);
#4740=ORIENTED_EDGE('',*,*,#8909,.F.);
#4741=ORIENTED_EDGE('',*,*,#9318,.F.);
#4742=ORIENTED_EDGE('',*,*,#8498,.T.);
#4743=CARTESIAN_POINT('',(-0.855067591422738,1.95168652968898,0.0));
#4744=DIRECTION('',(0.590120797093832,-0.807314960122343,0.0));
#4745=DIRECTION('',(0.0,0.0,-1.0));
#4746=ORIENTED_EDGE('',*,*,#9318,.T.);
#4747=ORIENTED_EDGE('',*,*,#8908,.F.);
#4748=ORIENTED_EDGE('',*,*,#9319,.F.);
#4749=ORIENTED_EDGE('',*,*,#8499,.T.);
#4750=CARTESIAN_POINT('',(-0.805611910400592,2.00863500536381,0.0));
#4751=DIRECTION('',(0.755030323384784,-0.655689873926286,0.0));
#4752=DIRECTION('',(0.0,0.0,-1.0));
#4753=ORIENTED_EDGE('',*,*,#9319,.T.);
#4754=ORIENTED_EDGE('',*,*,#8907,.F.);
#4755=ORIENTED_EDGE('',*,*,#9320,.F.);
#4756=ORIENTED_EDGE('',*,*,#8500,.T.);
#4757=CARTESIAN_POINT('',(-0.769005029838274,2.09085486443456,0.0));
#4758=DIRECTION('',(0.913544463480097,-0.406738875993999,0.0));
#4759=DIRECTION('',(0.0,0.0,-1.0));
#4760=ORIENTED_EDGE('',*,*,#9320,.T.);
#4761=ORIENTED_EDGE('',*,*,#8906,.F.);
#4762=ORIENTED_EDGE('',*,*,#9321,.F.);
#4763=ORIENTED_EDGE('',*,*,#8501,.T.);
#4764=CARTESIAN_POINT('',(-0.763550214575714,2.15723627352543,0.0));
#4765=DIRECTION('',(0.996640733189547,-0.0818977957420239,0.0));
#4766=DIRECTION('',(0.0,0.0,-1.0));
#4767=ORIENTED_EDGE('',*,*,#9321,.T.);
#4768=ORIENTED_EDGE('',*,*,#8905,.F.);
#4769=ORIENTED_EDGE('',*,*,#9322,.F.);
#4770=ORIENTED_EDGE('',*,*,#8502,.T.);
#4771=CARTESIAN_POINT('',(-0.780095692597214,2.22833420568082,0.0));
#4772=DIRECTION('',(0.973974543097002,0.2266574274075,0.0));
#4773=DIRECTION('',(0.0,0.0,-1.0));
#4774=ORIENTED_EDGE('',*,*,#9322,.T.);
#4775=ORIENTED_EDGE('',*,*,#8904,.F.);
#4776=ORIENTED_EDGE('',*,*,#9323,.F.);
#4777=ORIENTED_EDGE('',*,*,#8503,.T.);
#4778=CARTESIAN_POINT('',(-0.979249355074208,2.6200420890138,0.0));
#4779=DIRECTION('',(0.891403368416816,0.453210806110308,0.0));
#4780=DIRECTION('',(0.0,0.0,-1.0));
#4781=ORIENTED_EDGE('',*,*,#9323,.T.);
#4782=ORIENTED_EDGE('',*,*,#8903,.F.);
#4783=ORIENTED_EDGE('',*,*,#9324,.F.);
#4784=ORIENTED_EDGE('',*,*,#8504,.T.);
#4785=CARTESIAN_POINT('',(-1.07270563335076,2.57252668048372,0.0));
#4786=DIRECTION('',(-0.453210806110308,0.891403368416816,0.0));
#4787=DIRECTION('',(0.0,0.0,1.0));
#4788=ORIENTED_EDGE('',*,*,#9324,.T.);
#4789=ORIENTED_EDGE('',*,*,#8902,.F.);
#4790=ORIENTED_EDGE('',*,*,#9325,.F.);
#4791=ORIENTED_EDGE('',*,*,#8505,.T.);
#4792=CARTESIAN_POINT('',(-0.873551970873768,2.18081879715251,0.0));
#4793=DIRECTION('',(-0.891403368416815,-0.453210806110308,0.0));
#4794=DIRECTION('',(-0.453210806110308,0.891403368416815,0.0));
#4795=ORIENTED_EDGE('',*,*,#9325,.T.);
#4796=ORIENTED_EDGE('',*,*,#8901,.F.);
#4797=ORIENTED_EDGE('',*,*,#9326,.F.);
#4798=ORIENTED_EDGE('',*,*,#8506,.T.);
#4799=CARTESIAN_POINT('',(-0.86343071454736,2.12235664677072,0.0));
#4800=DIRECTION('',(-0.98534255400275,-0.170587371371209,0.0));
#4801=DIRECTION('',(-0.170587371371209,0.98534255400275,0.0));
#4802=ORIENTED_EDGE('',*,*,#9326,.T.);
#4803=ORIENTED_EDGE('',*,*,#8900,.F.);
#4804=ORIENTED_EDGE('',*,*,#9327,.F.);
#4805=ORIENTED_EDGE('',*,*,#8507,.T.);
#4806=CARTESIAN_POINT('',(-0.875309934258012,2.06861093767409,0.0));
#4807=DIRECTION('',(-0.976433694608225,0.215817608256905,0.0));
#4808=DIRECTION('',(0.0,0.0,1.0));
#4809=ORIENTED_EDGE('',*,*,#9327,.T.);
#4810=ORIENTED_EDGE('',*,*,#8899,.F.);
#4811=ORIENTED_EDGE('',*,*,#9328,.F.);
#4812=ORIENTED_EDGE('',*,*,#8508,.T.);
#4813=CARTESIAN_POINT('',(-0.909189447252978,2.01958175164224,0.0));
#4814=DIRECTION('',(-0.822692648604813,0.568486416664109,0.0));
#4815=DIRECTION('',(0.0,0.0,1.0));
#4816=ORIENTED_EDGE('',*,*,#9328,.T.);
#4817=ORIENTED_EDGE('',*,*,#8898,.F.);
#4818=ORIENTED_EDGE('',*,*,#9329,.F.);
#4819=ORIENTED_EDGE('',*,*,#8509,.T.);
#4820=CARTESIAN_POINT('',(-0.965069262530716,1.97526910637362,0.0));
#4821=DIRECTION('',(-0.621344536952001,0.783537469684701,0.0));
#4822=DIRECTION('',(0.0,0.0,1.0));
#4823=ORIENTED_EDGE('',*,*,#9329,.T.);
#4824=ORIENTED_EDGE('',*,*,#8897,.F.);
#4825=ORIENTED_EDGE('',*,*,#9330,.F.);
#4826=ORIENTED_EDGE('',*,*,#8510,.T.);
#4827=CARTESIAN_POINT('',(-1.02737356688427,1.94359210693603,0.0));
#4828=DIRECTION('',(-0.453210806110308,0.891403368416816,0.0));
#4829=DIRECTION('',(0.0,0.0,1.0));
#4830=ORIENTED_EDGE('',*,*,#9330,.T.);
#4831=ORIENTED_EDGE('',*,*,#8896,.F.);
#4832=ORIENTED_EDGE('',*,*,#9331,.F.);
#4833=ORIENTED_EDGE('',*,*,#8511,.T.);
#4834=CARTESIAN_POINT('',(-1.09610200380583,1.92455093458589,0.0));
#4835=DIRECTION('',(-0.266992149649895,0.963698703965782,0.0));
#4836=DIRECTION('',(0.0,0.0,1.0));
#4837=ORIENTED_EDGE('',*,*,#9331,.T.);
#4838=ORIENTED_EDGE('',*,*,#8895,.F.);
#4839=ORIENTED_EDGE('',*,*,#9332,.F.);
#4840=ORIENTED_EDGE('',*,*,#8512,.T.);
#4841=CARTESIAN_POINT('',(-1.15567876908742,1.92606471208969,0.0));
#4842=DIRECTION('',(0.0254006587661201,0.999677351216005,0.0));
#4843=DIRECTION('',(0.0,0.0,-1.0));
#4844=ORIENTED_EDGE('',*,*,#9332,.T.);
#4845=ORIENTED_EDGE('',*,*,#8894,.F.);
#4846=ORIENTED_EDGE('',*,*,#9333,.F.);
#4847=ORIENTED_EDGE('',*,*,#8513,.T.);
#4848=CARTESIAN_POINT('',(-1.20610385373006,1.94813342174822,0.0));
#4849=DIRECTION('',(0.400936783038714,0.916105723160033,0.0));
#4850=DIRECTION('',(0.0,0.0,-1.0));
#4851=ORIENTED_EDGE('',*,*,#9333,.T.);
#4852=ORIENTED_EDGE('',*,*,#8893,.F.);
#4853=ORIENTED_EDGE('',*,*,#9334,.F.);
#4854=ORIENTED_EDGE('',*,*,#8514,.T.);
#4855=CARTESIAN_POINT('',(-1.24737708397948,1.99075716303981,0.0));
#4856=DIRECTION('',(0.718396190200817,0.695634181093016,0.0));
#4857=DIRECTION('',(0.0,0.0,-1.0));
#4858=ORIENTED_EDGE('',*,*,#9334,.T.);
#4859=ORIENTED_EDGE('',*,*,#8892,.F.);
#4860=ORIENTED_EDGE('',*,*,#9335,.F.);
#4861=ORIENTED_EDGE('',*,*,#8515,.T.);
#4862=CARTESIAN_POINT('',(-1.44653074645647,2.38246504637178,0.0));
#4863=DIRECTION('',(0.891403368416816,0.453210806110308,0.0));
#4864=DIRECTION('',(0.0,0.0,-1.0));
#4865=ORIENTED_EDGE('',*,*,#9335,.T.);
#4866=ORIENTED_EDGE('',*,*,#8891,.F.);
#4867=ORIENTED_EDGE('',*,*,#9310,.F.);
#4868=ORIENTED_EDGE('',*,*,#8516,.T.);
#4869=CARTESIAN_POINT('',(-1.53998702473302,2.33494963784348,0.0));
#4870=DIRECTION('',(-0.453210806110308,0.891403368416816,0.0));
#4871=DIRECTION('',(0.0,0.0,1.0));
#4872=ORIENTED_EDGE('',*,*,#9336,.T.);
#4873=ORIENTED_EDGE('',*,*,#8932,.F.);
#4874=ORIENTED_EDGE('',*,*,#9337,.F.);
#4875=ORIENTED_EDGE('',*,*,#8533,.T.);
#4876=CARTESIAN_POINT('',(-1.6479464027196,1.77416885564452,0.0));
#4877=DIRECTION('',(0.746295574653668,-0.665614689781071,0.0));
#4878=DIRECTION('',(0.0,0.0,-1.0));
#4879=ORIENTED_EDGE('',*,*,#9337,.T.);
#4880=ORIENTED_EDGE('',*,*,#8931,.F.);
#4881=ORIENTED_EDGE('',*,*,#9338,.F.);
#4882=ORIENTED_EDGE('',*,*,#8518,.T.);
#4883=CARTESIAN_POINT('',(-1.42579119030346,1.5760305069558,0.0));
#4884=DIRECTION('',(-0.665614689781071,-0.746295574653668,0.0));
#4885=DIRECTION('',(-0.746295574653668,0.665614689781071,0.0));
#4886=ORIENTED_EDGE('',*,*,#9338,.T.);
#4887=ORIENTED_EDGE('',*,*,#8930,.F.);
#4888=ORIENTED_EDGE('',*,*,#9339,.F.);
#4889=ORIENTED_EDGE('',*,*,#8519,.T.);
#4890=CARTESIAN_POINT('',(-1.35600698948377,1.65427343195731,0.0));
#4891=DIRECTION('',(0.746295574653624,-0.665614689781121,0.0));
#4892=DIRECTION('',(0.0,0.0,-1.0));
#4893=ORIENTED_EDGE('',*,*,#9339,.T.);
#4894=ORIENTED_EDGE('',*,*,#8929,.F.);
#4895=ORIENTED_EDGE('',*,*,#9340,.F.);
#4896=ORIENTED_EDGE('',*,*,#8520,.T.);
#4897=CARTESIAN_POINT('',(-1.85321150545401,2.09772592034825,0.0));
#4898=DIRECTION('',(0.665614689781071,0.746295574653668,0.0));
#4899=DIRECTION('',(0.0,0.0,-1.0));
#4900=ORIENTED_EDGE('',*,*,#9340,.T.);
#4901=ORIENTED_EDGE('',*,*,#8928,.F.);
#4902=ORIENTED_EDGE('',*,*,#9341,.F.);
#4903=ORIENTED_EDGE('',*,*,#8521,.T.);
#4904=CARTESIAN_POINT('',(-2.13234830873326,1.78475422034142,0.0));
#4905=DIRECTION('',(-0.746295574653668,0.665614689781071,0.0));
#4906=DIRECTION('',(0.0,0.0,1.0));
#4907=ORIENTED_EDGE('',*,*,#9341,.T.);
#4908=ORIENTED_EDGE('',*,*,#8927,.F.);
#4909=ORIENTED_EDGE('',*,*,#9342,.F.);
#4910=ORIENTED_EDGE('',*,*,#8522,.T.);
#4911=CARTESIAN_POINT('',(-2.17992290245358,1.71011672412827,0.0));
#4912=DIRECTION('',(-0.843262072500711,0.537502629837107,0.0));
#4913=DIRECTION('',(0.0,0.0,1.0));
#4914=ORIENTED_EDGE('',*,*,#9342,.T.);
#4915=ORIENTED_EDGE('',*,*,#8926,.F.);
#4916=ORIENTED_EDGE('',*,*,#9343,.F.);
#4917=ORIENTED_EDGE('',*,*,#8523,.T.);
#4918=CARTESIAN_POINT('',(-2.19470933705235,1.62964920002808,0.0));
#4919=DIRECTION('',(-0.983532644474242,0.180730565354908,0.0));
#4920=DIRECTION('',(0.0,0.0,1.0));
#4921=ORIENTED_EDGE('',*,*,#9343,.T.);
#4922=ORIENTED_EDGE('',*,*,#8925,.F.);
#4923=ORIENTED_EDGE('',*,*,#9344,.F.);
#4924=ORIENTED_EDGE('',*,*,#8524,.T.);
#4925=CARTESIAN_POINT('',(-2.18728616455176,1.55278710471651,0.0));
#4926=DIRECTION('',(-0.995368736458507,-0.0961305283507507,0.0));
#4927=DIRECTION('',(-0.0961305283507507,0.995368736458507,0.0));
#4928=ORIENTED_EDGE('',*,*,#9344,.T.);
#4929=ORIENTED_EDGE('',*,*,#8924,.F.);
#4930=ORIENTED_EDGE('',*,*,#9345,.F.);
#4931=ORIENTED_EDGE('',*,*,#8525,.T.);
#4932=CARTESIAN_POINT('',(-2.16718036563797,1.51144119235338,0.0));
#4933=DIRECTION('',(-0.899307196323249,-0.437317466654624,0.0));
#4934=DIRECTION('',(-0.437317466654624,0.899307196323249,0.0));
#4935=ORIENTED_EDGE('',*,*,#9345,.T.);
#4936=ORIENTED_EDGE('',*,*,#8923,.F.);
#4937=ORIENTED_EDGE('',*,*,#9346,.F.);
#4938=ORIENTED_EDGE('',*,*,#8526,.T.);
#4939=CARTESIAN_POINT('',(-2.1248650630917,1.47370053311095,0.0));
#4940=DIRECTION('',(-0.665614689781071,-0.746295574653668,0.0));
#4941=DIRECTION('',(-0.746295574653668,0.665614689781071,0.0));
#4942=ORIENTED_EDGE('',*,*,#9346,.T.);
#4943=ORIENTED_EDGE('',*,*,#8922,.F.);
#4944=ORIENTED_EDGE('',*,*,#9347,.F.);
#4945=ORIENTED_EDGE('',*,*,#8527,.T.);
#4946=CARTESIAN_POINT('',(-2.08149795263991,1.45843549625754,0.0));
#4947=DIRECTION('',(-0.332026957679989,-0.943269897417368,0.0));
#4948=DIRECTION('',(-0.943269897417368,0.332026957679989,0.0));
#4949=ORIENTED_EDGE('',*,*,#9347,.T.);
#4950=ORIENTED_EDGE('',*,*,#8921,.F.);
#4951=ORIENTED_EDGE('',*,*,#9348,.F.);
#4952=ORIENTED_EDGE('',*,*,#8528,.T.);
#4953=CARTESIAN_POINT('',(-2.00429057931938,1.45981632594749,0.0));
#4954=DIRECTION('',(0.0178818271640401,-0.999840107345807,0.0));
#4955=DIRECTION('',(0.0,0.0,-1.0));
#4956=ORIENTED_EDGE('',*,*,#9348,.T.);
#4957=ORIENTED_EDGE('',*,*,#8920,.F.);
#4958=ORIENTED_EDGE('',*,*,#9349,.F.);
#4959=ORIENTED_EDGE('',*,*,#8529,.T.);
#4960=CARTESIAN_POINT('',(-1.93661005358241,1.4931080590342,0.0));
#4961=DIRECTION('',(0.441386150675001,-0.897317260500602,0.0));
#4962=DIRECTION('',(0.0,0.0,-1.0));
#4963=ORIENTED_EDGE('',*,*,#9349,.T.);
#4964=ORIENTED_EDGE('',*,*,#8919,.F.);
#4965=ORIENTED_EDGE('',*,*,#9350,.F.);
#4966=ORIENTED_EDGE('',*,*,#8530,.T.);
#4967=CARTESIAN_POINT('',(-1.79797350594089,1.15873500643772,0.0));
#4968=DIRECTION('',(-0.923747917077119,-0.383001025711008,0.0));
#4969=DIRECTION('',(-0.383001025711008,0.923747917077119,0.0));
#4970=ORIENTED_EDGE('',*,*,#9350,.T.);
#4971=ORIENTED_EDGE('',*,*,#8918,.F.);
#4972=ORIENTED_EDGE('',*,*,#9351,.F.);
#4973=ORIENTED_EDGE('',*,*,#8531,.T.);
#4974=CARTESIAN_POINT('',(-1.71655864935183,1.25001836919397,0.0));
#4975=DIRECTION('',(0.746295574653668,-0.665614689781071,0.0));
#4976=DIRECTION('',(0.0,0.0,-1.0));
#4977=ORIENTED_EDGE('',*,*,#9351,.T.);
#4978=ORIENTED_EDGE('',*,*,#8917,.F.);
#4979=ORIENTED_EDGE('',*,*,#9336,.F.);
#4980=ORIENTED_EDGE('',*,*,#8532,.T.);
#4981=CARTESIAN_POINT('',(-1.84566821630719,1.55248066763063,0.0));
#4982=DIRECTION('',(0.919713413393588,0.392590419169795,0.0));
#4983=DIRECTION('',(0.0,0.0,-1.0));
#4984=ORIENTED_EDGE('',*,*,#9352,.T.);
#4985=ORIENTED_EDGE('',*,*,#8942,.F.);
#4986=ORIENTED_EDGE('',*,*,#9353,.F.);
#4987=ORIENTED_EDGE('',*,*,#8336,.T.);
#4988=CARTESIAN_POINT('',(-1.93240257031388,1.58301059210075,0.0));
#4989=DIRECTION('',(-0.746295574653668,0.665614689781071,0.0));
#4990=DIRECTION('',(0.0,0.0,1.0));
#4991=ORIENTED_EDGE('',*,*,#9353,.T.);
#4992=ORIENTED_EDGE('',*,*,#8941,.F.);
#4993=ORIENTED_EDGE('',*,*,#9354,.F.);
#4994=ORIENTED_EDGE('',*,*,#8327,.T.);
#4995=CARTESIAN_POINT('',(-1.97787348895149,1.55332428780267,0.0));
#4996=DIRECTION('',(-0.54667284738799,0.837346283164085,0.0));
#4997=DIRECTION('',(0.0,0.0,1.0));
#4998=ORIENTED_EDGE('',*,*,#9354,.T.);
#4999=ORIENTED_EDGE('',*,*,#8940,.F.);
#5000=ORIENTED_EDGE('',*,*,#9355,.F.);
#5001=ORIENTED_EDGE('',*,*,#8328,.T.);
#5002=CARTESIAN_POINT('',(-2.02229257004761,1.54611357946186,0.0));
#5003=DIRECTION('',(-0.160236021306601,0.987078729117303,0.0));
#5004=DIRECTION('',(0.0,0.0,1.0));
#5005=ORIENTED_EDGE('',*,*,#9355,.T.);
#5006=ORIENTED_EDGE('',*,*,#8939,.F.);
#5007=ORIENTED_EDGE('',*,*,#9356,.F.);
#5008=ORIENTED_EDGE('',*,*,#8329,.T.);
#5009=CARTESIAN_POINT('',(-2.06565968049966,1.56137861631526,0.0));
#5010=DIRECTION('',(0.332026957679989,0.943269897417368,0.0));
#5011=DIRECTION('',(0.0,0.0,-1.0));
#5012=ORIENTED_EDGE('',*,*,#9356,.T.);
#5013=ORIENTED_EDGE('',*,*,#8938,.F.);
#5014=ORIENTED_EDGE('',*,*,#9357,.F.);
#5015=ORIENTED_EDGE('',*,*,#8330,.T.);
#5016=CARTESIAN_POINT('',(-2.09739616481828,1.58968411735515,0.0));
#5017=DIRECTION('',(0.665614689781071,0.746295574653668,0.0));
#5018=DIRECTION('',(0.0,0.0,-1.0));
#5019=ORIENTED_EDGE('',*,*,#9357,.T.);
#5020=ORIENTED_EDGE('',*,*,#8937,.F.);
#5021=ORIENTED_EDGE('',*,*,#9358,.F.);
#5022=ORIENTED_EDGE('',*,*,#8331,.T.);
#5023=CARTESIAN_POINT('',(-2.11750196373208,1.63103002971802,0.0));
#5024=DIRECTION('',(0.899307196323209,0.437317466654705,0.0));
#5025=DIRECTION('',(0.0,0.0,-1.0));
#5026=ORIENTED_EDGE('',*,*,#9358,.T.);
#5027=ORIENTED_EDGE('',*,*,#8936,.F.);
#5028=ORIENTED_EDGE('',*,*,#9359,.F.);
#5029=ORIENTED_EDGE('',*,*,#8332,.T.);
#5030=CARTESIAN_POINT('',(-2.11539815554651,1.67598137086952,0.0));
#5031=DIRECTION('',(0.998906587011511,-0.0467507264651005,0.0));
#5032=DIRECTION('',(0.0,0.0,-1.0));
#5033=ORIENTED_EDGE('',*,*,#9359,.T.);
#5034=ORIENTED_EDGE('',*,*,#8935,.F.);
#5035=ORIENTED_EDGE('',*,*,#9360,.F.);
#5036=ORIENTED_EDGE('',*,*,#8333,.T.);
#5037=CARTESIAN_POINT('',(-2.09108487336418,1.7245379915732,0.0));
#5038=DIRECTION('',(0.89416944032364,-0.44772872589472,0.0));
#5039=DIRECTION('',(0.0,0.0,-1.0));
#5040=ORIENTED_EDGE('',*,*,#9360,.T.);
#5041=ORIENTED_EDGE('',*,*,#8934,.F.);
#5042=ORIENTED_EDGE('',*,*,#9361,.F.);
#5043=ORIENTED_EDGE('',*,*,#8334,.T.);
#5044=CARTESIAN_POINT('',(-1.87010161513549,1.972307204333,0.0));
#5045=DIRECTION('',(0.746295574653668,-0.665614689781071,0.0));
#5046=DIRECTION('',(0.0,0.0,-1.0));
#5047=ORIENTED_EDGE('',*,*,#9361,.T.);
#5048=ORIENTED_EDGE('',*,*,#8933,.F.);
#5049=ORIENTED_EDGE('',*,*,#9352,.F.);
#5050=ORIENTED_EDGE('',*,*,#8335,.T.);
#5051=CARTESIAN_POINT('',(-1.71141931208544,1.83077980486055,0.0));
#5052=DIRECTION('',(-0.665614689781071,-0.746295574653668,0.0));
#5053=DIRECTION('',(-0.746295574653668,0.665614689781071,0.0));
#5054=ORIENTED_EDGE('',*,*,#9362,.T.);
#5055=ORIENTED_EDGE('',*,*,#8952,.F.);
#5056=ORIENTED_EDGE('',*,*,#9363,.F.);
#5057=ORIENTED_EDGE('',*,*,#8543,.T.);
#5058=CARTESIAN_POINT('',(-1.91085949246159,0.934672446724266,0.0));
#5059=DIRECTION('',(-0.333169887542205,-0.942866812458215,0.0));
#5060=DIRECTION('',(-0.942866812458215,0.333169887542205,0.0));
#5061=ORIENTED_EDGE('',*,*,#9363,.T.);
#5062=ORIENTED_EDGE('',*,*,#8951,.F.);
#5063=ORIENTED_EDGE('',*,*,#9364,.F.);
#5064=ORIENTED_EDGE('',*,*,#8534,.T.);
#5065=CARTESIAN_POINT('',(-1.87592938244996,1.03352424191004,0.0));
#5066=DIRECTION('',(0.942866812458215,-0.333169887542205,0.0));
#5067=DIRECTION('',(0.0,0.0,-1.0));
#5068=ORIENTED_EDGE('',*,*,#9364,.T.);
#5069=ORIENTED_EDGE('',*,*,#8950,.F.);
#5070=ORIENTED_EDGE('',*,*,#9365,.F.);
#5071=ORIENTED_EDGE('',*,*,#8535,.T.);
#5072=CARTESIAN_POINT('',(-2.50409555820451,1.25549202290374,0.0));
#5073=DIRECTION('',(0.333169887542205,0.942866812458215,0.0));
#5074=DIRECTION('',(0.0,0.0,-1.0));
#5075=ORIENTED_EDGE('',*,*,#9365,.T.);
#5076=ORIENTED_EDGE('',*,*,#8949,.F.);
#5077=ORIENTED_EDGE('',*,*,#9366,.F.);
#5078=ORIENTED_EDGE('',*,*,#8536,.T.);
#5079=CARTESIAN_POINT('',(-2.55649072322118,1.10721433012495,0.0));
#5080=DIRECTION('',(-0.942866812458215,0.333169887542205,0.0));
#5081=DIRECTION('',(0.0,0.0,1.0));
#5082=ORIENTED_EDGE('',*,*,#9366,.T.);
#5083=ORIENTED_EDGE('',*,*,#8948,.F.);
#5084=ORIENTED_EDGE('',*,*,#9367,.F.);
#5085=ORIENTED_EDGE('',*,*,#8537,.T.);
#5086=CARTESIAN_POINT('',(-2.16742337961295,0.506422974072016,0.0));
#5087=DIRECTION('',(-0.839366192239911,-0.543566366991807,0.0));
#5088=DIRECTION('',(-0.543566366991807,0.839366192239911,0.0));
#5089=ORIENTED_EDGE('',*,*,#9367,.T.);
#5090=ORIENTED_EDGE('',*,*,#8947,.F.);
#5091=ORIENTED_EDGE('',*,*,#9368,.F.);
#5092=ORIENTED_EDGE('',*,*,#8538,.T.);
#5093=CARTESIAN_POINT('',(-2.7020328926849,0.695331724487186,0.0));
#5094=DIRECTION('',(0.333169887542205,0.942866812458215,0.0));
#5095=DIRECTION('',(0.0,0.0,-1.0));
#5096=ORIENTED_EDGE('',*,*,#9368,.T.);
#5097=ORIENTED_EDGE('',*,*,#8946,.F.);
#5098=ORIENTED_EDGE('',*,*,#9369,.F.);
#5099=ORIENTED_EDGE('',*,*,#8539,.T.);
#5100=CARTESIAN_POINT('',(-2.73696300269754,0.596479929301408,0.0));
#5101=DIRECTION('',(-0.942866812458215,0.333169887542205,0.0));
#5102=DIRECTION('',(0.0,0.0,1.0));
#5103=ORIENTED_EDGE('',*,*,#9369,.T.);
#5104=ORIENTED_EDGE('',*,*,#8945,.F.);
#5105=ORIENTED_EDGE('',*,*,#9370,.F.);
#5106=ORIENTED_EDGE('',*,*,#8540,.T.);
#5107=CARTESIAN_POINT('',(-2.108796826943,0.374512148307708,0.0));
#5108=DIRECTION('',(-0.333169887542205,-0.942866812458215,0.0));
#5109=DIRECTION('',(-0.942866812458215,0.333169887542205,0.0));
#5110=ORIENTED_EDGE('',*,*,#9370,.T.);
#5111=ORIENTED_EDGE('',*,*,#8944,.F.);
#5112=ORIENTED_EDGE('',*,*,#9371,.F.);
#5113=ORIENTED_EDGE('',*,*,#8541,.T.);
#5114=CARTESIAN_POINT('',(-2.05640166192556,0.522789841086502,0.0));
#5115=DIRECTION('',(0.942866812458215,-0.333169887542205,0.0));
#5116=DIRECTION('',(0.0,0.0,-1.0));
#5117=ORIENTED_EDGE('',*,*,#9371,.T.);
#5118=ORIENTED_EDGE('',*,*,#8943,.F.);
#5119=ORIENTED_EDGE('',*,*,#9362,.F.);
#5120=ORIENTED_EDGE('',*,*,#8542,.T.);
#5121=CARTESIAN_POINT('',(-2.45883425108341,1.12830391862844,0.0));
#5122=DIRECTION('',(0.83283881586314,0.553515588571526,0.0));
#5123=DIRECTION('',(0.0,0.0,-1.0));
#5124=ORIENTED_EDGE('',*,*,#9372,.T.);
#5125=ORIENTED_EDGE('',*,*,#9006,.F.);
#5126=ORIENTED_EDGE('',*,*,#9373,.F.);
#5127=ORIENTED_EDGE('',*,*,#8597,.T.);
#5128=CARTESIAN_POINT('',(-2.61331239354256,-0.283466519942636,0.0));
#5129=DIRECTION('',(0.998994164419382,0.0448403775187092,0.0));
#5130=DIRECTION('',(0.0,0.0,-1.0));
#5131=ORIENTED_EDGE('',*,*,#9373,.T.);
#5132=ORIENTED_EDGE('',*,*,#9005,.F.);
#5133=ORIENTED_EDGE('',*,*,#9374,.F.);
#5134=ORIENTED_EDGE('',*,*,#8544,.T.);
#5135=CARTESIAN_POINT('',(-2.64241761797868,-0.267281573509952,0.0));
#5136=DIRECTION('',(0.485995733792109,0.873961181481117,0.0));
#5137=DIRECTION('',(0.0,0.0,-1.0));
#5138=ORIENTED_EDGE('',*,*,#9374,.T.);
#5139=ORIENTED_EDGE('',*,*,#9004,.F.);
#5140=ORIENTED_EDGE('',*,*,#9375,.F.);
#5141=ORIENTED_EDGE('',*,*,#8545,.T.);
#5142=CARTESIAN_POINT('',(-2.6723063543098,-0.233640846050647,0.0));
#5143=DIRECTION('',(0.747565241811743,0.664188383845238,0.0));
#5144=DIRECTION('',(0.0,0.0,-1.0));
#5145=ORIENTED_EDGE('',*,*,#9375,.T.);
#5146=ORIENTED_EDGE('',*,*,#9003,.F.);
#5147=ORIENTED_EDGE('',*,*,#9376,.F.);
#5148=ORIENTED_EDGE('',*,*,#8546,.T.);
#5149=CARTESIAN_POINT('',(-2.6888177731665,-0.181908320962564,0.0));
#5150=DIRECTION('',(0.952653671822033,0.304057530023511,0.0));
#5151=DIRECTION('',(0.0,0.0,-1.0));
#5152=ORIENTED_EDGE('',*,*,#9376,.T.);
#5153=ORIENTED_EDGE('',*,*,#9002,.F.);
#5154=ORIENTED_EDGE('',*,*,#9377,.F.);
#5155=ORIENTED_EDGE('',*,*,#8547,.T.);
#5156=CARTESIAN_POINT('',(-2.69351891627118,-0.0771720366557958,0.0));
#5157=DIRECTION('',(0.998994164419382,0.0448403775187092,0.0));
#5158=DIRECTION('',(0.0,0.0,-1.0));
#5159=ORIENTED_EDGE('',*,*,#9377,.T.);
#5160=ORIENTED_EDGE('',*,*,#9001,.F.);
#5161=ORIENTED_EDGE('',*,*,#9378,.F.);
#5162=ORIENTED_EDGE('',*,*,#8548,.T.);
#5163=CARTESIAN_POINT('',(-2.68170864051916,-0.0241682774370772,0.0));
#5164=DIRECTION('',(0.976063429228109,-0.217486050411202,0.0));
#5165=DIRECTION('',(0.0,0.0,-1.0));
#5166=ORIENTED_EDGE('',*,*,#9378,.T.);
#5167=ORIENTED_EDGE('',*,*,#9000,.F.);
#5168=ORIENTED_EDGE('',*,*,#9379,.F.);
#5169=ORIENTED_EDGE('',*,*,#8549,.T.);
#5170=CARTESIAN_POINT('',(-2.65573751746532,0.0294710988469656,0.0));
#5171=DIRECTION('',(0.900050105110671,-0.435786425087186,0.0));
#5172=DIRECTION('',(0.0,0.0,-1.0));
#5173=ORIENTED_EDGE('',*,*,#9379,.T.);
#5174=ORIENTED_EDGE('',*,*,#8999,.F.);
#5175=ORIENTED_EDGE('',*,*,#9380,.F.);
#5176=ORIENTED_EDGE('',*,*,#8550,.T.);
#5177=CARTESIAN_POINT('',(-2.61403846571246,0.0488341323871152,0.0));
#5178=DIRECTION('',(0.421160683427187,-0.906986041091672,0.0));
#5179=DIRECTION('',(0.0,0.0,-1.0));
#5180=ORIENTED_EDGE('',*,*,#9380,.T.);
#5181=ORIENTED_EDGE('',*,*,#8998,.F.);
#5182=ORIENTED_EDGE('',*,*,#9381,.F.);
#5183=ORIENTED_EDGE('',*,*,#8551,.T.);
#5184=CARTESIAN_POINT('',(-2.58571677110628,0.0501053665177686,0.0));
#5185=DIRECTION('',(0.0448403775186992,-0.998994164419383,0.0));
#5186=DIRECTION('',(0.0,0.0,-1.0));
#5187=ORIENTED_EDGE('',*,*,#9381,.T.);
#5188=ORIENTED_EDGE('',*,*,#8997,.F.);
#5189=ORIENTED_EDGE('',*,*,#9382,.F.);
#5190=ORIENTED_EDGE('',*,*,#8552,.T.);
#5191=CARTESIAN_POINT('',(-2.54245069936834,0.0345560371502208,0.0));
#5192=DIRECTION('',(-0.338209991818184,-0.941070667609157,0.0));
#5193=DIRECTION('',(-0.941070667609157,0.338209991818184,0.0));
#5194=ORIENTED_EDGE('',*,*,#9382,.T.);
#5195=ORIENTED_EDGE('',*,*,#8996,.F.);
#5196=ORIENTED_EDGE('',*,*,#9383,.F.);
#5197=ORIENTED_EDGE('',*,*,#8553,.T.);
#5198=CARTESIAN_POINT('',(-2.5117784332088,-0.016540870872505,0.0));
#5199=DIRECTION('',(-0.85738837068413,-0.514669973687618,0.0));
#5200=DIRECTION('',(-0.514669973687618,0.85738837068413,0.0));
#5201=ORIENTED_EDGE('',*,*,#9383,.T.);
#5202=ORIENTED_EDGE('',*,*,#8995,.F.);
#5203=ORIENTED_EDGE('',*,*,#9384,.F.);
#5204=ORIENTED_EDGE('',*,*,#8554,.T.);
#5205=CARTESIAN_POINT('',(-2.49526701435287,-0.0682733959605804,0.0));
#5206=DIRECTION('',(-0.952653671822033,-0.304057530023511,0.0));
#5207=DIRECTION('',(-0.304057530023511,0.952653671822033,0.0));
#5208=ORIENTED_EDGE('',*,*,#9384,.T.);
#5209=ORIENTED_EDGE('',*,*,#8994,.F.);
#5210=ORIENTED_EDGE('',*,*,#9385,.F.);
#5211=ORIENTED_EDGE('',*,*,#8555,.T.);
#5212=CARTESIAN_POINT('',(-2.49056587124742,-0.173009680267349,0.0));
#5213=DIRECTION('',(-0.998994164419382,-0.0448403775187092,0.0));
#5214=DIRECTION('',(-0.0448403775187092,0.998994164419382,0.0));
#5215=ORIENTED_EDGE('',*,*,#9385,.T.);
#5216=ORIENTED_EDGE('',*,*,#8993,.F.);
#5217=ORIENTED_EDGE('',*,*,#9386,.F.);
#5218=ORIENTED_EDGE('',*,*,#8556,.T.);
#5219=CARTESIAN_POINT('',(-2.47248741066756,-0.25965416694539,0.0));
#5220=DIRECTION('',(-0.97891827987046,-0.204252298237892,0.0));
#5221=DIRECTION('',(-0.204252298237892,0.97891827987046,0.0));
#5222=ORIENTED_EDGE('',*,*,#9386,.T.);
#5223=ORIENTED_EDGE('',*,*,#8992,.F.);
#5224=ORIENTED_EDGE('',*,*,#9387,.F.);
#5225=ORIENTED_EDGE('',*,*,#8557,.T.);
#5226=CARTESIAN_POINT('',(-2.44103161467961,-0.328207255531598,0.0));
#5227=DIRECTION('',(-0.908885812857048,-0.417045056543276,0.0));
#5228=DIRECTION('',(-0.417045056543276,0.908885812857048,0.0));
#5229=ORIENTED_EDGE('',*,*,#9387,.T.);
#5230=ORIENTED_EDGE('',*,*,#8991,.F.);
#5231=ORIENTED_EDGE('',*,*,#9388,.F.);
#5232=ORIENTED_EDGE('',*,*,#8558,.T.);
#5233=CARTESIAN_POINT('',(-2.38125414201813,-0.395488710450004,0.0));
#5234=DIRECTION('',(-0.747565241811743,-0.664188383845238,0.0));
#5235=DIRECTION('',(-0.664188383845238,0.747565241811743,0.0));
#5236=ORIENTED_EDGE('',*,*,#9388,.T.);
#5237=ORIENTED_EDGE('',*,*,#8990,.F.);
#5238=ORIENTED_EDGE('',*,*,#9389,.F.);
#5239=ORIENTED_EDGE('',*,*,#8559,.T.);
#5240=CARTESIAN_POINT('',(-2.32304367331205,-0.427858602425356,0.0));
#5241=DIRECTION('',(-0.485995597093185,-0.873961257497172,0.0));
#5242=DIRECTION('',(-0.873961257497172,0.485995597093185,0.0));
#5243=ORIENTED_EDGE('',*,*,#9389,.T.);
#5244=ORIENTED_EDGE('',*,*,#8989,.F.);
#5245=ORIENTED_EDGE('',*,*,#9390,.F.);
#5246=ORIENTED_EDGE('',*,*,#8560,.T.);
#5247=CARTESIAN_POINT('',(-2.25223943679507,-0.424680517098786,0.0));
#5248=DIRECTION('',(0.0448403775186992,-0.998994164419383,0.0));
#5249=DIRECTION('',(0.0,0.0,-1.0));
#5250=ORIENTED_EDGE('',*,*,#9390,.T.);
#5251=ORIENTED_EDGE('',*,*,#8988,.F.);
#5252=ORIENTED_EDGE('',*,*,#9391,.F.);
#5253=ORIENTED_EDGE('',*,*,#8561,.T.);
#5254=CARTESIAN_POINT('',(-2.19716309732135,-0.387225687265136,0.0));
#5255=DIRECTION('',(0.562339989038904,-0.826906123285906,0.0));
#5256=DIRECTION('',(0.0,0.0,-1.0));
#5257=ORIENTED_EDGE('',*,*,#9391,.T.);
#5258=ORIENTED_EDGE('',*,*,#8987,.F.);
#5259=ORIENTED_EDGE('',*,*,#9392,.F.);
#5260=ORIENTED_EDGE('',*,*,#8562,.T.);
#5261=CARTESIAN_POINT('',(-2.14365378659673,-0.314859295601714,0.0));
#5262=DIRECTION('',(0.804064021340389,-0.594542723095592,0.0));
#5263=DIRECTION('',(0.0,0.0,-1.0));
#5264=ORIENTED_EDGE('',*,*,#9392,.T.);
#5265=ORIENTED_EDGE('',*,*,#8986,.F.);
#5266=ORIENTED_EDGE('',*,*,#9393,.F.);
#5267=ORIENTED_EDGE('',*,*,#8563,.T.);
#5268=CARTESIAN_POINT('',(-2.11846618965224,-0.243763738587067,0.0));
#5269=DIRECTION('',(0.942594174258733,-0.333940447765012,0.0));
#5270=DIRECTION('',(0.0,0.0,-1.0));
#5271=ORIENTED_EDGE('',*,*,#9393,.T.);
#5272=ORIENTED_EDGE('',*,*,#8985,.F.);
#5273=ORIENTED_EDGE('',*,*,#9394,.F.);
#5274=ORIENTED_EDGE('',*,*,#8564,.T.);
#5275=CARTESIAN_POINT('',(-2.10822295438564,-0.155848017722848,0.0));
#5276=DIRECTION('',(0.993280811607181,-0.115729120332698,0.0));
#5277=DIRECTION('',(0.0,0.0,-1.0));
#5278=ORIENTED_EDGE('',*,*,#9394,.T.);
#5279=ORIENTED_EDGE('',*,*,#8984,.F.);
#5280=ORIENTED_EDGE('',*,*,#9395,.F.);
#5281=ORIENTED_EDGE('',*,*,#8565,.T.);
#5282=CARTESIAN_POINT('',(-2.11449115714842,-0.0161993722890011,0.0));
#5283=DIRECTION('',(0.998994164419382,0.0448403775187092,0.0));
#5284=DIRECTION('',(0.0,0.0,-1.0));
#5285=ORIENTED_EDGE('',*,*,#9395,.T.);
#5286=ORIENTED_EDGE('',*,*,#8983,.F.);
#5287=ORIENTED_EDGE('',*,*,#9396,.F.);
#5288=ORIENTED_EDGE('',*,*,#8566,.T.);
#5289=CARTESIAN_POINT('',(-2.13256961896806,0.070445114333264,0.0));
#5290=DIRECTION('',(0.978918277043736,0.204252311785507,0.0));
#5291=DIRECTION('',(0.0,0.0,-1.0));
#5292=ORIENTED_EDGE('',*,*,#9396,.T.);
#5293=ORIENTED_EDGE('',*,*,#8982,.F.);
#5294=ORIENTED_EDGE('',*,*,#9397,.F.);
#5295=ORIENTED_EDGE('',*,*,#8567,.T.);
#5296=CARTESIAN_POINT('',(-2.17896977787367,0.155818366713596,0.0));
#5297=DIRECTION('',(0.878617375633396,0.477526446634198,0.0));
#5298=DIRECTION('',(0.0,0.0,-1.0));
#5299=ORIENTED_EDGE('',*,*,#9397,.T.);
#5300=ORIENTED_EDGE('',*,*,#8981,.F.);
#5301=ORIENTED_EDGE('',*,*,#9398,.F.);
#5302=ORIENTED_EDGE('',*,*,#8568,.T.);
#5303=CARTESIAN_POINT('',(-2.25212460081977,0.205008422872606,0.0));
#5304=DIRECTION('',(0.557995591317486,0.829843913076579,0.0));
#5305=DIRECTION('',(0.0,0.0,-1.0));
#5306=ORIENTED_EDGE('',*,*,#9398,.T.);
#5307=ORIENTED_EDGE('',*,*,#8980,.F.);
#5308=ORIENTED_EDGE('',*,*,#9399,.F.);
#5309=ORIENTED_EDGE('',*,*,#8569,.T.);
#5310=CARTESIAN_POINT('',(-2.30955151986181,0.21992213517484,0.0));
#5311=DIRECTION('',(0.251360935018887,0.96789342406405,0.0));
#5312=DIRECTION('',(0.0,0.0,-1.0));
#5313=ORIENTED_EDGE('',*,*,#9399,.T.);
#5314=ORIENTED_EDGE('',*,*,#8979,.F.);
#5315=ORIENTED_EDGE('',*,*,#9400,.F.);
#5316=ORIENTED_EDGE('',*,*,#8570,.T.);
#5317=CARTESIAN_POINT('',(-2.30485037675663,0.115185850868046,0.0));
#5318=DIRECTION('',(-0.998994164419382,-0.0448403775187092,0.0));
#5319=DIRECTION('',(-0.0448403775187092,0.998994164419382,0.0));
#5320=ORIENTED_EDGE('',*,*,#9400,.T.);
#5321=ORIENTED_EDGE('',*,*,#8978,.F.);
#5322=ORIENTED_EDGE('',*,*,#9401,.F.);
#5323=ORIENTED_EDGE('',*,*,#8571,.T.);
#5324=CARTESIAN_POINT('',(-2.26158430501792,0.099636521500498,0.0));
#5325=DIRECTION('',(-0.338209991818184,-0.941070667609157,0.0));
#5326=DIRECTION('',(-0.941070667609157,0.338209991818184,0.0));
#5327=ORIENTED_EDGE('',*,*,#9401,.T.);
#5328=ORIENTED_EDGE('',*,*,#8977,.F.);
#5329=ORIENTED_EDGE('',*,*,#9402,.F.);
#5330=ORIENTED_EDGE('',*,*,#8572,.T.);
#5331=CARTESIAN_POINT('',(-2.21675118163736,0.0491752309882542,0.0));
#5332=DIRECTION('',(-0.747566405564513,-0.664187074002012,0.0));
#5333=DIRECTION('',(-0.664187074002012,0.747566405564513,0.0));
#5334=ORIENTED_EDGE('',*,*,#9402,.T.);
#5335=ORIENTED_EDGE('',*,*,#8976,.F.);
#5336=ORIENTED_EDGE('',*,*,#9403,.F.);
#5337=ORIENTED_EDGE('',*,*,#8573,.T.);
#5338=CARTESIAN_POINT('',(-2.19945625088617,-0.0200130751261294,0.0));
#5339=DIRECTION('',(-0.970149579218068,-0.242507306988892,0.0));
#5340=DIRECTION('',(-0.242507306988892,0.970149579218068,0.0));
#5341=ORIENTED_EDGE('',*,*,#9403,.T.);
#5342=ORIENTED_EDGE('',*,*,#8975,.F.);
#5343=ORIENTED_EDGE('',*,*,#9404,.F.);
#5344=ORIENTED_EDGE('',*,*,#8574,.T.);
#5345=CARTESIAN_POINT('',(-2.19318804812364,-0.159661720559969,0.0));
#5346=DIRECTION('',(-0.998994164419382,-0.0448403775187092,0.0));
#5347=DIRECTION('',(-0.0448403775187092,0.998994164419382,0.0));
#5348=ORIENTED_EDGE('',*,*,#9404,.T.);
#5349=ORIENTED_EDGE('',*,*,#8974,.F.);
#5350=ORIENTED_EDGE('',*,*,#9405,.F.);
#5351=ORIENTED_EDGE('',*,*,#8575,.T.);
#5352=CARTESIAN_POINT('',(-2.20421481197914,-0.230121260805021,0.0));
#5353=DIRECTION('',(-0.987974661608517,0.154615872469603,0.0));
#5354=DIRECTION('',(0.0,0.0,1.0));
#5355=ORIENTED_EDGE('',*,*,#9405,.T.);
#5356=ORIENTED_EDGE('',*,*,#8973,.F.);
#5357=ORIENTED_EDGE('',*,*,#9406,.F.);
#5358=ORIENTED_EDGE('',*,*,#8576,.T.);
#5359=CARTESIAN_POINT('',(-2.23018594495091,-0.283760637534232,0.0));
#5360=DIRECTION('',(-0.900050041256683,0.435786556967792,0.0));
#5361=DIRECTION('',(0.0,0.0,1.0));
#5362=ORIENTED_EDGE('',*,*,#9406,.T.);
#5363=ORIENTED_EDGE('',*,*,#8972,.F.);
#5364=ORIENTED_EDGE('',*,*,#9407,.F.);
#5365=ORIENTED_EDGE('',*,*,#8577,.T.);
#5366=CARTESIAN_POINT('',(-2.27110142720361,-0.320579849857306,0.0));
#5367=DIRECTION('',(-0.668917336828095,0.743336798827294,0.0));
#5368=DIRECTION('',(0.0,0.0,1.0));
#5369=ORIENTED_EDGE('',*,*,#9407,.T.);
#5370=ORIENTED_EDGE('',*,*,#8971,.F.);
#5371=ORIENTED_EDGE('',*,*,#9408,.F.);
#5372=ORIENTED_EDGE('',*,*,#8578,.T.);
#5373=CARTESIAN_POINT('',(-2.31358396911389,-0.322486701053248,0.0));
#5374=DIRECTION('',(-0.0448403775187092,0.998994164419382,0.0));
#5375=DIRECTION('',(0.0,0.0,1.0));
#5376=ORIENTED_EDGE('',*,*,#9408,.T.);
#5377=ORIENTED_EDGE('',*,*,#8970,.F.);
#5378=ORIENTED_EDGE('',*,*,#9409,.F.);
#5379=ORIENTED_EDGE('',*,*,#8579,.T.);
#5380=CARTESIAN_POINT('',(-2.35763359051663,-0.289481192012582,0.0));
#5381=DIRECTION('',(0.599631270262889,0.800276414573686,0.0));
#5382=DIRECTION('',(0.0,0.0,-1.0));
#5383=ORIENTED_EDGE('',*,*,#9409,.T.);
#5384=ORIENTED_EDGE('',*,*,#8969,.F.);
#5385=ORIENTED_EDGE('',*,*,#9410,.F.);
#5386=ORIENTED_EDGE('',*,*,#8580,.T.);
#5387=CARTESIAN_POINT('',(-2.38830585667591,-0.238384283989762,0.0));
#5388=DIRECTION('',(0.85738837068413,0.514669973687618,0.0));
#5389=DIRECTION('',(0.0,0.0,-1.0));
#5390=ORIENTED_EDGE('',*,*,#9410,.T.);
#5391=ORIENTED_EDGE('',*,*,#8968,.F.);
#5392=ORIENTED_EDGE('',*,*,#9411,.F.);
#5393=ORIENTED_EDGE('',*,*,#8581,.T.);
#5394=CARTESIAN_POINT('',(-2.40560078742711,-0.169195977875389,0.0));
#5395=DIRECTION('',(0.970149579218068,0.242507306988892,0.0));
#5396=DIRECTION('',(0.0,0.0,-1.0));
#5397=ORIENTED_EDGE('',*,*,#9411,.T.);
#5398=ORIENTED_EDGE('',*,*,#8967,.F.);
#5399=ORIENTED_EDGE('',*,*,#9412,.F.);
#5400=ORIENTED_EDGE('',*,*,#8582,.T.);
#5401=CARTESIAN_POINT('',(-2.41030193053255,-0.0644596935685948,0.0));
#5402=DIRECTION('',(0.998994164419382,0.0448403775187092,0.0));
#5403=DIRECTION('',(0.0,0.0,-1.0));
#5404=ORIENTED_EDGE('',*,*,#9412,.T.);
#5405=ORIENTED_EDGE('',*,*,#8966,.F.);
#5406=ORIENTED_EDGE('',*,*,#9413,.F.);
#5407=ORIENTED_EDGE('',*,*,#8583,.T.);
#5408=CARTESIAN_POINT('',(-2.42759687921716,0.00472901208300086,0.0));
#5409=DIRECTION('',(0.970149849523037,0.242506225632309,0.0));
#5410=DIRECTION('',(0.0,0.0,-1.0));
#5411=ORIENTED_EDGE('',*,*,#9413,.T.);
#5412=ORIENTED_EDGE('',*,*,#8965,.F.);
#5413=ORIENTED_EDGE('',*,*,#9414,.F.);
#5414=ORIENTED_EDGE('',*,*,#8584,.T.);
#5415=CARTESIAN_POINT('',(-2.45905267520511,0.0732821006692622,0.0));
#5416=DIRECTION('',(0.908885812857048,0.417045056543276,0.0));
#5417=DIRECTION('',(0.0,0.0,-1.0));
#5418=ORIENTED_EDGE('',*,*,#9414,.T.);
#5419=ORIENTED_EDGE('',*,*,#8964,.F.);
#5420=ORIENTED_EDGE('',*,*,#9415,.F.);
#5421=ORIENTED_EDGE('',*,*,#8585,.T.);
#5422=CARTESIAN_POINT('',(-2.51883014786659,0.140563555587668,0.0));
#5423=DIRECTION('',(0.747565241811743,0.664188383845238,0.0));
#5424=DIRECTION('',(0.0,0.0,-1.0));
#5425=ORIENTED_EDGE('',*,*,#9415,.T.);
#5426=ORIENTED_EDGE('',*,*,#8963,.F.);
#5427=ORIENTED_EDGE('',*,*,#9416,.F.);
#5428=ORIENTED_EDGE('',*,*,#8586,.T.);
#5429=CARTESIAN_POINT('',(-2.57625706690914,0.155477267889877,0.0));
#5430=DIRECTION('',(0.251360935018887,0.96789342406405,0.0));
#5431=DIRECTION('',(0.0,0.0,-1.0));
#5432=ORIENTED_EDGE('',*,*,#9416,.T.);
#5433=ORIENTED_EDGE('',*,*,#8962,.F.);
#5434=ORIENTED_EDGE('',*,*,#9417,.F.);
#5435=ORIENTED_EDGE('',*,*,#8587,.T.);
#5436=CARTESIAN_POINT('',(-2.63290049579376,0.152934797847954,0.0));
#5437=DIRECTION('',(-0.0448403775187192,0.998994164419382,0.0));
#5438=DIRECTION('',(0.0,0.0,1.0));
#5439=ORIENTED_EDGE('',*,*,#9417,.T.);
#5440=ORIENTED_EDGE('',*,*,#8961,.F.);
#5441=ORIENTED_EDGE('',*,*,#9418,.F.);
#5442=ORIENTED_EDGE('',*,*,#8588,.T.);
#5443=CARTESIAN_POINT('',(-2.68876035517872,0.132936149023106,0.0));
#5444=DIRECTION('',(-0.337064237653296,0.94148165127909,0.0));
#5445=DIRECTION('',(0.0,0.0,1.0));
#5446=ORIENTED_EDGE('',*,*,#9418,.T.);
#5447=ORIENTED_EDGE('',*,*,#8960,.F.);
#5448=ORIENTED_EDGE('',*,*,#9419,.F.);
#5449=ORIENTED_EDGE('',*,*,#8589,.T.);
#5450=CARTESIAN_POINT('',(-2.74226966094374,0.0605697575820612,0.0));
#5451=DIRECTION('',(-0.804064046805576,0.594542688656282,0.0));
#5452=DIRECTION('',(0.0,0.0,1.0));
#5453=ORIENTED_EDGE('',*,*,#9419,.T.);
#5454=ORIENTED_EDGE('',*,*,#8959,.F.);
#5455=ORIENTED_EDGE('',*,*,#9420,.F.);
#5456=ORIENTED_EDGE('',*,*,#8590,.T.);
#5457=CARTESIAN_POINT('',(-2.76745725416764,-0.010525799265512,0.0));
#5458=DIRECTION('',(-0.942594189532724,0.333940404652009,0.0));
#5459=DIRECTION('',(0.0,0.0,1.0));
#5460=ORIENTED_EDGE('',*,*,#9420,.T.);
#5461=ORIENTED_EDGE('',*,*,#8958,.F.);
#5462=ORIENTED_EDGE('',*,*,#9421,.F.);
#5463=ORIENTED_EDGE('',*,*,#8591,.T.);
#5464=CARTESIAN_POINT('',(-2.77848400008972,-0.080985739047756,0.0));
#5465=DIRECTION('',(-0.987974833947176,0.154614771244696,0.0));
#5466=DIRECTION('',(0.0,0.0,1.0));
#5467=ORIENTED_EDGE('',*,*,#9421,.T.);
#5468=ORIENTED_EDGE('',*,*,#8957,.F.);
#5469=ORIENTED_EDGE('',*,*,#9422,.F.);
#5470=ORIENTED_EDGE('',*,*,#8592,.T.);
#5471=CARTESIAN_POINT('',(-2.77456638681498,-0.168265842791009,0.0));
#5472=DIRECTION('',(-0.998994164419382,-0.0448403775187092,0.0));
#5473=DIRECTION('',(-0.0448403775187092,0.998994164419382,0.0));
#5474=ORIENTED_EDGE('',*,*,#9422,.T.);
#5475=ORIENTED_EDGE('',*,*,#8956,.F.);
#5476=ORIENTED_EDGE('',*,*,#9423,.F.);
#5477=ORIENTED_EDGE('',*,*,#8593,.T.);
#5478=CARTESIAN_POINT('',(-2.75648792623334,-0.254910329468898,0.0));
#5479=DIRECTION('',(-0.97891827987046,-0.204252298237892,0.0));
#5480=DIRECTION('',(-0.204252298237892,0.97891827987046,0.0));
#5481=ORIENTED_EDGE('',*,*,#9423,.T.);
#5482=ORIENTED_EDGE('',*,*,#8955,.F.);
#5483=ORIENTED_EDGE('',*,*,#9424,.F.);
#5484=ORIENTED_EDGE('',*,*,#8594,.T.);
#5485=CARTESIAN_POINT('',(-2.71087128294306,-0.322827800989792,0.0));
#5486=DIRECTION('',(-0.830136767818786,-0.557559814473191,0.0));
#5487=DIRECTION('',(-0.557559814473191,0.830136767818786,0.0));
#5488=ORIENTED_EDGE('',*,*,#9424,.T.);
#5489=ORIENTED_EDGE('',*,*,#8954,.F.);
#5490=ORIENTED_EDGE('',*,*,#9425,.F.);
#5491=ORIENTED_EDGE('',*,*,#8595,.T.);
#5492=CARTESIAN_POINT('',(-2.65187732217582,-0.37265347488206,0.0));
#5493=DIRECTION('',(-0.645245460249763,-0.763975324226556,0.0));
#5494=DIRECTION('',(-0.763975324226556,0.645245460249763,0.0));
#5495=ORIENTED_EDGE('',*,*,#9425,.T.);
#5496=ORIENTED_EDGE('',*,*,#8953,.F.);
#5497=ORIENTED_EDGE('',*,*,#9372,.F.);
#5498=ORIENTED_EDGE('',*,*,#8596,.T.);
#5499=CARTESIAN_POINT('',(-2.60861125043788,-0.38820280424943,0.0));
#5500=DIRECTION('',(-0.338209991818184,-0.941070667609157,0.0));
#5501=DIRECTION('',(-0.941070667609157,0.338209991818184,0.0));
#5502=ORIENTED_EDGE('',*,*,#9426,.T.);
#5503=ORIENTED_EDGE('',*,*,#9063,.F.);
#5504=ORIENTED_EDGE('',*,*,#9427,.F.);
#5505=ORIENTED_EDGE('',*,*,#8654,.T.);
#5506=CARTESIAN_POINT('',(-1.31642772260741,-1.76222169777562,0.0));
#5507=DIRECTION('',(0.997325928859271,-0.0730820882637579,0.0));
#5508=DIRECTION('',(0.0,0.0,-1.0));
#5509=ORIENTED_EDGE('',*,*,#9427,.T.);
#5510=ORIENTED_EDGE('',*,*,#9062,.F.);
#5511=ORIENTED_EDGE('',*,*,#9428,.F.);
#5512=ORIENTED_EDGE('',*,*,#8598,.T.);
#5513=CARTESIAN_POINT('',(-1.33483438076126,-1.7055394506618,0.0));
#5514=DIRECTION('',(0.951108383164744,0.308857318957714,0.0));
#5515=DIRECTION('',(0.0,0.0,-1.0));
#5516=ORIENTED_EDGE('',*,*,#9428,.T.);
#5517=ORIENTED_EDGE('',*,*,#9061,.F.);
#5518=ORIENTED_EDGE('',*,*,#9429,.F.);
#5519=ORIENTED_EDGE('',*,*,#8599,.T.);
#5520=CARTESIAN_POINT('',(-1.3658941499657,-1.63680602353914,0.0));
#5521=DIRECTION('',(0.91127674784681,0.411794474020404,0.0));
#5522=DIRECTION('',(0.0,0.0,-1.0));
#5523=ORIENTED_EDGE('',*,*,#9429,.T.);
#5524=ORIENTED_EDGE('',*,*,#9060,.F.);
#5525=ORIENTED_EDGE('',*,*,#9430,.F.);
#5526=ORIENTED_EDGE('',*,*,#8600,.T.);
#5527=CARTESIAN_POINT('',(-1.40672982097872,-1.57833736235427,0.0));
#5528=DIRECTION('',(0.819840086214038,0.572592554122527,0.0));
#5529=DIRECTION('',(0.0,0.0,-1.0));
#5530=ORIENTED_EDGE('',*,*,#9430,.T.);
#5531=ORIENTED_EDGE('',*,*,#9059,.F.);
#5532=ORIENTED_EDGE('',*,*,#9431,.F.);
#5533=ORIENTED_EDGE('',*,*,#8601,.T.);
#5534=CARTESIAN_POINT('',(-1.50795412332855,-1.48192846675233,0.0));
#5535=DIRECTION('',(0.689673170872895,0.724120789218295,0.0));
#5536=DIRECTION('',(0.0,0.0,-1.0));
#5537=ORIENTED_EDGE('',*,*,#9431,.T.);
#5538=ORIENTED_EDGE('',*,*,#9058,.F.);
#5539=ORIENTED_EDGE('',*,*,#9432,.F.);
#5540=ORIENTED_EDGE('',*,*,#8602,.T.);
#5541=CARTESIAN_POINT('',(-1.56834217545619,-1.44398878399024,0.0));
#5542=DIRECTION('',(0.531985377399312,0.846753540431519,0.0));
#5543=DIRECTION('',(0.0,0.0,-1.0));
#5544=ORIENTED_EDGE('',*,*,#9432,.T.);
#5545=ORIENTED_EDGE('',*,*,#9057,.F.);
#5546=ORIENTED_EDGE('',*,*,#9433,.F.);
#5547=ORIENTED_EDGE('',*,*,#8603,.T.);
#5548=CARTESIAN_POINT('',(-1.63850670860131,-1.41631331551096,0.0));
#5549=DIRECTION('',(0.366924973289697,0.930250538283292,0.0));
#5550=DIRECTION('',(0.0,0.0,-1.0));
#5551=ORIENTED_EDGE('',*,*,#9433,.T.);
#5552=ORIENTED_EDGE('',*,*,#9056,.F.);
#5553=ORIENTED_EDGE('',*,*,#9434,.F.);
#5554=ORIENTED_EDGE('',*,*,#8604,.T.);
#5555=CARTESIAN_POINT('',(-1.6960181324078,-1.40068902883732,0.0));
#5556=DIRECTION('',(0.262170093687693,0.965021679536676,0.0));
#5557=DIRECTION('',(0.0,0.0,-1.0));
#5558=ORIENTED_EDGE('',*,*,#9434,.T.);
#5559=ORIENTED_EDGE('',*,*,#9055,.F.);
#5560=ORIENTED_EDGE('',*,*,#9435,.F.);
#5561=ORIENTED_EDGE('',*,*,#8605,.T.);
#5562=CARTESIAN_POINT('',(-1.75065263229708,-1.40738040778931,0.0));
#5563=DIRECTION('',(-0.121566968836294,0.992583231818851,0.0));
#5564=DIRECTION('',(0.0,0.0,1.0));
#5565=ORIENTED_EDGE('',*,*,#9435,.T.);
#5566=ORIENTED_EDGE('',*,*,#9054,.F.);
#5567=ORIENTED_EDGE('',*,*,#9436,.F.);
#5568=ORIENTED_EDGE('',*,*,#8606,.T.);
#5569=CARTESIAN_POINT('',(-1.79263431844301,-1.4261226990095,0.0));
#5570=DIRECTION('',(-0.407659310854717,0.913134100925739,0.0));
#5571=DIRECTION('',(0.0,0.0,1.0));
#5572=ORIENTED_EDGE('',*,*,#9436,.T.);
#5573=ORIENTED_EDGE('',*,*,#9053,.F.);
#5574=ORIENTED_EDGE('',*,*,#9437,.F.);
#5575=ORIENTED_EDGE('',*,*,#8607,.T.);
#5576=CARTESIAN_POINT('',(-1.72936934667781,-1.48637805188997,0.0));
#5577=DIRECTION('',(-0.689673170872895,-0.724120789218295,0.0));
#5578=DIRECTION('',(-0.724120789218295,0.689673170872895,0.0));
#5579=ORIENTED_EDGE('',*,*,#9437,.T.);
#5580=ORIENTED_EDGE('',*,*,#9052,.F.);
#5581=ORIENTED_EDGE('',*,*,#9438,.F.);
#5582=ORIENTED_EDGE('',*,*,#8608,.T.);
#5583=CARTESIAN_POINT('',(-1.69716385708003,-1.47790025617148,0.0));
#5584=DIRECTION('',(0.25456819201161,-0.967054825548138,0.0));
#5585=DIRECTION('',(0.0,0.0,-1.0));
#5586=ORIENTED_EDGE('',*,*,#9438,.T.);
#5587=ORIENTED_EDGE('',*,*,#9051,.F.);
#5588=ORIENTED_EDGE('',*,*,#9439,.F.);
#5589=ORIENTED_EDGE('',*,*,#8609,.T.);
#5590=CARTESIAN_POINT('',(-1.65230554004525,-1.48147335834352,0.0));
#5591=DIRECTION('',(-0.0794015712455575,-0.996842711004969,0.0));
#5592=DIRECTION('',(-0.996842711004969,0.0794015712455575,0.0));
#5593=ORIENTED_EDGE('',*,*,#9439,.T.);
#5594=ORIENTED_EDGE('',*,*,#9050,.F.);
#5595=ORIENTED_EDGE('',*,*,#9440,.F.);
#5596=ORIENTED_EDGE('',*,*,#8610,.T.);
#5597=CARTESIAN_POINT('',(-1.61722312995418,-1.49531123184501,0.0));
#5598=DIRECTION('',(-0.366926869851219,-0.930249790207548,0.0));
#5599=DIRECTION('',(-0.930249790207548,0.366926869851219,0.0));
#5600=ORIENTED_EDGE('',*,*,#9440,.T.);
#5601=ORIENTED_EDGE('',*,*,#9049,.F.);
#5602=ORIENTED_EDGE('',*,*,#9441,.F.);
#5603=ORIENTED_EDGE('',*,*,#8611,.T.);
#5604=CARTESIAN_POINT('',(-1.54418196848765,-1.54530209641274,0.0));
#5605=DIRECTION('',(-0.56480190521232,-0.82522651912583,0.0));
#5606=DIRECTION('',(-0.82522651912583,0.56480190521232,0.0));
#5607=ORIENTED_EDGE('',*,*,#9441,.T.);
#5608=ORIENTED_EDGE('',*,*,#9048,.F.);
#5609=ORIENTED_EDGE('',*,*,#9442,.F.);
#5610=ORIENTED_EDGE('',*,*,#8612,.T.);
#5611=CARTESIAN_POINT('',(-1.46826388652757,-1.61760863020045,0.0));
#5612=DIRECTION('',(-0.689673170872895,-0.724120789218295,0.0));
#5613=DIRECTION('',(-0.724120789218295,0.689673170872895,0.0));
#5614=ORIENTED_EDGE('',*,*,#9442,.T.);
#5615=ORIENTED_EDGE('',*,*,#9047,.F.);
#5616=ORIENTED_EDGE('',*,*,#9443,.F.);
#5617=ORIENTED_EDGE('',*,*,#8613,.T.);
#5618=CARTESIAN_POINT('',(-1.41477510446369,-1.68812847139391,0.0));
#5619=DIRECTION('',(-0.796740384583849,-0.604321735148737,0.0));
#5620=DIRECTION('',(-0.604321735148737,0.796740384583849,0.0));
#5621=ORIENTED_EDGE('',*,*,#9443,.T.);
#5622=ORIENTED_EDGE('',*,*,#9046,.F.);
#5623=ORIENTED_EDGE('',*,*,#9444,.F.);
#5624=ORIENTED_EDGE('',*,*,#8614,.T.);
#5625=CARTESIAN_POINT('',(-1.39924507377553,-1.72249532152088,0.0));
#5626=DIRECTION('',(-0.911275908292741,-0.411796331898719,0.0));
#5627=DIRECTION('',(-0.411796331898719,0.911275908292741,0.0));
#5628=ORIENTED_EDGE('',*,*,#9444,.T.);
#5629=ORIENTED_EDGE('',*,*,#9045,.F.);
#5630=ORIENTED_EDGE('',*,*,#9445,.F.);
#5631=ORIENTED_EDGE('',*,*,#8615,.T.);
#5632=CARTESIAN_POINT('',(-1.39349152923997,-1.76712639132232,0.0));
#5633=DIRECTION('',(-0.991792816953486,-0.127855419280798,0.0));
#5634=DIRECTION('',(-0.127855419280798,0.991792816953486,0.0));
#5635=ORIENTED_EDGE('',*,*,#9445,.T.);
#5636=ORIENTED_EDGE('',*,*,#9044,.F.);
#5637=ORIENTED_EDGE('',*,*,#9446,.F.);
#5638=ORIENTED_EDGE('',*,*,#8616,.T.);
#5639=CARTESIAN_POINT('',(-1.40039079844775,-1.79970654885504,0.0));
#5640=DIRECTION('',(-0.978305219169453,0.207168767302911,0.0));
#5641=DIRECTION('',(0.0,0.0,1.0));
#5642=ORIENTED_EDGE('',*,*,#9446,.T.);
#5643=ORIENTED_EDGE('',*,*,#9043,.F.);
#5644=ORIENTED_EDGE('',*,*,#9447,.F.);
#5645=ORIENTED_EDGE('',*,*,#8617,.T.);
#5646=CARTESIAN_POINT('',(-1.43949555725357,-1.84076450210676,0.0));
#5647=DIRECTION('',(-0.724120789218295,0.689673170872895,0.0));
#5648=DIRECTION('',(0.0,0.0,1.0));
#5649=ORIENTED_EDGE('',*,*,#9447,.T.);
#5650=ORIENTED_EDGE('',*,*,#9042,.F.);
#5651=ORIENTED_EDGE('',*,*,#9448,.F.);
#5652=ORIENTED_EDGE('',*,*,#8618,.T.);
#5653=CARTESIAN_POINT('',(-1.50390655014253,-1.85772010792142,0.0));
#5654=DIRECTION('',(-0.254568343271492,0.967054785730368,0.0));
#5655=DIRECTION('',(0.0,0.0,1.0));
#5656=ORIENTED_EDGE('',*,*,#9448,.T.);
#5657=ORIENTED_EDGE('',*,*,#9041,.F.);
#5658=ORIENTED_EDGE('',*,*,#9449,.F.);
#5659=ORIENTED_EDGE('',*,*,#8619,.T.);
#5660=CARTESIAN_POINT('',(-1.56141797052535,-1.84209581765342,0.0));
#5661=DIRECTION('',(0.262170164388007,0.965021660329324,0.0));
#5662=DIRECTION('',(0.0,0.0,-1.0));
#5663=ORIENTED_EDGE('',*,*,#9449,.T.);
#5664=ORIENTED_EDGE('',*,*,#9040,.F.);
#5665=ORIENTED_EDGE('',*,*,#9450,.F.);
#5666=ORIENTED_EDGE('',*,*,#8620,.T.);
#5667=CARTESIAN_POINT('',(-1.64711224218676,-1.78005377217871,0.0));
#5668=DIRECTION('',(0.586432752844485,0.809997917522779,0.0));
#5669=DIRECTION('',(0.0,0.0,-1.0));
#5670=ORIENTED_EDGE('',*,*,#9450,.T.);
#5671=ORIENTED_EDGE('',*,*,#9039,.F.);
#5672=ORIENTED_EDGE('',*,*,#9451,.F.);
#5673=ORIENTED_EDGE('',*,*,#8621,.T.);
#5674=CARTESIAN_POINT('',(-1.69772410375709,-1.73184960020523,0.0));
#5675=DIRECTION('',(0.689673170872895,0.724120789218295,0.0));
#5676=DIRECTION('',(0.0,0.0,-1.0));
#5677=ORIENTED_EDGE('',*,*,#9451,.T.);
#5678=ORIENTED_EDGE('',*,*,#9038,.F.);
#5679=ORIENTED_EDGE('',*,*,#9452,.F.);
#5680=ORIENTED_EDGE('',*,*,#8622,.T.);
#5681=CARTESIAN_POINT('',(-1.73682886256291,-1.77290755345669,0.0));
#5682=DIRECTION('',(-0.724120789218295,0.689673170872895,0.0));
#5683=DIRECTION('',(0.0,0.0,1.0));
#5684=ORIENTED_EDGE('',*,*,#9452,.T.);
#5685=ORIENTED_EDGE('',*,*,#9037,.F.);
#5686=ORIENTED_EDGE('',*,*,#9453,.F.);
#5687=ORIENTED_EDGE('',*,*,#8623,.T.);
#5688=CARTESIAN_POINT('',(-1.68621700099232,-1.82111172543017,0.0));
#5689=DIRECTION('',(-0.689673170872895,-0.724120789218295,0.0));
#5690=DIRECTION('',(-0.724120789218295,0.689673170872895,0.0));
#5691=ORIENTED_EDGE('',*,*,#9453,.T.);
#5692=ORIENTED_EDGE('',*,*,#9036,.F.);
#5693=ORIENTED_EDGE('',*,*,#9454,.F.);
#5694=ORIENTED_EDGE('',*,*,#8624,.T.);
#5695=CARTESIAN_POINT('',(-1.62985129843516,-1.91394723584362,0.0));
#5696=DIRECTION('',(-0.854782264352213,-0.518986782634108,0.0));
#5697=DIRECTION('',(-0.518986782634108,0.854782264352213,0.0));
#5698=ORIENTED_EDGE('',*,*,#9454,.T.);
#5699=ORIENTED_EDGE('',*,*,#9035,.F.);
#5700=ORIENTED_EDGE('',*,*,#9455,.F.);
#5701=ORIENTED_EDGE('',*,*,#8625,.T.);
#5702=CARTESIAN_POINT('',(-1.62409745744832,-1.95857857428358,0.0));
#5703=DIRECTION('',(-0.99179207916204,-0.127861142304605,0.0));
#5704=DIRECTION('',(-0.127861142304605,0.99179207916204,0.0));
#5705=ORIENTED_EDGE('',*,*,#9455,.T.);
#5706=ORIENTED_EDGE('',*,*,#9034,.F.);
#5707=ORIENTED_EDGE('',*,*,#9456,.F.);
#5708=ORIENTED_EDGE('',*,*,#8626,.T.);
#5709=CARTESIAN_POINT('',(-1.63789628546885,-2.02373861352204,0.0));
#5710=DIRECTION('',(-0.978304160174603,0.207173768091101,0.0));
#5711=DIRECTION('',(0.0,0.0,1.0));
#5712=ORIENTED_EDGE('',*,*,#9456,.T.);
#5713=ORIENTED_EDGE('',*,*,#9033,.F.);
#5714=ORIENTED_EDGE('',*,*,#9457,.F.);
#5715=ORIENTED_EDGE('',*,*,#8627,.T.);
#5716=CARTESIAN_POINT('',(-1.6574486922588,-2.04426761890286,0.0));
#5717=DIRECTION('',(-0.724120789218295,0.689673170872895,0.0));
#5718=DIRECTION('',(0.0,0.0,1.0));
#5719=ORIENTED_EDGE('',*,*,#9457,.T.);
#5720=ORIENTED_EDGE('',*,*,#9032,.F.);
#5721=ORIENTED_EDGE('',*,*,#9458,.F.);
#5722=ORIENTED_EDGE('',*,*,#8628,.T.);
#5723=CARTESIAN_POINT('',(-1.71208319214833,-2.05095899785485,0.0));
#5724=DIRECTION('',(-0.121566968836195,0.992583231818863,0.0));
#5725=DIRECTION('',(0.0,0.0,1.0));
#5726=ORIENTED_EDGE('',*,*,#9458,.T.);
#5727=ORIENTED_EDGE('',*,*,#9031,.F.);
#5728=ORIENTED_EDGE('',*,*,#9459,.F.);
#5729=ORIENTED_EDGE('',*,*,#8629,.T.);
#5730=CARTESIAN_POINT('',(-1.76959461253115,-2.0353347075866,0.0));
#5731=DIRECTION('',(0.262170164388007,0.965021660329324,0.0));
#5732=DIRECTION('',(0.0,0.0,-1.0));
#5733=ORIENTED_EDGE('',*,*,#9459,.T.);
#5734=ORIENTED_EDGE('',*,*,#9030,.F.);
#5735=ORIENTED_EDGE('',*,*,#9460,.F.);
#5736=ORIENTED_EDGE('',*,*,#8630,.T.);
#5737=CARTESIAN_POINT('',(-1.84263606360239,-1.98534356719139,0.0));
#5738=DIRECTION('',(0.564802502388808,0.825226110405712,0.0));
#5739=DIRECTION('',(0.0,0.0,-1.0));
#5740=ORIENTED_EDGE('',*,*,#9460,.T.);
#5741=ORIENTED_EDGE('',*,*,#9029,.F.);
#5742=ORIENTED_EDGE('',*,*,#9461,.F.);
#5743=ORIENTED_EDGE('',*,*,#8631,.T.);
#5744=CARTESIAN_POINT('',(-1.89324792517273,-1.93713939521816,0.0));
#5745=DIRECTION('',(0.689673170872895,0.724120789218295,0.0));
#5746=DIRECTION('',(0.0,0.0,-1.0));
#5747=ORIENTED_EDGE('',*,*,#9461,.T.);
#5748=ORIENTED_EDGE('',*,*,#9028,.F.);
#5749=ORIENTED_EDGE('',*,*,#9462,.F.);
#5750=ORIENTED_EDGE('',*,*,#8632,.T.);
#5751=CARTESIAN_POINT('',(-1.94673699684105,-1.86661927819721,0.0));
#5752=DIRECTION('',(0.796739947265115,0.604322311711211,0.0));
#5753=DIRECTION('',(0.0,0.0,-1.0));
#5754=ORIENTED_EDGE('',*,*,#9462,.T.);
#5755=ORIENTED_EDGE('',*,*,#9027,.F.);
#5756=ORIENTED_EDGE('',*,*,#9463,.F.);
#5757=ORIENTED_EDGE('',*,*,#8633,.T.);
#5758=CARTESIAN_POINT('',(-1.96514365841806,-1.80993703467749,0.0));
#5759=DIRECTION('',(0.951108360536944,0.308857388638714,0.0));
#5760=DIRECTION('',(0.0,0.0,-1.0));
#5761=ORIENTED_EDGE('',*,*,#9463,.T.);
#5762=ORIENTED_EDGE('',*,*,#9026,.F.);
#5763=ORIENTED_EDGE('',*,*,#9464,.F.);
#5764=ORIENTED_EDGE('',*,*,#8634,.T.);
#5765=CARTESIAN_POINT('',(-1.96112102009911,-1.75504148375202,0.0));
#5766=DIRECTION('',(0.997325928859273,-0.073082088263738,0.0));
#5767=DIRECTION('',(0.0,0.0,-1.0));
#5768=ORIENTED_EDGE('',*,*,#9464,.T.);
#5769=ORIENTED_EDGE('',*,*,#9025,.F.);
#5770=ORIENTED_EDGE('',*,*,#9465,.F.);
#5771=ORIENTED_EDGE('',*,*,#8635,.T.);
#5772=CARTESIAN_POINT('',(-2.02438599186432,-1.69478613087156,0.0));
#5773=DIRECTION('',(0.689673170872895,0.724120789218295,0.0));
#5774=DIRECTION('',(0.0,0.0,-1.0));
#5775=ORIENTED_EDGE('',*,*,#9465,.T.);
#5776=ORIENTED_EDGE('',*,*,#9024,.F.);
#5777=ORIENTED_EDGE('',*,*,#9466,.F.);
#5778=ORIENTED_EDGE('',*,*,#8636,.T.);
#5779=CARTESIAN_POINT('',(-2.05083793007972,-1.74789498920278,0.0));
#5780=DIRECTION('',(-0.895117092148806,0.445831124242203,0.0));
#5781=DIRECTION('',(0.0,0.0,1.0));
#5782=ORIENTED_EDGE('',*,*,#9466,.T.);
#5783=ORIENTED_EDGE('',*,*,#9023,.F.);
#5784=ORIENTED_EDGE('',*,*,#9467,.F.);
#5785=ORIENTED_EDGE('',*,*,#8637,.T.);
#5786=CARTESIAN_POINT('',(-2.0393305377105,-1.83715739025521,0.0));
#5787=DIRECTION('',(-0.991792437107944,-0.127858365762606,0.0));
#5788=DIRECTION('',(-0.127858365762606,0.991792437107944,0.0));
#5789=ORIENTED_EDGE('',*,*,#9467,.T.);
#5790=ORIENTED_EDGE('',*,*,#9022,.F.);
#5791=ORIENTED_EDGE('',*,*,#9468,.F.);
#5792=ORIENTED_EDGE('',*,*,#8638,.T.);
#5793=CARTESIAN_POINT('',(-2.00827076593837,-1.90589081468192,0.0));
#5794=DIRECTION('',(-0.911276729011823,-0.41179451570111,0.0));
#5795=DIRECTION('',(-0.41179451570111,0.911276729011823,0.0));
#5796=ORIENTED_EDGE('',*,*,#9468,.T.);
#5797=ORIENTED_EDGE('',*,*,#9021,.F.);
#5798=ORIENTED_EDGE('',*,*,#9469,.F.);
#5799=ORIENTED_EDGE('',*,*,#8639,.T.);
#5800=CARTESIAN_POINT('',(-1.92947605308945,-2.00051274186212,0.0));
#5801=DIRECTION('',(-0.768448465687764,-0.63991167795417,0.0));
#5802=DIRECTION('',(-0.63991167795417,0.768448465687764,0.0));
#5803=ORIENTED_EDGE('',*,*,#9469,.T.);
#5804=ORIENTED_EDGE('',*,*,#9020,.F.);
#5805=ORIENTED_EDGE('',*,*,#9470,.F.);
#5806=ORIENTED_EDGE('',*,*,#8640,.T.);
#5807=CARTESIAN_POINT('',(-1.90416983269971,-2.02461510367635,0.0));
#5808=DIRECTION('',(-0.689673170872895,-0.724120789218295,0.0));
#5809=DIRECTION('',(-0.724120789218295,0.689673170872895,0.0));
#5810=ORIENTED_EDGE('',*,*,#9470,.T.);
#5811=ORIENTED_EDGE('',*,*,#9019,.F.);
#5812=ORIENTED_EDGE('',*,*,#9471,.F.);
#5813=ORIENTED_EDGE('',*,*,#8641,.T.);
#5814=CARTESIAN_POINT('',(-1.80582274044788,-2.09870805423082,0.0));
#5815=DIRECTION('',(-0.601727483983608,-0.79870146802091,0.0));
#5816=DIRECTION('',(-0.79870146802091,0.601727483983608,0.0));
#5817=ORIENTED_EDGE('',*,*,#9471,.T.);
#5818=ORIENTED_EDGE('',*,*,#9018,.F.);
#5819=ORIENTED_EDGE('',*,*,#9472,.F.);
#5820=ORIENTED_EDGE('',*,*,#8642,.T.);
#5821=CARTESIAN_POINT('',(-1.73565820987019,-2.12638352540605,0.0));
#5822=DIRECTION('',(-0.3669250158382,-0.930250521500599,0.0));
#5823=DIRECTION('',(-0.930250521500599,0.3669250158382,0.0));
#5824=ORIENTED_EDGE('',*,*,#9472,.T.);
#5825=ORIENTED_EDGE('',*,*,#9017,.F.);
#5826=ORIENTED_EDGE('',*,*,#9473,.F.);
#5827=ORIENTED_EDGE('',*,*,#8643,.T.);
#5828=CARTESIAN_POINT('',(-1.64594129988958,-2.1335300199553,0.0));
#5829=DIRECTION('',(-0.0794045327302323,-0.996842475109229,0.0));
#5830=DIRECTION('',(-0.996842475109229,0.0794045327302323,0.0));
#5831=ORIENTED_EDGE('',*,*,#9473,.T.);
#5832=ORIENTED_EDGE('',*,*,#9016,.F.);
#5833=ORIENTED_EDGE('',*,*,#9474,.F.);
#5834=ORIENTED_EDGE('',*,*,#8644,.T.);
#5835=CARTESIAN_POINT('',(-1.59418372049359,-2.10452297178333,0.0));
#5836=DIRECTION('',(0.488895928615325,-0.872342118084045,0.0));
#5837=DIRECTION('',(0.0,0.0,-1.0));
#5838=ORIENTED_EDGE('',*,*,#9474,.T.);
#5839=ORIENTED_EDGE('',*,*,#9015,.F.);
#5840=ORIENTED_EDGE('',*,*,#9475,.F.);
#5841=ORIENTED_EDGE('',*,*,#8645,.T.);
#5842=CARTESIAN_POINT('',(-1.57463131370364,-2.08399396640251,0.0));
#5843=DIRECTION('',(0.724120789218295,-0.689673170872895,0.0));
#5844=DIRECTION('',(0.0,0.0,-1.0));
#5845=ORIENTED_EDGE('',*,*,#9475,.T.);
#5846=ORIENTED_EDGE('',*,*,#9014,.F.);
#5847=ORIENTED_EDGE('',*,*,#9476,.F.);
#5848=ORIENTED_EDGE('',*,*,#8646,.T.);
#5849=CARTESIAN_POINT('',(-1.54817937548824,-2.03088510807129,0.0));
#5850=DIRECTION('',(0.895117092148806,-0.445831124242203,0.0));
#5851=DIRECTION('',(0.0,0.0,-1.0));
#5852=ORIENTED_EDGE('',*,*,#9476,.T.);
#5853=ORIENTED_EDGE('',*,*,#9013,.F.);
#5854=ORIENTED_EDGE('',*,*,#9477,.F.);
#5855=ORIENTED_EDGE('',*,*,#8647,.T.);
#5856=CARTESIAN_POINT('',(-1.54415702677375,-1.97598928131859,0.0));
#5857=DIRECTION('',(0.997326339095553,-0.0730764896958066,0.0));
#5858=DIRECTION('',(0.0,0.0,-1.0));
#5859=ORIENTED_EDGE('',*,*,#9477,.T.);
#5860=ORIENTED_EDGE('',*,*,#9012,.F.);
#5861=ORIENTED_EDGE('',*,*,#9478,.F.);
#5862=ORIENTED_EDGE('',*,*,#8648,.T.);
#5863=CARTESIAN_POINT('',(-1.56544031923985,-1.89699164440638,0.0));
#5864=DIRECTION('',(0.965570645812889,0.260140977057597,0.0));
#5865=DIRECTION('',(0.0,0.0,-1.0));
#5866=ORIENTED_EDGE('',*,*,#9478,.T.);
#5867=ORIENTED_EDGE('',*,*,#9011,.F.);
#5868=ORIENTED_EDGE('',*,*,#9479,.F.);
#5869=ORIENTED_EDGE('',*,*,#8649,.T.);
#5870=CARTESIAN_POINT('',(-1.48262296807173,-1.93671802066111,0.0));
#5871=DIRECTION('',(-0.432501418477189,-0.901633253055376,0.0));
#5872=DIRECTION('',(-0.901633253055376,0.432501418477189,0.0));
#5873=ORIENTED_EDGE('',*,*,#9479,.T.);
#5874=ORIENTED_EDGE('',*,*,#9010,.F.);
#5875=ORIENTED_EDGE('',*,*,#9480,.F.);
#5876=ORIENTED_EDGE('',*,*,#8650,.T.);
#5877=CARTESIAN_POINT('',(-1.42798846818245,-1.93002664170913,0.0));
#5878=DIRECTION('',(0.121566968836195,-0.992583231818863,0.0));
#5879=DIRECTION('',(0.0,0.0,-1.0));
#5880=ORIENTED_EDGE('',*,*,#9480,.T.);
#5881=ORIENTED_EDGE('',*,*,#9009,.F.);
#5882=ORIENTED_EDGE('',*,*,#9481,.F.);
#5883=ORIENTED_EDGE('',*,*,#8651,.T.);
#5884=CARTESIAN_POINT('',(-1.37623058548837,-1.90101985498723,0.0));
#5885=DIRECTION('',(0.488890395149702,-0.872345219239704,0.0));
#5886=DIRECTION('',(0.0,0.0,-1.0));
#5887=ORIENTED_EDGE('',*,*,#9481,.T.);
#5888=ORIENTED_EDGE('',*,*,#9008,.F.);
#5889=ORIENTED_EDGE('',*,*,#9482,.F.);
#5890=ORIENTED_EDGE('',*,*,#8652,.T.);
#5891=CARTESIAN_POINT('',(-1.33712582668255,-1.85996190173576,0.0));
#5892=DIRECTION('',(0.724120789218295,-0.689673170872895,0.0));
#5893=DIRECTION('',(0.0,0.0,-1.0));
#5894=ORIENTED_EDGE('',*,*,#9482,.T.);
#5895=ORIENTED_EDGE('',*,*,#9007,.F.);
#5896=ORIENTED_EDGE('',*,*,#9426,.F.);
#5897=ORIENTED_EDGE('',*,*,#8653,.T.);
#5898=CARTESIAN_POINT('',(-1.32045036092636,-1.81711724870108,0.0));
#5899=DIRECTION('',(0.931904297322533,-0.362704260564713,0.0));
#5900=DIRECTION('',(0.0,0.0,-1.0));
#5901=ORIENTED_EDGE('',*,*,#9483,.T.);
#5902=ORIENTED_EDGE('',*,*,#9119,.F.);
#5903=ORIENTED_EDGE('',*,*,#9484,.F.);
#5904=ORIENTED_EDGE('',*,*,#8710,.T.);
#5905=CARTESIAN_POINT('',(-0.603124064764444,-2.1153365520144,0.0));
#5906=DIRECTION('',(0.958045472925214,0.286616244842304,0.0));
#5907=DIRECTION('',(0.0,0.0,-1.0));
#5908=ORIENTED_EDGE('',*,*,#9484,.T.);
#5909=ORIENTED_EDGE('',*,*,#9118,.F.);
#5910=ORIENTED_EDGE('',*,*,#9485,.F.);
#5911=ORIENTED_EDGE('',*,*,#8655,.T.);
#5912=CARTESIAN_POINT('',(-0.640497301752136,-2.06891539994629,0.0));
#5913=DIRECTION('',(0.778930778794696,0.627109912093797,0.0));
#5914=DIRECTION('',(0.0,0.0,-1.0));
#5915=ORIENTED_EDGE('',*,*,#9485,.T.);
#5916=ORIENTED_EDGE('',*,*,#9117,.F.);
#5917=ORIENTED_EDGE('',*,*,#9486,.F.);
#5918=ORIENTED_EDGE('',*,*,#8656,.T.);
#5919=CARTESIAN_POINT('',(-0.693984349442038,-2.01573471826698,0.0));
#5920=DIRECTION('',(0.705072954350725,0.709134774949826,0.0));
#5921=DIRECTION('',(0.0,0.0,-1.0));
#5922=ORIENTED_EDGE('',*,*,#9486,.T.);
#5923=ORIENTED_EDGE('',*,*,#9116,.F.);
#5924=ORIENTED_EDGE('',*,*,#9487,.F.);
#5925=ORIENTED_EDGE('',*,*,#8657,.T.);
#5926=CARTESIAN_POINT('',(-0.752954018753162,-1.97562593532392,0.0));
#5927=DIRECTION('',(0.562400222609383,0.826865158057175,0.0));
#5928=DIRECTION('',(0.0,0.0,-1.0));
#5929=ORIENTED_EDGE('',*,*,#9487,.T.);
#5930=ORIENTED_EDGE('',*,*,#9115,.F.);
#5931=ORIENTED_EDGE('',*,*,#9488,.F.);
#5932=ORIENTED_EDGE('',*,*,#8658,.T.);
#5933=CARTESIAN_POINT('',(-0.881860443680716,-1.92155139107749,0.0));
#5934=DIRECTION('',(0.386830166028109,0.922150976061222,0.0));
#5935=DIRECTION('',(0.0,0.0,-1.0));
#5936=ORIENTED_EDGE('',*,*,#9488,.T.);
#5937=ORIENTED_EDGE('',*,*,#9114,.F.);
#5938=ORIENTED_EDGE('',*,*,#9489,.F.);
#5939=ORIENTED_EDGE('',*,*,#8659,.T.);
#5940=CARTESIAN_POINT('',(-0.9517971992974,-1.90758562977437,0.0));
#5941=DIRECTION('',(0.195825041851396,0.980638849415981,0.0));
#5942=DIRECTION('',(0.0,0.0,-1.0));
#5943=ORIENTED_EDGE('',*,*,#9489,.T.);
#5944=ORIENTED_EDGE('',*,*,#9113,.F.);
#5945=ORIENTED_EDGE('',*,*,#9490,.F.);
#5946=ORIENTED_EDGE('',*,*,#8660,.T.);
#5947=CARTESIAN_POINT('',(-1.02721731414419,-1.9066914577898,0.0));
#5948=DIRECTION('',(0.0118550488770297,0.999929726438875,0.0));
#5949=DIRECTION('',(0.0,0.0,-1.0));
#5950=ORIENTED_EDGE('',*,*,#9490,.T.);
#5951=ORIENTED_EDGE('',*,*,#9112,.F.);
#5952=ORIENTED_EDGE('',*,*,#9491,.F.);
#5953=ORIENTED_EDGE('',*,*,#8661,.T.);
#5954=CARTESIAN_POINT('',(-1.08652398805334,-1.91255666299637,0.0));
#5955=DIRECTION('',(-0.0984161024805431,0.995145351580632,0.0));
#5956=DIRECTION('',(0.0,0.0,1.0));
#5957=ORIENTED_EDGE('',*,*,#9491,.T.);
#5958=ORIENTED_EDGE('',*,*,#9111,.F.);
#5959=ORIENTED_EDGE('',*,*,#9492,.F.);
#5960=ORIENTED_EDGE('',*,*,#8662,.T.);
#5961=CARTESIAN_POINT('',(-1.13520057689504,-1.93825282670173,0.0));
#5962=DIRECTION('',(-0.466840206606523,0.884341688204044,0.0));
#5963=DIRECTION('',(0.0,0.0,1.0));
#5964=ORIENTED_EDGE('',*,*,#9492,.T.);
#5965=ORIENTED_EDGE('',*,*,#9110,.F.);
#5966=ORIENTED_EDGE('',*,*,#9493,.F.);
#5967=ORIENTED_EDGE('',*,*,#8663,.T.);
#5968=CARTESIAN_POINT('',(-1.16776409696396,-1.97070822090003,0.0));
#5969=DIRECTION('',(-0.705929892819886,0.708281714025786,0.0));
#5970=DIRECTION('',(0.0,0.0,1.0));
#5971=ORIENTED_EDGE('',*,*,#9493,.T.);
#5972=ORIENTED_EDGE('',*,*,#9109,.F.);
#5973=ORIENTED_EDGE('',*,*,#9494,.F.);
#5974=ORIENTED_EDGE('',*,*,#8664,.T.);
#5975=CARTESIAN_POINT('',(-1.08719725868013,-2.00450494642405,0.0));
#5976=DIRECTION('',(-0.386830166028109,-0.922150976061222,0.0));
#5977=DIRECTION('',(-0.922150976061222,0.386830166028109,0.0));
#5978=ORIENTED_EDGE('',*,*,#9494,.T.);
#5979=ORIENTED_EDGE('',*,*,#9108,.F.);
#5980=ORIENTED_EDGE('',*,*,#9495,.F.);
#5981=ORIENTED_EDGE('',*,*,#8665,.T.);
#5982=CARTESIAN_POINT('',(-1.06011746952638,-1.98512099370207,0.0));
#5983=DIRECTION('',(0.582058008437208,-0.813147265145811,0.0));
#5984=DIRECTION('',(0.0,0.0,-1.0));
#5985=ORIENTED_EDGE('',*,*,#9495,.T.);
#5986=ORIENTED_EDGE('',*,*,#9107,.F.);
#5987=ORIENTED_EDGE('',*,*,#9496,.F.);
#5988=ORIENTED_EDGE('',*,*,#8666,.T.);
#5989=CARTESIAN_POINT('',(-1.01692386631025,-1.97249656258039,0.0));
#5990=DIRECTION('',(0.280538506973901,-0.959842771554203,0.0));
#5991=DIRECTION('',(0.0,0.0,-1.0));
#5992=ORIENTED_EDGE('',*,*,#9496,.T.);
#5993=ORIENTED_EDGE('',*,*,#9106,.F.);
#5994=ORIENTED_EDGE('',*,*,#9497,.F.);
#5995=ORIENTED_EDGE('',*,*,#8667,.T.);
#5996=CARTESIAN_POINT('',(-0.97921399400904,-1.97294357293478,0.0));
#5997=DIRECTION('',(-0.01185310170665,-0.999929749522401,0.0));
#5998=DIRECTION('',(-0.999929749522401,0.01185310170665,0.0));
#5999=ORIENTED_EDGE('',*,*,#9497,.T.);
#6000=ORIENTED_EDGE('',*,*,#9105,.F.);
#6001=ORIENTED_EDGE('',*,*,#8283,.F.);
#6002=ORIENTED_EDGE('',*,*,#8668,.T.);
#6003=CARTESIAN_POINT('',(-0.893164166259662,-1.99366855672019,0.0));
#6004=DIRECTION('',(-0.234152988325097,-0.972199762424589,0.0));
#6005=DIRECTION('',(-0.972199762424589,0.234152988325097,0.0));
#6006=ORIENTED_EDGE('',*,*,#9498,.T.);
#6007=ORIENTED_EDGE('',*,*,#9064,.F.);
#6008=ORIENTED_EDGE('',*,*,#9483,.F.);
#6009=ORIENTED_EDGE('',*,*,#8709,.T.);
#6010=CARTESIAN_POINT('',(-0.587347994349414,-2.16806975578019,0.0));
#6011=DIRECTION('',(0.999973251803857,-0.00731407388673068,0.0));
#6012=DIRECTION('',(0.0,0.0,-1.0));
#6013=ORIENTED_EDGE('',*,*,#9499,.T.);
#6014=ORIENTED_EDGE('',*,*,#9065,.F.);
#6015=ORIENTED_EDGE('',*,*,#9498,.F.);
#6016=ORIENTED_EDGE('',*,*,#8708,.T.);
#6017=CARTESIAN_POINT('',(-0.587684262778222,-2.21404405678009,0.0));
#6018=DIRECTION('',(0.922150976061222,-0.386830166028109,0.0));
#6019=DIRECTION('',(0.0,0.0,-1.0));
#6020=ORIENTED_EDGE('',*,*,#9500,.T.);
#6021=ORIENTED_EDGE('',*,*,#9066,.F.);
#6022=ORIENTED_EDGE('',*,*,#9499,.F.);
#6023=ORIENTED_EDGE('',*,*,#8707,.T.);
#6024=CARTESIAN_POINT('',(-0.609617695859452,-2.2663304049001,0.0));
#6025=DIRECTION('',(0.767323478805506,-0.641260227110505,0.0));
#6026=DIRECTION('',(0.0,0.0,-1.0));
#6027=ORIENTED_EDGE('',*,*,#9501,.T.);
#6028=ORIENTED_EDGE('',*,*,#9067,.F.);
#6029=ORIENTED_EDGE('',*,*,#9500,.F.);
#6030=ORIENTED_EDGE('',*,*,#8706,.T.);
#6031=CARTESIAN_POINT('',(-0.647664946843792,-2.31185724057447,0.0));
#6032=DIRECTION('',(0.466845170965891,-0.884339067522083,0.0));
#6033=DIRECTION('',(0.0,0.0,-1.0));
#6034=ORIENTED_EDGE('',*,*,#9502,.T.);
#6035=ORIENTED_EDGE('',*,*,#9068,.F.);
#6036=ORIENTED_EDGE('',*,*,#9501,.F.);
#6037=ORIENTED_EDGE('',*,*,#8705,.T.);
#6038=CARTESIAN_POINT('',(-0.696341166880794,-2.33755355898869,0.0));
#6039=DIRECTION('',(-0.0833239390912286,-0.996522514133184,0.0));
#6040=DIRECTION('',(-0.996522514133184,0.0833239390912286,0.0));
#6041=ORIENTED_EDGE('',*,*,#9503,.T.);
#6042=ORIENTED_EDGE('',*,*,#9069,.F.);
#6043=ORIENTED_EDGE('',*,*,#9502,.F.);
#6044=ORIENTED_EDGE('',*,*,#8704,.T.);
#6045=CARTESIAN_POINT('',(-0.787874721705114,-2.32990000752468,0.0));
#6046=DIRECTION('',(0.809783004979705,0.586729481827903,0.0));
#6047=DIRECTION('',(0.0,0.0,-1.0));
#6048=ORIENTED_EDGE('',*,*,#9504,.T.);
#6049=ORIENTED_EDGE('',*,*,#9070,.F.);
#6050=ORIENTED_EDGE('',*,*,#9503,.F.);
#6051=ORIENTED_EDGE('',*,*,#8703,.T.);
#6052=CARTESIAN_POINT('',(-0.739871768454672,-2.39615196338347,0.0));
#6053=DIRECTION('',(0.958042254964769,0.286627000999591,0.0));
#6054=DIRECTION('',(0.0,0.0,-1.0));
#6055=ORIENTED_EDGE('',*,*,#9505,.T.);
#6056=ORIENTED_EDGE('',*,*,#9071,.F.);
#6057=ORIENTED_EDGE('',*,*,#9504,.F.);
#6058=ORIENTED_EDGE('',*,*,#8702,.T.);
#6059=CARTESIAN_POINT('',(-0.724094960430246,-2.44888547656647,0.0));
#6060=DIRECTION('',(0.995176701179633,-0.0980985903528832,0.0));
#6061=DIRECTION('',(0.0,0.0,-1.0));
#6062=ORIENTED_EDGE('',*,*,#9506,.T.);
#6063=ORIENTED_EDGE('',*,*,#9072,.F.);
#6064=ORIENTED_EDGE('',*,*,#9505,.F.);
#6065=ORIENTED_EDGE('',*,*,#8701,.T.);
#6066=CARTESIAN_POINT('',(-0.729915320898468,-2.5079310460245,0.0));
#6067=DIRECTION('',(0.922150976061222,-0.386830166028109,0.0));
#6068=DIRECTION('',(0.0,0.0,-1.0));
#6069=ORIENTED_EDGE('',*,*,#9507,.T.);
#6070=ORIENTED_EDGE('',*,*,#9073,.F.);
#6071=ORIENTED_EDGE('',*,*,#9506,.F.);
#6072=ORIENTED_EDGE('',*,*,#8700,.T.);
#6073=CARTESIAN_POINT('',(-0.740882052800114,-2.53407425670343,0.0));
#6074=DIRECTION('',(0.76733167723168,-0.641250416855083,0.0));
#6075=DIRECTION('',(0.0,0.0,-1.0));
#6076=ORIENTED_EDGE('',*,*,#9508,.T.);
#6077=ORIENTED_EDGE('',*,*,#9074,.F.);
#6078=ORIENTED_EDGE('',*,*,#9507,.F.);
#6079=ORIENTED_EDGE('',*,*,#8699,.T.);
#6080=CARTESIAN_POINT('',(-0.778928558494606,-2.5796013834844,0.0));
#6081=DIRECTION('',(0.280543716740295,-0.959841248851882,0.0));
#6082=DIRECTION('',(0.0,0.0,-1.0));
#6083=ORIENTED_EDGE('',*,*,#9509,.T.);
#6084=ORIENTED_EDGE('',*,*,#9075,.F.);
#6085=ORIENTED_EDGE('',*,*,#9508,.F.);
#6086=ORIENTED_EDGE('',*,*,#8698,.T.);
#6087=CARTESIAN_POINT('',(-0.865315019637264,-2.60485053683664,0.0));
#6088=DIRECTION('',(-0.0118570874987804,-0.999929702267138,0.0));
#6089=DIRECTION('',(-0.999929702267138,0.0118570874987804,0.0));
#6090=ORIENTED_EDGE('',*,*,#9510,.T.);
#6091=ORIENTED_EDGE('',*,*,#9076,.F.);
#6092=ORIENTED_EDGE('',*,*,#9509,.F.);
#6093=ORIENTED_EDGE('',*,*,#8697,.T.);
#6094=CARTESIAN_POINT('',(-0.940735501848576,-2.60395620671014,0.0));
#6095=DIRECTION('',(-0.278100734087491,-0.960551915150867,0.0));
#6096=DIRECTION('',(-0.960551915150867,0.278100734087491,0.0));
#6097=ORIENTED_EDGE('',*,*,#9511,.T.);
#6098=ORIENTED_EDGE('',*,*,#9077,.F.);
#6099=ORIENTED_EDGE('',*,*,#9510,.F.);
#6100=ORIENTED_EDGE('',*,*,#8696,.T.);
#6101=CARTESIAN_POINT('',(-1.05901184362892,-2.56971262554034,0.0));
#6102=DIRECTION('',(-0.386830166028109,-0.922150976061222,0.0));
#6103=DIRECTION('',(-0.922150976061222,0.386830166028109,0.0));
#6104=ORIENTED_EDGE('',*,*,#9512,.T.);
#6105=ORIENTED_EDGE('',*,*,#9078,.F.);
#6106=ORIENTED_EDGE('',*,*,#9511,.F.);
#6107=ORIENTED_EDGE('',*,*,#8695,.T.);
#6108=CARTESIAN_POINT('',(-1.09123872646408,-2.55619387344658,0.0));
#6109=DIRECTION('',(-0.490416024985789,-0.871488452268381,0.0));
#6110=DIRECTION('',(-0.871488452268381,0.490416024985789,0.0));
#6111=ORIENTED_EDGE('',*,*,#9513,.T.);
#6112=ORIENTED_EDGE('',*,*,#9079,.F.);
#6113=ORIENTED_EDGE('',*,*,#9512,.F.);
#6114=ORIENTED_EDGE('',*,*,#8694,.T.);
#6115=CARTESIAN_POINT('',(-1.19854835170368,-2.49580711821779,0.0));
#6116=DIRECTION('',(-0.705074335238902,-0.709133401968502,0.0));
#6117=DIRECTION('',(-0.709133401968502,0.705074335238902,0.0));
#6118=ORIENTED_EDGE('',*,*,#9514,.T.);
#6119=ORIENTED_EDGE('',*,*,#9080,.F.);
#6120=ORIENTED_EDGE('',*,*,#9513,.F.);
#6121=ORIENTED_EDGE('',*,*,#8693,.T.);
#6122=CARTESIAN_POINT('',(-1.25203503202932,-2.4426265946804,0.0));
#6123=DIRECTION('',(-0.881365059554284,-0.472435849398491,0.0));
#6124=DIRECTION('',(-0.472435849398491,0.881365059554284,0.0));
#6125=ORIENTED_EDGE('',*,*,#9515,.T.);
#6126=ORIENTED_EDGE('',*,*,#9081,.F.);
#6127=ORIENTED_EDGE('',*,*,#9514,.F.);
#6128=ORIENTED_EDGE('',*,*,#8692,.T.);
#6129=CARTESIAN_POINT('',(-1.29455462700952,-2.36330305179161,0.0));
#6130=DIRECTION('',(-0.99517733308792,0.098092179647592,0.0));
#6131=DIRECTION('',(0.0,0.0,1.0));
#6132=ORIENTED_EDGE('',*,*,#9516,.T.);
#6133=ORIENTED_EDGE('',*,*,#9082,.F.);
#6134=ORIENTED_EDGE('',*,*,#9515,.F.);
#6135=ORIENTED_EDGE('',*,*,#8691,.T.);
#6136=CARTESIAN_POINT('',(-1.288734635346,-2.30425732762497,0.0));
#6137=DIRECTION('',(0.386830166028109,0.922150976061222,0.0));
#6138=DIRECTION('',(0.0,0.0,-1.0));
#6139=ORIENTED_EDGE('',*,*,#9517,.T.);
#6140=ORIENTED_EDGE('',*,*,#9083,.F.);
#6141=ORIENTED_EDGE('',*,*,#9516,.F.);
#6142=ORIENTED_EDGE('',*,*,#8690,.T.);
#6143=CARTESIAN_POINT('',(-1.20816816586661,-2.33805389844038,0.0));
#6144=DIRECTION('',(0.958042254964769,0.286627000999591,0.0));
#6145=DIRECTION('',(0.0,0.0,-1.0));
#6146=ORIENTED_EDGE('',*,*,#9518,.T.);
#6147=ORIENTED_EDGE('',*,*,#9084,.F.);
#6148=ORIENTED_EDGE('',*,*,#9517,.F.);
#6149=ORIENTED_EDGE('',*,*,#8689,.T.);
#6150=CARTESIAN_POINT('',(-1.19239135784244,-2.39078741162339,0.0));
#6151=DIRECTION('',(0.778930732850764,0.627109969160571,0.0));
#6152=DIRECTION('',(0.0,0.0,-1.0));
#6153=ORIENTED_EDGE('',*,*,#9519,.T.);
#6154=ORIENTED_EDGE('',*,*,#9085,.F.);
#6155=ORIENTED_EDGE('',*,*,#9518,.F.);
#6156=ORIENTED_EDGE('',*,*,#8688,.T.);
#6157=CARTESIAN_POINT('',(-1.1550181189345,-2.43720855911441,0.0));
#6158=DIRECTION('',(0.529521245007109,0.848296676338014,0.0));
#6159=DIRECTION('',(0.0,0.0,-1.0));
#6160=ORIENTED_EDGE('',*,*,#9520,.T.);
#6161=ORIENTED_EDGE('',*,*,#9086,.F.);
#6162=ORIENTED_EDGE('',*,*,#9519,.F.);
#6163=ORIENTED_EDGE('',*,*,#8687,.T.);
#6164=CARTESIAN_POINT('',(-1.07993500772561,-2.48407671695982,0.0));
#6165=DIRECTION('',(0.386830166028109,0.922150976061222,0.0));
#6166=DIRECTION('',(0.0,0.0,-1.0));
#6167=ORIENTED_EDGE('',*,*,#9521,.T.);
#6168=ORIENTED_EDGE('',*,*,#9087,.F.);
#6169=ORIENTED_EDGE('',*,*,#9520,.F.);
#6170=ORIENTED_EDGE('',*,*,#8686,.T.);
#6171=CARTESIAN_POINT('',(-1.01548197966419,-2.5111139117286,0.0));
#6172=DIRECTION('',(0.234153691859103,0.972199592979113,0.0));
#6173=DIRECTION('',(0.0,0.0,-1.0));
#6174=ORIENTED_EDGE('',*,*,#9522,.T.);
#6175=ORIENTED_EDGE('',*,*,#9088,.F.);
#6176=ORIENTED_EDGE('',*,*,#9521,.F.);
#6177=ORIENTED_EDGE('',*,*,#8685,.T.);
#6178=CARTESIAN_POINT('',(-0.92943178311011,-2.53183905022262,0.0));
#6179=DIRECTION('',(-0.0984160295732682,0.995145358790882,0.0));
#6180=DIRECTION('',(0.0,0.0,1.0));
#6181=ORIENTED_EDGE('',*,*,#9523,.T.);
#6182=ORIENTED_EDGE('',*,*,#9089,.F.);
#6183=ORIENTED_EDGE('',*,*,#9522,.F.);
#6184=ORIENTED_EDGE('',*,*,#8684,.T.);
#6185=CARTESIAN_POINT('',(-0.870125111120948,-2.52597384959363,0.0));
#6186=DIRECTION('',(-0.466835242278193,0.884344308833986,0.0));
#6187=DIRECTION('',(0.0,0.0,1.0));
#6188=ORIENTED_EDGE('',*,*,#9524,.T.);
#6189=ORIENTED_EDGE('',*,*,#9090,.F.);
#6190=ORIENTED_EDGE('',*,*,#9523,.F.);
#6191=ORIENTED_EDGE('',*,*,#8683,.T.);
#6192=CARTESIAN_POINT('',(-0.821448153474804,-2.50027784059662,0.0));
#6193=DIRECTION('',(-0.922150976061222,0.386830166028109,0.0));
#6194=DIRECTION('',(0.0,0.0,1.0));
#6195=ORIENTED_EDGE('',*,*,#9525,.T.);
#6196=ORIENTED_EDGE('',*,*,#9091,.F.);
#6197=ORIENTED_EDGE('',*,*,#9524,.F.);
#6198=ORIENTED_EDGE('',*,*,#8682,.T.);
#6199=CARTESIAN_POINT('',(-0.810481421572904,-2.47413462991769,0.0));
#6200=DIRECTION('',(-0.987985907087783,-0.154543998252697,0.0));
#6201=DIRECTION('',(-0.154543998252697,0.987985907087784,0.0));
#6202=ORIENTED_EDGE('',*,*,#9526,.T.);
#6203=ORIENTED_EDGE('',*,*,#9092,.F.);
#6204=ORIENTED_EDGE('',*,*,#9525,.F.);
#6205=ORIENTED_EDGE('',*,*,#8681,.T.);
#6206=CARTESIAN_POINT('',(-0.820774871327086,-2.40832952970469,0.0));
#6207=DIRECTION('',(-0.881362414344408,-0.472440784205804,0.0));
#6208=DIRECTION('',(-0.472440784205804,0.881362414344408,0.0));
#6209=ORIENTED_EDGE('',*,*,#9527,.T.);
#6210=ORIENTED_EDGE('',*,*,#9093,.F.);
#6211=ORIENTED_EDGE('',*,*,#9526,.F.);
#6212=ORIENTED_EDGE('',*,*,#8680,.T.);
#6213=CARTESIAN_POINT('',(-0.842035037621756,-2.36866760355169,0.0));
#6214=DIRECTION('',(-0.614131654557683,-0.789203592788479,0.0));
#6215=DIRECTION('',(-0.789203592788478,0.614131654557683,0.0));
#6216=ORIENTED_EDGE('',*,*,#9528,.T.);
#6217=ORIENTED_EDGE('',*,*,#9094,.F.);
#6218=ORIENTED_EDGE('',*,*,#9527,.F.);
#6219=ORIENTED_EDGE('',*,*,#8679,.T.);
#6220=CARTESIAN_POINT('',(-0.927748231977854,-2.30196848262965,0.0));
#6221=DIRECTION('',(-0.386830166028109,-0.922150976061222,0.0));
#6222=DIRECTION('',(-0.922150976061222,0.386830166028109,0.0));
#6223=ORIENTED_EDGE('',*,*,#9529,.T.);
#6224=ORIENTED_EDGE('',*,*,#9095,.F.);
#6225=ORIENTED_EDGE('',*,*,#9528,.F.);
#6226=ORIENTED_EDGE('',*,*,#8678,.T.);
#6227=CARTESIAN_POINT('',(-0.992201260039536,-2.27493128786086,0.0));
#6228=DIRECTION('',(-0.922150976061222,0.386830166028109,0.0));
#6229=DIRECTION('',(0.0,0.0,1.0));
#6230=ORIENTED_EDGE('',*,*,#9530,.T.);
#6231=ORIENTED_EDGE('',*,*,#9096,.F.);
#6232=ORIENTED_EDGE('',*,*,#9529,.F.);
#6233=ORIENTED_EDGE('',*,*,#8677,.T.);
#6234=CARTESIAN_POINT('',(-0.970267826958306,-2.22264493974085,0.0));
#6235=DIRECTION('',(0.386830166028109,0.922150976061222,0.0));
#6236=DIRECTION('',(0.0,0.0,-1.0));
#6237=ORIENTED_EDGE('',*,*,#9531,.T.);
#6238=ORIENTED_EDGE('',*,*,#9097,.F.);
#6239=ORIENTED_EDGE('',*,*,#9530,.F.);
#6240=ORIENTED_EDGE('',*,*,#8676,.T.);
#6241=CARTESIAN_POINT('',(-0.905814798896624,-2.24968213450964,0.0));
#6242=DIRECTION('',(0.259787192267001,0.965665891876703,0.0));
#6243=DIRECTION('',(0.0,0.0,-1.0));
#6244=ORIENTED_EDGE('',*,*,#9532,.T.);
#6245=ORIENTED_EDGE('',*,*,#9098,.F.);
#6246=ORIENTED_EDGE('',*,*,#9531,.F.);
#6247=ORIENTED_EDGE('',*,*,#8675,.T.);
#6248=CARTESIAN_POINT('',(-0.80365152972954,-2.27716649434167,0.0));
#6249=DIRECTION('',(-0.0984160295732682,0.995145358790882,0.0));
#6250=DIRECTION('',(0.0,0.0,1.0));
#6251=ORIENTED_EDGE('',*,*,#9533,.T.);
#6252=ORIENTED_EDGE('',*,*,#9099,.F.);
#6253=ORIENTED_EDGE('',*,*,#9532,.F.);
#6254=ORIENTED_EDGE('',*,*,#8674,.T.);
#6255=CARTESIAN_POINT('',(-0.744344857740378,-2.27130129371243,0.0));
#6256=DIRECTION('',(-0.582049822458271,0.81315312467966,0.0));
#6257=DIRECTION('',(0.0,0.0,1.0));
#6258=ORIENTED_EDGE('',*,*,#9534,.T.);
#6259=ORIENTED_EDGE('',*,*,#9100,.F.);
#6260=ORIENTED_EDGE('',*,*,#9533,.F.);
#6261=ORIENTED_EDGE('',*,*,#8673,.T.);
#6262=CARTESIAN_POINT('',(-0.690184534143284,-2.23253367937609,0.0));
#6263=DIRECTION('',(-0.922150976061222,0.386830166028109,0.0));
#6264=DIRECTION('',(0.0,0.0,1.0));
#6265=ORIENTED_EDGE('',*,*,#9535,.T.);
#6266=ORIENTED_EDGE('',*,*,#9101,.F.);
#6267=ORIENTED_EDGE('',*,*,#9534,.F.);
#6268=ORIENTED_EDGE('',*,*,#8672,.T.);
#6269=CARTESIAN_POINT('',(-0.668251101062054,-2.18024733125608,0.0));
#6270=DIRECTION('',(-0.987987487002499,-0.1545338976616,0.0));
#6271=DIRECTION('',(-0.1545338976616,0.9879874870025,0.0));
#6272=ORIENTED_EDGE('',*,*,#9536,.T.);
#6273=ORIENTED_EDGE('',*,*,#9102,.F.);
#6274=ORIENTED_EDGE('',*,*,#9535,.F.);
#6275=ORIENTED_EDGE('',*,*,#8671,.T.);
#6276=CARTESIAN_POINT('',(-0.673397457134574,-2.14734493585831,0.0));
#6277=DIRECTION('',(-0.881362495285578,-0.472440633205888,0.0));
#6278=DIRECTION('',(-0.472440633205888,0.881362495285578,0.0));
#6279=ORIENTED_EDGE('',*,*,#9537,.T.);
#6280=ORIENTED_EDGE('',*,*,#9103,.F.);
#6281=ORIENTED_EDGE('',*,*,#9536,.F.);
#6282=ORIENTED_EDGE('',*,*,#8670,.T.);
#6283=CARTESIAN_POINT('',(-0.694657619589018,-2.10768300055038,0.0));
#6284=DIRECTION('',(-0.705072921915984,-0.709134807198784,0.0));
#6285=DIRECTION('',(-0.709134807198784,0.705072921915984,0.0));
#6286=ORIENTED_EDGE('',*,*,#8285,.T.);
#6287=ORIENTED_EDGE('',*,*,#9104,.F.);
#6288=ORIENTED_EDGE('',*,*,#9537,.F.);
#6289=ORIENTED_EDGE('',*,*,#8669,.T.);
#6290=CARTESIAN_POINT('',(-0.721401144153932,-2.08109266142738,0.0));
#6291=DIRECTION('',(-0.529521858883805,-0.848296293145408,0.0));
#6292=DIRECTION('',(-0.848296293145408,0.529521858883805,0.0));
#6293=ORIENTED_EDGE('',*,*,#9538,.T.);
#6294=ORIENTED_EDGE('',*,*,#9153,.F.);
#6295=ORIENTED_EDGE('',*,*,#9539,.F.);
#6296=ORIENTED_EDGE('',*,*,#8744,.T.);
#6297=CARTESIAN_POINT('',(-0.256430979343518,-2.44610378052815,0.0));
#6298=DIRECTION('',(-0.406555023262604,-0.913626298362708,0.0));
#6299=DIRECTION('',(-0.913626298362708,0.406555023262604,0.0));
#6300=ORIENTED_EDGE('',*,*,#9539,.T.);
#6301=ORIENTED_EDGE('',*,*,#9152,.F.);
#6302=ORIENTED_EDGE('',*,*,#9540,.F.);
#6303=ORIENTED_EDGE('',*,*,#8711,.T.);
#6304=CARTESIAN_POINT('',(-0.291831658071864,-2.45910586445357,0.0));
#6305=DIRECTION('',(-0.344764963765181,0.938689043166049,0.0));
#6306=DIRECTION('',(0.0,0.0,1.0));
#6307=ORIENTED_EDGE('',*,*,#9540,.T.);
#6308=ORIENTED_EDGE('',*,*,#9151,.F.);
#6309=ORIENTED_EDGE('',*,*,#9541,.F.);
#6310=ORIENTED_EDGE('',*,*,#8712,.T.);
#6311=CARTESIAN_POINT('',(-0.345641167893066,-2.4998598409551,0.0));
#6312=DIRECTION('',(-0.603755992746501,0.797169179799801,0.0));
#6313=DIRECTION('',(0.0,0.0,1.0));
#6314=ORIENTED_EDGE('',*,*,#9541,.T.);
#6315=ORIENTED_EDGE('',*,*,#9150,.F.);
#6316=ORIENTED_EDGE('',*,*,#9542,.F.);
#6317=ORIENTED_EDGE('',*,*,#8713,.T.);
#6318=CARTESIAN_POINT('',(-0.382458830078016,-2.55536362610784,0.0));
#6319=DIRECTION('',(-0.833329071459874,0.552777223354783,0.0));
#6320=DIRECTION('',(0.0,0.0,1.0));
#6321=ORIENTED_EDGE('',*,*,#9542,.T.);
#6322=ORIENTED_EDGE('',*,*,#9149,.F.);
#6323=ORIENTED_EDGE('',*,*,#9543,.F.);
#6324=ORIENTED_EDGE('',*,*,#8714,.T.);
#6325=CARTESIAN_POINT('',(-0.383876612968886,-2.5978653006649,0.0));
#6326=DIRECTION('',(-0.999444076395751,0.0333397384129684,0.0));
#6327=DIRECTION('',(0.0,0.0,1.0));
#6328=ORIENTED_EDGE('',*,*,#9543,.T.);
#6329=ORIENTED_EDGE('',*,*,#9148,.F.);
#6330=ORIENTED_EDGE('',*,*,#9544,.F.);
#6331=ORIENTED_EDGE('',*,*,#8715,.T.);
#6332=CARTESIAN_POINT('',(-0.351312300780394,-2.66986657887948,0.0));
#6333=DIRECTION('',(-0.911144485323756,-0.41208703797148,0.0));
#6334=DIRECTION('',(-0.41208703797148,0.911144485323756,0.0));
#6335=ORIENTED_EDGE('',*,*,#9544,.T.);
#6336=ORIENTED_EDGE('',*,*,#9147,.F.);
#6337=ORIENTED_EDGE('',*,*,#9545,.F.);
#6338=ORIENTED_EDGE('',*,*,#8716,.T.);
#6339=CARTESIAN_POINT('',(-0.300338356741186,-2.71411595149562,0.0));
#6340=DIRECTION('',(-0.655539070928587,-0.755161258597185,0.0));
#6341=DIRECTION('',(-0.755161258597185,0.655539070928587,0.0));
#6342=ORIENTED_EDGE('',*,*,#9545,.T.);
#6343=ORIENTED_EDGE('',*,*,#9146,.F.);
#6344=ORIENTED_EDGE('',*,*,#9546,.F.);
#6345=ORIENTED_EDGE('',*,*,#8717,.T.);
#6346=CARTESIAN_POINT('',(-0.214436328270377,-2.75953046503776,0.0));
#6347=DIRECTION('',(-0.467380972271707,-0.884056008835613,0.0));
#6348=DIRECTION('',(-0.884056008835613,0.467380972271707,0.0));
#6349=ORIENTED_EDGE('',*,*,#9546,.T.);
#6350=ORIENTED_EDGE('',*,*,#9145,.F.);
#6351=ORIENTED_EDGE('',*,*,#9547,.F.);
#6352=ORIENTED_EDGE('',*,*,#8718,.T.);
#6353=CARTESIAN_POINT('',(-0.127589111205672,-2.77661052887604,0.0));
#6354=DIRECTION('',(-0.192971448948304,-0.981204372131918,0.0));
#6355=DIRECTION('',(-0.981204372131918,0.192971448948304,0.0));
#6356=ORIENTED_EDGE('',*,*,#9547,.T.);
#6357=ORIENTED_EDGE('',*,*,#9144,.F.);
#6358=ORIENTED_EDGE('',*,*,#9548,.F.);
#6359=ORIENTED_EDGE('',*,*,#8719,.T.);
#6360=CARTESIAN_POINT('',(-0.0577337417769388,-2.77894078406312,0.0));
#6361=DIRECTION('',(-0.0333397384129584,-0.999444076395751,0.0));
#6362=DIRECTION('',(-0.999444076395751,0.0333397384129584,0.0));
#6363=ORIENTED_EDGE('',*,*,#9548,.T.);
#6364=ORIENTED_EDGE('',*,*,#9143,.F.);
#6365=ORIENTED_EDGE('',*,*,#9549,.F.);
#6366=ORIENTED_EDGE('',*,*,#8720,.T.);
#6367=CARTESIAN_POINT('',(0.0300586638816884,-2.767686398195,0.0));
#6368=DIRECTION('',(0.127152636463298,-0.991883161990581,0.0));
#6369=DIRECTION('',(0.0,0.0,-1.0));
#6370=ORIENTED_EDGE('',*,*,#9549,.T.);
#6371=ORIENTED_EDGE('',*,*,#9142,.F.);
#6372=ORIENTED_EDGE('',*,*,#9550,.F.);
#6373=ORIENTED_EDGE('',*,*,#8721,.T.);
#6374=CARTESIAN_POINT('',(0.118795458699895,-2.72809753595556,0.0));
#6375=DIRECTION('',(0.407429617468598,-0.913236610528395,0.0));
#6376=DIRECTION('',(0.0,0.0,-1.0));
#6377=ORIENTED_EDGE('',*,*,#9550,.T.);
#6378=ORIENTED_EDGE('',*,*,#9141,.F.);
#6379=ORIENTED_EDGE('',*,*,#9551,.F.);
#6380=ORIENTED_EDGE('',*,*,#8722,.T.);
#6381=CARTESIAN_POINT('',(0.172604968520919,-2.6873435594525,0.0));
#6382=DIRECTION('',(0.603755992746501,-0.797169179799801,0.0));
#6383=DIRECTION('',(0.0,0.0,-1.0));
#6384=ORIENTED_EDGE('',*,*,#9551,.T.);
#6385=ORIENTED_EDGE('',*,*,#9140,.F.);
#6386=ORIENTED_EDGE('',*,*,#9552,.F.);
#6387=ORIENTED_EDGE('',*,*,#8723,.T.);
#6388=CARTESIAN_POINT('',(0.20989602576116,-2.61767253642754,0.0));
#6389=DIRECTION('',(0.881652184934217,-0.471899803772709,0.0));
#6390=DIRECTION('',(0.0,0.0,-1.0));
#6391=ORIENTED_EDGE('',*,*,#9552,.T.);
#6392=ORIENTED_EDGE('',*,*,#9139,.F.);
#6393=ORIENTED_EDGE('',*,*,#9553,.F.);
#6394=ORIENTED_EDGE('',*,*,#8724,.T.);
#6395=CARTESIAN_POINT('',(0.211313808652056,-2.57517086186794,0.0));
#6396=DIRECTION('',(0.999444076395751,-0.0333397384129684,0.0));
#6397=DIRECTION('',(0.0,0.0,-1.0));
#6398=ORIENTED_EDGE('',*,*,#9553,.T.);
#6399=ORIENTED_EDGE('',*,*,#9138,.F.);
#6400=ORIENTED_EDGE('',*,*,#9554,.F.);
#6401=ORIENTED_EDGE('',*,*,#8725,.T.);
#6402=CARTESIAN_POINT('',(0.178276101408374,-2.51733682152965,0.0));
#6403=DIRECTION('',(0.868309851671118,0.49602217842641,0.0));
#6404=DIRECTION('',(0.0,0.0,-1.0));
#6405=ORIENTED_EDGE('',*,*,#9554,.T.);
#6406=ORIENTED_EDGE('',*,*,#9137,.F.);
#6407=ORIENTED_EDGE('',*,*,#9555,.F.);
#6408=ORIENTED_EDGE('',*,*,#8726,.T.);
#6409=CARTESIAN_POINT('',(0.127302157369116,-2.47308744891325,0.0));
#6410=DIRECTION('',(0.655539070928587,0.755161258597185,0.0));
#6411=DIRECTION('',(0.0,0.0,-1.0));
#6412=ORIENTED_EDGE('',*,*,#9555,.T.);
#6413=ORIENTED_EDGE('',*,*,#9136,.F.);
#6414=ORIENTED_EDGE('',*,*,#9556,.F.);
#6415=ORIENTED_EDGE('',*,*,#8727,.T.);
#6416=CARTESIAN_POINT('',(0.0928474666688558,-2.4577551098005,0.0));
#6417=DIRECTION('',(0.406562306882116,0.913623057186437,0.0));
#6418=DIRECTION('',(0.0,0.0,-1.0));
#6419=ORIENTED_EDGE('',*,*,#9556,.T.);
#6420=ORIENTED_EDGE('',*,*,#9135,.F.);
#6421=ORIENTED_EDGE('',*,*,#9557,.F.);
#6422=ORIENTED_EDGE('',*,*,#8728,.T.);
#6423=CARTESIAN_POINT('',(0.128247345963037,-2.44475299920736,0.0));
#6424=DIRECTION('',(0.344772447192407,-0.938686294593119,0.0));
#6425=DIRECTION('',(0.0,0.0,-1.0));
#6426=ORIENTED_EDGE('',*,*,#9557,.T.);
#6427=ORIENTED_EDGE('',*,*,#9134,.F.);
#6428=ORIENTED_EDGE('',*,*,#9558,.F.);
#6429=ORIENTED_EDGE('',*,*,#8729,.T.);
#6430=CARTESIAN_POINT('',(0.199521297716957,-2.40458160650357,0.0));
#6431=DIRECTION('',(0.491001948201087,-0.871158474023376,0.0));
#6432=DIRECTION('',(0.0,0.0,-1.0));
#6433=ORIENTED_EDGE('',*,*,#9558,.T.);
#6434=ORIENTED_EDGE('',*,*,#9133,.F.);
#6435=ORIENTED_EDGE('',*,*,#9559,.F.);
#6436=ORIENTED_EDGE('',*,*,#8730,.T.);
#6437=CARTESIAN_POINT('',(0.236811554860932,-2.33491057665465,0.0));
#6438=DIRECTION('',(0.881656416594574,-0.471891897660486,0.0));
#6439=DIRECTION('',(0.0,0.0,-1.0));
#6440=ORIENTED_EDGE('',*,*,#9559,.T.);
#6441=ORIENTED_EDGE('',*,*,#9132,.F.);
#6442=ORIENTED_EDGE('',*,*,#9560,.F.);
#6443=ORIENTED_EDGE('',*,*,#8731,.T.);
#6444=CARTESIAN_POINT('',(0.238229337751827,-2.29240890209581,0.0));
#6445=DIRECTION('',(0.999444076395751,-0.0333397384129684,0.0));
#6446=DIRECTION('',(0.0,0.0,-1.0));
#6447=ORIENTED_EDGE('',*,*,#9560,.T.);
#6448=ORIENTED_EDGE('',*,*,#9131,.F.);
#6449=ORIENTED_EDGE('',*,*,#9561,.F.);
#6450=ORIENTED_EDGE('',*,*,#8732,.T.);
#6451=CARTESIAN_POINT('',(0.205665024570398,-2.22040765364901,0.0));
#6452=DIRECTION('',(0.911144416639805,0.412087189835002,0.0));
#6453=DIRECTION('',(0.0,0.0,-1.0));
#6454=ORIENTED_EDGE('',*,*,#9561,.T.);
#6455=ORIENTED_EDGE('',*,*,#9130,.F.);
#6456=ORIENTED_EDGE('',*,*,#9562,.F.);
#6457=ORIENTED_EDGE('',*,*,#8733,.T.);
#6458=CARTESIAN_POINT('',(0.15469108069662,-2.17615827607175,0.0));
#6459=DIRECTION('',(0.655539114054778,0.755161221160275,0.0));
#6460=DIRECTION('',(0.0,0.0,-1.0));
#6461=ORIENTED_EDGE('',*,*,#9562,.T.);
#6462=ORIENTED_EDGE('',*,*,#9129,.F.);
#6463=ORIENTED_EDGE('',*,*,#9563,.F.);
#6464=ORIENTED_EDGE('',*,*,#8734,.T.);
#6465=CARTESIAN_POINT('',(0.0687890523499666,-2.13074375880724,0.0));
#6466=DIRECTION('',(0.467381002726987,0.884055992734576,0.0));
#6467=DIRECTION('',(0.0,0.0,-1.0));
#6468=ORIENTED_EDGE('',*,*,#9563,.T.);
#6469=ORIENTED_EDGE('',*,*,#9128,.F.);
#6470=ORIENTED_EDGE('',*,*,#9564,.F.);
#6471=ORIENTED_EDGE('',*,*,#8735,.T.);
#6472=CARTESIAN_POINT('',(-0.0180581646733597,-2.11366369372893,0.0));
#6473=DIRECTION('',(0.192971462527505,0.981204369461325,0.0));
#6474=DIRECTION('',(0.0,0.0,-1.0));
#6475=ORIENTED_EDGE('',*,*,#9564,.T.);
#6476=ORIENTED_EDGE('',*,*,#9127,.F.);
#6477=ORIENTED_EDGE('',*,*,#9565,.F.);
#6478=ORIENTED_EDGE('',*,*,#8736,.T.);
#6479=CARTESIAN_POINT('',(-0.12284161853362,-2.11016829761407,0.0));
#6480=DIRECTION('',(0.0333397384129484,0.999444076395751,0.0));
#6481=DIRECTION('',(0.0,0.0,-1.0));
#6482=ORIENTED_EDGE('',*,*,#9565,.T.);
#6483=ORIENTED_EDGE('',*,*,#9126,.F.);
#6484=ORIENTED_EDGE('',*,*,#9566,.F.);
#6485=ORIENTED_EDGE('',*,*,#8737,.T.);
#6486=CARTESIAN_POINT('',(-0.210633224799307,-2.12142271138993,0.0));
#6487=DIRECTION('',(-0.1271540857528,0.991882976200504,0.0));
#6488=DIRECTION('',(0.0,0.0,1.0));
#6489=ORIENTED_EDGE('',*,*,#9566,.T.);
#6490=ORIENTED_EDGE('',*,*,#9125,.F.);
#6491=ORIENTED_EDGE('',*,*,#9567,.F.);
#6492=ORIENTED_EDGE('',*,*,#8738,.T.);
#6493=CARTESIAN_POINT('',(-0.299370819175884,-2.16101155068454,0.0));
#6494=DIRECTION('',(-0.407426358811503,0.913238064332406,0.0));
#6495=DIRECTION('',(0.0,0.0,1.0));
#6496=ORIENTED_EDGE('',*,*,#9567,.T.);
#6497=ORIENTED_EDGE('',*,*,#9124,.F.);
#6498=ORIENTED_EDGE('',*,*,#9568,.F.);
#6499=ORIENTED_EDGE('',*,*,#8739,.T.);
#6500=CARTESIAN_POINT('',(-0.35318032916244,-2.20176553214695,0.0));
#6501=DIRECTION('',(-0.603756038271677,0.79716914532017,0.0));
#6502=DIRECTION('',(0.0,0.0,1.0));
#6503=ORIENTED_EDGE('',*,*,#9568,.T.);
#6504=ORIENTED_EDGE('',*,*,#9123,.F.);
#6505=ORIENTED_EDGE('',*,*,#9569,.F.);
#6506=ORIENTED_EDGE('',*,*,#8740,.T.);
#6507=CARTESIAN_POINT('',(-0.390471385409744,-2.27143652540615,0.0));
#6508=DIRECTION('',(-0.881652106279979,0.471899950722689,0.0));
#6509=DIRECTION('',(0.0,0.0,1.0));
#6510=ORIENTED_EDGE('',*,*,#9569,.T.);
#6511=ORIENTED_EDGE('',*,*,#9122,.F.);
#6512=ORIENTED_EDGE('',*,*,#9570,.F.);
#6513=ORIENTED_EDGE('',*,*,#8741,.T.);
#6514=CARTESIAN_POINT('',(-0.391889168300614,-2.31393819996499,0.0));
#6515=DIRECTION('',(-0.999444076395751,0.0333397384129684,0.0));
#6516=DIRECTION('',(0.0,0.0,1.0));
#6517=ORIENTED_EDGE('',*,*,#9570,.T.);
#6518=ORIENTED_EDGE('',*,*,#9121,.F.);
#6519=ORIENTED_EDGE('',*,*,#9571,.F.);
#6520=ORIENTED_EDGE('',*,*,#8742,.T.);
#6521=CARTESIAN_POINT('',(-0.359324056015932,-2.3859394850015,0.0));
#6522=DIRECTION('',(-0.911140698372922,-0.41209541100151,0.0));
#6523=DIRECTION('',(-0.41209541100151,0.911140698372922,0.0));
#6524=ORIENTED_EDGE('',*,*,#9571,.T.);
#6525=ORIENTED_EDGE('',*,*,#9120,.F.);
#6526=ORIENTED_EDGE('',*,*,#9538,.F.);
#6527=ORIENTED_EDGE('',*,*,#8743,.T.);
#6528=CARTESIAN_POINT('',(-0.29088646947812,-2.43077141474768,0.0));
#6529=DIRECTION('',(-0.547970762799413,-0.836497485421821,0.0));
#6530=DIRECTION('',(-0.83649748542182,0.547970762799413,0.0));
#6531=ORIENTED_EDGE('',*,*,#9572,.T.);
#6532=ORIENTED_EDGE('',*,*,#9169,.F.);
#6533=ORIENTED_EDGE('',*,*,#9573,.F.);
#6534=ORIENTED_EDGE('',*,*,#8352,.T.);
#6535=CARTESIAN_POINT('',(-0.107740148416478,-2.18158701559855,0.0));
#6536=DIRECTION('',(0.165974276388693,-0.986130082482656,0.0));
#6537=DIRECTION('',(0.0,0.0,-1.0));
#6538=ORIENTED_EDGE('',*,*,#9573,.T.);
#6539=ORIENTED_EDGE('',*,*,#9168,.F.);
#6540=ORIENTED_EDGE('',*,*,#9574,.F.);
#6541=ORIENTED_EDGE('',*,*,#8337,.T.);
#6542=CARTESIAN_POINT('',(-0.0378847789877454,-2.18391727078588,0.0));
#6543=DIRECTION('',(-0.0333397384129584,-0.999444076395751,0.0));
#6544=DIRECTION('',(-0.999444076395751,0.0333397384129584,0.0));
#6545=ORIENTED_EDGE('',*,*,#9574,.T.);
#6546=ORIENTED_EDGE('',*,*,#9167,.F.);
#6547=ORIENTED_EDGE('',*,*,#9575,.F.);
#6548=ORIENTED_EDGE('',*,*,#8338,.T.);
#6549=CARTESIAN_POINT('',(0.0314979961440392,-2.20041475082616,0.0));
#6550=DIRECTION('',(-0.23132555511329,-0.972876398907656,0.0));
#6551=DIRECTION('',(-0.972876398907656,0.23132555511329,0.0));
#6552=ORIENTED_EDGE('',*,*,#9575,.T.);
#6553=ORIENTED_EDGE('',*,*,#9166,.F.);
#6554=ORIENTED_EDGE('',*,*,#9576,.F.);
#6555=ORIENTED_EDGE('',*,*,#8339,.T.);
#6556=CARTESIAN_POINT('',(0.100408976413167,-2.2310794823871,0.0));
#6557=DIRECTION('',(-0.406555023262604,-0.913626298362708,0.0));
#6558=DIRECTION('',(-0.913626298362708,0.406555023262604,0.0));
#6559=ORIENTED_EDGE('',*,*,#9576,.T.);
#6560=ORIENTED_EDGE('',*,*,#9165,.F.);
#6561=ORIENTED_EDGE('',*,*,#9577,.F.);
#6562=ORIENTED_EDGE('',*,*,#8340,.T.);
#6563=CARTESIAN_POINT('',(0.150910325824465,-2.28949608977844,0.0));
#6564=DIRECTION('',(-0.756498492039392,-0.653995436942893,0.0));
#6565=DIRECTION('',(-0.653995436942893,0.756498492039392,0.0));
#6566=ORIENTED_EDGE('',*,*,#9577,.T.);
#6567=ORIENTED_EDGE('',*,*,#9164,.F.);
#6568=ORIENTED_EDGE('',*,*,#9578,.F.);
#6569=ORIENTED_EDGE('',*,*,#8341,.T.);
#6570=CARTESIAN_POINT('',(0.149492542933595,-2.33199776433728,0.0));
#6571=DIRECTION('',(-0.999444076395751,0.0333397384129684,0.0));
#6572=DIRECTION('',(0.0,0.0,1.0));
#6573=ORIENTED_EDGE('',*,*,#9578,.T.);
#6574=ORIENTED_EDGE('',*,*,#9163,.F.);
#6575=ORIENTED_EDGE('',*,*,#9579,.F.);
#6576=ORIENTED_EDGE('',*,*,#8342,.T.);
#6577=CARTESIAN_POINT('',(0.0952104381536476,-2.38691898553577,0.0));
#6578=DIRECTION('',(-0.711232968685815,0.702956374360715,0.0));
#6579=DIRECTION('',(0.0,0.0,1.0));
#6580=ORIENTED_EDGE('',*,*,#9579,.T.);
#6581=ORIENTED_EDGE('',*,*,#9162,.F.);
#6582=ORIENTED_EDGE('',*,*,#9580,.F.);
#6583=ORIENTED_EDGE('',*,*,#8343,.T.);
#6584=CARTESIAN_POINT('',(0.0244090806966864,-2.41292315338661,0.0));
#6585=DIRECTION('',(-0.344764963765181,0.938689043166049,0.0));
#6586=DIRECTION('',(0.0,0.0,1.0));
#6587=ORIENTED_EDGE('',*,*,#9580,.T.);
#6588=ORIENTED_EDGE('',*,*,#9161,.F.);
#6589=ORIENTED_EDGE('',*,*,#9581,.F.);
#6590=ORIENTED_EDGE('',*,*,#8344,.T.);
#6591=CARTESIAN_POINT('',(-0.0459188830290048,-2.42476012305222,0.0));
#6592=DIRECTION('',(-0.165976474713895,0.98612971248287,0.0));
#6593=DIRECTION('',(0.0,0.0,1.0));
#6594=ORIENTED_EDGE('',*,*,#9581,.T.);
#6595=ORIENTED_EDGE('',*,*,#9160,.F.);
#6596=ORIENTED_EDGE('',*,*,#9582,.F.);
#6597=ORIENTED_EDGE('',*,*,#8345,.T.);
#6598=CARTESIAN_POINT('',(-0.115774252457763,-2.42242986786489,0.0));
#6599=DIRECTION('',(0.0333397384129584,0.999444076395751,0.0));
#6600=DIRECTION('',(0.0,0.0,-1.0));
#6601=ORIENTED_EDGE('',*,*,#9582,.T.);
#6602=ORIENTED_EDGE('',*,*,#9159,.F.);
#6603=ORIENTED_EDGE('',*,*,#9583,.F.);
#6604=ORIENTED_EDGE('',*,*,#8346,.T.);
#6605=CARTESIAN_POINT('',(-0.185157827023839,-2.40593236115664,0.0));
#6606=DIRECTION('',(0.231323386332893,0.97287691458657,0.0));
#6607=DIRECTION('',(0.0,0.0,-1.0));
#6608=ORIENTED_EDGE('',*,*,#9583,.T.);
#6609=ORIENTED_EDGE('',*,*,#9158,.F.);
#6610=ORIENTED_EDGE('',*,*,#9584,.F.);
#6611=ORIENTED_EDGE('',*,*,#8347,.T.);
#6612=CARTESIAN_POINT('',(-0.25406800785865,-2.37526765626342,0.0));
#6613=DIRECTION('',(0.406558665039821,0.913624677797748,0.0));
#6614=DIRECTION('',(0.0,0.0,-1.0));
#6615=ORIENTED_EDGE('',*,*,#9584,.T.);
#6616=ORIENTED_EDGE('',*,*,#9157,.F.);
#6617=ORIENTED_EDGE('',*,*,#9585,.F.);
#6618=ORIENTED_EDGE('',*,*,#8348,.T.);
#6619=CARTESIAN_POINT('',(-0.304569356939062,-2.31685103895007,0.0));
#6620=DIRECTION('',(0.756498549117093,0.653995370919194,0.0));
#6621=DIRECTION('',(0.0,0.0,-1.0));
#6622=ORIENTED_EDGE('',*,*,#9585,.T.);
#6623=ORIENTED_EDGE('',*,*,#9156,.F.);
#6624=ORIENTED_EDGE('',*,*,#9586,.F.);
#6625=ORIENTED_EDGE('',*,*,#8349,.T.);
#6626=CARTESIAN_POINT('',(-0.303151574048192,-2.27434936439123,0.0));
#6627=DIRECTION('',(0.999444076395751,-0.0333397384129684,0.0));
#6628=DIRECTION('',(0.0,0.0,-1.0));
#6629=ORIENTED_EDGE('',*,*,#9586,.T.);
#6630=ORIENTED_EDGE('',*,*,#9155,.F.);
#6631=ORIENTED_EDGE('',*,*,#9587,.F.);
#6632=ORIENTED_EDGE('',*,*,#8350,.T.);
#6633=CARTESIAN_POINT('',(-0.248869469599156,-2.21942815311475,0.0));
#6634=DIRECTION('',(0.711232907335034,-0.702956436433834,0.0));
#6635=DIRECTION('',(0.0,0.0,-1.0));
#6636=ORIENTED_EDGE('',*,*,#9587,.T.);
#6637=ORIENTED_EDGE('',*,*,#9154,.F.);
#6638=ORIENTED_EDGE('',*,*,#9572,.F.);
#6639=ORIENTED_EDGE('',*,*,#8351,.T.);
#6640=CARTESIAN_POINT('',(-0.178068911576501,-2.19342395859645,0.0));
#6641=DIRECTION('',(0.344768705444811,-0.938687668900529,0.0));
#6642=DIRECTION('',(0.0,0.0,-1.0));
#6643=ORIENTED_EDGE('',*,*,#9588,.T.);
#6644=ORIENTED_EDGE('',*,*,#9185,.F.);
#6645=ORIENTED_EDGE('',*,*,#9589,.F.);
#6646=ORIENTED_EDGE('',*,*,#8368,.T.);
#6647=CARTESIAN_POINT('',(-0.055370770292147,-2.70810465979966,0.0));
#6648=DIRECTION('',(-0.165976474713798,0.986129712482886,0.0));
#6649=DIRECTION('',(0.0,0.0,1.0));
#6650=ORIENTED_EDGE('',*,*,#9589,.T.);
#6651=ORIENTED_EDGE('',*,*,#9184,.F.);
#6652=ORIENTED_EDGE('',*,*,#9590,.F.);
#6653=ORIENTED_EDGE('',*,*,#8353,.T.);
#6654=CARTESIAN_POINT('',(-0.12522613972088,-2.70577440461258,0.0));
#6655=DIRECTION('',(0.0333397384129584,0.999444076395751,0.0));
#6656=DIRECTION('',(0.0,0.0,-1.0));
#6657=ORIENTED_EDGE('',*,*,#9590,.T.);
#6658=ORIENTED_EDGE('',*,*,#9183,.F.);
#6659=ORIENTED_EDGE('',*,*,#9591,.F.);
#6660=ORIENTED_EDGE('',*,*,#8354,.T.);
#6661=CARTESIAN_POINT('',(-0.194609714286981,-2.68927689790484,0.0));
#6662=DIRECTION('',(0.231323386332893,0.97287691458657,0.0));
#6663=DIRECTION('',(0.0,0.0,-1.0));
#6664=ORIENTED_EDGE('',*,*,#9591,.T.);
#6665=ORIENTED_EDGE('',*,*,#9182,.F.);
#6666=ORIENTED_EDGE('',*,*,#9592,.F.);
#6667=ORIENTED_EDGE('',*,*,#8355,.T.);
#6668=CARTESIAN_POINT('',(-0.263047300824844,-2.64444496815816,0.0));
#6669=DIRECTION('',(0.547970762799413,0.836497485421821,0.0));
#6670=DIRECTION('',(0.0,0.0,-1.0));
#6671=ORIENTED_EDGE('',*,*,#9592,.T.);
#6672=ORIENTED_EDGE('',*,*,#9181,.F.);
#6673=ORIENTED_EDGE('',*,*,#9593,.F.);
#6674=ORIENTED_EDGE('',*,*,#8356,.T.);
#6675=CARTESIAN_POINT('',(-0.2965576010416,-2.60077811298252,0.0));
#6676=DIRECTION('',(0.793322245304589,0.608801950641492,0.0));
#6677=DIRECTION('',(0.0,0.0,-1.0));
#6678=ORIENTED_EDGE('',*,*,#9593,.T.);
#6679=ORIENTED_EDGE('',*,*,#9180,.F.);
#6680=ORIENTED_EDGE('',*,*,#9594,.F.);
#6681=ORIENTED_EDGE('',*,*,#8357,.T.);
#6682=CARTESIAN_POINT('',(-0.295612412447602,-2.57244366327612,0.0));
#6683=DIRECTION('',(0.999444076395751,-0.0333397384129684,0.0));
#6684=DIRECTION('',(0.0,0.0,-1.0));
#6685=ORIENTED_EDGE('',*,*,#9594,.T.);
#6686=ORIENTED_EDGE('',*,*,#9179,.F.);
#6687=ORIENTED_EDGE('',*,*,#9595,.F.);
#6688=ORIENTED_EDGE('',*,*,#8358,.T.);
#6689=CARTESIAN_POINT('',(-0.259266545125258,-2.53110712964582,0.0));
#6690=DIRECTION('',(0.750986298884595,-0.660317786287495,0.0));
#6691=DIRECTION('',(0.0,0.0,-1.0));
#6692=ORIENTED_EDGE('',*,*,#9595,.T.);
#6693=ORIENTED_EDGE('',*,*,#9178,.F.);
#6694=ORIENTED_EDGE('',*,*,#9596,.F.);
#6695=ORIENTED_EDGE('',*,*,#8359,.T.);
#6696=CARTESIAN_POINT('',(-0.187993392805604,-2.49093571027432,0.0));
#6697=DIRECTION('',(0.491006375151402,-0.871155978892804,0.0));
#6698=DIRECTION('',(0.0,0.0,-1.0));
#6699=ORIENTED_EDGE('',*,*,#9596,.T.);
#6700=ORIENTED_EDGE('',*,*,#9177,.F.);
#6701=ORIENTED_EDGE('',*,*,#9597,.F.);
#6702=ORIENTED_EDGE('',*,*,#8360,.T.);
#6703=CARTESIAN_POINT('',(-0.117664629645581,-2.47909876727667,0.0));
#6704=DIRECTION('',(0.165974276388693,-0.986130082482656,0.0));
#6705=DIRECTION('',(0.0,0.0,-1.0));
#6706=ORIENTED_EDGE('',*,*,#9597,.T.);
#6707=ORIENTED_EDGE('',*,*,#9176,.F.);
#6708=ORIENTED_EDGE('',*,*,#9598,.F.);
#6709=ORIENTED_EDGE('',*,*,#8361,.T.);
#6710=CARTESIAN_POINT('',(-0.0478092602168484,-2.48142902246401,0.0));
#6711=DIRECTION('',(-0.0333397384129584,-0.999444076395751,0.0));
#6712=DIRECTION('',(-0.999444076395751,0.0333397384129584,0.0));
#6713=ORIENTED_EDGE('',*,*,#9598,.T.);
#6714=ORIENTED_EDGE('',*,*,#9175,.F.);
#6715=ORIENTED_EDGE('',*,*,#9599,.F.);
#6716=ORIENTED_EDGE('',*,*,#8362,.T.);
#6717=CARTESIAN_POINT('',(0.0215735149149286,-2.49792650250429,0.0));
#6718=DIRECTION('',(-0.231325555113312,-0.972876398907651,0.0));
#6719=DIRECTION('',(-0.972876398907651,0.231325555113312,0.0));
#6720=ORIENTED_EDGE('',*,*,#9599,.T.);
#6721=ORIENTED_EDGE('',*,*,#9174,.F.);
#6722=ORIENTED_EDGE('',*,*,#9600,.F.);
#6723=ORIENTED_EDGE('',*,*,#8363,.T.);
#6724=CARTESIAN_POINT('',(0.0900119008870904,-2.54275845891792,0.0));
#6725=DIRECTION('',(-0.547966511971997,-0.836500270028195,0.0));
#6726=DIRECTION('',(-0.836500270028195,0.547966511971997,0.0));
#6727=ORIENTED_EDGE('',*,*,#9600,.T.);
#6728=ORIENTED_EDGE('',*,*,#9173,.F.);
#6729=ORIENTED_EDGE('',*,*,#9601,.F.);
#6730=ORIENTED_EDGE('',*,*,#8364,.T.);
#6731=CARTESIAN_POINT('',(0.123521402993428,-2.58642524773606,0.0));
#6732=DIRECTION('',(-0.793328801540547,-0.608793407196759,0.0));
#6733=DIRECTION('',(-0.608793407196759,0.793328801540547,0.0));
#6734=ORIENTED_EDGE('',*,*,#9601,.T.);
#6735=ORIENTED_EDGE('',*,*,#9172,.F.);
#6736=ORIENTED_EDGE('',*,*,#9602,.F.);
#6737=ORIENTED_EDGE('',*,*,#8365,.T.);
#6738=CARTESIAN_POINT('',(0.122576214399507,-2.61475969744246,0.0));
#6739=DIRECTION('',(-0.999444076395751,0.0333397384129684,0.0));
#6740=DIRECTION('',(0.0,0.0,1.0));
#6741=ORIENTED_EDGE('',*,*,#9602,.T.);
#6742=ORIENTED_EDGE('',*,*,#9171,.F.);
#6743=ORIENTED_EDGE('',*,*,#9603,.F.);
#6744=ORIENTED_EDGE('',*,*,#8366,.T.);
#6745=CARTESIAN_POINT('',(0.086231145187479,-2.65609629743102,0.0));
#6746=DIRECTION('',(-0.750994014817783,0.660309010772886,0.0));
#6747=DIRECTION('',(0.0,0.0,1.0));
#6748=ORIENTED_EDGE('',*,*,#9603,.T.);
#6749=ORIENTED_EDGE('',*,*,#9170,.F.);
#6750=ORIENTED_EDGE('',*,*,#9588,.F.);
#6751=ORIENTED_EDGE('',*,*,#8367,.T.);
#6752=CARTESIAN_POINT('',(0.0149571934335569,-2.69626769013354,0.0));
#6753=DIRECTION('',(-0.491001948201087,0.871158474023376,0.0));
#6754=DIRECTION('',(0.0,0.0,1.0));
#6755=ORIENTED_EDGE('',*,*,#9604,.T.);
#6756=ORIENTED_EDGE('',*,*,#9225,.F.);
#6757=ORIENTED_EDGE('',*,*,#9605,.F.);
#6758=ORIENTED_EDGE('',*,*,#8784,.T.);
#6759=CARTESIAN_POINT('',(1.05598016671947,-2.21638602848883,0.0));
#6760=DIRECTION('',(0.847920616176546,-0.530123220263729,0.0));
#6761=DIRECTION('',(0.0,0.0,-1.0));
#6762=ORIENTED_EDGE('',*,*,#9605,.T.);
#6763=ORIENTED_EDGE('',*,*,#9224,.F.);
#6764=ORIENTED_EDGE('',*,*,#9606,.F.);
#6765=ORIENTED_EDGE('',*,*,#8745,.T.);
#6766=CARTESIAN_POINT('',(1.06603607513364,-2.13800524336577,0.0));
#6767=DIRECTION('',(0.991870344445894,-0.127252582719499,0.0));
#6768=DIRECTION('',(0.0,0.0,-1.0));
#6769=ORIENTED_EDGE('',*,*,#9606,.T.);
#6770=ORIENTED_EDGE('',*,*,#9223,.F.);
#6771=ORIENTED_EDGE('',*,*,#9607,.F.);
#6772=ORIENTED_EDGE('',*,*,#8746,.T.);
#6773=CARTESIAN_POINT('',(1.04303581811418,-2.07096547064371,0.0));
#6774=DIRECTION('',(0.945880165738858,0.324516119879785,0.0));
#6775=DIRECTION('',(0.0,0.0,-1.0));
#6776=ORIENTED_EDGE('',*,*,#9607,.T.);
#6777=ORIENTED_EDGE('',*,*,#9222,.F.);
#6778=ORIENTED_EDGE('',*,*,#9608,.F.);
#6779=ORIENTED_EDGE('',*,*,#8747,.T.);
#6780=CARTESIAN_POINT('',(0.986979405326548,-2.01526673849351,0.0));
#6781=DIRECTION('',(0.704840023375293,0.709366295681093,0.0));
#6782=DIRECTION('',(0.0,0.0,-1.0));
#6783=ORIENTED_EDGE('',*,*,#9608,.T.);
#6784=ORIENTED_EDGE('',*,*,#9221,.F.);
#6785=ORIENTED_EDGE('',*,*,#9609,.F.);
#6786=ORIENTED_EDGE('',*,*,#8748,.T.);
#6787=CARTESIAN_POINT('',(0.91899534306482,-1.97864634763056,0.0));
#6788=DIRECTION('',(0.474236231962395,0.88039763532969,0.0));
#6789=DIRECTION('',(0.0,0.0,-1.0));
#6790=ORIENTED_EDGE('',*,*,#9609,.T.);
#6791=ORIENTED_EDGE('',*,*,#9220,.F.);
#6792=ORIENTED_EDGE('',*,*,#9610,.F.);
#6793=ORIENTED_EDGE('',*,*,#8749,.T.);
#6794=CARTESIAN_POINT('',(0.822555928920412,-1.96677468033762,0.0));
#6795=DIRECTION('',(0.122177514303601,0.99250826444851,0.0));
#6796=DIRECTION('',(0.0,0.0,-1.0));
#6797=ORIENTED_EDGE('',*,*,#9610,.T.);
#6798=ORIENTED_EDGE('',*,*,#9219,.F.);
#6799=ORIENTED_EDGE('',*,*,#9611,.F.);
#6800=ORIENTED_EDGE('',*,*,#8750,.T.);
#6801=CARTESIAN_POINT('',(0.735315859222084,-1.98171917654229,0.0));
#6802=DIRECTION('',(-0.168843694457401,0.985642839390606,0.0));
#6803=DIRECTION('',(0.0,0.0,1.0));
#6804=ORIENTED_EDGE('',*,*,#9611,.T.);
#6805=ORIENTED_EDGE('',*,*,#9218,.F.);
#6806=ORIENTED_EDGE('',*,*,#9612,.F.);
#6807=ORIENTED_EDGE('',*,*,#8751,.T.);
#6808=CARTESIAN_POINT('',(0.652675840041696,-2.01007162470926,0.0));
#6809=DIRECTION('',(-0.324516119879785,0.945880165738858,0.0));
#6810=DIRECTION('',(0.0,0.0,1.0));
#6811=ORIENTED_EDGE('',*,*,#9612,.T.);
#6812=ORIENTED_EDGE('',*,*,#9217,.F.);
#6813=ORIENTED_EDGE('',*,*,#9613,.F.);
#6814=ORIENTED_EDGE('',*,*,#8752,.T.);
#6815=CARTESIAN_POINT('',(0.574636627969048,-2.05183176526451,0.0));
#6816=DIRECTION('',(-0.471812446115186,0.881698937104273,0.0));
#6817=DIRECTION('',(0.0,0.0,1.0));
#6818=ORIENTED_EDGE('',*,*,#9613,.T.);
#6819=ORIENTED_EDGE('',*,*,#9216,.F.);
#6820=ORIENTED_EDGE('',*,*,#9614,.F.);
#6821=ORIENTED_EDGE('',*,*,#8753,.T.);
#6822=CARTESIAN_POINT('',(0.505796760342226,-2.12040806931762,0.0));
#6823=DIRECTION('',(-0.705749255571896,0.708461705570396,0.0));
#6824=DIRECTION('',(0.0,0.0,1.0));
#6825=ORIENTED_EDGE('',*,*,#9614,.T.);
#6826=ORIENTED_EDGE('',*,*,#9215,.F.);
#6827=ORIENTED_EDGE('',*,*,#9615,.F.);
#6828=ORIENTED_EDGE('',*,*,#8754,.T.);
#6829=CARTESIAN_POINT('',(0.47461310222351,-2.19105129415154,0.0));
#6830=DIRECTION('',(-0.914833948229491,0.403830220720096,0.0));
#6831=DIRECTION('',(0.0,0.0,1.0));
#6832=ORIENTED_EDGE('',*,*,#9615,.T.);
#6833=ORIENTED_EDGE('',*,*,#9214,.F.);
#6834=ORIENTED_EDGE('',*,*,#9616,.F.);
#6835=ORIENTED_EDGE('',*,*,#8755,.T.);
#6836=CARTESIAN_POINT('',(0.464557197031068,-2.26943208866472,0.0));
#6837=DIRECTION('',(-0.991870351515865,0.127252527612595,0.0));
#6838=DIRECTION('',(0.0,0.0,1.0));
#6839=ORIENTED_EDGE('',*,*,#9616,.T.);
#6840=ORIENTED_EDGE('',*,*,#9213,.F.);
#6841=ORIENTED_EDGE('',*,*,#9617,.F.);
#6842=ORIENTED_EDGE('',*,*,#8756,.T.);
#6843=CARTESIAN_POINT('',(0.48022985308041,-2.36895814876739,0.0));
#6844=DIRECTION('',(-0.987827078189769,-0.155555982189895,0.0));
#6845=DIRECTION('',(-0.155555982189895,0.987827078189769,0.0));
#6846=ORIENTED_EDGE('',*,*,#9617,.T.);
#6847=ORIENTED_EDGE('',*,*,#9212,.F.);
#6848=ORIENTED_EDGE('',*,*,#9618,.F.);
#6849=ORIENTED_EDGE('',*,*,#8757,.T.);
#6850=CARTESIAN_POINT('',(0.51243020388659,-2.46281380428532,0.0));
#6851=DIRECTION('',(-0.945880165738858,-0.324516119879785,0.0));
#6852=DIRECTION('',(-0.324516119879785,0.945880165738858,0.0));
#6853=ORIENTED_EDGE('',*,*,#9618,.T.);
#6854=ORIENTED_EDGE('',*,*,#9211,.F.);
#6855=ORIENTED_EDGE('',*,*,#9619,.F.);
#6856=ORIENTED_EDGE('',*,*,#8758,.T.);
#6857=CARTESIAN_POINT('',(0.56115825589308,-2.55099907399876,0.0));
#6858=DIRECTION('',(-0.875266378857486,-0.483641154205992,0.0));
#6859=DIRECTION('',(-0.483641154205992,0.875266378857486,0.0));
#6860=ORIENTED_EDGE('',*,*,#9619,.T.);
#6861=ORIENTED_EDGE('',*,*,#9210,.F.);
#6862=ORIENTED_EDGE('',*,*,#9620,.F.);
#6863=ORIENTED_EDGE('',*,*,#8759,.T.);
#6864=CARTESIAN_POINT('',(0.617214678345924,-2.6066978343206,0.0));
#6865=DIRECTION('',(-0.704840141609393,-0.709366178201393,0.0));
#6866=DIRECTION('',(-0.709366178201393,0.704840141609393,0.0));
#6867=ORIENTED_EDGE('',*,*,#9620,.T.);
#6868=ORIENTED_EDGE('',*,*,#9209,.F.);
#6869=ORIENTED_EDGE('',*,*,#9621,.F.);
#6870=ORIENTED_EDGE('',*,*,#8760,.T.);
#6871=CARTESIAN_POINT('',(0.685198738996784,-2.64331822048786,0.0));
#6872=DIRECTION('',(-0.474236193543879,-0.880397656024261,0.0));
#6873=DIRECTION('',(-0.880397656024261,0.474236193543879,0.0));
#6874=ORIENTED_EDGE('',*,*,#9621,.T.);
#6875=ORIENTED_EDGE('',*,*,#9208,.F.);
#6876=ORIENTED_EDGE('',*,*,#9622,.F.);
#6877=ORIENTED_EDGE('',*,*,#8761,.T.);
#6878=CARTESIAN_POINT('',(0.781638908522714,-2.6551896246876,0.0));
#6879=DIRECTION('',(-0.122173904404501,-0.992508708819505,0.0));
#6880=DIRECTION('',(-0.992508708819504,0.122173904404501,0.0));
#6881=ORIENTED_EDGE('',*,*,#9622,.T.);
#6882=ORIENTED_EDGE('',*,*,#9207,.F.);
#6883=ORIENTED_EDGE('',*,*,#9623,.F.);
#6884=ORIENTED_EDGE('',*,*,#8762,.T.);
#6885=CARTESIAN_POINT('',(0.868878221228652,-2.64024538688246,0.0));
#6886=DIRECTION('',(0.168842281567097,-0.985643081422082,0.0));
#6887=DIRECTION('',(0.0,0.0,-1.0));
#6888=ORIENTED_EDGE('',*,*,#9623,.T.);
#6889=ORIENTED_EDGE('',*,*,#9206,.F.);
#6890=ORIENTED_EDGE('',*,*,#9624,.F.);
#6891=ORIENTED_EDGE('',*,*,#8763,.T.);
#6892=CARTESIAN_POINT('',(0.93499053920873,-2.61756332451744,0.0));
#6893=DIRECTION('',(0.324516119879816,-0.945880165738847,0.0));
#6894=DIRECTION('',(0.0,0.0,-1.0));
#6895=ORIENTED_EDGE('',*,*,#9624,.T.);
#6896=ORIENTED_EDGE('',*,*,#9205,.F.);
#6897=ORIENTED_EDGE('',*,*,#9625,.F.);
#6898=ORIENTED_EDGE('',*,*,#8764,.T.);
#6899=CARTESIAN_POINT('',(1.01302975168448,-2.5758031851372,0.0));
#6900=DIRECTION('',(0.47181243391299,-0.88169894363388,0.0));
#6901=DIRECTION('',(0.0,0.0,-1.0));
#6902=ORIENTED_EDGE('',*,*,#9625,.T.);
#6903=ORIENTED_EDGE('',*,*,#9204,.F.);
#6904=ORIENTED_EDGE('',*,*,#9626,.F.);
#6905=ORIENTED_EDGE('',*,*,#8765,.T.);
#6906=CARTESIAN_POINT('',(1.08186962051907,-2.50722688460529,0.0));
#6907=DIRECTION('',(0.705749231165724,-0.708461729883124,0.0));
#6908=DIRECTION('',(0.0,0.0,-1.0));
#6909=ORIENTED_EDGE('',*,*,#9626,.T.);
#6910=ORIENTED_EDGE('',*,*,#9203,.F.);
#6911=ORIENTED_EDGE('',*,*,#9627,.F.);
#6912=ORIENTED_EDGE('',*,*,#8766,.T.);
#6913=CARTESIAN_POINT('',(1.11305328024865,-2.43658366446656,0.0));
#6914=DIRECTION('',(0.914833930607236,-0.403830260641416,0.0));
#6915=DIRECTION('',(0.0,0.0,-1.0));
#6916=ORIENTED_EDGE('',*,*,#9627,.T.);
#6917=ORIENTED_EDGE('',*,*,#9202,.F.);
#6918=ORIENTED_EDGE('',*,*,#9628,.F.);
#6919=ORIENTED_EDGE('',*,*,#8767,.T.);
#6920=CARTESIAN_POINT('',(1.11578083110342,-2.39068942629789,0.0));
#6921=DIRECTION('',(0.998238629263467,-0.059326545881198,0.0));
#6922=DIRECTION('',(0.0,0.0,-1.0));
#6923=ORIENTED_EDGE('',*,*,#9628,.T.);
#6924=ORIENTED_EDGE('',*,*,#9201,.F.);
#6925=ORIENTED_EDGE('',*,*,#9629,.F.);
#6926=ORIENTED_EDGE('',*,*,#8768,.T.);
#6927=CARTESIAN_POINT('',(1.03314156851258,-2.41904161489109,0.0));
#6928=DIRECTION('',(-0.324516119879785,0.945880165738858,0.0));
#6929=DIRECTION('',(0.0,0.0,1.0));
#6930=ORIENTED_EDGE('',*,*,#9629,.T.);
#6931=ORIENTED_EDGE('',*,*,#9200,.F.);
#6932=ORIENTED_EDGE('',*,*,#9630,.F.);
#6933=ORIENTED_EDGE('',*,*,#8769,.T.);
#6934=CARTESIAN_POINT('',(1.01388555986821,-2.47060649843752,0.0));
#6935=DIRECTION('',(-0.936811039656014,0.349835784302605,0.0));
#6936=DIRECTION('',(0.0,0.0,1.0));
#6937=ORIENTED_EDGE('',*,*,#9630,.T.);
#6938=ORIENTED_EDGE('',*,*,#9199,.F.);
#6939=ORIENTED_EDGE('',*,*,#9631,.F.);
#6940=ORIENTED_EDGE('',*,*,#8770,.T.);
#6941=CARTESIAN_POINT('',(0.973501799908178,-2.51443381699937,0.0));
#6942=DIRECTION('',(-0.735407184258725,0.677625466862524,0.0));
#6943=DIRECTION('',(0.0,0.0,1.0));
#6944=ORIENTED_EDGE('',*,*,#9631,.T.);
#6945=ORIENTED_EDGE('',*,*,#9198,.F.);
#6946=ORIENTED_EDGE('',*,*,#9632,.F.);
#6947=ORIENTED_EDGE('',*,*,#8771,.T.);
#6948=CARTESIAN_POINT('',(0.928517989833052,-2.54485318477418,0.0));
#6949=DIRECTION('',(-0.560172200270413,0.828376186309218,0.0));
#6950=DIRECTION('',(0.0,0.0,1.0));
#6951=ORIENTED_EDGE('',*,*,#9632,.T.);
#6952=ORIENTED_EDGE('',*,*,#9197,.F.);
#6953=ORIENTED_EDGE('',*,*,#9633,.F.);
#6954=ORIENTED_EDGE('',*,*,#8772,.T.);
#6955=CARTESIAN_POINT('',(0.829350269452608,-2.57887601874514,0.0));
#6956=DIRECTION('',(-0.324516119879785,0.945880165738858,0.0));
#6957=DIRECTION('',(0.0,0.0,1.0));
#6958=ORIENTED_EDGE('',*,*,#9633,.T.);
#6959=ORIENTED_EDGE('',*,*,#9196,.F.);
#6960=ORIENTED_EDGE('',*,*,#9634,.F.);
#6961=ORIENTED_EDGE('',*,*,#8773,.T.);
#6962=CARTESIAN_POINT('',(0.775166359147036,-2.5824794849418,0.0));
#6963=DIRECTION('',(-0.0663577758505004,0.997795893749907,0.0));
#6964=DIRECTION('',(0.0,0.0,1.0));
#6965=ORIENTED_EDGE('',*,*,#9634,.T.);
#6966=ORIENTED_EDGE('',*,*,#9195,.F.);
#6967=ORIENTED_EDGE('',*,*,#9635,.F.);
#6968=ORIENTED_EDGE('',*,*,#8774,.T.);
#6969=CARTESIAN_POINT('',(0.716382398726368,-2.57267500034964,0.0));
#6970=DIRECTION('',(0.164515846345894,0.986374440210762,0.0));
#6971=DIRECTION('',(0.0,0.0,-1.0));
#6972=ORIENTED_EDGE('',*,*,#9635,.T.);
#6973=ORIENTED_EDGE('',*,*,#9194,.F.);
#6974=ORIENTED_EDGE('',*,*,#9636,.F.);
#6975=ORIENTED_EDGE('',*,*,#8775,.T.);
#6976=CARTESIAN_POINT('',(0.669526089390914,-2.54379217916696,0.0));
#6977=DIRECTION('',(0.524732024589696,0.851267468173193,0.0));
#6978=DIRECTION('',(0.0,0.0,-1.0));
#6979=ORIENTED_EDGE('',*,*,#9636,.T.);
#6980=ORIENTED_EDGE('',*,*,#9193,.F.);
#6981=ORIENTED_EDGE('',*,*,#9637,.F.);
#6982=ORIENTED_EDGE('',*,*,#8776,.T.);
#6983=CARTESIAN_POINT('',(0.639198224958372,-2.50923867504424,0.0));
#6984=DIRECTION('',(0.751567438758882,0.659656262759184,0.0));
#6985=DIRECTION('',(0.0,0.0,-1.0));
#6986=ORIENTED_EDGE('',*,*,#9637,.T.);
#6987=ORIENTED_EDGE('',*,*,#9192,.F.);
#6988=ORIENTED_EDGE('',*,*,#9638,.F.);
#6989=ORIENTED_EDGE('',*,*,#8777,.T.);
#6990=CARTESIAN_POINT('',(0.595070223066978,-2.4344613561186,0.0));
#6991=DIRECTION('',(0.861221955031168,0.508229027282281,0.0));
#6992=DIRECTION('',(0.0,0.0,-1.0));
#6993=ORIENTED_EDGE('',*,*,#9638,.T.);
#6994=ORIENTED_EDGE('',*,*,#9191,.F.);
#6995=ORIENTED_EDGE('',*,*,#9639,.F.);
#6996=ORIENTED_EDGE('',*,*,#8778,.T.);
#6997=CARTESIAN_POINT('',(0.585870122836786,-2.40764545454198,0.0));
#6998=DIRECTION('',(0.945880165738858,0.324516119879785,0.0));
#6999=DIRECTION('',(0.0,0.0,-1.0));
#7000=ORIENTED_EDGE('',*,*,#9639,.T.);
#7001=ORIENTED_EDGE('',*,*,#9190,.F.);
#7002=ORIENTED_EDGE('',*,*,#9640,.F.);
#7003=ORIENTED_EDGE('',*,*,#8779,.T.);
#7004=CARTESIAN_POINT('',(0.703438043678122,-2.42725442372427,0.0));
#7005=DIRECTION('',(-0.164515846345991,-0.986374440210746,0.0));
#7006=DIRECTION('',(-0.986374440210746,0.164515846345991,0.0));
#7007=ORIENTED_EDGE('',*,*,#9640,.T.);
#7008=ORIENTED_EDGE('',*,*,#9189,.F.);
#7009=ORIENTED_EDGE('',*,*,#9641,.F.);
#7010=ORIENTED_EDGE('',*,*,#8780,.T.);
#7011=CARTESIAN_POINT('',(0.790677356383806,-2.41231018591938,0.0));
#7012=DIRECTION('',(0.168842281567097,-0.985643081422082,0.0));
#7013=DIRECTION('',(0.0,0.0,-1.0));
#7014=ORIENTED_EDGE('',*,*,#9641,.T.);
#7015=ORIENTED_EDGE('',*,*,#9188,.F.);
#7016=ORIENTED_EDGE('',*,*,#9642,.F.);
#7017=ORIENTED_EDGE('',*,*,#8781,.T.);
#7018=CARTESIAN_POINT('',(0.873317375564194,-2.38395773775241,0.0));
#7019=DIRECTION('',(0.324516119879785,-0.945880165738858,0.0));
#7020=DIRECTION('',(0.0,0.0,-1.0));
#7021=ORIENTED_EDGE('',*,*,#9642,.T.);
#7022=ORIENTED_EDGE('',*,*,#9187,.F.);
#7023=ORIENTED_EDGE('',*,*,#9643,.F.);
#7024=ORIENTED_EDGE('',*,*,#8782,.T.);
#7025=CARTESIAN_POINT('',(0.951357344629486,-2.34219733879712,0.0));
#7026=DIRECTION('',(0.471811157820726,-0.881699626491849,0.0));
#7027=DIRECTION('',(0.0,0.0,-1.0));
#7028=ORIENTED_EDGE('',*,*,#9643,.T.);
#7029=ORIENTED_EDGE('',*,*,#9186,.F.);
#7030=ORIENTED_EDGE('',*,*,#9604,.F.);
#7031=ORIENTED_EDGE('',*,*,#8783,.T.);
#7032=CARTESIAN_POINT('',(1.02019645687453,-2.27362129783899,0.0));
#7033=DIRECTION('',(0.705751783534241,-0.708459187277741,0.0));
#7034=DIRECTION('',(0.0,0.0,-1.0));
#7035=ORIENTED_EDGE('',*,*,#9644,.T.);
#7036=ORIENTED_EDGE('',*,*,#9245,.F.);
#7037=ORIENTED_EDGE('',*,*,#9645,.F.);
#7038=ORIENTED_EDGE('',*,*,#8388,.T.);
#7039=CARTESIAN_POINT('',(0.976068454983392,-2.1988439789131,0.0));
#7040=DIRECTION('',(-0.998238639001056,0.0593263820346374,0.0));
#7041=DIRECTION('',(0.0,0.0,1.0));
#7042=ORIENTED_EDGE('',*,*,#9645,.T.);
#7043=ORIENTED_EDGE('',*,*,#9244,.F.);
#7044=ORIENTED_EDGE('',*,*,#9646,.F.);
#7045=ORIENTED_EDGE('',*,*,#8369,.T.);
#7046=CARTESIAN_POINT('',(0.952212396223672,-2.23700091167122,0.0));
#7047=DIRECTION('',(-0.847918637381206,0.530126385290904,0.0));
#7048=DIRECTION('',(0.0,0.0,1.0));
#7049=ORIENTED_EDGE('',*,*,#9646,.T.);
#7050=ORIENTED_EDGE('',*,*,#9243,.F.);
#7051=ORIENTED_EDGE('',*,*,#9647,.F.);
#7052=ORIENTED_EDGE('',*,*,#8370,.T.);
#7053=CARTESIAN_POINT('',(0.911828636263642,-2.28082823023332,0.0));
#7054=DIRECTION('',(-0.735407184258725,0.677625466862524,0.0));
#7055=DIRECTION('',(0.0,0.0,1.0));
#7056=ORIENTED_EDGE('',*,*,#9647,.T.);
#7057=ORIENTED_EDGE('',*,*,#9242,.F.);
#7058=ORIENTED_EDGE('',*,*,#9648,.F.);
#7059=ORIENTED_EDGE('',*,*,#8371,.T.);
#7060=CARTESIAN_POINT('',(0.866844826188516,-2.31124759800686,0.0));
#7061=DIRECTION('',(-0.560172200270413,0.828376186309218,0.0));
#7062=DIRECTION('',(0.0,0.0,1.0));
#7063=ORIENTED_EDGE('',*,*,#9648,.T.);
#7064=ORIENTED_EDGE('',*,*,#9241,.F.);
#7065=ORIENTED_EDGE('',*,*,#9649,.F.);
#7066=ORIENTED_EDGE('',*,*,#8372,.T.);
#7067=CARTESIAN_POINT('',(0.751149404607762,-2.35094081778181,0.0));
#7068=DIRECTION('',(-0.324516119879785,0.945880165738858,0.0));
#7069=DIRECTION('',(0.0,0.0,1.0));
#7070=ORIENTED_EDGE('',*,*,#9649,.T.);
#7071=ORIENTED_EDGE('',*,*,#9240,.F.);
#7072=ORIENTED_EDGE('',*,*,#9650,.F.);
#7073=ORIENTED_EDGE('',*,*,#8373,.T.);
#7074=CARTESIAN_POINT('',(0.69696549430219,-2.35454428397898,0.0));
#7075=DIRECTION('',(-0.0663577758505004,0.997795893749907,0.0));
#7076=DIRECTION('',(0.0,0.0,1.0));
#7077=ORIENTED_EDGE('',*,*,#9650,.T.);
#7078=ORIENTED_EDGE('',*,*,#9239,.F.);
#7079=ORIENTED_EDGE('',*,*,#9651,.F.);
#7080=ORIENTED_EDGE('',*,*,#8374,.T.);
#7081=CARTESIAN_POINT('',(0.638181533881776,-2.34473979938758,0.0));
#7082=DIRECTION('',(0.164515846345894,0.986374440210762,0.0));
#7083=DIRECTION('',(0.0,0.0,-1.0));
#7084=ORIENTED_EDGE('',*,*,#9651,.T.);
#7085=ORIENTED_EDGE('',*,*,#9238,.F.);
#7086=ORIENTED_EDGE('',*,*,#9652,.F.);
#7087=ORIENTED_EDGE('',*,*,#8375,.T.);
#7088=CARTESIAN_POINT('',(0.595925274661164,-2.3292649289927,0.0));
#7089=DIRECTION('',(0.343880654722983,0.939013362688355,0.0));
#7090=DIRECTION('',(0.0,0.0,-1.0));
#7091=ORIENTED_EDGE('',*,*,#9652,.T.);
#7092=ORIENTED_EDGE('',*,*,#9237,.F.);
#7093=ORIENTED_EDGE('',*,*,#9653,.F.);
#7094=ORIENTED_EDGE('',*,*,#8376,.T.);
#7095=CARTESIAN_POINT('',(0.565597416672094,-2.29471144365099,0.0));
#7096=DIRECTION('',(0.751567330485914,0.659656386118013,0.0));
#7097=DIRECTION('',(0.0,0.0,-1.0));
#7098=ORIENTED_EDGE('',*,*,#9653,.T.);
#7099=ORIENTED_EDGE('',*,*,#9236,.F.);
#7100=ORIENTED_EDGE('',*,*,#9654,.F.);
#7101=ORIENTED_EDGE('',*,*,#8377,.T.);
#7102=CARTESIAN_POINT('',(0.551797266326552,-2.25448759128606,0.0));
#7103=DIRECTION('',(0.945880165738847,0.324516119879816,0.0));
#7104=DIRECTION('',(0.0,0.0,-1.0));
#7105=ORIENTED_EDGE('',*,*,#9654,.T.);
#7106=ORIENTED_EDGE('',*,*,#9235,.F.);
#7107=ORIENTED_EDGE('',*,*,#9655,.F.);
#7108=ORIENTED_EDGE('',*,*,#8378,.T.);
#7109=CARTESIAN_POINT('',(0.55452481718132,-2.20859335311739,0.0));
#7110=DIRECTION('',(0.998238629263467,-0.059326545881198,0.0));
#7111=DIRECTION('',(0.0,0.0,-1.0));
#7112=ORIENTED_EDGE('',*,*,#9655,.T.);
#7113=ORIENTED_EDGE('',*,*,#9234,.F.);
#7114=ORIENTED_EDGE('',*,*,#9656,.F.);
#7115=ORIENTED_EDGE('',*,*,#8379,.T.);
#7116=CARTESIAN_POINT('',(0.573780822604208,-2.15702846018058,0.0));
#7117=DIRECTION('',(0.936811079716921,-0.349835677025108,0.0));
#7118=DIRECTION('',(0.0,0.0,-1.0));
#7119=ORIENTED_EDGE('',*,*,#9656,.T.);
#7120=ORIENTED_EDGE('',*,*,#9233,.F.);
#7121=ORIENTED_EDGE('',*,*,#9657,.F.);
#7122=ORIENTED_EDGE('',*,*,#8380,.T.);
#7123=CARTESIAN_POINT('',(0.614164582563984,-2.11320114161873,0.0));
#7124=DIRECTION('',(0.735407184258676,-0.677625466862577,0.0));
#7125=DIRECTION('',(0.0,0.0,-1.0));
#7126=ORIENTED_EDGE('',*,*,#9657,.T.);
#7127=ORIENTED_EDGE('',*,*,#9232,.F.);
#7128=ORIENTED_EDGE('',*,*,#9658,.F.);
#7129=ORIENTED_EDGE('',*,*,#8381,.T.);
#7130=CARTESIAN_POINT('',(0.65914839263911,-2.08278177384494,0.0));
#7131=DIRECTION('',(0.560172200270413,-0.828376186309218,0.0));
#7132=DIRECTION('',(0.0,0.0,-1.0));
#7133=ORIENTED_EDGE('',*,*,#9658,.T.);
#7134=ORIENTED_EDGE('',*,*,#9231,.F.);
#7135=ORIENTED_EDGE('',*,*,#9659,.F.);
#7136=ORIENTED_EDGE('',*,*,#8382,.T.);
#7137=CARTESIAN_POINT('',(0.774843814219864,-2.04308855407024,0.0));
#7138=DIRECTION('',(0.324516119879785,-0.945880165738858,0.0));
#7139=DIRECTION('',(0.0,0.0,-1.0));
#7140=ORIENTED_EDGE('',*,*,#9659,.T.);
#7141=ORIENTED_EDGE('',*,*,#9230,.F.);
#7142=ORIENTED_EDGE('',*,*,#9660,.F.);
#7143=ORIENTED_EDGE('',*,*,#8383,.T.);
#7144=CARTESIAN_POINT('',(0.829027724525436,-2.03948508787308,0.0));
#7145=DIRECTION('',(0.0663577758505004,-0.997795893749907,0.0));
#7146=DIRECTION('',(0.0,0.0,-1.0));
#7147=ORIENTED_EDGE('',*,*,#9660,.T.);
#7148=ORIENTED_EDGE('',*,*,#9229,.F.);
#7149=ORIENTED_EDGE('',*,*,#9661,.F.);
#7150=ORIENTED_EDGE('',*,*,#8384,.T.);
#7151=CARTESIAN_POINT('',(0.887811684946104,-2.04928957246422,0.0));
#7152=DIRECTION('',(-0.164515846345991,-0.986374440210746,0.0));
#7153=DIRECTION('',(-0.986374440210746,0.164515846345991,0.0));
#7154=ORIENTED_EDGE('',*,*,#9661,.T.);
#7155=ORIENTED_EDGE('',*,*,#9228,.F.);
#7156=ORIENTED_EDGE('',*,*,#9662,.F.);
#7157=ORIENTED_EDGE('',*,*,#8385,.T.);
#7158=CARTESIAN_POINT('',(0.934667997503294,-2.07817240303804,0.0));
#7159=DIRECTION('',(-0.524732122071297,-0.851267408084295,0.0));
#7160=DIRECTION('',(-0.851267408084295,0.524732122071297,0.0));
#7161=ORIENTED_EDGE('',*,*,#9662,.T.);
#7162=ORIENTED_EDGE('',*,*,#9227,.F.);
#7163=ORIENTED_EDGE('',*,*,#9663,.F.);
#7164=ORIENTED_EDGE('',*,*,#8386,.T.);
#7165=CARTESIAN_POINT('',(0.964995849049146,-2.11272586959899,0.0));
#7166=DIRECTION('',(-0.751567222212783,-0.659656509476986,0.0));
#7167=DIRECTION('',(-0.659656509476986,0.751567222212783,0.0));
#7168=ORIENTED_EDGE('',*,*,#9663,.T.);
#7169=ORIENTED_EDGE('',*,*,#9226,.F.);
#7170=ORIENTED_EDGE('',*,*,#9644,.F.);
#7171=ORIENTED_EDGE('',*,*,#8387,.T.);
#7172=CARTESIAN_POINT('',(0.978795999394688,-2.15294972196367,0.0));
#7173=DIRECTION('',(-0.945880165738847,-0.324516119879816,0.0));
#7174=DIRECTION('',(-0.324516119879816,0.945880165738847,0.0));
#7175=ORIENTED_EDGE('',*,*,#9664,.T.);
#7176=ORIENTED_EDGE('',*,*,#9665,.F.);
#7177=ORIENTED_EDGE('',*,*,#9666,.F.);
#7178=ORIENTED_EDGE('',*,*,#8416,.T.);
#7179=CARTESIAN_POINT('',(-2.67700418344854,-0.610994862082,0.0));
#7180=DIRECTION('',(1.0,0.0,0.0));
#7181=DIRECTION('',(0.0,1.0,0.0));
#7182=ORIENTED_EDGE('',*,*,#9666,.T.);
#7183=ORIENTED_EDGE('',*,*,#9667,.F.);
#7184=ORIENTED_EDGE('',*,*,#9668,.F.);
#7185=ORIENTED_EDGE('',*,*,#8401,.T.);
#7186=CARTESIAN_POINT('',(-2.59821967880298,-0.610994862082,0.0));
#7187=DIRECTION('',(0.0,-1.0,0.0));
#7188=DIRECTION('',(0.0,0.0,-1.0));
#7189=ORIENTED_EDGE('',*,*,#9668,.T.);
#7190=ORIENTED_EDGE('',*,*,#9669,.F.);
#7191=ORIENTED_EDGE('',*,*,#9670,.F.);
#7192=ORIENTED_EDGE('',*,*,#8402,.T.);
#7193=CARTESIAN_POINT('',(-2.59821967880298,-0.588953959309436,0.0));
#7194=DIRECTION('',(1.0,0.0,0.0));
#7195=DIRECTION('',(0.0,1.0,0.0));
#7196=ORIENTED_EDGE('',*,*,#9670,.T.);
#7197=ORIENTED_EDGE('',*,*,#9671,.F.);
#7198=ORIENTED_EDGE('',*,*,#9672,.F.);
#7199=ORIENTED_EDGE('',*,*,#8403,.T.);
#7200=CARTESIAN_POINT('',(-2.774546900984,-0.588953959309436,0.0));
#7201=DIRECTION('',(-0.0,1.0,0.0));
#7202=DIRECTION('',(1.0,0.0,0.0));
#7203=ORIENTED_EDGE('',*,*,#9672,.T.);
#7204=ORIENTED_EDGE('',*,*,#9673,.F.);
#7205=ORIENTED_EDGE('',*,*,#9674,.F.);
#7206=ORIENTED_EDGE('',*,*,#8404,.T.);
#7207=CARTESIAN_POINT('',(-2.774546900984,-0.677117570399946,0.0));
#7208=DIRECTION('',(-1.0,0.0,0.0));
#7209=DIRECTION('',(0.0,0.0,1.0));
#7210=ORIENTED_EDGE('',*,*,#9674,.T.);
#7211=ORIENTED_EDGE('',*,*,#9675,.F.);
#7212=ORIENTED_EDGE('',*,*,#9676,.F.);
#7213=ORIENTED_EDGE('',*,*,#8405,.T.);
#7214=CARTESIAN_POINT('',(-2.77079525840602,-0.69548499288042,0.0));
#7215=DIRECTION('',(-0.979770716762512,-0.200123318418102,0.0));
#7216=DIRECTION('',(-0.200123318418102,0.979770716762512,0.0));
#7217=ORIENTED_EDGE('',*,*,#9676,.T.);
#7218=ORIENTED_EDGE('',*,*,#9677,.F.);
#7219=ORIENTED_EDGE('',*,*,#9678,.F.);
#7220=ORIENTED_EDGE('',*,*,#8406,.T.);
#7221=CARTESIAN_POINT('',(-2.75954033067208,-0.710178924558792,0.0));
#7222=DIRECTION('',(-0.793878111008659,-0.608076923473769,0.0));
#7223=DIRECTION('',(-0.608076923473769,0.793878111008659,0.0));
#7224=ORIENTED_EDGE('',*,*,#9678,.T.);
#7225=ORIENTED_EDGE('',*,*,#9679,.F.);
#7226=ORIENTED_EDGE('',*,*,#9680,.F.);
#7227=ORIENTED_EDGE('',*,*,#8407,.T.);
#7228=CARTESIAN_POINT('',(-2.74453376036016,-0.721199375945074,0.0));
#7229=DIRECTION('',(-0.591909548749597,-0.806004395831095,0.0));
#7230=DIRECTION('',(-0.806004395831095,0.591909548749597,0.0));
#7231=ORIENTED_EDGE('',*,*,#9680,.T.);
#7232=ORIENTED_EDGE('',*,*,#9681,.F.);
#7233=ORIENTED_EDGE('',*,*,#9682,.F.);
#7234=ORIENTED_EDGE('',*,*,#8408,.T.);
#7235=CARTESIAN_POINT('',(-2.73327883262876,-0.724872856237164,0.0));
#7236=DIRECTION('',(-0.310279797550593,-0.950645279392878,0.0));
#7237=DIRECTION('',(-0.950645279392878,0.310279797550593,0.0));
#7238=ORIENTED_EDGE('',*,*,#9682,.T.);
#7239=ORIENTED_EDGE('',*,*,#9683,.F.);
#7240=ORIENTED_EDGE('',*,*,#9684,.F.);
#7241=ORIENTED_EDGE('',*,*,#8409,.T.);
#7242=CARTESIAN_POINT('',(-2.71827225180632,-0.724872856237164,0.0));
#7243=DIRECTION('',(0.0,-1.0,0.0));
#7244=DIRECTION('',(0.0,0.0,-1.0));
#7245=ORIENTED_EDGE('',*,*,#9684,.T.);
#7246=ORIENTED_EDGE('',*,*,#9685,.F.);
#7247=ORIENTED_EDGE('',*,*,#9686,.F.);
#7248=ORIENTED_EDGE('',*,*,#8410,.T.);
#7249=CARTESIAN_POINT('',(-2.70701732407238,-0.721199375945074,0.0));
#7250=DIRECTION('',(0.310279797550593,-0.950645279392878,0.0));
#7251=DIRECTION('',(0.0,0.0,-1.0));
#7252=ORIENTED_EDGE('',*,*,#9686,.T.);
#7253=ORIENTED_EDGE('',*,*,#9687,.F.);
#7254=ORIENTED_EDGE('',*,*,#9688,.F.);
#7255=ORIENTED_EDGE('',*,*,#8411,.T.);
#7256=CARTESIAN_POINT('',(-2.69201075376046,-0.710178924558792,0.0));
#7257=DIRECTION('',(0.591909548749597,-0.806004395831095,0.0));
#7258=DIRECTION('',(0.0,0.0,-1.0));
#7259=ORIENTED_EDGE('',*,*,#9688,.T.);
#7260=ORIENTED_EDGE('',*,*,#9689,.F.);
#7261=ORIENTED_EDGE('',*,*,#9690,.F.);
#7262=ORIENTED_EDGE('',*,*,#8412,.T.);
#7263=CARTESIAN_POINT('',(-2.6845074686045,-0.69548499288042,0.0));
#7264=DIRECTION('',(0.890605242949827,-0.454777199549714,0.0));
#7265=DIRECTION('',(0.0,0.0,-1.0));
#7266=ORIENTED_EDGE('',*,*,#9690,.T.);
#7267=ORIENTED_EDGE('',*,*,#9691,.F.);
#7268=ORIENTED_EDGE('',*,*,#9692,.F.);
#7269=ORIENTED_EDGE('',*,*,#8413,.T.);
#7270=CARTESIAN_POINT('',(-2.59821967880298,-0.728546347039266,0.0));
#7271=DIRECTION('',(-0.357788512600894,-0.933802645236583,0.0));
#7272=DIRECTION('',(-0.933802645236583,0.357788512600894,0.0));
#7273=ORIENTED_EDGE('',*,*,#9692,.T.);
#7274=ORIENTED_EDGE('',*,*,#9693,.F.);
#7275=ORIENTED_EDGE('',*,*,#9694,.F.);
#7276=ORIENTED_EDGE('',*,*,#8414,.T.);
#7277=CARTESIAN_POINT('',(-2.59821967880298,-0.7028319534646,0.0));
#7278=DIRECTION('',(1.0,0.0,0.0));
#7279=DIRECTION('',(0.0,1.0,0.0));
#7280=ORIENTED_EDGE('',*,*,#9694,.T.);
#7281=ORIENTED_EDGE('',*,*,#9695,.F.);
#7282=ORIENTED_EDGE('',*,*,#9664,.F.);
#7283=ORIENTED_EDGE('',*,*,#8415,.T.);
#7284=CARTESIAN_POINT('',(-2.67700418344854,-0.67344408485285,0.0));
#7285=DIRECTION('',(0.349493073692587,0.936938947552565,0.0));
#7286=DIRECTION('',(0.0,0.0,-1.0));
#7287=ORIENTED_EDGE('',*,*,#9695,.T.);
#7288=ORIENTED_EDGE('',*,*,#9693,.T.);
#7289=ORIENTED_EDGE('',*,*,#9691,.T.);
#7290=ORIENTED_EDGE('',*,*,#9689,.T.);
#7291=ORIENTED_EDGE('',*,*,#9687,.T.);
#7292=ORIENTED_EDGE('',*,*,#9685,.T.);
#7293=ORIENTED_EDGE('',*,*,#9683,.T.);
#7294=ORIENTED_EDGE('',*,*,#9681,.T.);
#7295=ORIENTED_EDGE('',*,*,#9679,.T.);
#7296=ORIENTED_EDGE('',*,*,#9677,.T.);
#7297=ORIENTED_EDGE('',*,*,#9675,.T.);
#7298=ORIENTED_EDGE('',*,*,#9673,.T.);
#7299=ORIENTED_EDGE('',*,*,#9671,.T.);
#7300=ORIENTED_EDGE('',*,*,#9669,.T.);
#7301=ORIENTED_EDGE('',*,*,#9667,.T.);
#7302=ORIENTED_EDGE('',*,*,#9665,.T.);
#7303=ORIENTED_EDGE('',*,*,#9696,.T.);
#7304=ORIENTED_EDGE('',*,*,#9697,.T.);
#7305=ORIENTED_EDGE('',*,*,#9698,.T.);
#7306=ORIENTED_EDGE('',*,*,#9699,.T.);
#7307=ORIENTED_EDGE('',*,*,#9700,.T.);
#7308=ORIENTED_EDGE('',*,*,#9701,.T.);
#7309=ORIENTED_EDGE('',*,*,#9702,.T.);
#7310=ORIENTED_EDGE('',*,*,#9703,.T.);
#7311=ORIENTED_EDGE('',*,*,#9704,.T.);
#7312=ORIENTED_EDGE('',*,*,#9705,.T.);
#7313=CARTESIAN_POINT('',(-3.937,4.7879,0.00508));
#7314=DIRECTION('',(0.0,0.0,-1.0));
#7315=DIRECTION('',(0.0,-1.0,0.0));
#7316=ORIENTED_EDGE('',*,*,#9706,.T.);
#7317=ORIENTED_EDGE('',*,*,#9705,.F.);
#7318=ORIENTED_EDGE('',*,*,#9707,.F.);
#7319=ORIENTED_EDGE('',*,*,#8398,.T.);
#7320=CARTESIAN_POINT('',(-2.69951403891642,-0.680791050692036,0.0));
#7321=DIRECTION('',(-1.0,0.0,0.0));
#7322=DIRECTION('',(0.0,0.0,1.0));
#7323=ORIENTED_EDGE('',*,*,#9707,.T.);
#7324=ORIENTED_EDGE('',*,*,#9704,.F.);
#7325=ORIENTED_EDGE('',*,*,#9708,.F.);
#7326=ORIENTED_EDGE('',*,*,#8389,.T.);
#7327=CARTESIAN_POINT('',(-2.7032656814944,-0.691811502078318,0.0));
#7328=DIRECTION('',(-0.946649917770008,0.322263763377203,0.0));
#7329=DIRECTION('',(0.0,0.0,1.0));
#7330=ORIENTED_EDGE('',*,*,#9708,.T.);
#7331=ORIENTED_EDGE('',*,*,#9703,.F.);
#7332=ORIENTED_EDGE('',*,*,#9709,.F.);
#7333=ORIENTED_EDGE('',*,*,#8390,.T.);
#7334=CARTESIAN_POINT('',(-2.71076896665036,-0.69915847317251,0.0));
#7335=DIRECTION('',(-0.699625005501663,0.714510218035262,0.0));
#7336=DIRECTION('',(0.0,0.0,1.0));
#7337=ORIENTED_EDGE('',*,*,#9709,.T.);
#7338=ORIENTED_EDGE('',*,*,#9702,.F.);
#7339=ORIENTED_EDGE('',*,*,#9710,.F.);
#7340=ORIENTED_EDGE('',*,*,#8391,.T.);
#7341=CARTESIAN_POINT('',(-2.7220238943843,-0.7028319534646,0.0));
#7342=DIRECTION('',(-0.310279797550593,0.950645279392878,0.0));
#7343=DIRECTION('',(0.0,0.0,1.0));
#7344=ORIENTED_EDGE('',*,*,#9710,.T.);
#7345=ORIENTED_EDGE('',*,*,#9701,.F.);
#7346=ORIENTED_EDGE('',*,*,#9711,.F.);
#7347=ORIENTED_EDGE('',*,*,#8392,.T.);
#7348=CARTESIAN_POINT('',(-2.73327883262876,-0.7028319534646,0.0));
#7349=DIRECTION('',(-0.0,1.0,0.0));
#7350=DIRECTION('',(1.0,0.0,0.0));
#7351=ORIENTED_EDGE('',*,*,#9711,.T.);
#7352=ORIENTED_EDGE('',*,*,#9700,.F.);
#7353=ORIENTED_EDGE('',*,*,#9712,.F.);
#7354=ORIENTED_EDGE('',*,*,#8393,.T.);
#7355=CARTESIAN_POINT('',(-2.74453376036016,-0.69915847317251,0.0));
#7356=DIRECTION('',(0.310279797550593,0.950645279392878,0.0));
#7357=DIRECTION('',(0.0,0.0,-1.0));
#7358=ORIENTED_EDGE('',*,*,#9712,.T.);
#7359=ORIENTED_EDGE('',*,*,#9699,.F.);
#7360=ORIENTED_EDGE('',*,*,#9713,.F.);
#7361=ORIENTED_EDGE('',*,*,#8394,.T.);
#7362=CARTESIAN_POINT('',(-2.75203704551612,-0.691811502078318,0.0));
#7363=DIRECTION('',(0.699625005501663,0.714510218035262,0.0));
#7364=DIRECTION('',(0.0,0.0,-1.0));
#7365=ORIENTED_EDGE('',*,*,#9713,.T.);
#7366=ORIENTED_EDGE('',*,*,#9698,.F.);
#7367=ORIENTED_EDGE('',*,*,#9714,.F.);
#7368=ORIENTED_EDGE('',*,*,#8395,.T.);
#7369=CARTESIAN_POINT('',(-2.7557886880941,-0.680791050692036,0.0));
#7370=DIRECTION('',(0.946649917770008,0.322263763377203,0.0));
#7371=DIRECTION('',(0.0,0.0,-1.0));
#7372=ORIENTED_EDGE('',*,*,#9714,.T.);
#7373=ORIENTED_EDGE('',*,*,#9697,.F.);
#7374=ORIENTED_EDGE('',*,*,#9715,.F.);
#7375=ORIENTED_EDGE('',*,*,#8396,.T.);
#7376=CARTESIAN_POINT('',(-2.7557886880941,-0.610994862082,0.0));
#7377=DIRECTION('',(1.0,0.0,0.0));
#7378=DIRECTION('',(0.0,1.0,0.0));
#7379=ORIENTED_EDGE('',*,*,#9715,.T.);
#7380=ORIENTED_EDGE('',*,*,#9696,.F.);
#7381=ORIENTED_EDGE('',*,*,#9706,.F.);
#7382=ORIENTED_EDGE('',*,*,#8397,.T.);
#7383=CARTESIAN_POINT('',(-2.69951403891642,-0.610994862082,0.0));
#7384=DIRECTION('',(0.0,-1.0,0.0));
#7385=DIRECTION('',(0.0,0.0,-1.0));
#7386=ORIENTED_EDGE('',*,*,#9716,.T.);
#7387=ORIENTED_EDGE('',*,*,#9717,.F.);
#7388=ORIENTED_EDGE('',*,*,#9718,.F.);
#7389=ORIENTED_EDGE('',*,*,#8400,.F.);
#7390=CARTESIAN_POINT('',(-2.68197918474312,-0.648875649748772,0.0));
#7391=DIRECTION('',(-0.0,0.0,1.0));
#7392=DIRECTION('',(0.0,-1.0,0.0));
#7393=ORIENTED_EDGE('',*,*,#9718,.T.);
#7394=ORIENTED_EDGE('',*,*,#9719,.F.);
#7395=ORIENTED_EDGE('',*,*,#9716,.F.);
#7396=ORIENTED_EDGE('',*,*,#8399,.F.);
#7397=CARTESIAN_POINT('',(-2.68197918474312,-0.648875649748772,0.0));
#7398=DIRECTION('',(-0.0,0.0,1.0));
#7399=DIRECTION('',(0.0,-1.0,0.0));
#7400=ORIENTED_EDGE('',*,*,#9720,.T.);
#7401=ORIENTED_EDGE('',*,*,#9721,.T.);
#7402=ORIENTED_EDGE('',*,*,#9719,.T.);
#7403=ORIENTED_EDGE('',*,*,#9717,.T.);
#7404=CARTESIAN_POINT('',(-3.937,4.7879,0.00508));
#7405=DIRECTION('',(0.0,0.0,-1.0));
#7406=DIRECTION('',(0.0,-1.0,0.0));
#7407=ORIENTED_EDGE('',*,*,#9722,.T.);
#7408=ORIENTED_EDGE('',*,*,#9721,.F.);
#7409=ORIENTED_EDGE('',*,*,#9723,.F.);
#7410=ORIENTED_EDGE('',*,*,#8786,.T.);
#7411=CARTESIAN_POINT('',(-2.68197918474312,-0.648875649748772,0.0));
#7412=DIRECTION('',(-0.0,0.0,1.0));
#7413=DIRECTION('',(0.0,-1.0,0.0));
#7414=ORIENTED_EDGE('',*,*,#9723,.T.);
#7415=ORIENTED_EDGE('',*,*,#9720,.F.);
#7416=ORIENTED_EDGE('',*,*,#9722,.F.);
#7417=ORIENTED_EDGE('',*,*,#8785,.T.);
#7418=CARTESIAN_POINT('',(-2.68197918474312,-0.648875649748772,0.0));
#7419=DIRECTION('',(-0.0,0.0,1.0));
#7420=DIRECTION('',(0.0,-1.0,0.0));
#7421=ORIENTED_EDGE('',*,*,#9724,.F.);
#7422=ORIENTED_EDGE('',*,*,#9725,.F.);
#7423=ORIENTED_EDGE('',*,*,#9726,.F.);
#7424=ORIENTED_EDGE('',*,*,#9727,.F.);
#7425=ORIENTED_EDGE('',*,*,#8788,.T.);
#7426=ORIENTED_EDGE('',*,*,#9728,.T.);
#7427=ORIENTED_EDGE('',*,*,#9729,.F.);
#7428=ORIENTED_EDGE('',*,*,#9730,.T.);
#7429=ORIENTED_EDGE('',*,*,#9731,.F.);
#7430=CARTESIAN_POINT('',(0.0,0.0,0.0));
#7431=DIRECTION('',(-0.0,0.0,1.0));
#7432=DIRECTION('',(0.0,-1.0,0.0));
#7433=ORIENTED_EDGE('',*,*,#9732,.T.);
#7434=ORIENTED_EDGE('',*,*,#9733,.T.);
#7435=ORIENTED_EDGE('',*,*,#9734,.T.);
#7436=ORIENTED_EDGE('',*,*,#9735,.T.);
#7437=ORIENTED_EDGE('',*,*,#9731,.T.);
#7438=CARTESIAN_POINT('',(0.0,0.0,0.0762));
#7439=DIRECTION('',(0.0,0.0,-1.0));
#7440=DIRECTION('',(0.0,-1.0,0.0));
#7441=ORIENTED_EDGE('',*,*,#9736,.T.);
#7442=ORIENTED_EDGE('',*,*,#9737,.T.);
#7443=ORIENTED_EDGE('',*,*,#9738,.T.);
#7444=ORIENTED_EDGE('',*,*,#9739,.T.);
#7445=ORIENTED_EDGE('',*,*,#9740,.T.);
#7446=CARTESIAN_POINT('',(0.0,0.0,0.0762));
#7447=DIRECTION('',(0.0,0.0,-1.0));
#7448=DIRECTION('',(0.0,-1.0,0.0));
#7449=ORIENTED_EDGE('',*,*,#9735,.F.);
#7450=ORIENTED_EDGE('',*,*,#9741,.F.);
#7451=ORIENTED_EDGE('',*,*,#9742,.T.);
#7452=ORIENTED_EDGE('',*,*,#9724,.T.);
#7453=CARTESIAN_POINT('',(-1.12161707636334,-0.705526825963338,0.2794));
#7454=DIRECTION('',(0.831630522545215,0.55532933829501,0.0));
#7455=DIRECTION('',(0.0,0.0,-1.0));
#7456=ORIENTED_EDGE('',*,*,#9743,.T.);
#7457=ORIENTED_EDGE('',*,*,#9744,.F.);
#7458=ORIENTED_EDGE('',*,*,#9745,.T.);
#7459=ORIENTED_EDGE('',*,*,#9746,.F.);
#7460=CARTESIAN_POINT('',(0.0,0.0,0.2794));
#7461=DIRECTION('',(0.0,0.0,-1.0));
#7462=DIRECTION('',(0.0,-1.0,0.0));
#7463=ORIENTED_EDGE('',*,*,#9747,.T.);
#7464=ORIENTED_EDGE('',*,*,#9742,.F.);
#7465=ORIENTED_EDGE('',*,*,#9748,.T.);
#7466=ORIENTED_EDGE('',*,*,#9749,.F.);
#7467=CARTESIAN_POINT('',(0.0,0.0,0.2794));
#7468=DIRECTION('',(0.0,0.0,-1.0));
#7469=DIRECTION('',(0.0,-1.0,0.0));
#7470=ORIENTED_EDGE('',*,*,#9746,.T.);
#7471=ORIENTED_EDGE('',*,*,#9750,.T.);
#7472=ORIENTED_EDGE('',*,*,#9736,.F.);
#7473=ORIENTED_EDGE('',*,*,#9751,.F.);
#7474=CARTESIAN_POINT('',(0.381,-1.81463402370844,0.2794));
#7475=DIRECTION('',(-0.831630522545215,0.55532933829501,0.0));
#7476=DIRECTION('',(0.0,0.0,1.0));
#7477=ORIENTED_EDGE('',*,*,#9752,.T.);
#7478=ORIENTED_EDGE('',*,*,#9753,.F.);
#7479=ORIENTED_EDGE('',*,*,#9728,.F.);
#7480=ORIENTED_EDGE('',*,*,#8787,.T.);
#7481=ORIENTED_EDGE('',*,*,#9727,.T.);
#7482=ORIENTED_EDGE('',*,*,#9754,.F.);
#7483=ORIENTED_EDGE('',*,*,#9755,.T.);
#7484=ORIENTED_EDGE('',*,*,#9751,.T.);
#7485=ORIENTED_EDGE('',*,*,#9740,.F.);
#7486=CARTESIAN_POINT('',(0.0,0.0,0.0));
#7487=DIRECTION('',(-0.0,0.0,1.0));
#7488=DIRECTION('',(0.0,-1.0,0.0));
#7489=ORIENTED_EDGE('',*,*,#9755,.F.);
#7490=ORIENTED_EDGE('',*,*,#9756,.T.);
#7491=ORIENTED_EDGE('',*,*,#9757,.F.);
#7492=ORIENTED_EDGE('',*,*,#9758,.T.);
#7493=ORIENTED_EDGE('',*,*,#9759,.T.);
#7494=ORIENTED_EDGE('',*,*,#9760,.T.);
#7495=ORIENTED_EDGE('',*,*,#9752,.F.);
#7496=ORIENTED_EDGE('',*,*,#9739,.F.);
#7497=ORIENTED_EDGE('',*,*,#9761,.F.);
#7498=ORIENTED_EDGE('',*,*,#9743,.F.);
#7499=CARTESIAN_POINT('',(0.381,-1.5748,0.9144));
#7500=DIRECTION('',(-1.0,0.0,0.0));
#7501=DIRECTION('',(0.0,0.0,1.0));
#7502=ORIENTED_EDGE('',*,*,#9761,.T.);
#7503=ORIENTED_EDGE('',*,*,#9738,.F.);
#7504=ORIENTED_EDGE('',*,*,#9762,.F.);
#7505=ORIENTED_EDGE('',*,*,#9744,.T.);
#7506=CARTESIAN_POINT('',(1.016,-0.508,0.2794));
#7507=DIRECTION('',(0.0,-1.0,0.0));
#7508=DIRECTION('',(0.0,0.0,-1.0));
#7509=ORIENTED_EDGE('',*,*,#9762,.T.);
#7510=ORIENTED_EDGE('',*,*,#9737,.F.);
#7511=ORIENTED_EDGE('',*,*,#9750,.F.);
#7512=ORIENTED_EDGE('',*,*,#9745,.F.);
#7513=CARTESIAN_POINT('',(1.016,-0.635,0.2794));
#7514=DIRECTION('',(-0.0,0.0,1.0));
#7515=DIRECTION('',(0.0,1.0,0.0));
#7516=ORIENTED_EDGE('',*,*,#9729,.T.);
#7517=ORIENTED_EDGE('',*,*,#9753,.T.);
#7518=ORIENTED_EDGE('',*,*,#9760,.F.);
#7519=ORIENTED_EDGE('',*,*,#9763,.T.);
#7520=ORIENTED_EDGE('',*,*,#9764,.F.);
#7521=CARTESIAN_POINT('',(0.0,0.0,0.5842));
#7522=DIRECTION('',(0.0,0.0,-1.0));
#7523=DIRECTION('',(0.0,-1.0,0.0));
#7524=ORIENTED_EDGE('',*,*,#9765,.T.);
#7525=ORIENTED_EDGE('',*,*,#9756,.F.);
#7526=ORIENTED_EDGE('',*,*,#9754,.T.);
#7527=ORIENTED_EDGE('',*,*,#9726,.T.);
#7528=ORIENTED_EDGE('',*,*,#9766,.F.);
#7529=CARTESIAN_POINT('',(0.0,0.0,0.5842));
#7530=DIRECTION('',(0.0,0.0,-1.0));
#7531=DIRECTION('',(0.0,-1.0,0.0));
#7532=ORIENTED_EDGE('',*,*,#9764,.T.);
#7533=ORIENTED_EDGE('',*,*,#9767,.F.);
#7534=ORIENTED_EDGE('',*,*,#9768,.T.);
#7535=ORIENTED_EDGE('',*,*,#9769,.T.);
#7536=ORIENTED_EDGE('',*,*,#9766,.T.);
#7537=ORIENTED_EDGE('',*,*,#9725,.T.);
#7538=ORIENTED_EDGE('',*,*,#9747,.F.);
#7539=ORIENTED_EDGE('',*,*,#9770,.T.);
#7540=ORIENTED_EDGE('',*,*,#9732,.F.);
#7541=ORIENTED_EDGE('',*,*,#9730,.F.);
#7542=CARTESIAN_POINT('',(-0.381,1.5748,0.9144));
#7543=DIRECTION('',(1.0,0.0,0.0));
#7544=DIRECTION('',(0.0,1.0,0.0));
#7545=ORIENTED_EDGE('',*,*,#9771,.T.);
#7546=ORIENTED_EDGE('',*,*,#9733,.F.);
#7547=ORIENTED_EDGE('',*,*,#9770,.F.);
#7548=ORIENTED_EDGE('',*,*,#9749,.T.);
#7549=CARTESIAN_POINT('',(-0.381,-0.508,0.2794));
#7550=DIRECTION('',(0.0,-1.0,0.0));
#7551=DIRECTION('',(0.0,0.0,-1.0));
#7552=ORIENTED_EDGE('',*,*,#9741,.T.);
#7553=ORIENTED_EDGE('',*,*,#9734,.F.);
#7554=ORIENTED_EDGE('',*,*,#9771,.F.);
#7555=ORIENTED_EDGE('',*,*,#9748,.F.);
#7556=CARTESIAN_POINT('',(-1.016,-0.635,0.2794));
#7557=DIRECTION('',(-0.0,0.0,1.0));
#7558=DIRECTION('',(0.0,1.0,0.0));
#7559=ORIENTED_EDGE('',*,*,#9769,.F.);
#7560=ORIENTED_EDGE('',*,*,#9772,.T.);
#7561=ORIENTED_EDGE('',*,*,#9757,.T.);
#7562=ORIENTED_EDGE('',*,*,#9765,.F.);
#7563=CARTESIAN_POINT('',(-0.381,-1.5748,0.9144));
#7564=DIRECTION('',(-0.0,1.0,0.0));
#7565=DIRECTION('',(1.0,0.0,0.0));
#7566=ORIENTED_EDGE('',*,*,#9768,.F.);
#7567=ORIENTED_EDGE('',*,*,#9773,.F.);
#7568=ORIENTED_EDGE('',*,*,#9758,.F.);
#7569=ORIENTED_EDGE('',*,*,#9772,.F.);
#7570=CARTESIAN_POINT('',(0.0,0.0,0.9144));
#7571=DIRECTION('',(0.0,0.0,-1.0));
#7572=DIRECTION('',(0.0,-1.0,0.0));
#7573=ORIENTED_EDGE('',*,*,#9759,.F.);
#7574=ORIENTED_EDGE('',*,*,#9773,.T.);
#7575=ORIENTED_EDGE('',*,*,#9767,.T.);
#7576=ORIENTED_EDGE('',*,*,#9763,.F.);
#7577=CARTESIAN_POINT('',(0.381,1.5748,0.9144));
#7578=DIRECTION('',(0.0,-1.0,0.0));
#7579=DIRECTION('',(0.0,0.0,-1.0));
#7580=ORIENTED_EDGE('',*,*,#9774,.T.);
#7581=ORIENTED_EDGE('',*,*,#9775,.T.);
#7582=ORIENTED_EDGE('',*,*,#9776,.F.);
#7583=ORIENTED_EDGE('',*,*,#8448,.T.);
#7584=ORIENTED_EDGE('',*,*,#9777,.F.);
#7585=ORIENTED_EDGE('',*,*,#9778,.T.);
#7586=ORIENTED_EDGE('',*,*,#9779,.T.);
#7587=ORIENTED_EDGE('',*,*,#9780,.T.);
#7588=CARTESIAN_POINT('',(4.445,1.905,4.572));
#7589=DIRECTION('',(1.0,0.0,0.0));
#7590=DIRECTION('',(0.0,1.0,0.0));
#7591=ORIENTED_EDGE('',*,*,#9781,.F.);
#7592=ORIENTED_EDGE('',*,*,#9782,.F.);
#7593=ORIENTED_EDGE('',*,*,#9783,.T.);
#7594=ORIENTED_EDGE('',*,*,#9784,.T.);
#7595=ORIENTED_EDGE('',*,*,#9785,.F.);
#7596=ORIENTED_EDGE('',*,*,#9780,.F.);
#7597=ORIENTED_EDGE('',*,*,#9786,.T.);
#7598=ORIENTED_EDGE('',*,*,#9787,.T.);
#7599=ORIENTED_EDGE('',*,*,#9788,.T.);
#7600=ORIENTED_EDGE('',*,*,#9789,.T.);
#7601=ORIENTED_EDGE('',*,*,#9790,.T.);
#7602=ORIENTED_EDGE('',*,*,#9791,.T.);
#7603=ORIENTED_EDGE('',*,*,#9792,.T.);
#7604=ORIENTED_EDGE('',*,*,#9793,.F.);
#7605=ORIENTED_EDGE('',*,*,#9794,.F.);
#7606=ORIENTED_EDGE('',*,*,#9795,.T.);
#7607=ORIENTED_EDGE('',*,*,#9796,.T.);
#7608=CARTESIAN_POINT('',(5.207,4.1275,4.17605318539026));
#7609=DIRECTION('',(0.0,0.0,-1.0));
#7610=DIRECTION('',(0.0,-1.0,0.0));
#7611=ORIENTED_EDGE('',*,*,#9797,.F.);
#7612=ORIENTED_EDGE('',*,*,#9798,.T.);
#7613=ORIENTED_EDGE('',*,*,#9799,.T.);
#7614=ORIENTED_EDGE('',*,*,#9796,.F.);
#7615=CARTESIAN_POINT('',(3.9624,-2.2479,4.572));
#7616=DIRECTION('',(-0.866025403784429,0.0,0.500000000000017));
#7617=DIRECTION('',(0.0,1.0,0.0));
#7618=ORIENTED_EDGE('',*,*,#9799,.F.);
#7619=ORIENTED_EDGE('',*,*,#9800,.F.);
#7620=ORIENTED_EDGE('',*,*,#9801,.F.);
#7621=ORIENTED_EDGE('',*,*,#9781,.T.);
#7622=CARTESIAN_POINT('',(4.445,-0.2921,4.572));
#7623=DIRECTION('',(-0.0,1.0,0.0));
#7624=DIRECTION('',(1.0,0.0,0.0));
#7625=ORIENTED_EDGE('',*,*,#9802,.F.);
#7626=ORIENTED_EDGE('',*,*,#9803,.T.);
#7627=ORIENTED_EDGE('',*,*,#9804,.T.);
#7628=ORIENTED_EDGE('',*,*,#9782,.T.);
#7629=ORIENTED_EDGE('',*,*,#9801,.T.);
#7630=ORIENTED_EDGE('',*,*,#9805,.F.);
#7631=ORIENTED_EDGE('',*,*,#9806,.F.);
#7632=ORIENTED_EDGE('',*,*,#8424,.T.);
#7633=CARTESIAN_POINT('',(4.445,0.635,4.572));
#7634=DIRECTION('',(-1.0,0.0,0.0));
#7635=DIRECTION('',(0.0,0.0,1.0));
#7636=ORIENTED_EDGE('',*,*,#9807,.F.);
#7637=ORIENTED_EDGE('',*,*,#9808,.F.);
#7638=ORIENTED_EDGE('',*,*,#8425,.T.);
#7639=ORIENTED_EDGE('',*,*,#9806,.T.);
#7640=CARTESIAN_POINT('',(4.699,-0.635,4.572));
#7641=DIRECTION('',(-0.0,1.0,0.0));
#7642=DIRECTION('',(1.0,0.0,0.0));
#7643=ORIENTED_EDGE('',*,*,#9809,.F.);
#7644=ORIENTED_EDGE('',*,*,#9810,.F.);
#7645=ORIENTED_EDGE('',*,*,#8426,.T.);
#7646=ORIENTED_EDGE('',*,*,#9808,.T.);
#7647=CARTESIAN_POINT('',(4.699,-0.4699,4.572));
#7648=DIRECTION('',(-1.0,0.0,0.0));
#7649=DIRECTION('',(0.0,0.0,1.0));
#7650=ORIENTED_EDGE('',*,*,#9811,.F.);
#7651=ORIENTED_EDGE('',*,*,#9812,.F.);
#7652=ORIENTED_EDGE('',*,*,#8427,.F.);
#7653=ORIENTED_EDGE('',*,*,#9810,.T.);
#7654=ORIENTED_EDGE('',*,*,#9813,.F.);
#7655=ORIENTED_EDGE('',*,*,#9814,.F.);
#7656=ORIENTED_EDGE('',*,*,#9815,.T.);
#7657=ORIENTED_EDGE('',*,*,#9816,.F.);
#7658=CARTESIAN_POINT('',(4.953,-0.4699,4.572));
#7659=DIRECTION('',(-0.0,0.0,1.0));
#7660=DIRECTION('',(1.0,0.0,0.0));
#7661=ORIENTED_EDGE('',*,*,#9817,.F.);
#7662=ORIENTED_EDGE('',*,*,#9816,.T.);
#7663=ORIENTED_EDGE('',*,*,#9818,.T.);
#7664=ORIENTED_EDGE('',*,*,#9814,.T.);
#7665=CARTESIAN_POINT('',(5.1343922820839,-0.2921,4.572));
#7666=DIRECTION('',(-0.0,1.0,0.0));
#7667=DIRECTION('',(1.0,0.0,0.0));
#7668=ORIENTED_EDGE('',*,*,#9818,.F.);
#7669=ORIENTED_EDGE('',*,*,#9815,.F.);
#7670=CARTESIAN_POINT('',(0.0,0.0,3.3782));
#7671=DIRECTION('',(0.0,0.0,-1.0));
#7672=DIRECTION('',(0.0,-1.0,0.0));
#7673=ORIENTED_EDGE('',*,*,#9819,.T.);
#7674=ORIENTED_EDGE('',*,*,#9820,.T.);
#7675=ORIENTED_EDGE('',*,*,#9821,.T.);
#7676=ORIENTED_EDGE('',*,*,#9822,.T.);
#7677=ORIENTED_EDGE('',*,*,#9823,.T.);
#7678=ORIENTED_EDGE('',*,*,#9824,.T.);
#7679=ORIENTED_EDGE('',*,*,#9825,.T.);
#7680=ORIENTED_EDGE('',*,*,#9826,.F.);
#7681=ORIENTED_EDGE('',*,*,#9827,.F.);
#7682=ORIENTED_EDGE('',*,*,#9828,.T.);
#7683=ORIENTED_EDGE('',*,*,#9829,.F.);
#7684=ORIENTED_EDGE('',*,*,#9830,.T.);
#7685=ORIENTED_EDGE('',*,*,#9831,.T.);
#7686=ORIENTED_EDGE('',*,*,#9832,.T.);
#7687=ORIENTED_EDGE('',*,*,#9833,.T.);
#7688=ORIENTED_EDGE('',*,*,#9834,.F.);
#7689=ORIENTED_EDGE('',*,*,#9835,.F.);
#7690=ORIENTED_EDGE('',*,*,#9836,.F.);
#7691=ORIENTED_EDGE('',*,*,#9837,.F.);
#7692=CARTESIAN_POINT('',(0.0,0.0,4.572));
#7693=DIRECTION('',(0.0,0.0,1.0));
#7694=DIRECTION('',(1.0,0.0,0.0));
#7695=ORIENTED_EDGE('',*,*,#9838,.F.);
#7696=ORIENTED_EDGE('',*,*,#9839,.F.);
#7697=ORIENTED_EDGE('',*,*,#9840,.F.);
#7698=ORIENTED_EDGE('',*,*,#9778,.F.);
#7699=ORIENTED_EDGE('',*,*,#9841,.F.);
#7700=ORIENTED_EDGE('',*,*,#9842,.F.);
#7701=ORIENTED_EDGE('',*,*,#9843,.T.);
#7702=ORIENTED_EDGE('',*,*,#9844,.F.);
#7703=ORIENTED_EDGE('',*,*,#9845,.T.);
#7704=ORIENTED_EDGE('',*,*,#9846,.F.);
#7705=ORIENTED_EDGE('',*,*,#9847,.T.);
#7706=ORIENTED_EDGE('',*,*,#9848,.T.);
#7707=ORIENTED_EDGE('',*,*,#9849,.T.);
#7708=ORIENTED_EDGE('',*,*,#9850,.T.);
#7709=CARTESIAN_POINT('',(0.0,0.0,4.572));
#7710=DIRECTION('',(0.0,0.0,1.0));
#7711=DIRECTION('',(1.0,0.0,0.0));
#7712=ORIENTED_EDGE('',*,*,#9851,.T.);
#7713=ORIENTED_EDGE('',*,*,#9852,.F.);
#7714=ORIENTED_EDGE('',*,*,#9853,.F.);
#7715=ORIENTED_EDGE('',*,*,#9775,.F.);
#7716=ORIENTED_EDGE('',*,*,#9854,.F.);
#7717=ORIENTED_EDGE('',*,*,#9855,.F.);
#7718=ORIENTED_EDGE('',*,*,#9856,.F.);
#7719=ORIENTED_EDGE('',*,*,#9803,.F.);
#7720=ORIENTED_EDGE('',*,*,#9857,.F.);
#7721=ORIENTED_EDGE('',*,*,#9858,.F.);
#7722=ORIENTED_EDGE('',*,*,#9859,.T.);
#7723=ORIENTED_EDGE('',*,*,#9860,.F.);
#7724=ORIENTED_EDGE('',*,*,#9861,.T.);
#7725=ORIENTED_EDGE('',*,*,#9862,.F.);
#7726=ORIENTED_EDGE('',*,*,#9863,.T.);
#7727=ORIENTED_EDGE('',*,*,#9864,.T.);
#7728=CARTESIAN_POINT('',(0.0,0.0,4.572));
#7729=DIRECTION('',(0.0,0.0,1.0));
#7730=DIRECTION('',(1.0,0.0,0.0));
#7731=ORIENTED_EDGE('',*,*,#9865,.T.);
#7732=ORIENTED_EDGE('',*,*,#9866,.F.);
#7733=ORIENTED_EDGE('',*,*,#9811,.T.);
#7734=ORIENTED_EDGE('',*,*,#9817,.T.);
#7735=ORIENTED_EDGE('',*,*,#9813,.T.);
#7736=ORIENTED_EDGE('',*,*,#9809,.T.);
#7737=ORIENTED_EDGE('',*,*,#9807,.T.);
#7738=ORIENTED_EDGE('',*,*,#9805,.T.);
#7739=ORIENTED_EDGE('',*,*,#9800,.T.);
#7740=ORIENTED_EDGE('',*,*,#9798,.F.);
#7741=ORIENTED_EDGE('',*,*,#9867,.F.);
#7742=ORIENTED_EDGE('',*,*,#9868,.F.);
#7743=ORIENTED_EDGE('',*,*,#9869,.F.);
#7744=ORIENTED_EDGE('',*,*,#9870,.F.);
#7745=ORIENTED_EDGE('',*,*,#9871,.T.);
#7746=ORIENTED_EDGE('',*,*,#9872,.F.);
#7747=CARTESIAN_POINT('',(0.0,0.0,4.572));
#7748=DIRECTION('',(0.0,0.0,1.0));
#7749=DIRECTION('',(1.0,0.0,0.0));
#7750=ORIENTED_EDGE('',*,*,#9873,.F.);
#7751=ORIENTED_EDGE('',*,*,#9874,.T.);
#7752=ORIENTED_EDGE('',*,*,#9837,.T.);
#7753=ORIENTED_EDGE('',*,*,#9875,.T.);
#7754=ORIENTED_EDGE('',*,*,#9789,.F.);
#7755=CARTESIAN_POINT('',(-3.6576,4.1275,4.572));
#7756=DIRECTION('',(0.866025403784429,0.0,0.500000000000017));
#7757=DIRECTION('',(0.0,-1.0,0.0));
#7758=ORIENTED_EDGE('',*,*,#9875,.F.);
#7759=ORIENTED_EDGE('',*,*,#9836,.T.);
#7760=ORIENTED_EDGE('',*,*,#9876,.T.);
#7761=ORIENTED_EDGE('',*,*,#9790,.F.);
#7762=CARTESIAN_POINT('',(-3.59064461017978,-1.87614461017927,4.572));
#7763=DIRECTION('',(0.612372435695796,0.612372435695796,0.499999999999997));
#7764=DIRECTION('',(4.282645529167E-17,0.632455532033672,-0.774596669241486));
#7765=ORIENTED_EDGE('',*,*,#9876,.F.);
#7766=ORIENTED_EDGE('',*,*,#9835,.T.);
#7767=ORIENTED_EDGE('',*,*,#9877,.T.);
#7768=ORIENTED_EDGE('',*,*,#9791,.F.);
#7769=CARTESIAN_POINT('',(-0.7874,-4.3561,4.572));
#7770=DIRECTION('',(0.0,0.866025403784429,0.500000000000017));
#7771=DIRECTION('',(1.0,0.0,-0.0));
#7772=ORIENTED_EDGE('',*,*,#9877,.F.);
#7773=ORIENTED_EDGE('',*,*,#9834,.T.);
#7774=ORIENTED_EDGE('',*,*,#9878,.T.);
#7775=ORIENTED_EDGE('',*,*,#9792,.F.);
#7776=CARTESIAN_POINT('',(3.9624,-4.1275,4.572));
#7777=DIRECTION('',(-0.866025403784429,0.0,0.500000000000017));
#7778=DIRECTION('',(0.0,1.0,0.0));
#7779=ORIENTED_EDGE('',*,*,#9878,.F.);
#7780=ORIENTED_EDGE('',*,*,#9833,.F.);
#7781=ORIENTED_EDGE('',*,*,#9879,.F.);
#7782=ORIENTED_EDGE('',*,*,#9793,.T.);
#7783=CARTESIAN_POINT('',(4.445,-2.8321,4.572));
#7784=DIRECTION('',(-0.0,1.0,0.0));
#7785=DIRECTION('',(1.0,0.0,0.0));
#7786=ORIENTED_EDGE('',*,*,#9880,.F.);
#7787=ORIENTED_EDGE('',*,*,#9868,.T.);
#7788=ORIENTED_EDGE('',*,*,#9881,.T.);
#7789=ORIENTED_EDGE('',*,*,#9794,.T.);
#7790=ORIENTED_EDGE('',*,*,#9879,.T.);
#7791=ORIENTED_EDGE('',*,*,#9832,.F.);
#7792=ORIENTED_EDGE('',*,*,#9882,.F.);
#7793=ORIENTED_EDGE('',*,*,#8432,.T.);
#7794=CARTESIAN_POINT('',(4.445,-1.905,4.572));
#7795=DIRECTION('',(-1.0,0.0,0.0));
#7796=DIRECTION('',(0.0,0.0,1.0));
#7797=ORIENTED_EDGE('',*,*,#9831,.F.);
#7798=ORIENTED_EDGE('',*,*,#9883,.F.);
#7799=ORIENTED_EDGE('',*,*,#8433,.T.);
#7800=ORIENTED_EDGE('',*,*,#9882,.T.);
#7801=CARTESIAN_POINT('',(4.699,-3.175,4.572));
#7802=DIRECTION('',(-0.0,1.0,0.0));
#7803=DIRECTION('',(1.0,0.0,0.0));
#7804=ORIENTED_EDGE('',*,*,#9830,.F.);
#7805=ORIENTED_EDGE('',*,*,#9884,.F.);
#7806=ORIENTED_EDGE('',*,*,#8434,.T.);
#7807=ORIENTED_EDGE('',*,*,#9883,.T.);
#7808=CARTESIAN_POINT('',(4.699,-3.0099,4.572));
#7809=DIRECTION('',(-1.0,0.0,0.0));
#7810=DIRECTION('',(0.0,0.0,1.0));
#7811=ORIENTED_EDGE('',*,*,#9827,.T.);
#7812=ORIENTED_EDGE('',*,*,#9885,.F.);
#7813=ORIENTED_EDGE('',*,*,#8435,.F.);
#7814=ORIENTED_EDGE('',*,*,#9884,.T.);
#7815=ORIENTED_EDGE('',*,*,#9829,.T.);
#7816=ORIENTED_EDGE('',*,*,#9886,.F.);
#7817=ORIENTED_EDGE('',*,*,#9887,.T.);
#7818=ORIENTED_EDGE('',*,*,#9888,.F.);
#7819=CARTESIAN_POINT('',(4.953,-3.0099,4.572));
#7820=DIRECTION('',(-0.0,0.0,1.0));
#7821=DIRECTION('',(1.0,0.0,0.0));
#7822=ORIENTED_EDGE('',*,*,#9828,.F.);
#7823=ORIENTED_EDGE('',*,*,#9888,.T.);
#7824=ORIENTED_EDGE('',*,*,#9889,.T.);
#7825=ORIENTED_EDGE('',*,*,#9886,.T.);
#7826=CARTESIAN_POINT('',(5.1343922820839,-2.8321,4.572));
#7827=DIRECTION('',(-0.0,1.0,0.0));
#7828=DIRECTION('',(1.0,0.0,0.0));
#7829=ORIENTED_EDGE('',*,*,#9889,.F.);
#7830=ORIENTED_EDGE('',*,*,#9887,.F.);
#7831=CARTESIAN_POINT('',(0.0,-2.54,3.3782));
#7832=DIRECTION('',(0.0,0.0,-1.0));
#7833=DIRECTION('',(0.0,-1.0,0.0));
#7834=ORIENTED_EDGE('',*,*,#9862,.T.);
#7835=ORIENTED_EDGE('',*,*,#9890,.T.);
#7836=ORIENTED_EDGE('',*,*,#8420,.F.);
#7837=ORIENTED_EDGE('',*,*,#9891,.T.);
#7838=CARTESIAN_POINT('',(5.207,4.1275,4.572));
#7839=DIRECTION('',(-1.0,0.0,0.0));
#7840=DIRECTION('',(0.0,0.0,1.0));
#7841=ORIENTED_EDGE('',*,*,#8444,.F.);
#7842=ORIENTED_EDGE('',*,*,#9892,.F.);
#7843=ORIENTED_EDGE('',*,*,#9846,.T.);
#7844=ORIENTED_EDGE('',*,*,#9893,.T.);
#7845=CARTESIAN_POINT('',(5.207,4.1275,4.572));
#7846=DIRECTION('',(-1.0,0.0,0.0));
#7847=DIRECTION('',(0.0,0.0,1.0));
#7848=ORIENTED_EDGE('',*,*,#8428,.F.);
#7849=ORIENTED_EDGE('',*,*,#9812,.T.);
#7850=ORIENTED_EDGE('',*,*,#9866,.T.);
#7851=ORIENTED_EDGE('',*,*,#9894,.T.);
#7852=CARTESIAN_POINT('',(5.207,4.1275,4.572));
#7853=DIRECTION('',(-1.0,0.0,0.0));
#7854=DIRECTION('',(0.0,0.0,1.0));
#7855=ORIENTED_EDGE('',*,*,#9826,.T.);
#7856=ORIENTED_EDGE('',*,*,#9895,.T.);
#7857=ORIENTED_EDGE('',*,*,#8436,.F.);
#7858=ORIENTED_EDGE('',*,*,#9885,.T.);
#7859=CARTESIAN_POINT('',(5.207,4.1275,4.572));
#7860=DIRECTION('',(-1.0,0.0,0.0));
#7861=DIRECTION('',(0.0,0.0,1.0));
#7862=ORIENTED_EDGE('',*,*,#9896,.F.);
#7863=ORIENTED_EDGE('',*,*,#9863,.F.);
#7864=ORIENTED_EDGE('',*,*,#9891,.F.);
#7865=ORIENTED_EDGE('',*,*,#8419,.F.);
#7866=ORIENTED_EDGE('',*,*,#9897,.T.);
#7867=ORIENTED_EDGE('',*,*,#9851,.F.);
#7868=ORIENTED_EDGE('',*,*,#9898,.T.);
#7869=ORIENTED_EDGE('',*,*,#9899,.T.);
#7870=CARTESIAN_POINT('',(4.953,2.0701,4.572));
#7871=DIRECTION('',(-0.0,0.0,1.0));
#7872=DIRECTION('',(1.0,0.0,0.0));
#7873=ORIENTED_EDGE('',*,*,#9900,.F.);
#7874=ORIENTED_EDGE('',*,*,#9899,.F.);
#7875=CARTESIAN_POINT('',(0.0,2.54,3.3782));
#7876=DIRECTION('',(0.0,0.0,-1.0));
#7877=DIRECTION('',(0.0,-1.0,0.0));
#7878=ORIENTED_EDGE('',*,*,#9896,.T.);
#7879=ORIENTED_EDGE('',*,*,#9900,.T.);
#7880=ORIENTED_EDGE('',*,*,#9898,.F.);
#7881=ORIENTED_EDGE('',*,*,#9864,.F.);
#7882=CARTESIAN_POINT('',(5.1343922820839,2.2479,4.572));
#7883=DIRECTION('',(-0.0,1.0,0.0));
#7884=DIRECTION('',(1.0,0.0,0.0));
#7885=ORIENTED_EDGE('',*,*,#9852,.T.);
#7886=ORIENTED_EDGE('',*,*,#9897,.F.);
#7887=ORIENTED_EDGE('',*,*,#8418,.T.);
#7888=ORIENTED_EDGE('',*,*,#9901,.T.);
#7889=CARTESIAN_POINT('',(4.699,2.0701,4.572));
#7890=DIRECTION('',(-1.0,0.0,0.0));
#7891=DIRECTION('',(0.0,0.0,1.0));
#7892=ORIENTED_EDGE('',*,*,#9853,.T.);
#7893=ORIENTED_EDGE('',*,*,#9901,.F.);
#7894=ORIENTED_EDGE('',*,*,#8417,.T.);
#7895=ORIENTED_EDGE('',*,*,#9776,.T.);
#7896=CARTESIAN_POINT('',(4.699,1.905,4.572));
#7897=DIRECTION('',(-0.0,1.0,0.0));
#7898=DIRECTION('',(1.0,0.0,0.0));
#7899=ORIENTED_EDGE('',*,*,#9902,.T.);
#7900=ORIENTED_EDGE('',*,*,#9859,.F.);
#7901=ORIENTED_EDGE('',*,*,#9903,.T.);
#7902=ORIENTED_EDGE('',*,*,#8421,.T.);
#7903=ORIENTED_EDGE('',*,*,#9890,.F.);
#7904=ORIENTED_EDGE('',*,*,#9861,.F.);
#7905=ORIENTED_EDGE('',*,*,#9904,.F.);
#7906=ORIENTED_EDGE('',*,*,#9905,.F.);
#7907=CARTESIAN_POINT('',(4.953,0.4699,4.572));
#7908=DIRECTION('',(0.0,0.0,-1.0));
#7909=DIRECTION('',(1.0,0.0,0.0));
#7910=ORIENTED_EDGE('',*,*,#9906,.T.);
#7911=ORIENTED_EDGE('',*,*,#9905,.T.);
#7912=CARTESIAN_POINT('',(0.0,0.0,3.3782));
#7913=DIRECTION('',(0.0,0.0,1.0));
#7914=DIRECTION('',(1.0,0.0,0.0));
#7915=ORIENTED_EDGE('',*,*,#9902,.F.);
#7916=ORIENTED_EDGE('',*,*,#9906,.F.);
#7917=ORIENTED_EDGE('',*,*,#9904,.T.);
#7918=ORIENTED_EDGE('',*,*,#9860,.T.);
#7919=CARTESIAN_POINT('',(5.1343922820839,0.2921,4.572));
#7920=DIRECTION('',(-0.0,1.0,0.0));
#7921=DIRECTION('',(1.0,0.0,0.0));
#7922=ORIENTED_EDGE('',*,*,#9858,.T.);
#7923=ORIENTED_EDGE('',*,*,#9907,.T.);
#7924=ORIENTED_EDGE('',*,*,#8422,.F.);
#7925=ORIENTED_EDGE('',*,*,#9903,.F.);
#7926=CARTESIAN_POINT('',(4.699,0.4699,4.572));
#7927=DIRECTION('',(1.0,0.0,0.0));
#7928=DIRECTION('',(0.0,1.0,0.0));
#7929=ORIENTED_EDGE('',*,*,#9857,.T.);
#7930=ORIENTED_EDGE('',*,*,#9802,.T.);
#7931=ORIENTED_EDGE('',*,*,#8423,.F.);
#7932=ORIENTED_EDGE('',*,*,#9907,.F.);
#7933=CARTESIAN_POINT('',(4.699,0.635,4.572));
#7934=DIRECTION('',(-0.0,1.0,0.0));
#7935=DIRECTION('',(1.0,0.0,0.0));
#7936=ORIENTED_EDGE('',*,*,#9843,.F.);
#7937=ORIENTED_EDGE('',*,*,#9908,.T.);
#7938=ORIENTED_EDGE('',*,*,#8445,.T.);
#7939=ORIENTED_EDGE('',*,*,#9893,.F.);
#7940=ORIENTED_EDGE('',*,*,#9845,.F.);
#7941=ORIENTED_EDGE('',*,*,#9909,.F.);
#7942=ORIENTED_EDGE('',*,*,#9910,.F.);
#7943=ORIENTED_EDGE('',*,*,#9911,.F.);
#7944=CARTESIAN_POINT('',(4.953,3.0099,4.572));
#7945=DIRECTION('',(0.0,0.0,-1.0));
#7946=DIRECTION('',(1.0,0.0,0.0));
#7947=ORIENTED_EDGE('',*,*,#9912,.F.);
#7948=ORIENTED_EDGE('',*,*,#9909,.T.);
#7949=ORIENTED_EDGE('',*,*,#9844,.T.);
#7950=ORIENTED_EDGE('',*,*,#9911,.T.);
#7951=CARTESIAN_POINT('',(5.1343922820839,2.8321,4.572));
#7952=DIRECTION('',(-0.0,1.0,0.0));
#7953=DIRECTION('',(1.0,0.0,0.0));
#7954=ORIENTED_EDGE('',*,*,#9912,.T.);
#7955=ORIENTED_EDGE('',*,*,#9910,.T.);
#7956=CARTESIAN_POINT('',(0.0,2.54,3.3782));
#7957=DIRECTION('',(0.0,0.0,1.0));
#7958=DIRECTION('',(1.0,0.0,0.0));
#7959=ORIENTED_EDGE('',*,*,#9842,.T.);
#7960=ORIENTED_EDGE('',*,*,#9913,.T.);
#7961=ORIENTED_EDGE('',*,*,#8446,.F.);
#7962=ORIENTED_EDGE('',*,*,#9908,.F.);
#7963=CARTESIAN_POINT('',(4.699,3.0099,4.572));
#7964=DIRECTION('',(1.0,0.0,0.0));
#7965=DIRECTION('',(0.0,1.0,0.0));
#7966=ORIENTED_EDGE('',*,*,#9841,.T.);
#7967=ORIENTED_EDGE('',*,*,#9777,.T.);
#7968=ORIENTED_EDGE('',*,*,#8447,.F.);
#7969=ORIENTED_EDGE('',*,*,#9913,.F.);
#7970=CARTESIAN_POINT('',(4.699,3.175,4.572));
#7971=DIRECTION('',(-0.0,1.0,0.0));
#7972=DIRECTION('',(1.0,0.0,0.0));
#7973=ORIENTED_EDGE('',*,*,#9914,.T.);
#7974=ORIENTED_EDGE('',*,*,#9915,.T.);
#7975=ORIENTED_EDGE('',*,*,#9847,.F.);
#7976=ORIENTED_EDGE('',*,*,#9892,.T.);
#7977=ORIENTED_EDGE('',*,*,#8443,.F.);
#7978=ORIENTED_EDGE('',*,*,#9916,.F.);
#7979=CARTESIAN_POINT('',(5.6388,4.1275,4.953));
#7980=DIRECTION('',(-0.0,1.0,0.0));
#7981=DIRECTION('',(1.0,0.0,0.0));
#7982=ORIENTED_EDGE('',*,*,#8442,.T.);
#7983=ORIENTED_EDGE('',*,*,#9917,.T.);
#7984=ORIENTED_EDGE('',*,*,#9918,.F.);
#7985=ORIENTED_EDGE('',*,*,#9916,.T.);
#7986=CARTESIAN_POINT('',(5.6388,-4.7879,0.0));
#7987=DIRECTION('',(1.0,0.0,0.0));
#7988=DIRECTION('',(0.0,1.0,0.0));
#7989=ORIENTED_EDGE('',*,*,#9919,.F.);
#7990=ORIENTED_EDGE('',*,*,#9920,.F.);
#7991=ORIENTED_EDGE('',*,*,#8438,.T.);
#7992=ORIENTED_EDGE('',*,*,#9921,.T.);
#7993=CARTESIAN_POINT('',(5.6388,-4.7879,0.0));
#7994=DIRECTION('',(1.0,0.0,0.0));
#7995=DIRECTION('',(0.0,1.0,0.0));
#7996=ORIENTED_EDGE('',*,*,#9918,.T.);
#7997=ORIENTED_EDGE('',*,*,#9922,.T.);
#7998=ORIENTED_EDGE('',*,*,#9923,.T.);
#7999=ORIENTED_EDGE('',*,*,#9914,.F.);
#8000=CARTESIAN_POINT('',(0.0,0.0,4.953));
#8001=DIRECTION('',(0.0,0.0,1.0));
#8002=DIRECTION('',(1.0,0.0,0.0));
#8003=ORIENTED_EDGE('',*,*,#9924,.T.);
#8004=ORIENTED_EDGE('',*,*,#9925,.T.);
#8005=ORIENTED_EDGE('',*,*,#9926,.T.);
#8006=ORIENTED_EDGE('',*,*,#9927,.F.);
#8007=CARTESIAN_POINT('',(0.0,0.0,4.953));
#8008=DIRECTION('',(0.0,0.0,1.0));
#8009=DIRECTION('',(1.0,0.0,0.0));
#8010=ORIENTED_EDGE('',*,*,#9928,.T.);
#8011=ORIENTED_EDGE('',*,*,#9919,.T.);
#8012=ORIENTED_EDGE('',*,*,#9929,.T.);
#8013=ORIENTED_EDGE('',*,*,#9930,.F.);
#8014=CARTESIAN_POINT('',(0.0,0.0,4.953));
#8015=DIRECTION('',(0.0,0.0,1.0));
#8016=DIRECTION('',(1.0,0.0,0.0));
#8017=ORIENTED_EDGE('',*,*,#9931,.F.);
#8018=ORIENTED_EDGE('',*,*,#9932,.T.);
#8019=ORIENTED_EDGE('',*,*,#9933,.T.);
#8020=ORIENTED_EDGE('',*,*,#9934,.T.);
#8021=ORIENTED_EDGE('',*,*,#9935,.F.);
#8022=ORIENTED_EDGE('',*,*,#9936,.F.);
#8023=CARTESIAN_POINT('',(0.0,0.0,4.953));
#8024=DIRECTION('',(0.0,0.0,1.0));
#8025=DIRECTION('',(1.0,0.0,0.0));
#8026=ORIENTED_EDGE('',*,*,#9937,.T.);
#8027=ORIENTED_EDGE('',*,*,#9848,.F.);
#8028=ORIENTED_EDGE('',*,*,#9915,.F.);
#8029=ORIENTED_EDGE('',*,*,#9923,.F.);
#8030=CARTESIAN_POINT('',(4.4958,4.1275,4.953));
#8031=DIRECTION('',(1.0,0.0,0.0));
#8032=DIRECTION('',(0.0,1.0,0.0));
#8033=ORIENTED_EDGE('',*,*,#9937,.F.);
#8034=ORIENTED_EDGE('',*,*,#9922,.F.);
#8035=ORIENTED_EDGE('',*,*,#9917,.F.);
#8036=ORIENTED_EDGE('',*,*,#8441,.T.);
#8037=ORIENTED_EDGE('',*,*,#9938,.T.);
#8038=ORIENTED_EDGE('',*,*,#9932,.F.);
#8039=ORIENTED_EDGE('',*,*,#9939,.T.);
#8040=ORIENTED_EDGE('',*,*,#9849,.F.);
#8041=CARTESIAN_POINT('',(5.6388,4.7879,0.0));
#8042=DIRECTION('',(-0.0,1.0,0.0));
#8043=DIRECTION('',(1.0,0.0,0.0));
#8044=ORIENTED_EDGE('',*,*,#9850,.F.);
#8045=ORIENTED_EDGE('',*,*,#9939,.F.);
#8046=ORIENTED_EDGE('',*,*,#9931,.T.);
#8047=ORIENTED_EDGE('',*,*,#9940,.F.);
#8048=CARTESIAN_POINT('',(-2.794,4.7879,4.953));
#8049=DIRECTION('',(-1.0,0.0,0.0));
#8050=DIRECTION('',(0.0,0.0,1.0));
#8051=ORIENTED_EDGE('',*,*,#9941,.T.);
#8052=ORIENTED_EDGE('',*,*,#9942,.F.);
#8053=ORIENTED_EDGE('',*,*,#9940,.T.);
#8054=ORIENTED_EDGE('',*,*,#9936,.T.);
#8055=CARTESIAN_POINT('',(-2.794,4.3561,4.953));
#8056=DIRECTION('',(-0.0,1.0,0.0));
#8057=DIRECTION('',(1.0,0.0,0.0));
#8058=ORIENTED_EDGE('',*,*,#9943,.F.);
#8059=ORIENTED_EDGE('',*,*,#9838,.T.);
#8060=ORIENTED_EDGE('',*,*,#9942,.T.);
#8061=ORIENTED_EDGE('',*,*,#9873,.T.);
#8062=ORIENTED_EDGE('',*,*,#9788,.F.);
#8063=CARTESIAN_POINT('',(3.9624,4.3561,4.572));
#8064=DIRECTION('',(0.0,-0.866025403784429,0.500000000000017));
#8065=DIRECTION('',(-1.0,0.0,0.0));
#8066=ORIENTED_EDGE('',*,*,#9944,.F.);
#8067=ORIENTED_EDGE('',*,*,#9839,.T.);
#8068=ORIENTED_EDGE('',*,*,#9943,.T.);
#8069=ORIENTED_EDGE('',*,*,#9787,.F.);
#8070=CARTESIAN_POINT('',(3.9624,2.8321,4.572));
#8071=DIRECTION('',(-0.866025403784429,0.0,0.500000000000017));
#8072=DIRECTION('',(0.0,1.0,0.0));
#8073=ORIENTED_EDGE('',*,*,#9779,.F.);
#8074=ORIENTED_EDGE('',*,*,#9840,.T.);
#8075=ORIENTED_EDGE('',*,*,#9944,.T.);
#8076=ORIENTED_EDGE('',*,*,#9786,.F.);
#8077=CARTESIAN_POINT('',(4.445,2.8321,4.572));
#8078=DIRECTION('',(-0.0,1.0,0.0));
#8079=DIRECTION('',(1.0,0.0,0.0));
#8080=ORIENTED_EDGE('',*,*,#9945,.T.);
#8081=ORIENTED_EDGE('',*,*,#9874,.F.);
#8082=ORIENTED_EDGE('',*,*,#9941,.F.);
#8083=ORIENTED_EDGE('',*,*,#9935,.T.);
#8084=CARTESIAN_POINT('',(-3.6576,4.3561,4.953));
#8085=DIRECTION('',(-1.0,0.0,0.0));
#8086=DIRECTION('',(0.0,0.0,1.0));
#8087=ORIENTED_EDGE('',*,*,#9934,.F.);
#8088=ORIENTED_EDGE('',*,*,#9946,.T.);
#8089=ORIENTED_EDGE('',*,*,#9819,.F.);
#8090=ORIENTED_EDGE('',*,*,#9945,.F.);
#8091=CARTESIAN_POINT('',(-2.794,4.1275,4.953));
#8092=DIRECTION('',(-0.0,1.0,0.0));
#8093=DIRECTION('',(1.0,0.0,0.0));
#8094=ORIENTED_EDGE('',*,*,#9946,.F.);
#8095=ORIENTED_EDGE('',*,*,#9933,.F.);
#8096=ORIENTED_EDGE('',*,*,#9938,.F.);
#8097=ORIENTED_EDGE('',*,*,#8440,.T.);
#8098=ORIENTED_EDGE('',*,*,#9947,.T.);
#8099=ORIENTED_EDGE('',*,*,#9924,.F.);
#8100=ORIENTED_EDGE('',*,*,#9948,.T.);
#8101=ORIENTED_EDGE('',*,*,#9820,.F.);
#8102=CARTESIAN_POINT('',(-3.937,4.7879,0.0));
#8103=DIRECTION('',(-1.0,0.0,0.0));
#8104=DIRECTION('',(0.0,0.0,1.0));
#8105=ORIENTED_EDGE('',*,*,#9949,.T.);
#8106=ORIENTED_EDGE('',*,*,#9821,.F.);
#8107=ORIENTED_EDGE('',*,*,#9948,.F.);
#8108=ORIENTED_EDGE('',*,*,#9927,.T.);
#8109=CARTESIAN_POINT('',(-3.937,-4.1275,4.953));
#8110=DIRECTION('',(0.0,-1.0,0.0));
#8111=DIRECTION('',(0.0,0.0,-1.0));
#8112=ORIENTED_EDGE('',*,*,#9950,.T.);
#8113=ORIENTED_EDGE('',*,*,#9822,.F.);
#8114=ORIENTED_EDGE('',*,*,#9949,.F.);
#8115=ORIENTED_EDGE('',*,*,#9926,.F.);
#8116=CARTESIAN_POINT('',(-2.794,-4.1275,4.953));
#8117=DIRECTION('',(-1.0,0.0,0.0));
#8118=DIRECTION('',(0.0,0.0,1.0));
#8119=ORIENTED_EDGE('',*,*,#9950,.F.);
#8120=ORIENTED_EDGE('',*,*,#9925,.F.);
#8121=ORIENTED_EDGE('',*,*,#9947,.F.);
#8122=ORIENTED_EDGE('',*,*,#8439,.T.);
#8123=ORIENTED_EDGE('',*,*,#9920,.T.);
#8124=ORIENTED_EDGE('',*,*,#9928,.F.);
#8125=ORIENTED_EDGE('',*,*,#9951,.T.);
#8126=ORIENTED_EDGE('',*,*,#9823,.F.);
#8127=CARTESIAN_POINT('',(-3.937,-4.7879,0.0));
#8128=DIRECTION('',(0.0,-1.0,0.0));
#8129=DIRECTION('',(0.0,0.0,-1.0));
#8130=ORIENTED_EDGE('',*,*,#9952,.T.);
#8131=ORIENTED_EDGE('',*,*,#9824,.F.);
#8132=ORIENTED_EDGE('',*,*,#9951,.F.);
#8133=ORIENTED_EDGE('',*,*,#9930,.T.);
#8134=CARTESIAN_POINT('',(4.4958,-4.7879,4.953));
#8135=DIRECTION('',(1.0,0.0,0.0));
#8136=DIRECTION('',(0.0,1.0,0.0));
#8137=ORIENTED_EDGE('',*,*,#9952,.F.);
#8138=ORIENTED_EDGE('',*,*,#9929,.F.);
#8139=ORIENTED_EDGE('',*,*,#9921,.F.);
#8140=ORIENTED_EDGE('',*,*,#8437,.T.);
#8141=ORIENTED_EDGE('',*,*,#9895,.F.);
#8142=ORIENTED_EDGE('',*,*,#9825,.F.);
#8143=CARTESIAN_POINT('',(4.4958,-4.1275,4.953));
#8144=DIRECTION('',(0.0,-1.0,0.0));
#8145=DIRECTION('',(0.0,0.0,-1.0));
#8146=ORIENTED_EDGE('',*,*,#9953,.T.);
#8147=ORIENTED_EDGE('',*,*,#9871,.F.);
#8148=ORIENTED_EDGE('',*,*,#9954,.T.);
#8149=ORIENTED_EDGE('',*,*,#8429,.T.);
#8150=ORIENTED_EDGE('',*,*,#9894,.F.);
#8151=ORIENTED_EDGE('',*,*,#9865,.F.);
#8152=ORIENTED_EDGE('',*,*,#9955,.F.);
#8153=ORIENTED_EDGE('',*,*,#9956,.F.);
#8154=CARTESIAN_POINT('',(4.953,-2.0701,4.572));
#8155=DIRECTION('',(0.0,0.0,-1.0));
#8156=DIRECTION('',(1.0,0.0,0.0));
#8157=ORIENTED_EDGE('',*,*,#9957,.T.);
#8158=ORIENTED_EDGE('',*,*,#9956,.T.);
#8159=CARTESIAN_POINT('',(0.0,-2.54,3.3782));
#8160=DIRECTION('',(0.0,0.0,1.0));
#8161=DIRECTION('',(1.0,0.0,0.0));
#8162=ORIENTED_EDGE('',*,*,#9953,.F.);
#8163=ORIENTED_EDGE('',*,*,#9957,.F.);
#8164=ORIENTED_EDGE('',*,*,#9955,.T.);
#8165=ORIENTED_EDGE('',*,*,#9872,.T.);
#8166=CARTESIAN_POINT('',(5.1343922820839,-2.2479,4.572));
#8167=DIRECTION('',(-0.0,1.0,0.0));
#8168=DIRECTION('',(1.0,0.0,0.0));
#8169=ORIENTED_EDGE('',*,*,#9870,.T.);
#8170=ORIENTED_EDGE('',*,*,#9958,.T.);
#8171=ORIENTED_EDGE('',*,*,#8430,.F.);
#8172=ORIENTED_EDGE('',*,*,#9954,.F.);
#8173=CARTESIAN_POINT('',(4.699,-2.0701,4.572));
#8174=DIRECTION('',(1.0,0.0,0.0));
#8175=DIRECTION('',(0.0,1.0,0.0));
#8176=ORIENTED_EDGE('',*,*,#9869,.T.);
#8177=ORIENTED_EDGE('',*,*,#9880,.T.);
#8178=ORIENTED_EDGE('',*,*,#8431,.F.);
#8179=ORIENTED_EDGE('',*,*,#9958,.F.);
#8180=CARTESIAN_POINT('',(4.699,-1.905,4.572));
#8181=DIRECTION('',(-0.0,1.0,0.0));
#8182=DIRECTION('',(1.0,0.0,0.0));
#8183=ORIENTED_EDGE('',*,*,#9881,.F.);
#8184=ORIENTED_EDGE('',*,*,#9867,.T.);
#8185=ORIENTED_EDGE('',*,*,#9797,.T.);
#8186=ORIENTED_EDGE('',*,*,#9795,.F.);
#8187=CARTESIAN_POINT('',(4.445,-2.2479,4.572));
#8188=DIRECTION('',(-0.0,1.0,0.0));
#8189=DIRECTION('',(1.0,0.0,0.0));
#8190=ORIENTED_EDGE('',*,*,#9804,.F.);
#8191=ORIENTED_EDGE('',*,*,#9856,.T.);
#8192=ORIENTED_EDGE('',*,*,#9959,.T.);
#8193=ORIENTED_EDGE('',*,*,#9783,.F.);
#8194=CARTESIAN_POINT('',(4.445,0.2921,4.572));
#8195=DIRECTION('',(-0.0,1.0,0.0));
#8196=DIRECTION('',(1.0,0.0,0.0));
#8197=ORIENTED_EDGE('',*,*,#9959,.F.);
#8198=ORIENTED_EDGE('',*,*,#9855,.T.);
#8199=ORIENTED_EDGE('',*,*,#9960,.T.);
#8200=ORIENTED_EDGE('',*,*,#9784,.F.);
#8201=CARTESIAN_POINT('',(3.9624,0.2921,4.572));
#8202=DIRECTION('',(-0.866025403784429,0.0,0.500000000000017));
#8203=DIRECTION('',(0.0,1.0,0.0));
#8204=ORIENTED_EDGE('',*,*,#9960,.F.);
#8205=ORIENTED_EDGE('',*,*,#9854,.T.);
#8206=ORIENTED_EDGE('',*,*,#9774,.F.);
#8207=ORIENTED_EDGE('',*,*,#9785,.T.);
#8208=CARTESIAN_POINT('',(4.445,2.2479,4.572));
#8209=DIRECTION('',(-0.0,1.0,0.0));
#8210=DIRECTION('',(1.0,0.0,0.0));
#8211=ORIENTED_EDGE('',*,*,#9961,.F.);
#8212=ORIENTED_EDGE('',*,*,#9962,.F.);
#8213=CARTESIAN_POINT('',(5.6388,-4.7879,4.2672));
#8214=DIRECTION('',(0.0,0.0,1.0));
#8215=DIRECTION('',(1.0,0.0,0.0));
#8216=ORIENTED_EDGE('',*,*,#9963,.T.);
#8217=ORIENTED_EDGE('',*,*,#9964,.F.);
#8218=ORIENTED_EDGE('',*,*,#9965,.F.);
#8219=ORIENTED_EDGE('',*,*,#9962,.T.);
#8220=CARTESIAN_POINT('',(-1.6764,2.54,4.2672));
#8221=DIRECTION('',(0.0,0.0,-1.0));
#8222=DIRECTION('',(0.0,1.0,0.0));
#8223=ORIENTED_EDGE('',*,*,#9965,.T.);
#8224=ORIENTED_EDGE('',*,*,#9966,.F.);
#8225=ORIENTED_EDGE('',*,*,#9963,.F.);
#8226=ORIENTED_EDGE('',*,*,#9961,.T.);
#8227=CARTESIAN_POINT('',(-1.6764,2.54,4.2672));
#8228=DIRECTION('',(0.0,0.0,-1.0));
#8229=DIRECTION('',(0.0,1.0,0.0));
#8230=ORIENTED_EDGE('',*,*,#9966,.T.);
#8231=ORIENTED_EDGE('',*,*,#9964,.T.);
#8232=CARTESIAN_POINT('',(-3.937,4.7879,10.922));
#8233=DIRECTION('',(0.0,0.0,-1.0));
#8234=DIRECTION('',(0.0,-1.0,0.0));
#8235=ORIENTED_EDGE('',*,*,#9967,.F.);
#8236=ORIENTED_EDGE('',*,*,#9968,.F.);
#8237=CARTESIAN_POINT('',(5.6388,-4.7879,4.2672));
#8238=DIRECTION('',(0.0,0.0,1.0));
#8239=DIRECTION('',(1.0,0.0,0.0));
#8240=ORIENTED_EDGE('',*,*,#9969,.T.);
#8241=ORIENTED_EDGE('',*,*,#9970,.F.);
#8242=ORIENTED_EDGE('',*,*,#9971,.F.);
#8243=ORIENTED_EDGE('',*,*,#9968,.T.);
#8244=CARTESIAN_POINT('',(-1.6764,-2.54,4.2672));
#8245=DIRECTION('',(0.0,0.0,-1.0));
#8246=DIRECTION('',(0.0,1.0,0.0));
#8247=ORIENTED_EDGE('',*,*,#9971,.T.);
#8248=ORIENTED_EDGE('',*,*,#9972,.F.);
#8249=ORIENTED_EDGE('',*,*,#9969,.F.);
#8250=ORIENTED_EDGE('',*,*,#9967,.T.);
#8251=CARTESIAN_POINT('',(-1.6764,-2.54,4.2672));
#8252=DIRECTION('',(0.0,0.0,-1.0));
#8253=DIRECTION('',(0.0,1.0,0.0));
#8254=ORIENTED_EDGE('',*,*,#9972,.T.);
#8255=ORIENTED_EDGE('',*,*,#9970,.T.);
#8256=CARTESIAN_POINT('',(-3.937,4.7879,10.922));
#8257=DIRECTION('',(0.0,0.0,-1.0));
#8258=DIRECTION('',(0.0,-1.0,0.0));
#8259=ORIENTED_EDGE('',*,*,#9973,.F.);
#8260=ORIENTED_EDGE('',*,*,#9974,.F.);
#8261=CARTESIAN_POINT('',(5.6388,-4.7879,4.2672));
#8262=DIRECTION('',(0.0,0.0,1.0));
#8263=DIRECTION('',(1.0,0.0,0.0));
#8264=ORIENTED_EDGE('',*,*,#9975,.T.);
#8265=ORIENTED_EDGE('',*,*,#9976,.F.);
#8266=ORIENTED_EDGE('',*,*,#9977,.F.);
#8267=ORIENTED_EDGE('',*,*,#9974,.T.);
#8268=CARTESIAN_POINT('',(3.4036,0.0,4.2672));
#8269=DIRECTION('',(0.0,0.0,-1.0));
#8270=DIRECTION('',(0.0,1.0,0.0));
#8271=ORIENTED_EDGE('',*,*,#9977,.T.);
#8272=ORIENTED_EDGE('',*,*,#9978,.F.);
#8273=ORIENTED_EDGE('',*,*,#9975,.F.);
#8274=ORIENTED_EDGE('',*,*,#9973,.T.);
#8275=CARTESIAN_POINT('',(3.4036,0.0,4.2672));
#8276=DIRECTION('',(0.0,0.0,-1.0));
#8277=DIRECTION('',(0.0,1.0,0.0));
#8278=ORIENTED_EDGE('',*,*,#9978,.T.);
#8279=ORIENTED_EDGE('',*,*,#9976,.T.);
#8280=CARTESIAN_POINT('',(-3.937,4.7879,10.922));
#8281=DIRECTION('',(0.0,0.0,-1.0));
#8282=DIRECTION('',(0.0,-1.0,0.0));
#8283=EDGE_CURVE('',#9979,#9980,#9981,.T.);
#8284=EDGE_CURVE('',#9982,#9980,#9983,.T.);
#8285=EDGE_CURVE('',#9984,#9982,#9985,.T.);
#8286=EDGE_CURVE('',#9984,#9979,#9986,.T.);
#8287=EDGE_CURVE('',#9987,#9988,#9989,.T.);
#8288=EDGE_CURVE('',#9990,#9987,#9991,.T.);
#8289=EDGE_CURVE('',#9992,#9990,#9993,.T.);
#8290=EDGE_CURVE('',#9994,#9992,#9995,.T.);
#8291=EDGE_CURVE('',#9996,#9994,#9997,.T.);
#8292=EDGE_CURVE('',#9998,#9996,#9999,.T.);
#8293=EDGE_CURVE('',#10000,#9998,#10001,.T.);
#8294=EDGE_CURVE('',#10002,#10000,#10003,.T.);
#8295=EDGE_CURVE('',#10004,#10002,#10005,.T.);
#8296=EDGE_CURVE('',#9988,#10004,#10006,.T.);
#8297=EDGE_CURVE('',#10007,#10008,#10009,.T.);
#8298=EDGE_CURVE('',#10010,#10007,#10011,.T.);
#8299=EDGE_CURVE('',#10012,#10010,#10013,.T.);
#8300=EDGE_CURVE('',#10014,#10012,#10015,.T.);
#8301=EDGE_CURVE('',#10016,#10014,#10017,.T.);
#8302=EDGE_CURVE('',#10018,#10016,#10019,.T.);
#8303=EDGE_CURVE('',#10020,#10018,#10021,.T.);
#8304=EDGE_CURVE('',#10022,#10020,#10023,.T.);
#8305=EDGE_CURVE('',#10024,#10022,#10025,.T.);
#8306=EDGE_CURVE('',#10008,#10024,#10026,.T.);
#8307=EDGE_CURVE('',#10027,#10028,#10029,.T.);
#8308=EDGE_CURVE('',#10030,#10027,#10031,.T.);
#8309=EDGE_CURVE('',#10032,#10030,#10033,.T.);
#8310=EDGE_CURVE('',#10034,#10032,#10035,.T.);
#8311=EDGE_CURVE('',#10036,#10034,#10037,.T.);
#8312=EDGE_CURVE('',#10038,#10036,#10039,.T.);
#8313=EDGE_CURVE('',#10040,#10038,#10041,.T.);
#8314=EDGE_CURVE('',#10042,#10040,#10043,.T.);
#8315=EDGE_CURVE('',#10044,#10042,#10045,.T.);
#8316=EDGE_CURVE('',#10046,#10044,#10047,.T.);
#8317=EDGE_CURVE('',#10048,#10046,#10049,.T.);
#8318=EDGE_CURVE('',#10050,#10048,#10051,.T.);
#8319=EDGE_CURVE('',#10052,#10050,#10053,.T.);
#8320=EDGE_CURVE('',#10054,#10052,#10055,.T.);
#8321=EDGE_CURVE('',#10056,#10054,#10057,.T.);
#8322=EDGE_CURVE('',#10058,#10056,#10059,.T.);
#8323=EDGE_CURVE('',#10060,#10058,#10061,.T.);
#8324=EDGE_CURVE('',#10062,#10060,#10063,.T.);
#8325=EDGE_CURVE('',#10064,#10062,#10065,.T.);
#8326=EDGE_CURVE('',#10028,#10064,#10066,.T.);
#8327=EDGE_CURVE('',#10067,#10068,#10069,.T.);
#8328=EDGE_CURVE('',#10070,#10067,#10071,.T.);
#8329=EDGE_CURVE('',#10072,#10070,#10073,.T.);
#8330=EDGE_CURVE('',#10074,#10072,#10075,.T.);
#8331=EDGE_CURVE('',#10076,#10074,#10077,.T.);
#8332=EDGE_CURVE('',#10078,#10076,#10079,.T.);
#8333=EDGE_CURVE('',#10080,#10078,#10081,.T.);
#8334=EDGE_CURVE('',#10082,#10080,#10083,.T.);
#8335=EDGE_CURVE('',#10084,#10082,#10085,.T.);
#8336=EDGE_CURVE('',#10068,#10084,#10086,.T.);
#8337=EDGE_CURVE('',#10087,#10088,#10089,.T.);
#8338=EDGE_CURVE('',#10090,#10087,#10091,.T.);
#8339=EDGE_CURVE('',#10092,#10090,#10093,.T.);
#8340=EDGE_CURVE('',#10094,#10092,#10095,.T.);
#8341=EDGE_CURVE('',#10096,#10094,#10097,.T.);
#8342=EDGE_CURVE('',#10098,#10096,#10099,.T.);
#8343=EDGE_CURVE('',#10100,#10098,#10101,.T.);
#8344=EDGE_CURVE('',#10102,#10100,#10103,.T.);
#8345=EDGE_CURVE('',#10104,#10102,#10105,.T.);
#8346=EDGE_CURVE('',#10106,#10104,#10107,.T.);
#8347=EDGE_CURVE('',#10108,#10106,#10109,.T.);
#8348=EDGE_CURVE('',#10110,#10108,#10111,.T.);
#8349=EDGE_CURVE('',#10112,#10110,#10113,.T.);
#8350=EDGE_CURVE('',#10114,#10112,#10115,.T.);
#8351=EDGE_CURVE('',#10116,#10114,#10117,.T.);
#8352=EDGE_CURVE('',#10088,#10116,#10118,.T.);
#8353=EDGE_CURVE('',#10119,#10120,#10121,.T.);
#8354=EDGE_CURVE('',#10122,#10119,#10123,.T.);
#8355=EDGE_CURVE('',#10124,#10122,#10125,.T.);
#8356=EDGE_CURVE('',#10126,#10124,#10127,.T.);
#8357=EDGE_CURVE('',#10128,#10126,#10129,.T.);
#8358=EDGE_CURVE('',#10130,#10128,#10131,.T.);
#8359=EDGE_CURVE('',#10132,#10130,#10133,.T.);
#8360=EDGE_CURVE('',#10134,#10132,#10135,.T.);
#8361=EDGE_CURVE('',#10136,#10134,#10137,.T.);
#8362=EDGE_CURVE('',#10138,#10136,#10139,.T.);
#8363=EDGE_CURVE('',#10140,#10138,#10141,.T.);
#8364=EDGE_CURVE('',#10142,#10140,#10143,.T.);
#8365=EDGE_CURVE('',#10144,#10142,#10145,.T.);
#8366=EDGE_CURVE('',#10146,#10144,#10147,.T.);
#8367=EDGE_CURVE('',#10148,#10146,#10149,.T.);
#8368=EDGE_CURVE('',#10120,#10148,#10150,.T.);
#8369=EDGE_CURVE('',#10151,#10152,#10153,.T.);
#8370=EDGE_CURVE('',#10154,#10151,#10155,.T.);
#8371=EDGE_CURVE('',#10156,#10154,#10157,.T.);
#8372=EDGE_CURVE('',#10158,#10156,#10159,.T.);
#8373=EDGE_CURVE('',#10160,#10158,#10161,.T.);
#8374=EDGE_CURVE('',#10162,#10160,#10163,.T.);
#8375=EDGE_CURVE('',#10164,#10162,#10165,.T.);
#8376=EDGE_CURVE('',#10166,#10164,#10167,.T.);
#8377=EDGE_CURVE('',#10168,#10166,#10169,.T.);
#8378=EDGE_CURVE('',#10170,#10168,#10171,.T.);
#8379=EDGE_CURVE('',#10172,#10170,#10173,.T.);
#8380=EDGE_CURVE('',#10174,#10172,#10175,.T.);
#8381=EDGE_CURVE('',#10176,#10174,#10177,.T.);
#8382=EDGE_CURVE('',#10178,#10176,#10179,.T.);
#8383=EDGE_CURVE('',#10180,#10178,#10181,.T.);
#8384=EDGE_CURVE('',#10182,#10180,#10183,.T.);
#8385=EDGE_CURVE('',#10184,#10182,#10185,.T.);
#8386=EDGE_CURVE('',#10186,#10184,#10187,.T.);
#8387=EDGE_CURVE('',#10188,#10186,#10189,.T.);
#8388=EDGE_CURVE('',#10152,#10188,#10190,.T.);
#8389=EDGE_CURVE('',#10191,#10192,#10193,.T.);
#8390=EDGE_CURVE('',#10194,#10191,#10195,.T.);
#8391=EDGE_CURVE('',#10196,#10194,#10197,.T.);
#8392=EDGE_CURVE('',#10198,#10196,#10199,.T.);
#8393=EDGE_CURVE('',#10200,#10198,#10201,.T.);
#8394=EDGE_CURVE('',#10202,#10200,#10203,.T.);
#8395=EDGE_CURVE('',#10204,#10202,#10205,.T.);
#8396=EDGE_CURVE('',#10206,#10204,#10207,.T.);
#8397=EDGE_CURVE('',#10208,#10206,#10209,.T.);
#8398=EDGE_CURVE('',#10192,#10208,#10210,.T.);
#8399=EDGE_CURVE('',#10211,#10212,#10213,.T.);
#8400=EDGE_CURVE('',#10212,#10211,#10214,.T.);
#8401=EDGE_CURVE('',#10215,#10216,#10217,.T.);
#8402=EDGE_CURVE('',#10218,#10215,#10219,.T.);
#8403=EDGE_CURVE('',#10220,#10218,#10221,.T.);
#8404=EDGE_CURVE('',#10222,#10220,#10223,.T.);
#8405=EDGE_CURVE('',#10224,#10222,#10225,.T.);
#8406=EDGE_CURVE('',#10226,#10224,#10227,.T.);
#8407=EDGE_CURVE('',#10228,#10226,#10229,.T.);
#8408=EDGE_CURVE('',#10230,#10228,#10231,.T.);
#8409=EDGE_CURVE('',#10232,#10230,#10233,.T.);
#8410=EDGE_CURVE('',#10234,#10232,#10235,.T.);
#8411=EDGE_CURVE('',#10236,#10234,#10237,.T.);
#8412=EDGE_CURVE('',#10238,#10236,#10239,.T.);
#8413=EDGE_CURVE('',#10240,#10238,#10241,.T.);
#8414=EDGE_CURVE('',#10242,#10240,#10243,.T.);
#8415=EDGE_CURVE('',#10244,#10242,#10245,.T.);
#8416=EDGE_CURVE('',#10216,#10244,#10246,.T.);
#8417=EDGE_CURVE('',#10247,#10248,#10249,.T.);
#8418=EDGE_CURVE('',#10250,#10247,#10251,.T.);
#8419=EDGE_CURVE('',#10250,#10252,#10253,.T.);
#8420=EDGE_CURVE('',#10252,#10254,#10255,.T.);
#8421=EDGE_CURVE('',#10256,#10254,#10257,.T.);
#8422=EDGE_CURVE('',#10256,#10258,#10259,.T.);
#8423=EDGE_CURVE('',#10258,#10260,#10261,.T.);
#8424=EDGE_CURVE('',#10262,#10260,#10263,.T.);
#8425=EDGE_CURVE('',#10264,#10262,#10265,.T.);
#8426=EDGE_CURVE('',#10266,#10264,#10267,.T.);
#8427=EDGE_CURVE('',#10266,#10268,#10269,.T.);
#8428=EDGE_CURVE('',#10268,#10270,#10271,.T.);
#8429=EDGE_CURVE('',#10272,#10270,#10273,.T.);
#8430=EDGE_CURVE('',#10272,#10274,#10275,.T.);
#8431=EDGE_CURVE('',#10274,#10276,#10277,.T.);
#8432=EDGE_CURVE('',#10278,#10276,#10279,.T.);
#8433=EDGE_CURVE('',#10280,#10278,#10281,.T.);
#8434=EDGE_CURVE('',#10282,#10280,#10283,.T.);
#8435=EDGE_CURVE('',#10282,#10284,#10285,.T.);
#8436=EDGE_CURVE('',#10284,#10286,#10287,.T.);
#8437=EDGE_CURVE('',#10288,#10286,#10289,.T.);
#8438=EDGE_CURVE('',#10290,#10288,#10291,.T.);
#8439=EDGE_CURVE('',#10292,#10290,#10293,.T.);
#8440=EDGE_CURVE('',#10294,#10292,#10295,.T.);
#8441=EDGE_CURVE('',#10296,#10294,#10297,.T.);
#8442=EDGE_CURVE('',#10298,#10296,#10299,.T.);
#8443=EDGE_CURVE('',#10298,#10300,#10301,.T.);
#8444=EDGE_CURVE('',#10300,#10302,#10303,.T.);
#8445=EDGE_CURVE('',#10304,#10302,#10305,.T.);
#8446=EDGE_CURVE('',#10304,#10306,#10307,.T.);
#8447=EDGE_CURVE('',#10306,#10308,#10309,.T.);
#8448=EDGE_CURVE('',#10248,#10308,#10310,.T.);
#8449=EDGE_CURVE('',#10311,#10312,#10313,.T.);
#8450=EDGE_CURVE('',#10314,#10311,#10315,.T.);
#8451=EDGE_CURVE('',#10316,#10314,#10317,.T.);
#8452=EDGE_CURVE('',#10318,#10316,#10319,.T.);
#8453=EDGE_CURVE('',#10320,#10318,#10321,.T.);
#8454=EDGE_CURVE('',#10322,#10320,#10323,.T.);
#8455=EDGE_CURVE('',#10324,#10322,#10325,.T.);
#8456=EDGE_CURVE('',#10326,#10324,#10327,.T.);
#8457=EDGE_CURVE('',#10328,#10326,#10329,.T.);
#8458=EDGE_CURVE('',#10330,#10328,#10331,.T.);
#8459=EDGE_CURVE('',#10332,#10330,#10333,.T.);
#8460=EDGE_CURVE('',#10334,#10332,#10335,.T.);
#8461=EDGE_CURVE('',#10336,#10334,#10337,.T.);
#8462=EDGE_CURVE('',#10338,#10336,#10339,.T.);
#8463=EDGE_CURVE('',#10340,#10338,#10341,.T.);
#8464=EDGE_CURVE('',#10342,#10340,#10343,.T.);
#8465=EDGE_CURVE('',#10344,#10342,#10345,.T.);
#8466=EDGE_CURVE('',#10346,#10344,#10347,.T.);
#8467=EDGE_CURVE('',#10312,#10346,#10348,.T.);
#8468=EDGE_CURVE('',#10349,#10350,#10351,.T.);
#8469=EDGE_CURVE('',#10352,#10349,#10353,.T.);
#8470=EDGE_CURVE('',#10354,#10352,#10355,.T.);
#8471=EDGE_CURVE('',#10356,#10354,#10357,.T.);
#8472=EDGE_CURVE('',#10358,#10356,#10359,.T.);
#8473=EDGE_CURVE('',#10360,#10358,#10361,.T.);
#8474=EDGE_CURVE('',#10362,#10360,#10363,.T.);
#8475=EDGE_CURVE('',#10364,#10362,#10365,.T.);
#8476=EDGE_CURVE('',#10366,#10364,#10367,.T.);
#8477=EDGE_CURVE('',#10368,#10366,#10369,.T.);
#8478=EDGE_CURVE('',#10370,#10368,#10371,.T.);
#8479=EDGE_CURVE('',#10372,#10370,#10373,.T.);
#8480=EDGE_CURVE('',#10374,#10372,#10375,.T.);
#8481=EDGE_CURVE('',#10376,#10374,#10377,.T.);
#8482=EDGE_CURVE('',#10378,#10376,#10379,.T.);
#8483=EDGE_CURVE('',#10380,#10378,#10381,.T.);
#8484=EDGE_CURVE('',#10382,#10380,#10383,.T.);
#8485=EDGE_CURVE('',#10384,#10382,#10385,.T.);
#8486=EDGE_CURVE('',#10386,#10384,#10387,.T.);
#8487=EDGE_CURVE('',#10388,#10386,#10389,.T.);
#8488=EDGE_CURVE('',#10390,#10388,#10391,.T.);
#8489=EDGE_CURVE('',#10392,#10390,#10393,.T.);
#8490=EDGE_CURVE('',#10394,#10392,#10395,.T.);
#8491=EDGE_CURVE('',#10350,#10394,#10396,.T.);
#8492=EDGE_CURVE('',#10397,#10398,#10399,.T.);
#8493=EDGE_CURVE('',#10400,#10397,#10401,.T.);
#8494=EDGE_CURVE('',#10402,#10400,#10403,.T.);
#8495=EDGE_CURVE('',#10404,#10402,#10405,.T.);
#8496=EDGE_CURVE('',#10406,#10404,#10407,.T.);
#8497=EDGE_CURVE('',#10408,#10406,#10409,.T.);
#8498=EDGE_CURVE('',#10410,#10408,#10411,.T.);
#8499=EDGE_CURVE('',#10412,#10410,#10413,.T.);
#8500=EDGE_CURVE('',#10414,#10412,#10415,.T.);
#8501=EDGE_CURVE('',#10416,#10414,#10417,.T.);
#8502=EDGE_CURVE('',#10418,#10416,#10419,.T.);
#8503=EDGE_CURVE('',#10420,#10418,#10421,.T.);
#8504=EDGE_CURVE('',#10422,#10420,#10423,.T.);
#8505=EDGE_CURVE('',#10424,#10422,#10425,.T.);
#8506=EDGE_CURVE('',#10426,#10424,#10427,.T.);
#8507=EDGE_CURVE('',#10428,#10426,#10429,.T.);
#8508=EDGE_CURVE('',#10430,#10428,#10431,.T.);
#8509=EDGE_CURVE('',#10432,#10430,#10433,.T.);
#8510=EDGE_CURVE('',#10434,#10432,#10435,.T.);
#8511=EDGE_CURVE('',#10436,#10434,#10437,.T.);
#8512=EDGE_CURVE('',#10438,#10436,#10439,.T.);
#8513=EDGE_CURVE('',#10440,#10438,#10441,.T.);
#8514=EDGE_CURVE('',#10442,#10440,#10443,.T.);
#8515=EDGE_CURVE('',#10444,#10442,#10445,.T.);
#8516=EDGE_CURVE('',#10446,#10444,#10447,.T.);
#8517=EDGE_CURVE('',#10398,#10446,#10448,.T.);
#8518=EDGE_CURVE('',#10449,#10450,#10451,.T.);
#8519=EDGE_CURVE('',#10452,#10449,#10453,.T.);
#8520=EDGE_CURVE('',#10454,#10452,#10455,.T.);
#8521=EDGE_CURVE('',#10456,#10454,#10457,.T.);
#8522=EDGE_CURVE('',#10458,#10456,#10459,.T.);
#8523=EDGE_CURVE('',#10460,#10458,#10461,.T.);
#8524=EDGE_CURVE('',#10462,#10460,#10463,.T.);
#8525=EDGE_CURVE('',#10464,#10462,#10465,.T.);
#8526=EDGE_CURVE('',#10466,#10464,#10467,.T.);
#8527=EDGE_CURVE('',#10468,#10466,#10469,.T.);
#8528=EDGE_CURVE('',#10470,#10468,#10471,.T.);
#8529=EDGE_CURVE('',#10472,#10470,#10473,.T.);
#8530=EDGE_CURVE('',#10474,#10472,#10475,.T.);
#8531=EDGE_CURVE('',#10476,#10474,#10477,.T.);
#8532=EDGE_CURVE('',#10478,#10476,#10479,.T.);
#8533=EDGE_CURVE('',#10450,#10478,#10480,.T.);
#8534=EDGE_CURVE('',#10481,#10482,#10483,.T.);
#8535=EDGE_CURVE('',#10484,#10481,#10485,.T.);
#8536=EDGE_CURVE('',#10486,#10484,#10487,.T.);
#8537=EDGE_CURVE('',#10488,#10486,#10489,.T.);
#8538=EDGE_CURVE('',#10490,#10488,#10491,.T.);
#8539=EDGE_CURVE('',#10492,#10490,#10493,.T.);
#8540=EDGE_CURVE('',#10494,#10492,#10495,.T.);
#8541=EDGE_CURVE('',#10496,#10494,#10497,.T.);
#8542=EDGE_CURVE('',#10498,#10496,#10499,.T.);
#8543=EDGE_CURVE('',#10482,#10498,#10500,.T.);
#8544=EDGE_CURVE('',#10501,#10502,#10503,.T.);
#8545=EDGE_CURVE('',#10504,#10501,#10505,.T.);
#8546=EDGE_CURVE('',#10506,#10504,#10507,.T.);
#8547=EDGE_CURVE('',#10508,#10506,#10509,.T.);
#8548=EDGE_CURVE('',#10510,#10508,#10511,.T.);
#8549=EDGE_CURVE('',#10512,#10510,#10513,.T.);
#8550=EDGE_CURVE('',#10514,#10512,#10515,.T.);
#8551=EDGE_CURVE('',#10516,#10514,#10517,.T.);
#8552=EDGE_CURVE('',#10518,#10516,#10519,.T.);
#8553=EDGE_CURVE('',#10520,#10518,#10521,.T.);
#8554=EDGE_CURVE('',#10522,#10520,#10523,.T.);
#8555=EDGE_CURVE('',#10524,#10522,#10525,.T.);
#8556=EDGE_CURVE('',#10526,#10524,#10527,.T.);
#8557=EDGE_CURVE('',#10528,#10526,#10529,.T.);
#8558=EDGE_CURVE('',#10530,#10528,#10531,.T.);
#8559=EDGE_CURVE('',#10532,#10530,#10533,.T.);
#8560=EDGE_CURVE('',#10534,#10532,#10535,.T.);
#8561=EDGE_CURVE('',#10536,#10534,#10537,.T.);
#8562=EDGE_CURVE('',#10538,#10536,#10539,.T.);
#8563=EDGE_CURVE('',#10540,#10538,#10541,.T.);
#8564=EDGE_CURVE('',#10542,#10540,#10543,.T.);
#8565=EDGE_CURVE('',#10544,#10542,#10545,.T.);
#8566=EDGE_CURVE('',#10546,#10544,#10547,.T.);
#8567=EDGE_CURVE('',#10548,#10546,#10549,.T.);
#8568=EDGE_CURVE('',#10550,#10548,#10551,.T.);
#8569=EDGE_CURVE('',#10552,#10550,#10553,.T.);
#8570=EDGE_CURVE('',#10554,#10552,#10555,.T.);
#8571=EDGE_CURVE('',#10556,#10554,#10557,.T.);
#8572=EDGE_CURVE('',#10558,#10556,#10559,.T.);
#8573=EDGE_CURVE('',#10560,#10558,#10561,.T.);
#8574=EDGE_CURVE('',#10562,#10560,#10563,.T.);
#8575=EDGE_CURVE('',#10564,#10562,#10565,.T.);
#8576=EDGE_CURVE('',#10566,#10564,#10567,.T.);
#8577=EDGE_CURVE('',#10568,#10566,#10569,.T.);
#8578=EDGE_CURVE('',#10570,#10568,#10571,.T.);
#8579=EDGE_CURVE('',#10572,#10570,#10573,.T.);
#8580=EDGE_CURVE('',#10574,#10572,#10575,.T.);
#8581=EDGE_CURVE('',#10576,#10574,#10577,.T.);
#8582=EDGE_CURVE('',#10578,#10576,#10579,.T.);
#8583=EDGE_CURVE('',#10580,#10578,#10581,.T.);
#8584=EDGE_CURVE('',#10582,#10580,#10583,.T.);
#8585=EDGE_CURVE('',#10584,#10582,#10585,.T.);
#8586=EDGE_CURVE('',#10586,#10584,#10587,.T.);
#8587=EDGE_CURVE('',#10588,#10586,#10589,.T.);
#8588=EDGE_CURVE('',#10590,#10588,#10591,.T.);
#8589=EDGE_CURVE('',#10592,#10590,#10593,.T.);
#8590=EDGE_CURVE('',#10594,#10592,#10595,.T.);
#8591=EDGE_CURVE('',#10596,#10594,#10597,.T.);
#8592=EDGE_CURVE('',#10598,#10596,#10599,.T.);
#8593=EDGE_CURVE('',#10600,#10598,#10601,.T.);
#8594=EDGE_CURVE('',#10602,#10600,#10603,.T.);
#8595=EDGE_CURVE('',#10604,#10602,#10605,.T.);
#8596=EDGE_CURVE('',#10606,#10604,#10607,.T.);
#8597=EDGE_CURVE('',#10502,#10606,#10608,.T.);
#8598=EDGE_CURVE('',#10609,#10610,#10611,.T.);
#8599=EDGE_CURVE('',#10612,#10609,#10613,.T.);
#8600=EDGE_CURVE('',#10614,#10612,#10615,.T.);
#8601=EDGE_CURVE('',#10616,#10614,#10617,.T.);
#8602=EDGE_CURVE('',#10618,#10616,#10619,.T.);
#8603=EDGE_CURVE('',#10620,#10618,#10621,.T.);
#8604=EDGE_CURVE('',#10622,#10620,#10623,.T.);
#8605=EDGE_CURVE('',#10624,#10622,#10625,.T.);
#8606=EDGE_CURVE('',#10626,#10624,#10627,.T.);
#8607=EDGE_CURVE('',#10628,#10626,#10629,.T.);
#8608=EDGE_CURVE('',#10630,#10628,#10631,.T.);
#8609=EDGE_CURVE('',#10632,#10630,#10633,.T.);
#8610=EDGE_CURVE('',#10634,#10632,#10635,.T.);
#8611=EDGE_CURVE('',#10636,#10634,#10637,.T.);
#8612=EDGE_CURVE('',#10638,#10636,#10639,.T.);
#8613=EDGE_CURVE('',#10640,#10638,#10641,.T.);
#8614=EDGE_CURVE('',#10642,#10640,#10643,.T.);
#8615=EDGE_CURVE('',#10644,#10642,#10645,.T.);
#8616=EDGE_CURVE('',#10646,#10644,#10647,.T.);
#8617=EDGE_CURVE('',#10648,#10646,#10649,.T.);
#8618=EDGE_CURVE('',#10650,#10648,#10651,.T.);
#8619=EDGE_CURVE('',#10652,#10650,#10653,.T.);
#8620=EDGE_CURVE('',#10654,#10652,#10655,.T.);
#8621=EDGE_CURVE('',#10656,#10654,#10657,.T.);
#8622=EDGE_CURVE('',#10658,#10656,#10659,.T.);
#8623=EDGE_CURVE('',#10660,#10658,#10661,.T.);
#8624=EDGE_CURVE('',#10662,#10660,#10663,.T.);
#8625=EDGE_CURVE('',#10664,#10662,#10665,.T.);
#8626=EDGE_CURVE('',#10666,#10664,#10667,.T.);
#8627=EDGE_CURVE('',#10668,#10666,#10669,.T.);
#8628=EDGE_CURVE('',#10670,#10668,#10671,.T.);
#8629=EDGE_CURVE('',#10672,#10670,#10673,.T.);
#8630=EDGE_CURVE('',#10674,#10672,#10675,.T.);
#8631=EDGE_CURVE('',#10676,#10674,#10677,.T.);
#8632=EDGE_CURVE('',#10678,#10676,#10679,.T.);
#8633=EDGE_CURVE('',#10680,#10678,#10681,.T.);
#8634=EDGE_CURVE('',#10682,#10680,#10683,.T.);
#8635=EDGE_CURVE('',#10684,#10682,#10685,.T.);
#8636=EDGE_CURVE('',#10686,#10684,#10687,.T.);
#8637=EDGE_CURVE('',#10688,#10686,#10689,.T.);
#8638=EDGE_CURVE('',#10690,#10688,#10691,.T.);
#8639=EDGE_CURVE('',#10692,#10690,#10693,.T.);
#8640=EDGE_CURVE('',#10694,#10692,#10695,.T.);
#8641=EDGE_CURVE('',#10696,#10694,#10697,.T.);
#8642=EDGE_CURVE('',#10698,#10696,#10699,.T.);
#8643=EDGE_CURVE('',#10700,#10698,#10701,.T.);
#8644=EDGE_CURVE('',#10702,#10700,#10703,.T.);
#8645=EDGE_CURVE('',#10704,#10702,#10705,.T.);
#8646=EDGE_CURVE('',#10706,#10704,#10707,.T.);
#8647=EDGE_CURVE('',#10708,#10706,#10709,.T.);
#8648=EDGE_CURVE('',#10710,#10708,#10711,.T.);
#8649=EDGE_CURVE('',#10712,#10710,#10713,.T.);
#8650=EDGE_CURVE('',#10714,#10712,#10715,.T.);
#8651=EDGE_CURVE('',#10716,#10714,#10717,.T.);
#8652=EDGE_CURVE('',#10718,#10716,#10719,.T.);
#8653=EDGE_CURVE('',#10720,#10718,#10721,.T.);
#8654=EDGE_CURVE('',#10610,#10720,#10722,.T.);
#8655=EDGE_CURVE('',#10723,#10724,#10725,.T.);
#8656=EDGE_CURVE('',#10726,#10723,#10727,.T.);
#8657=EDGE_CURVE('',#10728,#10726,#10729,.T.);
#8658=EDGE_CURVE('',#10730,#10728,#10731,.T.);
#8659=EDGE_CURVE('',#10732,#10730,#10733,.T.);
#8660=EDGE_CURVE('',#10734,#10732,#10735,.T.);
#8661=EDGE_CURVE('',#10736,#10734,#10737,.T.);
#8662=EDGE_CURVE('',#10738,#10736,#10739,.T.);
#8663=EDGE_CURVE('',#10740,#10738,#10741,.T.);
#8664=EDGE_CURVE('',#10742,#10740,#10743,.T.);
#8665=EDGE_CURVE('',#10744,#10742,#10745,.T.);
#8666=EDGE_CURVE('',#10746,#10744,#10747,.T.);
#8667=EDGE_CURVE('',#10748,#10746,#10749,.T.);
#8668=EDGE_CURVE('',#9979,#10748,#10750,.T.);
#8669=EDGE_CURVE('',#10751,#9984,#10752,.T.);
#8670=EDGE_CURVE('',#10753,#10751,#10754,.T.);
#8671=EDGE_CURVE('',#10755,#10753,#10756,.T.);
#8672=EDGE_CURVE('',#10757,#10755,#10758,.T.);
#8673=EDGE_CURVE('',#10759,#10757,#10760,.T.);
#8674=EDGE_CURVE('',#10761,#10759,#10762,.T.);
#8675=EDGE_CURVE('',#10763,#10761,#10764,.T.);
#8676=EDGE_CURVE('',#10765,#10763,#10766,.T.);
#8677=EDGE_CURVE('',#10767,#10765,#10768,.T.);
#8678=EDGE_CURVE('',#10769,#10767,#10770,.T.);
#8679=EDGE_CURVE('',#10771,#10769,#10772,.T.);
#8680=EDGE_CURVE('',#10773,#10771,#10774,.T.);
#8681=EDGE_CURVE('',#10775,#10773,#10776,.T.);
#8682=EDGE_CURVE('',#10777,#10775,#10778,.T.);
#8683=EDGE_CURVE('',#10779,#10777,#10780,.T.);
#8684=EDGE_CURVE('',#10781,#10779,#10782,.T.);
#8685=EDGE_CURVE('',#10783,#10781,#10784,.T.);
#8686=EDGE_CURVE('',#10785,#10783,#10786,.T.);
#8687=EDGE_CURVE('',#10787,#10785,#10788,.T.);
#8688=EDGE_CURVE('',#10789,#10787,#10790,.T.);
#8689=EDGE_CURVE('',#10791,#10789,#10792,.T.);
#8690=EDGE_CURVE('',#10793,#10791,#10794,.T.);
#8691=EDGE_CURVE('',#10795,#10793,#10796,.T.);
#8692=EDGE_CURVE('',#10797,#10795,#10798,.T.);
#8693=EDGE_CURVE('',#10799,#10797,#10800,.T.);
#8694=EDGE_CURVE('',#10801,#10799,#10802,.T.);
#8695=EDGE_CURVE('',#10803,#10801,#10804,.T.);
#8696=EDGE_CURVE('',#10805,#10803,#10806,.T.);
#8697=EDGE_CURVE('',#10807,#10805,#10808,.T.);
#8698=EDGE_CURVE('',#10809,#10807,#10810,.T.);
#8699=EDGE_CURVE('',#10811,#10809,#10812,.T.);
#8700=EDGE_CURVE('',#10813,#10811,#10814,.T.);
#8701=EDGE_CURVE('',#10815,#10813,#10816,.T.);
#8702=EDGE_CURVE('',#10817,#10815,#10818,.T.);
#8703=EDGE_CURVE('',#10819,#10817,#10820,.T.);
#8704=EDGE_CURVE('',#10821,#10819,#10822,.T.);
#8705=EDGE_CURVE('',#10823,#10821,#10824,.T.);
#8706=EDGE_CURVE('',#10825,#10823,#10826,.T.);
#8707=EDGE_CURVE('',#10827,#10825,#10828,.T.);
#8708=EDGE_CURVE('',#10829,#10827,#10830,.T.);
#8709=EDGE_CURVE('',#10831,#10829,#10832,.T.);
#8710=EDGE_CURVE('',#10724,#10831,#10833,.T.);
#8711=EDGE_CURVE('',#10834,#10835,#10836,.T.);
#8712=EDGE_CURVE('',#10837,#10834,#10838,.T.);
#8713=EDGE_CURVE('',#10839,#10837,#10840,.T.);
#8714=EDGE_CURVE('',#10841,#10839,#10842,.T.);
#8715=EDGE_CURVE('',#10843,#10841,#10844,.T.);
#8716=EDGE_CURVE('',#10845,#10843,#10846,.T.);
#8717=EDGE_CURVE('',#10847,#10845,#10848,.T.);
#8718=EDGE_CURVE('',#10849,#10847,#10850,.T.);
#8719=EDGE_CURVE('',#10851,#10849,#10852,.T.);
#8720=EDGE_CURVE('',#10853,#10851,#10854,.T.);
#8721=EDGE_CURVE('',#10855,#10853,#10856,.T.);
#8722=EDGE_CURVE('',#10857,#10855,#10858,.T.);
#8723=EDGE_CURVE('',#10859,#10857,#10860,.T.);
#8724=EDGE_CURVE('',#10861,#10859,#10862,.T.);
#8725=EDGE_CURVE('',#10863,#10861,#10864,.T.);
#8726=EDGE_CURVE('',#10865,#10863,#10866,.T.);
#8727=EDGE_CURVE('',#10867,#10865,#10868,.T.);
#8728=EDGE_CURVE('',#10869,#10867,#10870,.T.);
#8729=EDGE_CURVE('',#10871,#10869,#10872,.T.);
#8730=EDGE_CURVE('',#10873,#10871,#10874,.T.);
#8731=EDGE_CURVE('',#10875,#10873,#10876,.T.);
#8732=EDGE_CURVE('',#10877,#10875,#10878,.T.);
#8733=EDGE_CURVE('',#10879,#10877,#10880,.T.);
#8734=EDGE_CURVE('',#10881,#10879,#10882,.T.);
#8735=EDGE_CURVE('',#10883,#10881,#10884,.T.);
#8736=EDGE_CURVE('',#10885,#10883,#10886,.T.);
#8737=EDGE_CURVE('',#10887,#10885,#10888,.T.);
#8738=EDGE_CURVE('',#10889,#10887,#10890,.T.);
#8739=EDGE_CURVE('',#10891,#10889,#10892,.T.);
#8740=EDGE_CURVE('',#10893,#10891,#10894,.T.);
#8741=EDGE_CURVE('',#10895,#10893,#10896,.T.);
#8742=EDGE_CURVE('',#10897,#10895,#10898,.T.);
#8743=EDGE_CURVE('',#10899,#10897,#10900,.T.);
#8744=EDGE_CURVE('',#10835,#10899,#10901,.T.);
#8745=EDGE_CURVE('',#10902,#10903,#10904,.T.);
#8746=EDGE_CURVE('',#10905,#10902,#10906,.T.);
#8747=EDGE_CURVE('',#10907,#10905,#10908,.T.);
#8748=EDGE_CURVE('',#10909,#10907,#10910,.T.);
#8749=EDGE_CURVE('',#10911,#10909,#10912,.T.);
#8750=EDGE_CURVE('',#10913,#10911,#10914,.T.);
#8751=EDGE_CURVE('',#10915,#10913,#10916,.T.);
#8752=EDGE_CURVE('',#10917,#10915,#10918,.T.);
#8753=EDGE_CURVE('',#10919,#10917,#10920,.T.);
#8754=EDGE_CURVE('',#10921,#10919,#10922,.T.);
#8755=EDGE_CURVE('',#10923,#10921,#10924,.T.);
#8756=EDGE_CURVE('',#10925,#10923,#10926,.T.);
#8757=EDGE_CURVE('',#10927,#10925,#10928,.T.);
#8758=EDGE_CURVE('',#10929,#10927,#10930,.T.);
#8759=EDGE_CURVE('',#10931,#10929,#10932,.T.);
#8760=EDGE_CURVE('',#10933,#10931,#10934,.T.);
#8761=EDGE_CURVE('',#10935,#10933,#10936,.T.);
#8762=EDGE_CURVE('',#10937,#10935,#10938,.T.);
#8763=EDGE_CURVE('',#10939,#10937,#10940,.T.);
#8764=EDGE_CURVE('',#10941,#10939,#10942,.T.);
#8765=EDGE_CURVE('',#10943,#10941,#10944,.T.);
#8766=EDGE_CURVE('',#10945,#10943,#10946,.T.);
#8767=EDGE_CURVE('',#10947,#10945,#10948,.T.);
#8768=EDGE_CURVE('',#10949,#10947,#10950,.T.);
#8769=EDGE_CURVE('',#10951,#10949,#10952,.T.);
#8770=EDGE_CURVE('',#10953,#10951,#10954,.T.);
#8771=EDGE_CURVE('',#10955,#10953,#10956,.T.);
#8772=EDGE_CURVE('',#10957,#10955,#10958,.T.);
#8773=EDGE_CURVE('',#10959,#10957,#10960,.T.);
#8774=EDGE_CURVE('',#10961,#10959,#10962,.T.);
#8775=EDGE_CURVE('',#10963,#10961,#10964,.T.);
#8776=EDGE_CURVE('',#10965,#10963,#10966,.T.);
#8777=EDGE_CURVE('',#10967,#10965,#10968,.T.);
#8778=EDGE_CURVE('',#10969,#10967,#10970,.T.);
#8779=EDGE_CURVE('',#10971,#10969,#10972,.T.);
#8780=EDGE_CURVE('',#10973,#10971,#10974,.T.);
#8781=EDGE_CURVE('',#10975,#10973,#10976,.T.);
#8782=EDGE_CURVE('',#10977,#10975,#10978,.T.);
#8783=EDGE_CURVE('',#10979,#10977,#10980,.T.);
#8784=EDGE_CURVE('',#10903,#10979,#10981,.T.);
#8785=EDGE_CURVE('',#10982,#10983,#10984,.T.);
#8786=EDGE_CURVE('',#10983,#10982,#10985,.T.);
#8787=EDGE_CURVE('',#10986,#10987,#10988,.T.);
#8788=EDGE_CURVE('',#10987,#10986,#10989,.T.);
#8789=EDGE_CURVE('',#10346,#10990,#10991,.T.);
#8790=EDGE_CURVE('',#10992,#10990,#10993,.T.);
#8791=EDGE_CURVE('',#10312,#10992,#10994,.T.);
#8792=EDGE_CURVE('',#10995,#10992,#10996,.T.);
#8793=EDGE_CURVE('',#10311,#10995,#10997,.T.);
#8794=EDGE_CURVE('',#10998,#10995,#10999,.T.);
#8795=EDGE_CURVE('',#10314,#10998,#11000,.T.);
#8796=EDGE_CURVE('',#11001,#10998,#11002,.T.);
#8797=EDGE_CURVE('',#10316,#11001,#11003,.T.);
#8798=EDGE_CURVE('',#11004,#11001,#11005,.T.);
#8799=EDGE_CURVE('',#10318,#11004,#11006,.T.);
#8800=EDGE_CURVE('',#11007,#11004,#11008,.T.);
#8801=EDGE_CURVE('',#10320,#11007,#11009,.T.);
#8802=EDGE_CURVE('',#11010,#11007,#11011,.T.);
#8803=EDGE_CURVE('',#10322,#11010,#11012,.T.);
#8804=EDGE_CURVE('',#11013,#11010,#11014,.T.);
#8805=EDGE_CURVE('',#10324,#11013,#11015,.T.);
#8806=EDGE_CURVE('',#11016,#11013,#11017,.T.);
#8807=EDGE_CURVE('',#10326,#11016,#11018,.T.);
#8808=EDGE_CURVE('',#11019,#11016,#11020,.T.);
#8809=EDGE_CURVE('',#10328,#11019,#11021,.T.);
#8810=EDGE_CURVE('',#11022,#11019,#11023,.T.);
#8811=EDGE_CURVE('',#10330,#11022,#11024,.T.);
#8812=EDGE_CURVE('',#11025,#11022,#11026,.T.);
#8813=EDGE_CURVE('',#10332,#11025,#11027,.T.);
#8814=EDGE_CURVE('',#11028,#11025,#11029,.T.);
#8815=EDGE_CURVE('',#10334,#11028,#11030,.T.);
#8816=EDGE_CURVE('',#11031,#11028,#11032,.T.);
#8817=EDGE_CURVE('',#10336,#11031,#11033,.T.);
#8818=EDGE_CURVE('',#11034,#11031,#11035,.T.);
#8819=EDGE_CURVE('',#10338,#11034,#11036,.T.);
#8820=EDGE_CURVE('',#11037,#11034,#11038,.T.);
#8821=EDGE_CURVE('',#10340,#11037,#11039,.T.);
#8822=EDGE_CURVE('',#11040,#11037,#11041,.T.);
#8823=EDGE_CURVE('',#10342,#11040,#11042,.T.);
#8824=EDGE_CURVE('',#11043,#11040,#11044,.T.);
#8825=EDGE_CURVE('',#10344,#11043,#11045,.T.);
#8826=EDGE_CURVE('',#10990,#11043,#11046,.T.);
#8827=EDGE_CURVE('',#11047,#11048,#11049,.T.);
#8828=EDGE_CURVE('',#11048,#11050,#11051,.T.);
#8829=EDGE_CURVE('',#11050,#11052,#11053,.T.);
#8830=EDGE_CURVE('',#11052,#11054,#11055,.T.);
#8831=EDGE_CURVE('',#11054,#11056,#11057,.T.);
#8832=EDGE_CURVE('',#11056,#11058,#11059,.T.);
#8833=EDGE_CURVE('',#11058,#11060,#11061,.T.);
#8834=EDGE_CURVE('',#11060,#11062,#11063,.T.);
#8835=EDGE_CURVE('',#11062,#11064,#11065,.T.);
#8836=EDGE_CURVE('',#11064,#11047,#11066,.T.);
#8837=EDGE_CURVE('',#11067,#11068,#11069,.T.);
#8838=EDGE_CURVE('',#11068,#11070,#11071,.T.);
#8839=EDGE_CURVE('',#11070,#11072,#11073,.T.);
#8840=EDGE_CURVE('',#11072,#11074,#11075,.T.);
#8841=EDGE_CURVE('',#11074,#11076,#11077,.T.);
#8842=EDGE_CURVE('',#11076,#11078,#11079,.T.);
#8843=EDGE_CURVE('',#11078,#11080,#11081,.T.);
#8844=EDGE_CURVE('',#11080,#11082,#11083,.T.);
#8845=EDGE_CURVE('',#11082,#11084,#11085,.T.);
#8846=EDGE_CURVE('',#11084,#11067,#11086,.T.);
#8847=EDGE_CURVE('',#11087,#11088,#11089,.T.);
#8848=EDGE_CURVE('',#11088,#11090,#11091,.T.);
#8849=EDGE_CURVE('',#11090,#11092,#11093,.T.);
#8850=EDGE_CURVE('',#11092,#11094,#11095,.T.);
#8851=EDGE_CURVE('',#11094,#11096,#11097,.T.);
#8852=EDGE_CURVE('',#11096,#11098,#11099,.T.);
#8853=EDGE_CURVE('',#11098,#11100,#11101,.T.);
#8854=EDGE_CURVE('',#11100,#11102,#11103,.T.);
#8855=EDGE_CURVE('',#11102,#11104,#11105,.T.);
#8856=EDGE_CURVE('',#11104,#11106,#11107,.T.);
#8857=EDGE_CURVE('',#11106,#11108,#11109,.T.);
#8858=EDGE_CURVE('',#11108,#11110,#11111,.T.);
#8859=EDGE_CURVE('',#11110,#11112,#11113,.T.);
#8860=EDGE_CURVE('',#11112,#11114,#11115,.T.);
#8861=EDGE_CURVE('',#11114,#11116,#11117,.T.);
#8862=EDGE_CURVE('',#11116,#11118,#11119,.T.);
#8863=EDGE_CURVE('',#11118,#11120,#11121,.T.);
#8864=EDGE_CURVE('',#11120,#11122,#11123,.T.);
#8865=EDGE_CURVE('',#11122,#11124,#11125,.T.);
#8866=EDGE_CURVE('',#11124,#11126,#11127,.T.);
#8867=EDGE_CURVE('',#11126,#11128,#11129,.T.);
#8868=EDGE_CURVE('',#11128,#11130,#11131,.T.);
#8869=EDGE_CURVE('',#11130,#11132,#11133,.T.);
#8870=EDGE_CURVE('',#11132,#11087,#11134,.T.);
#8871=EDGE_CURVE('',#11135,#11136,#11137,.T.);
#8872=EDGE_CURVE('',#11136,#11138,#11139,.T.);
#8873=EDGE_CURVE('',#11138,#11140,#11141,.T.);
#8874=EDGE_CURVE('',#11140,#11142,#11143,.T.);
#8875=EDGE_CURVE('',#11142,#11144,#11145,.T.);
#8876=EDGE_CURVE('',#11144,#11146,#11147,.T.);
#8877=EDGE_CURVE('',#11146,#11148,#11149,.T.);
#8878=EDGE_CURVE('',#11148,#11150,#11151,.T.);
#8879=EDGE_CURVE('',#11150,#11152,#11153,.T.);
#8880=EDGE_CURVE('',#11152,#11154,#11155,.T.);
#8881=EDGE_CURVE('',#11154,#11156,#11157,.T.);
#8882=EDGE_CURVE('',#11156,#11158,#11159,.T.);
#8883=EDGE_CURVE('',#11158,#11160,#11161,.T.);
#8884=EDGE_CURVE('',#11160,#11162,#11163,.T.);
#8885=EDGE_CURVE('',#11162,#11164,#11165,.T.);
#8886=EDGE_CURVE('',#11164,#11166,#11167,.T.);
#8887=EDGE_CURVE('',#11166,#11168,#11169,.T.);
#8888=EDGE_CURVE('',#11168,#11170,#11171,.T.);
#8889=EDGE_CURVE('',#11170,#11172,#11173,.T.);
#8890=EDGE_CURVE('',#11172,#11135,#11174,.T.);
#8891=EDGE_CURVE('',#11175,#11176,#11177,.T.);
#8892=EDGE_CURVE('',#11176,#11178,#11179,.T.);
#8893=EDGE_CURVE('',#11178,#11180,#11181,.T.);
#8894=EDGE_CURVE('',#11180,#11182,#11183,.T.);
#8895=EDGE_CURVE('',#11182,#11184,#11185,.T.);
#8896=EDGE_CURVE('',#11184,#11186,#11187,.T.);
#8897=EDGE_CURVE('',#11186,#11188,#11189,.T.);
#8898=EDGE_CURVE('',#11188,#11190,#11191,.T.);
#8899=EDGE_CURVE('',#11190,#11192,#11193,.T.);
#8900=EDGE_CURVE('',#11192,#11194,#11195,.T.);
#8901=EDGE_CURVE('',#11194,#11196,#11197,.T.);
#8902=EDGE_CURVE('',#11196,#11198,#11199,.T.);
#8903=EDGE_CURVE('',#11198,#11200,#11201,.T.);
#8904=EDGE_CURVE('',#11200,#11202,#11203,.T.);
#8905=EDGE_CURVE('',#11202,#11204,#11205,.T.);
#8906=EDGE_CURVE('',#11204,#11206,#11207,.T.);
#8907=EDGE_CURVE('',#11206,#11208,#11209,.T.);
#8908=EDGE_CURVE('',#11208,#11210,#11211,.T.);
#8909=EDGE_CURVE('',#11210,#11212,#11213,.T.);
#8910=EDGE_CURVE('',#11212,#11214,#11215,.T.);
#8911=EDGE_CURVE('',#11214,#11216,#11217,.T.);
#8912=EDGE_CURVE('',#11216,#11218,#11219,.T.);
#8913=EDGE_CURVE('',#11218,#11220,#11221,.T.);
#8914=EDGE_CURVE('',#11220,#11222,#11223,.T.);
#8915=EDGE_CURVE('',#11222,#11224,#11225,.T.);
#8916=EDGE_CURVE('',#11224,#11175,#11226,.T.);
#8917=EDGE_CURVE('',#11227,#11228,#11229,.T.);
#8918=EDGE_CURVE('',#11228,#11230,#11231,.T.);
#8919=EDGE_CURVE('',#11230,#11232,#11233,.T.);
#8920=EDGE_CURVE('',#11232,#11234,#11235,.T.);
#8921=EDGE_CURVE('',#11234,#11236,#11237,.T.);
#8922=EDGE_CURVE('',#11236,#11238,#11239,.T.);
#8923=EDGE_CURVE('',#11238,#11240,#11241,.T.);
#8924=EDGE_CURVE('',#11240,#11242,#11243,.T.);
#8925=EDGE_CURVE('',#11242,#11244,#11245,.T.);
#8926=EDGE_CURVE('',#11244,#11246,#11247,.T.);
#8927=EDGE_CURVE('',#11246,#11248,#11249,.T.);
#8928=EDGE_CURVE('',#11248,#11250,#11251,.T.);
#8929=EDGE_CURVE('',#11250,#11252,#11253,.T.);
#8930=EDGE_CURVE('',#11252,#11254,#11255,.T.);
#8931=EDGE_CURVE('',#11254,#11256,#11257,.T.);
#8932=EDGE_CURVE('',#11256,#11227,#11258,.T.);
#8933=EDGE_CURVE('',#11259,#11260,#11261,.T.);
#8934=EDGE_CURVE('',#11260,#11262,#11263,.T.);
#8935=EDGE_CURVE('',#11262,#11264,#11265,.T.);
#8936=EDGE_CURVE('',#11264,#11266,#11267,.T.);
#8937=EDGE_CURVE('',#11266,#11268,#11269,.T.);
#8938=EDGE_CURVE('',#11268,#11270,#11271,.T.);
#8939=EDGE_CURVE('',#11270,#11272,#11273,.T.);
#8940=EDGE_CURVE('',#11272,#11274,#11275,.T.);
#8941=EDGE_CURVE('',#11274,#11276,#11277,.T.);
#8942=EDGE_CURVE('',#11276,#11259,#11278,.T.);
#8943=EDGE_CURVE('',#11279,#11280,#11281,.T.);
#8944=EDGE_CURVE('',#11280,#11282,#11283,.T.);
#8945=EDGE_CURVE('',#11282,#11284,#11285,.T.);
#8946=EDGE_CURVE('',#11284,#11286,#11287,.T.);
#8947=EDGE_CURVE('',#11286,#11288,#11289,.T.);
#8948=EDGE_CURVE('',#11288,#11290,#11291,.T.);
#8949=EDGE_CURVE('',#11290,#11292,#11293,.T.);
#8950=EDGE_CURVE('',#11292,#11294,#11295,.T.);
#8951=EDGE_CURVE('',#11294,#11296,#11297,.T.);
#8952=EDGE_CURVE('',#11296,#11279,#11298,.T.);
#8953=EDGE_CURVE('',#11299,#11300,#11301,.T.);
#8954=EDGE_CURVE('',#11300,#11302,#11303,.T.);
#8955=EDGE_CURVE('',#11302,#11304,#11305,.T.);
#8956=EDGE_CURVE('',#11304,#11306,#11307,.T.);
#8957=EDGE_CURVE('',#11306,#11308,#11309,.T.);
#8958=EDGE_CURVE('',#11308,#11310,#11311,.T.);
#8959=EDGE_CURVE('',#11310,#11312,#11313,.T.);
#8960=EDGE_CURVE('',#11312,#11314,#11315,.T.);
#8961=EDGE_CURVE('',#11314,#11316,#11317,.T.);
#8962=EDGE_CURVE('',#11316,#11318,#11319,.T.);
#8963=EDGE_CURVE('',#11318,#11320,#11321,.T.);
#8964=EDGE_CURVE('',#11320,#11322,#11323,.T.);
#8965=EDGE_CURVE('',#11322,#11324,#11325,.T.);
#8966=EDGE_CURVE('',#11324,#11326,#11327,.T.);
#8967=EDGE_CURVE('',#11326,#11328,#11329,.T.);
#8968=EDGE_CURVE('',#11328,#11330,#11331,.T.);
#8969=EDGE_CURVE('',#11330,#11332,#11333,.T.);
#8970=EDGE_CURVE('',#11332,#11334,#11335,.T.);
#8971=EDGE_CURVE('',#11334,#11336,#11337,.T.);
#8972=EDGE_CURVE('',#11336,#11338,#11339,.T.);
#8973=EDGE_CURVE('',#11338,#11340,#11341,.T.);
#8974=EDGE_CURVE('',#11340,#11342,#11343,.T.);
#8975=EDGE_CURVE('',#11342,#11344,#11345,.T.);
#8976=EDGE_CURVE('',#11344,#11346,#11347,.T.);
#8977=EDGE_CURVE('',#11346,#11348,#11349,.T.);
#8978=EDGE_CURVE('',#11348,#11350,#11351,.T.);
#8979=EDGE_CURVE('',#11350,#11352,#11353,.T.);
#8980=EDGE_CURVE('',#11352,#11354,#11355,.T.);
#8981=EDGE_CURVE('',#11354,#11356,#11357,.T.);
#8982=EDGE_CURVE('',#11356,#11358,#11359,.T.);
#8983=EDGE_CURVE('',#11358,#11360,#11361,.T.);
#8984=EDGE_CURVE('',#11360,#11362,#11363,.T.);
#8985=EDGE_CURVE('',#11362,#11364,#11365,.T.);
#8986=EDGE_CURVE('',#11364,#11366,#11367,.T.);
#8987=EDGE_CURVE('',#11366,#11368,#11369,.T.);
#8988=EDGE_CURVE('',#11368,#11370,#11371,.T.);
#8989=EDGE_CURVE('',#11370,#11372,#11373,.T.);
#8990=EDGE_CURVE('',#11372,#11374,#11375,.T.);
#8991=EDGE_CURVE('',#11374,#11376,#11377,.T.);
#8992=EDGE_CURVE('',#11376,#11378,#11379,.T.);
#8993=EDGE_CURVE('',#11378,#11380,#11381,.T.);
#8994=EDGE_CURVE('',#11380,#11382,#11383,.T.);
#8995=EDGE_CURVE('',#11382,#11384,#11385,.T.);
#8996=EDGE_CURVE('',#11384,#11386,#11387,.T.);
#8997=EDGE_CURVE('',#11386,#11388,#11389,.T.);
#8998=EDGE_CURVE('',#11388,#11390,#11391,.T.);
#8999=EDGE_CURVE('',#11390,#11392,#11393,.T.);
#9000=EDGE_CURVE('',#11392,#11394,#11395,.T.);
#9001=EDGE_CURVE('',#11394,#11396,#11397,.T.);
#9002=EDGE_CURVE('',#11396,#11398,#11399,.T.);
#9003=EDGE_CURVE('',#11398,#11400,#11401,.T.);
#9004=EDGE_CURVE('',#11400,#11402,#11403,.T.);
#9005=EDGE_CURVE('',#11402,#11404,#11405,.T.);
#9006=EDGE_CURVE('',#11404,#11299,#11406,.T.);
#9007=EDGE_CURVE('',#11407,#11408,#11409,.T.);
#9008=EDGE_CURVE('',#11408,#11410,#11411,.T.);
#9009=EDGE_CURVE('',#11410,#11412,#11413,.T.);
#9010=EDGE_CURVE('',#11412,#11414,#11415,.T.);
#9011=EDGE_CURVE('',#11414,#11416,#11417,.T.);
#9012=EDGE_CURVE('',#11416,#11418,#11419,.T.);
#9013=EDGE_CURVE('',#11418,#11420,#11421,.T.);
#9014=EDGE_CURVE('',#11420,#11422,#11423,.T.);
#9015=EDGE_CURVE('',#11422,#11424,#11425,.T.);
#9016=EDGE_CURVE('',#11424,#11426,#11427,.T.);
#9017=EDGE_CURVE('',#11426,#11428,#11429,.T.);
#9018=EDGE_CURVE('',#11428,#11430,#11431,.T.);
#9019=EDGE_CURVE('',#11430,#11432,#11433,.T.);
#9020=EDGE_CURVE('',#11432,#11434,#11435,.T.);
#9021=EDGE_CURVE('',#11434,#11436,#11437,.T.);
#9022=EDGE_CURVE('',#11436,#11438,#11439,.T.);
#9023=EDGE_CURVE('',#11438,#11440,#11441,.T.);
#9024=EDGE_CURVE('',#11440,#11442,#11443,.T.);
#9025=EDGE_CURVE('',#11442,#11444,#11445,.T.);
#9026=EDGE_CURVE('',#11444,#11446,#11447,.T.);
#9027=EDGE_CURVE('',#11446,#11448,#11449,.T.);
#9028=EDGE_CURVE('',#11448,#11450,#11451,.T.);
#9029=EDGE_CURVE('',#11450,#11452,#11453,.T.);
#9030=EDGE_CURVE('',#11452,#11454,#11455,.T.);
#9031=EDGE_CURVE('',#11454,#11456,#11457,.T.);
#9032=EDGE_CURVE('',#11456,#11458,#11459,.T.);
#9033=EDGE_CURVE('',#11458,#11460,#11461,.T.);
#9034=EDGE_CURVE('',#11460,#11462,#11463,.T.);
#9035=EDGE_CURVE('',#11462,#11464,#11465,.T.);
#9036=EDGE_CURVE('',#11464,#11466,#11467,.T.);
#9037=EDGE_CURVE('',#11466,#11468,#11469,.T.);
#9038=EDGE_CURVE('',#11468,#11470,#11471,.T.);
#9039=EDGE_CURVE('',#11470,#11472,#11473,.T.);
#9040=EDGE_CURVE('',#11472,#11474,#11475,.T.);
#9041=EDGE_CURVE('',#11474,#11476,#11477,.T.);
#9042=EDGE_CURVE('',#11476,#11478,#11479,.T.);
#9043=EDGE_CURVE('',#11478,#11480,#11481,.T.);
#9044=EDGE_CURVE('',#11480,#11482,#11483,.T.);
#9045=EDGE_CURVE('',#11482,#11484,#11485,.T.);
#9046=EDGE_CURVE('',#11484,#11486,#11487,.T.);
#9047=EDGE_CURVE('',#11486,#11488,#11489,.T.);
#9048=EDGE_CURVE('',#11488,#11490,#11491,.T.);
#9049=EDGE_CURVE('',#11490,#11492,#11493,.T.);
#9050=EDGE_CURVE('',#11492,#11494,#11495,.T.);
#9051=EDGE_CURVE('',#11494,#11496,#11497,.T.);
#9052=EDGE_CURVE('',#11496,#11498,#11499,.T.);
#9053=EDGE_CURVE('',#11498,#11500,#11501,.T.);
#9054=EDGE_CURVE('',#11500,#11502,#11503,.T.);
#9055=EDGE_CURVE('',#11502,#11504,#11505,.T.);
#9056=EDGE_CURVE('',#11504,#11506,#11507,.T.);
#9057=EDGE_CURVE('',#11506,#11508,#11509,.T.);
#9058=EDGE_CURVE('',#11508,#11510,#11511,.T.);
#9059=EDGE_CURVE('',#11510,#11512,#11513,.T.);
#9060=EDGE_CURVE('',#11512,#11514,#11515,.T.);
#9061=EDGE_CURVE('',#11514,#11516,#11517,.T.);
#9062=EDGE_CURVE('',#11516,#11518,#11519,.T.);
#9063=EDGE_CURVE('',#11518,#11407,#11520,.T.);
#9064=EDGE_CURVE('',#11521,#11522,#11523,.T.);
#9065=EDGE_CURVE('',#11522,#11524,#11525,.T.);
#9066=EDGE_CURVE('',#11524,#11526,#11527,.T.);
#9067=EDGE_CURVE('',#11526,#11528,#11529,.T.);
#9068=EDGE_CURVE('',#11528,#11530,#11531,.T.);
#9069=EDGE_CURVE('',#11530,#11532,#11533,.T.);
#9070=EDGE_CURVE('',#11532,#11534,#11535,.T.);
#9071=EDGE_CURVE('',#11534,#11536,#11537,.T.);
#9072=EDGE_CURVE('',#11536,#11538,#11539,.T.);
#9073=EDGE_CURVE('',#11538,#11540,#11541,.T.);
#9074=EDGE_CURVE('',#11540,#11542,#11543,.T.);
#9075=EDGE_CURVE('',#11542,#11544,#11545,.T.);
#9076=EDGE_CURVE('',#11544,#11546,#11547,.T.);
#9077=EDGE_CURVE('',#11546,#11548,#11549,.T.);
#9078=EDGE_CURVE('',#11548,#11550,#11551,.T.);
#9079=EDGE_CURVE('',#11550,#11552,#11553,.T.);
#9080=EDGE_CURVE('',#11552,#11554,#11555,.T.);
#9081=EDGE_CURVE('',#11554,#11556,#11557,.T.);
#9082=EDGE_CURVE('',#11556,#11558,#11559,.T.);
#9083=EDGE_CURVE('',#11558,#11560,#11561,.T.);
#9084=EDGE_CURVE('',#11560,#11562,#11563,.T.);
#9085=EDGE_CURVE('',#11562,#11564,#11565,.T.);
#9086=EDGE_CURVE('',#11564,#11566,#11567,.T.);
#9087=EDGE_CURVE('',#11566,#11568,#11569,.T.);
#9088=EDGE_CURVE('',#11568,#11570,#11571,.T.);
#9089=EDGE_CURVE('',#11570,#11572,#11573,.T.);
#9090=EDGE_CURVE('',#11572,#11574,#11575,.T.);
#9091=EDGE_CURVE('',#11574,#11576,#11577,.T.);
#9092=EDGE_CURVE('',#11576,#11578,#11579,.T.);
#9093=EDGE_CURVE('',#11578,#11580,#11581,.T.);
#9094=EDGE_CURVE('',#11580,#11582,#11583,.T.);
#9095=EDGE_CURVE('',#11582,#11584,#11585,.T.);
#9096=EDGE_CURVE('',#11584,#11586,#11587,.T.);
#9097=EDGE_CURVE('',#11586,#11588,#11589,.T.);
#9098=EDGE_CURVE('',#11588,#11590,#11591,.T.);
#9099=EDGE_CURVE('',#11590,#11592,#11593,.T.);
#9100=EDGE_CURVE('',#11592,#11594,#11595,.T.);
#9101=EDGE_CURVE('',#11594,#11596,#11597,.T.);
#9102=EDGE_CURVE('',#11596,#11598,#11599,.T.);
#9103=EDGE_CURVE('',#11598,#11600,#11601,.T.);
#9104=EDGE_CURVE('',#11600,#9982,#11602,.T.);
#9105=EDGE_CURVE('',#9980,#11603,#11604,.T.);
#9106=EDGE_CURVE('',#11603,#11605,#11606,.T.);
#9107=EDGE_CURVE('',#11605,#11607,#11608,.T.);
#9108=EDGE_CURVE('',#11607,#11609,#11610,.T.);
#9109=EDGE_CURVE('',#11609,#11611,#11612,.T.);
#9110=EDGE_CURVE('',#11611,#11613,#11614,.T.);
#9111=EDGE_CURVE('',#11613,#11615,#11616,.T.);
#9112=EDGE_CURVE('',#11615,#11617,#11618,.T.);
#9113=EDGE_CURVE('',#11617,#11619,#11620,.T.);
#9114=EDGE_CURVE('',#11619,#11621,#11622,.T.);
#9115=EDGE_CURVE('',#11621,#11623,#11624,.T.);
#9116=EDGE_CURVE('',#11623,#11625,#11626,.T.);
#9117=EDGE_CURVE('',#11625,#11627,#11628,.T.);
#9118=EDGE_CURVE('',#11627,#11629,#11630,.T.);
#9119=EDGE_CURVE('',#11629,#11521,#11631,.T.);
#9120=EDGE_CURVE('',#11632,#11633,#11634,.T.);
#9121=EDGE_CURVE('',#11633,#11635,#11636,.T.);
#9122=EDGE_CURVE('',#11635,#11637,#11638,.T.);
#9123=EDGE_CURVE('',#11637,#11639,#11640,.T.);
#9124=EDGE_CURVE('',#11639,#11641,#11642,.T.);
#9125=EDGE_CURVE('',#11641,#11643,#11644,.T.);
#9126=EDGE_CURVE('',#11643,#11645,#11646,.T.);
#9127=EDGE_CURVE('',#11645,#11647,#11648,.T.);
#9128=EDGE_CURVE('',#11647,#11649,#11650,.T.);
#9129=EDGE_CURVE('',#11649,#11651,#11652,.T.);
#9130=EDGE_CURVE('',#11651,#11653,#11654,.T.);
#9131=EDGE_CURVE('',#11653,#11655,#11656,.T.);
#9132=EDGE_CURVE('',#11655,#11657,#11658,.T.);
#9133=EDGE_CURVE('',#11657,#11659,#11660,.T.);
#9134=EDGE_CURVE('',#11659,#11661,#11662,.T.);
#9135=EDGE_CURVE('',#11661,#11663,#11664,.T.);
#9136=EDGE_CURVE('',#11663,#11665,#11666,.T.);
#9137=EDGE_CURVE('',#11665,#11667,#11668,.T.);
#9138=EDGE_CURVE('',#11667,#11669,#11670,.T.);
#9139=EDGE_CURVE('',#11669,#11671,#11672,.T.);
#9140=EDGE_CURVE('',#11671,#11673,#11674,.T.);
#9141=EDGE_CURVE('',#11673,#11675,#11676,.T.);
#9142=EDGE_CURVE('',#11675,#11677,#11678,.T.);
#9143=EDGE_CURVE('',#11677,#11679,#11680,.T.);
#9144=EDGE_CURVE('',#11679,#11681,#11682,.T.);
#9145=EDGE_CURVE('',#11681,#11683,#11684,.T.);
#9146=EDGE_CURVE('',#11683,#11685,#11686,.T.);
#9147=EDGE_CURVE('',#11685,#11687,#11688,.T.);
#9148=EDGE_CURVE('',#11687,#11689,#11690,.T.);
#9149=EDGE_CURVE('',#11689,#11691,#11692,.T.);
#9150=EDGE_CURVE('',#11691,#11693,#11694,.T.);
#9151=EDGE_CURVE('',#11693,#11695,#11696,.T.);
#9152=EDGE_CURVE('',#11695,#11697,#11698,.T.);
#9153=EDGE_CURVE('',#11697,#11632,#11699,.T.);
#9154=EDGE_CURVE('',#11700,#11701,#11702,.T.);
#9155=EDGE_CURVE('',#11701,#11703,#11704,.T.);
#9156=EDGE_CURVE('',#11703,#11705,#11706,.T.);
#9157=EDGE_CURVE('',#11705,#11707,#11708,.T.);
#9158=EDGE_CURVE('',#11707,#11709,#11710,.T.);
#9159=EDGE_CURVE('',#11709,#11711,#11712,.T.);
#9160=EDGE_CURVE('',#11711,#11713,#11714,.T.);
#9161=EDGE_CURVE('',#11713,#11715,#11716,.T.);
#9162=EDGE_CURVE('',#11715,#11717,#11718,.T.);
#9163=EDGE_CURVE('',#11717,#11719,#11720,.T.);
#9164=EDGE_CURVE('',#11719,#11721,#11722,.T.);
#9165=EDGE_CURVE('',#11721,#11723,#11724,.T.);
#9166=EDGE_CURVE('',#11723,#11725,#11726,.T.);
#9167=EDGE_CURVE('',#11725,#11727,#11728,.T.);
#9168=EDGE_CURVE('',#11727,#11729,#11730,.T.);
#9169=EDGE_CURVE('',#11729,#11700,#11731,.T.);
#9170=EDGE_CURVE('',#11732,#11733,#11734,.T.);
#9171=EDGE_CURVE('',#11733,#11735,#11736,.T.);
#9172=EDGE_CURVE('',#11735,#11737,#11738,.T.);
#9173=EDGE_CURVE('',#11737,#11739,#11740,.T.);
#9174=EDGE_CURVE('',#11739,#11741,#11742,.T.);
#9175=EDGE_CURVE('',#11741,#11743,#11744,.T.);
#9176=EDGE_CURVE('',#11743,#11745,#11746,.T.);
#9177=EDGE_CURVE('',#11745,#11747,#11748,.T.);
#9178=EDGE_CURVE('',#11747,#11749,#11750,.T.);
#9179=EDGE_CURVE('',#11749,#11751,#11752,.T.);
#9180=EDGE_CURVE('',#11751,#11753,#11754,.T.);
#9181=EDGE_CURVE('',#11753,#11755,#11756,.T.);
#9182=EDGE_CURVE('',#11755,#11757,#11758,.T.);
#9183=EDGE_CURVE('',#11757,#11759,#11760,.T.);
#9184=EDGE_CURVE('',#11759,#11761,#11762,.T.);
#9185=EDGE_CURVE('',#11761,#11732,#11763,.T.);
#9186=EDGE_CURVE('',#11764,#11765,#11766,.T.);
#9187=EDGE_CURVE('',#11765,#11767,#11768,.T.);
#9188=EDGE_CURVE('',#11767,#11769,#11770,.T.);
#9189=EDGE_CURVE('',#11769,#11771,#11772,.T.);
#9190=EDGE_CURVE('',#11771,#11773,#11774,.T.);
#9191=EDGE_CURVE('',#11773,#11775,#11776,.T.);
#9192=EDGE_CURVE('',#11775,#11777,#11778,.T.);
#9193=EDGE_CURVE('',#11777,#11779,#11780,.T.);
#9194=EDGE_CURVE('',#11779,#11781,#11782,.T.);
#9195=EDGE_CURVE('',#11781,#11783,#11784,.T.);
#9196=EDGE_CURVE('',#11783,#11785,#11786,.T.);
#9197=EDGE_CURVE('',#11785,#11787,#11788,.T.);
#9198=EDGE_CURVE('',#11787,#11789,#11790,.T.);
#9199=EDGE_CURVE('',#11789,#11791,#11792,.T.);
#9200=EDGE_CURVE('',#11791,#11793,#11794,.T.);
#9201=EDGE_CURVE('',#11793,#11795,#11796,.T.);
#9202=EDGE_CURVE('',#11795,#11797,#11798,.T.);
#9203=EDGE_CURVE('',#11797,#11799,#11800,.T.);
#9204=EDGE_CURVE('',#11799,#11801,#11802,.T.);
#9205=EDGE_CURVE('',#11801,#11803,#11804,.T.);
#9206=EDGE_CURVE('',#11803,#11805,#11806,.T.);
#9207=EDGE_CURVE('',#11805,#11807,#11808,.T.);
#9208=EDGE_CURVE('',#11807,#11809,#11810,.T.);
#9209=EDGE_CURVE('',#11809,#11811,#11812,.T.);
#9210=EDGE_CURVE('',#11811,#11813,#11814,.T.);
#9211=EDGE_CURVE('',#11813,#11815,#11816,.T.);
#9212=EDGE_CURVE('',#11815,#11817,#11818,.T.);
#9213=EDGE_CURVE('',#11817,#11819,#11820,.T.);
#9214=EDGE_CURVE('',#11819,#11821,#11822,.T.);
#9215=EDGE_CURVE('',#11821,#11823,#11824,.T.);
#9216=EDGE_CURVE('',#11823,#11825,#11826,.T.);
#9217=EDGE_CURVE('',#11825,#11827,#11828,.T.);
#9218=EDGE_CURVE('',#11827,#11829,#11830,.T.);
#9219=EDGE_CURVE('',#11829,#11831,#11832,.T.);
#9220=EDGE_CURVE('',#11831,#11833,#11834,.T.);
#9221=EDGE_CURVE('',#11833,#11835,#11836,.T.);
#9222=EDGE_CURVE('',#11835,#11837,#11838,.T.);
#9223=EDGE_CURVE('',#11837,#11839,#11840,.T.);
#9224=EDGE_CURVE('',#11839,#11841,#11842,.T.);
#9225=EDGE_CURVE('',#11841,#11764,#11843,.T.);
#9226=EDGE_CURVE('',#11844,#11845,#11846,.T.);
#9227=EDGE_CURVE('',#11845,#11847,#11848,.T.);
#9228=EDGE_CURVE('',#11847,#11849,#11850,.T.);
#9229=EDGE_CURVE('',#11849,#11851,#11852,.T.);
#9230=EDGE_CURVE('',#11851,#11853,#11854,.T.);
#9231=EDGE_CURVE('',#11853,#11855,#11856,.T.);
#9232=EDGE_CURVE('',#11855,#11857,#11858,.T.);
#9233=EDGE_CURVE('',#11857,#11859,#11860,.T.);
#9234=EDGE_CURVE('',#11859,#11861,#11862,.T.);
#9235=EDGE_CURVE('',#11861,#11863,#11864,.T.);
#9236=EDGE_CURVE('',#11863,#11865,#11866,.T.);
#9237=EDGE_CURVE('',#11865,#11867,#11868,.T.);
#9238=EDGE_CURVE('',#11867,#11869,#11870,.T.);
#9239=EDGE_CURVE('',#11869,#11871,#11872,.T.);
#9240=EDGE_CURVE('',#11871,#11873,#11874,.T.);
#9241=EDGE_CURVE('',#11873,#11875,#11876,.T.);
#9242=EDGE_CURVE('',#11875,#11877,#11878,.T.);
#9243=EDGE_CURVE('',#11877,#11879,#11880,.T.);
#9244=EDGE_CURVE('',#11879,#11881,#11882,.T.);
#9245=EDGE_CURVE('',#11881,#11844,#11883,.T.);
#9246=EDGE_CURVE('',#10004,#11047,#11884,.T.);
#9247=EDGE_CURVE('',#9988,#11064,#11885,.T.);
#9248=EDGE_CURVE('',#9987,#11062,#11886,.T.);
#9249=EDGE_CURVE('',#9990,#11060,#11887,.T.);
#9250=EDGE_CURVE('',#9992,#11058,#11888,.T.);
#9251=EDGE_CURVE('',#9994,#11056,#11889,.T.);
#9252=EDGE_CURVE('',#9996,#11054,#11890,.T.);
#9253=EDGE_CURVE('',#9998,#11052,#11891,.T.);
#9254=EDGE_CURVE('',#10000,#11050,#11892,.T.);
#9255=EDGE_CURVE('',#10002,#11048,#11893,.T.);
#9256=EDGE_CURVE('',#10024,#11067,#11894,.T.);
#9257=EDGE_CURVE('',#10008,#11084,#11895,.T.);
#9258=EDGE_CURVE('',#10007,#11082,#11896,.T.);
#9259=EDGE_CURVE('',#10010,#11080,#11897,.T.);
#9260=EDGE_CURVE('',#10012,#11078,#11898,.T.);
#9261=EDGE_CURVE('',#10014,#11076,#11899,.T.);
#9262=EDGE_CURVE('',#10016,#11074,#11900,.T.);
#9263=EDGE_CURVE('',#10018,#11072,#11901,.T.);
#9264=EDGE_CURVE('',#10020,#11070,#11902,.T.);
#9265=EDGE_CURVE('',#10022,#11068,#11903,.T.);
#9266=EDGE_CURVE('',#10394,#11087,#11904,.T.);
#9267=EDGE_CURVE('',#10350,#11132,#11905,.T.);
#9268=EDGE_CURVE('',#10349,#11130,#11906,.T.);
#9269=EDGE_CURVE('',#10352,#11128,#11907,.T.);
#9270=EDGE_CURVE('',#10354,#11126,#11908,.T.);
#9271=EDGE_CURVE('',#10356,#11124,#11909,.T.);
#9272=EDGE_CURVE('',#10358,#11122,#11910,.T.);
#9273=EDGE_CURVE('',#10360,#11120,#11911,.T.);
#9274=EDGE_CURVE('',#10362,#11118,#11912,.T.);
#9275=EDGE_CURVE('',#10364,#11116,#11913,.T.);
#9276=EDGE_CURVE('',#10366,#11114,#11914,.T.);
#9277=EDGE_CURVE('',#10368,#11112,#11915,.T.);
#9278=EDGE_CURVE('',#10370,#11110,#11916,.T.);
#9279=EDGE_CURVE('',#10372,#11108,#11917,.T.);
#9280=EDGE_CURVE('',#10374,#11106,#11918,.T.);
#9281=EDGE_CURVE('',#10376,#11104,#11919,.T.);
#9282=EDGE_CURVE('',#10378,#11102,#11920,.T.);
#9283=EDGE_CURVE('',#10380,#11100,#11921,.T.);
#9284=EDGE_CURVE('',#10382,#11098,#11922,.T.);
#9285=EDGE_CURVE('',#10384,#11096,#11923,.T.);
#9286=EDGE_CURVE('',#10386,#11094,#11924,.T.);
#9287=EDGE_CURVE('',#10388,#11092,#11925,.T.);
#9288=EDGE_CURVE('',#10390,#11090,#11926,.T.);
#9289=EDGE_CURVE('',#10392,#11088,#11927,.T.);
#9290=EDGE_CURVE('',#10064,#11135,#11928,.T.);
#9291=EDGE_CURVE('',#10028,#11172,#11929,.T.);
#9292=EDGE_CURVE('',#10027,#11170,#11930,.T.);
#9293=EDGE_CURVE('',#10030,#11168,#11931,.T.);
#9294=EDGE_CURVE('',#10032,#11166,#11932,.T.);
#9295=EDGE_CURVE('',#10034,#11164,#11933,.T.);
#9296=EDGE_CURVE('',#10036,#11162,#11934,.T.);
#9297=EDGE_CURVE('',#10038,#11160,#11935,.T.);
#9298=EDGE_CURVE('',#10040,#11158,#11936,.T.);
#9299=EDGE_CURVE('',#10042,#11156,#11937,.T.);
#9300=EDGE_CURVE('',#10044,#11154,#11938,.T.);
#9301=EDGE_CURVE('',#10046,#11152,#11939,.T.);
#9302=EDGE_CURVE('',#10048,#11150,#11940,.T.);
#9303=EDGE_CURVE('',#10050,#11148,#11941,.T.);
#9304=EDGE_CURVE('',#10052,#11146,#11942,.T.);
#9305=EDGE_CURVE('',#10054,#11144,#11943,.T.);
#9306=EDGE_CURVE('',#10056,#11142,#11944,.T.);
#9307=EDGE_CURVE('',#10058,#11140,#11945,.T.);
#9308=EDGE_CURVE('',#10060,#11138,#11946,.T.);
#9309=EDGE_CURVE('',#10062,#11136,#11947,.T.);
#9310=EDGE_CURVE('',#10446,#11175,#11948,.T.);
#9311=EDGE_CURVE('',#10398,#11224,#11949,.T.);
#9312=EDGE_CURVE('',#10397,#11222,#11950,.T.);
#9313=EDGE_CURVE('',#10400,#11220,#11951,.T.);
#9314=EDGE_CURVE('',#10402,#11218,#11952,.T.);
#9315=EDGE_CURVE('',#10404,#11216,#11953,.T.);
#9316=EDGE_CURVE('',#10406,#11214,#11954,.T.);
#9317=EDGE_CURVE('',#10408,#11212,#11955,.T.);
#9318=EDGE_CURVE('',#10410,#11210,#11956,.T.);
#9319=EDGE_CURVE('',#10412,#11208,#11957,.T.);
#9320=EDGE_CURVE('',#10414,#11206,#11958,.T.);
#9321=EDGE_CURVE('',#10416,#11204,#11959,.T.);
#9322=EDGE_CURVE('',#10418,#11202,#11960,.T.);
#9323=EDGE_CURVE('',#10420,#11200,#11961,.T.);
#9324=EDGE_CURVE('',#10422,#11198,#11962,.T.);
#9325=EDGE_CURVE('',#10424,#11196,#11963,.T.);
#9326=EDGE_CURVE('',#10426,#11194,#11964,.T.);
#9327=EDGE_CURVE('',#10428,#11192,#11965,.T.);
#9328=EDGE_CURVE('',#10430,#11190,#11966,.T.);
#9329=EDGE_CURVE('',#10432,#11188,#11967,.T.);
#9330=EDGE_CURVE('',#10434,#11186,#11968,.T.);
#9331=EDGE_CURVE('',#10436,#11184,#11969,.T.);
#9332=EDGE_CURVE('',#10438,#11182,#11970,.T.);
#9333=EDGE_CURVE('',#10440,#11180,#11971,.T.);
#9334=EDGE_CURVE('',#10442,#11178,#11972,.T.);
#9335=EDGE_CURVE('',#10444,#11176,#11973,.T.);
#9336=EDGE_CURVE('',#10478,#11227,#11974,.T.);
#9337=EDGE_CURVE('',#10450,#11256,#11975,.T.);
#9338=EDGE_CURVE('',#10449,#11254,#11976,.T.);
#9339=EDGE_CURVE('',#10452,#11252,#11977,.T.);
#9340=EDGE_CURVE('',#10454,#11250,#11978,.T.);
#9341=EDGE_CURVE('',#10456,#11248,#11979,.T.);
#9342=EDGE_CURVE('',#10458,#11246,#11980,.T.);
#9343=EDGE_CURVE('',#10460,#11244,#11981,.T.);
#9344=EDGE_CURVE('',#10462,#11242,#11982,.T.);
#9345=EDGE_CURVE('',#10464,#11240,#11983,.T.);
#9346=EDGE_CURVE('',#10466,#11238,#11984,.T.);
#9347=EDGE_CURVE('',#10468,#11236,#11985,.T.);
#9348=EDGE_CURVE('',#10470,#11234,#11986,.T.);
#9349=EDGE_CURVE('',#10472,#11232,#11987,.T.);
#9350=EDGE_CURVE('',#10474,#11230,#11988,.T.);
#9351=EDGE_CURVE('',#10476,#11228,#11989,.T.);
#9352=EDGE_CURVE('',#10084,#11259,#11990,.T.);
#9353=EDGE_CURVE('',#10068,#11276,#11991,.T.);
#9354=EDGE_CURVE('',#10067,#11274,#11992,.T.);
#9355=EDGE_CURVE('',#10070,#11272,#11993,.T.);
#9356=EDGE_CURVE('',#10072,#11270,#11994,.T.);
#9357=EDGE_CURVE('',#10074,#11268,#11995,.T.);
#9358=EDGE_CURVE('',#10076,#11266,#11996,.T.);
#9359=EDGE_CURVE('',#10078,#11264,#11997,.T.);
#9360=EDGE_CURVE('',#10080,#11262,#11998,.T.);
#9361=EDGE_CURVE('',#10082,#11260,#11999,.T.);
#9362=EDGE_CURVE('',#10498,#11279,#12000,.T.);
#9363=EDGE_CURVE('',#10482,#11296,#12001,.T.);
#9364=EDGE_CURVE('',#10481,#11294,#12002,.T.);
#9365=EDGE_CURVE('',#10484,#11292,#12003,.T.);
#9366=EDGE_CURVE('',#10486,#11290,#12004,.T.);
#9367=EDGE_CURVE('',#10488,#11288,#12005,.T.);
#9368=EDGE_CURVE('',#10490,#11286,#12006,.T.);
#9369=EDGE_CURVE('',#10492,#11284,#12007,.T.);
#9370=EDGE_CURVE('',#10494,#11282,#12008,.T.);
#9371=EDGE_CURVE('',#10496,#11280,#12009,.T.);
#9372=EDGE_CURVE('',#10606,#11299,#12010,.T.);
#9373=EDGE_CURVE('',#10502,#11404,#12011,.T.);
#9374=EDGE_CURVE('',#10501,#11402,#12012,.T.);
#9375=EDGE_CURVE('',#10504,#11400,#12013,.T.);
#9376=EDGE_CURVE('',#10506,#11398,#12014,.T.);
#9377=EDGE_CURVE('',#10508,#11396,#12015,.T.);
#9378=EDGE_CURVE('',#10510,#11394,#12016,.T.);
#9379=EDGE_CURVE('',#10512,#11392,#12017,.T.);
#9380=EDGE_CURVE('',#10514,#11390,#12018,.T.);
#9381=EDGE_CURVE('',#10516,#11388,#12019,.T.);
#9382=EDGE_CURVE('',#10518,#11386,#12020,.T.);
#9383=EDGE_CURVE('',#10520,#11384,#12021,.T.);
#9384=EDGE_CURVE('',#10522,#11382,#12022,.T.);
#9385=EDGE_CURVE('',#10524,#11380,#12023,.T.);
#9386=EDGE_CURVE('',#10526,#11378,#12024,.T.);
#9387=EDGE_CURVE('',#10528,#11376,#12025,.T.);
#9388=EDGE_CURVE('',#10530,#11374,#12026,.T.);
#9389=EDGE_CURVE('',#10532,#11372,#12027,.T.);
#9390=EDGE_CURVE('',#10534,#11370,#12028,.T.);
#9391=EDGE_CURVE('',#10536,#11368,#12029,.T.);
#9392=EDGE_CURVE('',#10538,#11366,#12030,.T.);
#9393=EDGE_CURVE('',#10540,#11364,#12031,.T.);
#9394=EDGE_CURVE('',#10542,#11362,#12032,.T.);
#9395=EDGE_CURVE('',#10544,#11360,#12033,.T.);
#9396=EDGE_CURVE('',#10546,#11358,#12034,.T.);
#9397=EDGE_CURVE('',#10548,#11356,#12035,.T.);
#9398=EDGE_CURVE('',#10550,#11354,#12036,.T.);
#9399=EDGE_CURVE('',#10552,#11352,#12037,.T.);
#9400=EDGE_CURVE('',#10554,#11350,#12038,.T.);
#9401=EDGE_CURVE('',#10556,#11348,#12039,.T.);
#9402=EDGE_CURVE('',#10558,#11346,#12040,.T.);
#9403=EDGE_CURVE('',#10560,#11344,#12041,.T.);
#9404=EDGE_CURVE('',#10562,#11342,#12042,.T.);
#9405=EDGE_CURVE('',#10564,#11340,#12043,.T.);
#9406=EDGE_CURVE('',#10566,#11338,#12044,.T.);
#9407=EDGE_CURVE('',#10568,#11336,#12045,.T.);
#9408=EDGE_CURVE('',#10570,#11334,#12046,.T.);
#9409=EDGE_CURVE('',#10572,#11332,#12047,.T.);
#9410=EDGE_CURVE('',#10574,#11330,#12048,.T.);
#9411=EDGE_CURVE('',#10576,#11328,#12049,.T.);
#9412=EDGE_CURVE('',#10578,#11326,#12050,.T.);
#9413=EDGE_CURVE('',#10580,#11324,#12051,.T.);
#9414=EDGE_CURVE('',#10582,#11322,#12052,.T.);
#9415=EDGE_CURVE('',#10584,#11320,#12053,.T.);
#9416=EDGE_CURVE('',#10586,#11318,#12054,.T.);
#9417=EDGE_CURVE('',#10588,#11316,#12055,.T.);
#9418=EDGE_CURVE('',#10590,#11314,#12056,.T.);
#9419=EDGE_CURVE('',#10592,#11312,#12057,.T.);
#9420=EDGE_CURVE('',#10594,#11310,#12058,.T.);
#9421=EDGE_CURVE('',#10596,#11308,#12059,.T.);
#9422=EDGE_CURVE('',#10598,#11306,#12060,.T.);
#9423=EDGE_CURVE('',#10600,#11304,#12061,.T.);
#9424=EDGE_CURVE('',#10602,#11302,#12062,.T.);
#9425=EDGE_CURVE('',#10604,#11300,#12063,.T.);
#9426=EDGE_CURVE('',#10720,#11407,#12064,.T.);
#9427=EDGE_CURVE('',#10610,#11518,#12065,.T.);
#9428=EDGE_CURVE('',#10609,#11516,#12066,.T.);
#9429=EDGE_CURVE('',#10612,#11514,#12067,.T.);
#9430=EDGE_CURVE('',#10614,#11512,#12068,.T.);
#9431=EDGE_CURVE('',#10616,#11510,#12069,.T.);
#9432=EDGE_CURVE('',#10618,#11508,#12070,.T.);
#9433=EDGE_CURVE('',#10620,#11506,#12071,.T.);
#9434=EDGE_CURVE('',#10622,#11504,#12072,.T.);
#9435=EDGE_CURVE('',#10624,#11502,#12073,.T.);
#9436=EDGE_CURVE('',#10626,#11500,#12074,.T.);
#9437=EDGE_CURVE('',#10628,#11498,#12075,.T.);
#9438=EDGE_CURVE('',#10630,#11496,#12076,.T.);
#9439=EDGE_CURVE('',#10632,#11494,#12077,.T.);
#9440=EDGE_CURVE('',#10634,#11492,#12078,.T.);
#9441=EDGE_CURVE('',#10636,#11490,#12079,.T.);
#9442=EDGE_CURVE('',#10638,#11488,#12080,.T.);
#9443=EDGE_CURVE('',#10640,#11486,#12081,.T.);
#9444=EDGE_CURVE('',#10642,#11484,#12082,.T.);
#9445=EDGE_CURVE('',#10644,#11482,#12083,.T.);
#9446=EDGE_CURVE('',#10646,#11480,#12084,.T.);
#9447=EDGE_CURVE('',#10648,#11478,#12085,.T.);
#9448=EDGE_CURVE('',#10650,#11476,#12086,.T.);
#9449=EDGE_CURVE('',#10652,#11474,#12087,.T.);
#9450=EDGE_CURVE('',#10654,#11472,#12088,.T.);
#9451=EDGE_CURVE('',#10656,#11470,#12089,.T.);
#9452=EDGE_CURVE('',#10658,#11468,#12090,.T.);
#9453=EDGE_CURVE('',#10660,#11466,#12091,.T.);
#9454=EDGE_CURVE('',#10662,#11464,#12092,.T.);
#9455=EDGE_CURVE('',#10664,#11462,#12093,.T.);
#9456=EDGE_CURVE('',#10666,#11460,#12094,.T.);
#9457=EDGE_CURVE('',#10668,#11458,#12095,.T.);
#9458=EDGE_CURVE('',#10670,#11456,#12096,.T.);
#9459=EDGE_CURVE('',#10672,#11454,#12097,.T.);
#9460=EDGE_CURVE('',#10674,#11452,#12098,.T.);
#9461=EDGE_CURVE('',#10676,#11450,#12099,.T.);
#9462=EDGE_CURVE('',#10678,#11448,#12100,.T.);
#9463=EDGE_CURVE('',#10680,#11446,#12101,.T.);
#9464=EDGE_CURVE('',#10682,#11444,#12102,.T.);
#9465=EDGE_CURVE('',#10684,#11442,#12103,.T.);
#9466=EDGE_CURVE('',#10686,#11440,#12104,.T.);
#9467=EDGE_CURVE('',#10688,#11438,#12105,.T.);
#9468=EDGE_CURVE('',#10690,#11436,#12106,.T.);
#9469=EDGE_CURVE('',#10692,#11434,#12107,.T.);
#9470=EDGE_CURVE('',#10694,#11432,#12108,.T.);
#9471=EDGE_CURVE('',#10696,#11430,#12109,.T.);
#9472=EDGE_CURVE('',#10698,#11428,#12110,.T.);
#9473=EDGE_CURVE('',#10700,#11426,#12111,.T.);
#9474=EDGE_CURVE('',#10702,#11424,#12112,.T.);
#9475=EDGE_CURVE('',#10704,#11422,#12113,.T.);
#9476=EDGE_CURVE('',#10706,#11420,#12114,.T.);
#9477=EDGE_CURVE('',#10708,#11418,#12115,.T.);
#9478=EDGE_CURVE('',#10710,#11416,#12116,.T.);
#9479=EDGE_CURVE('',#10712,#11414,#12117,.T.);
#9480=EDGE_CURVE('',#10714,#11412,#12118,.T.);
#9481=EDGE_CURVE('',#10716,#11410,#12119,.T.);
#9482=EDGE_CURVE('',#10718,#11408,#12120,.T.);
#9483=EDGE_CURVE('',#10831,#11521,#12121,.T.);
#9484=EDGE_CURVE('',#10724,#11629,#12122,.T.);
#9485=EDGE_CURVE('',#10723,#11627,#12123,.T.);
#9486=EDGE_CURVE('',#10726,#11625,#12124,.T.);
#9487=EDGE_CURVE('',#10728,#11623,#12125,.T.);
#9488=EDGE_CURVE('',#10730,#11621,#12126,.T.);
#9489=EDGE_CURVE('',#10732,#11619,#12127,.T.);
#9490=EDGE_CURVE('',#10734,#11617,#12128,.T.);
#9491=EDGE_CURVE('',#10736,#11615,#12129,.T.);
#9492=EDGE_CURVE('',#10738,#11613,#12130,.T.);
#9493=EDGE_CURVE('',#10740,#11611,#12131,.T.);
#9494=EDGE_CURVE('',#10742,#11609,#12132,.T.);
#9495=EDGE_CURVE('',#10744,#11607,#12133,.T.);
#9496=EDGE_CURVE('',#10746,#11605,#12134,.T.);
#9497=EDGE_CURVE('',#10748,#11603,#12135,.T.);
#9498=EDGE_CURVE('',#10829,#11522,#12136,.T.);
#9499=EDGE_CURVE('',#10827,#11524,#12137,.T.);
#9500=EDGE_CURVE('',#10825,#11526,#12138,.T.);
#9501=EDGE_CURVE('',#10823,#11528,#12139,.T.);
#9502=EDGE_CURVE('',#10821,#11530,#12140,.T.);
#9503=EDGE_CURVE('',#10819,#11532,#12141,.T.);
#9504=EDGE_CURVE('',#10817,#11534,#12142,.T.);
#9505=EDGE_CURVE('',#10815,#11536,#12143,.T.);
#9506=EDGE_CURVE('',#10813,#11538,#12144,.T.);
#9507=EDGE_CURVE('',#10811,#11540,#12145,.T.);
#9508=EDGE_CURVE('',#10809,#11542,#12146,.T.);
#9509=EDGE_CURVE('',#10807,#11544,#12147,.T.);
#9510=EDGE_CURVE('',#10805,#11546,#12148,.T.);
#9511=EDGE_CURVE('',#10803,#11548,#12149,.T.);
#9512=EDGE_CURVE('',#10801,#11550,#12150,.T.);
#9513=EDGE_CURVE('',#10799,#11552,#12151,.T.);
#9514=EDGE_CURVE('',#10797,#11554,#12152,.T.);
#9515=EDGE_CURVE('',#10795,#11556,#12153,.T.);
#9516=EDGE_CURVE('',#10793,#11558,#12154,.T.);
#9517=EDGE_CURVE('',#10791,#11560,#12155,.T.);
#9518=EDGE_CURVE('',#10789,#11562,#12156,.T.);
#9519=EDGE_CURVE('',#10787,#11564,#12157,.T.);
#9520=EDGE_CURVE('',#10785,#11566,#12158,.T.);
#9521=EDGE_CURVE('',#10783,#11568,#12159,.T.);
#9522=EDGE_CURVE('',#10781,#11570,#12160,.T.);
#9523=EDGE_CURVE('',#10779,#11572,#12161,.T.);
#9524=EDGE_CURVE('',#10777,#11574,#12162,.T.);
#9525=EDGE_CURVE('',#10775,#11576,#12163,.T.);
#9526=EDGE_CURVE('',#10773,#11578,#12164,.T.);
#9527=EDGE_CURVE('',#10771,#11580,#12165,.T.);
#9528=EDGE_CURVE('',#10769,#11582,#12166,.T.);
#9529=EDGE_CURVE('',#10767,#11584,#12167,.T.);
#9530=EDGE_CURVE('',#10765,#11586,#12168,.T.);
#9531=EDGE_CURVE('',#10763,#11588,#12169,.T.);
#9532=EDGE_CURVE('',#10761,#11590,#12170,.T.);
#9533=EDGE_CURVE('',#10759,#11592,#12171,.T.);
#9534=EDGE_CURVE('',#10757,#11594,#12172,.T.);
#9535=EDGE_CURVE('',#10755,#11596,#12173,.T.);
#9536=EDGE_CURVE('',#10753,#11598,#12174,.T.);
#9537=EDGE_CURVE('',#10751,#11600,#12175,.T.);
#9538=EDGE_CURVE('',#10899,#11632,#12176,.T.);
#9539=EDGE_CURVE('',#10835,#11697,#12177,.T.);
#9540=EDGE_CURVE('',#10834,#11695,#12178,.T.);
#9541=EDGE_CURVE('',#10837,#11693,#12179,.T.);
#9542=EDGE_CURVE('',#10839,#11691,#12180,.T.);
#9543=EDGE_CURVE('',#10841,#11689,#12181,.T.);
#9544=EDGE_CURVE('',#10843,#11687,#12182,.T.);
#9545=EDGE_CURVE('',#10845,#11685,#12183,.T.);
#9546=EDGE_CURVE('',#10847,#11683,#12184,.T.);
#9547=EDGE_CURVE('',#10849,#11681,#12185,.T.);
#9548=EDGE_CURVE('',#10851,#11679,#12186,.T.);
#9549=EDGE_CURVE('',#10853,#11677,#12187,.T.);
#9550=EDGE_CURVE('',#10855,#11675,#12188,.T.);
#9551=EDGE_CURVE('',#10857,#11673,#12189,.T.);
#9552=EDGE_CURVE('',#10859,#11671,#12190,.T.);
#9553=EDGE_CURVE('',#10861,#11669,#12191,.T.);
#9554=EDGE_CURVE('',#10863,#11667,#12192,.T.);
#9555=EDGE_CURVE('',#10865,#11665,#12193,.T.);
#9556=EDGE_CURVE('',#10867,#11663,#12194,.T.);
#9557=EDGE_CURVE('',#10869,#11661,#12195,.T.);
#9558=EDGE_CURVE('',#10871,#11659,#12196,.T.);
#9559=EDGE_CURVE('',#10873,#11657,#12197,.T.);
#9560=EDGE_CURVE('',#10875,#11655,#12198,.T.);
#9561=EDGE_CURVE('',#10877,#11653,#12199,.T.);
#9562=EDGE_CURVE('',#10879,#11651,#12200,.T.);
#9563=EDGE_CURVE('',#10881,#11649,#12201,.T.);
#9564=EDGE_CURVE('',#10883,#11647,#12202,.T.);
#9565=EDGE_CURVE('',#10885,#11645,#12203,.T.);
#9566=EDGE_CURVE('',#10887,#11643,#12204,.T.);
#9567=EDGE_CURVE('',#10889,#11641,#12205,.T.);
#9568=EDGE_CURVE('',#10891,#11639,#12206,.T.);
#9569=EDGE_CURVE('',#10893,#11637,#12207,.T.);
#9570=EDGE_CURVE('',#10895,#11635,#12208,.T.);
#9571=EDGE_CURVE('',#10897,#11633,#12209,.T.);
#9572=EDGE_CURVE('',#10116,#11700,#12210,.T.);
#9573=EDGE_CURVE('',#10088,#11729,#12211,.T.);
#9574=EDGE_CURVE('',#10087,#11727,#12212,.T.);
#9575=EDGE_CURVE('',#10090,#11725,#12213,.T.);
#9576=EDGE_CURVE('',#10092,#11723,#12214,.T.);
#9577=EDGE_CURVE('',#10094,#11721,#12215,.T.);
#9578=EDGE_CURVE('',#10096,#11719,#12216,.T.);
#9579=EDGE_CURVE('',#10098,#11717,#12217,.T.);
#9580=EDGE_CURVE('',#10100,#11715,#12218,.T.);
#9581=EDGE_CURVE('',#10102,#11713,#12219,.T.);
#9582=EDGE_CURVE('',#10104,#11711,#12220,.T.);
#9583=EDGE_CURVE('',#10106,#11709,#12221,.T.);
#9584=EDGE_CURVE('',#10108,#11707,#12222,.T.);
#9585=EDGE_CURVE('',#10110,#11705,#12223,.T.);
#9586=EDGE_CURVE('',#10112,#11703,#12224,.T.);
#9587=EDGE_CURVE('',#10114,#11701,#12225,.T.);
#9588=EDGE_CURVE('',#10148,#11732,#12226,.T.);
#9589=EDGE_CURVE('',#10120,#11761,#12227,.T.);
#9590=EDGE_CURVE('',#10119,#11759,#12228,.T.);
#9591=EDGE_CURVE('',#10122,#11757,#12229,.T.);
#9592=EDGE_CURVE('',#10124,#11755,#12230,.T.);
#9593=EDGE_CURVE('',#10126,#11753,#12231,.T.);
#9594=EDGE_CURVE('',#10128,#11751,#12232,.T.);
#9595=EDGE_CURVE('',#10130,#11749,#12233,.T.);
#9596=EDGE_CURVE('',#10132,#11747,#12234,.T.);
#9597=EDGE_CURVE('',#10134,#11745,#12235,.T.);
#9598=EDGE_CURVE('',#10136,#11743,#12236,.T.);
#9599=EDGE_CURVE('',#10138,#11741,#12237,.T.);
#9600=EDGE_CURVE('',#10140,#11739,#12238,.T.);
#9601=EDGE_CURVE('',#10142,#11737,#12239,.T.);
#9602=EDGE_CURVE('',#10144,#11735,#12240,.T.);
#9603=EDGE_CURVE('',#10146,#11733,#12241,.T.);
#9604=EDGE_CURVE('',#10979,#11764,#12242,.T.);
#9605=EDGE_CURVE('',#10903,#11841,#12243,.T.);
#9606=EDGE_CURVE('',#10902,#11839,#12244,.T.);
#9607=EDGE_CURVE('',#10905,#11837,#12245,.T.);
#9608=EDGE_CURVE('',#10907,#11835,#12246,.T.);
#9609=EDGE_CURVE('',#10909,#11833,#12247,.T.);
#9610=EDGE_CURVE('',#10911,#11831,#12248,.T.);
#9611=EDGE_CURVE('',#10913,#11829,#12249,.T.);
#9612=EDGE_CURVE('',#10915,#11827,#12250,.T.);
#9613=EDGE_CURVE('',#10917,#11825,#12251,.T.);
#9614=EDGE_CURVE('',#10919,#11823,#12252,.T.);
#9615=EDGE_CURVE('',#10921,#11821,#12253,.T.);
#9616=EDGE_CURVE('',#10923,#11819,#12254,.T.);
#9617=EDGE_CURVE('',#10925,#11817,#12255,.T.);
#9618=EDGE_CURVE('',#10927,#11815,#12256,.T.);
#9619=EDGE_CURVE('',#10929,#11813,#12257,.T.);
#9620=EDGE_CURVE('',#10931,#11811,#12258,.T.);
#9621=EDGE_CURVE('',#10933,#11809,#12259,.T.);
#9622=EDGE_CURVE('',#10935,#11807,#12260,.T.);
#9623=EDGE_CURVE('',#10937,#11805,#12261,.T.);
#9624=EDGE_CURVE('',#10939,#11803,#12262,.T.);
#9625=EDGE_CURVE('',#10941,#11801,#12263,.T.);
#9626=EDGE_CURVE('',#10943,#11799,#12264,.T.);
#9627=EDGE_CURVE('',#10945,#11797,#12265,.T.);
#9628=EDGE_CURVE('',#10947,#11795,#12266,.T.);
#9629=EDGE_CURVE('',#10949,#11793,#12267,.T.);
#9630=EDGE_CURVE('',#10951,#11791,#12268,.T.);
#9631=EDGE_CURVE('',#10953,#11789,#12269,.T.);
#9632=EDGE_CURVE('',#10955,#11787,#12270,.T.);
#9633=EDGE_CURVE('',#10957,#11785,#12271,.T.);
#9634=EDGE_CURVE('',#10959,#11783,#12272,.T.);
#9635=EDGE_CURVE('',#10961,#11781,#12273,.T.);
#9636=EDGE_CURVE('',#10963,#11779,#12274,.T.);
#9637=EDGE_CURVE('',#10965,#11777,#12275,.T.);
#9638=EDGE_CURVE('',#10967,#11775,#12276,.T.);
#9639=EDGE_CURVE('',#10969,#11773,#12277,.T.);
#9640=EDGE_CURVE('',#10971,#11771,#12278,.T.);
#9641=EDGE_CURVE('',#10973,#11769,#12279,.T.);
#9642=EDGE_CURVE('',#10975,#11767,#12280,.T.);
#9643=EDGE_CURVE('',#10977,#11765,#12281,.T.);
#9644=EDGE_CURVE('',#10188,#11844,#12282,.T.);
#9645=EDGE_CURVE('',#10152,#11881,#12283,.T.);
#9646=EDGE_CURVE('',#10151,#11879,#12284,.T.);
#9647=EDGE_CURVE('',#10154,#11877,#12285,.T.);
#9648=EDGE_CURVE('',#10156,#11875,#12286,.T.);
#9649=EDGE_CURVE('',#10158,#11873,#12287,.T.);
#9650=EDGE_CURVE('',#10160,#11871,#12288,.T.);
#9651=EDGE_CURVE('',#10162,#11869,#12289,.T.);
#9652=EDGE_CURVE('',#10164,#11867,#12290,.T.);
#9653=EDGE_CURVE('',#10166,#11865,#12291,.T.);
#9654=EDGE_CURVE('',#10168,#11863,#12292,.T.);
#9655=EDGE_CURVE('',#10170,#11861,#12293,.T.);
#9656=EDGE_CURVE('',#10172,#11859,#12294,.T.);
#9657=EDGE_CURVE('',#10174,#11857,#12295,.T.);
#9658=EDGE_CURVE('',#10176,#11855,#12296,.T.);
#9659=EDGE_CURVE('',#10178,#11853,#12297,.T.);
#9660=EDGE_CURVE('',#10180,#11851,#12298,.T.);
#9661=EDGE_CURVE('',#10182,#11849,#12299,.T.);
#9662=EDGE_CURVE('',#10184,#11847,#12300,.T.);
#9663=EDGE_CURVE('',#10186,#11845,#12301,.T.);
#9664=EDGE_CURVE('',#10244,#12302,#12303,.T.);
#9665=EDGE_CURVE('',#12304,#12302,#12305,.T.);
#9666=EDGE_CURVE('',#10216,#12304,#12306,.T.);
#9667=EDGE_CURVE('',#12307,#12304,#12308,.T.);
#9668=EDGE_CURVE('',#10215,#12307,#12309,.T.);
#9669=EDGE_CURVE('',#12310,#12307,#12311,.T.);
#9670=EDGE_CURVE('',#10218,#12310,#12312,.T.);
#9671=EDGE_CURVE('',#12313,#12310,#12314,.T.);
#9672=EDGE_CURVE('',#10220,#12313,#12315,.T.);
#9673=EDGE_CURVE('',#12316,#12313,#12317,.T.);
#9674=EDGE_CURVE('',#10222,#12316,#12318,.T.);
#9675=EDGE_CURVE('',#12319,#12316,#12320,.T.);
#9676=EDGE_CURVE('',#10224,#12319,#12321,.T.);
#9677=EDGE_CURVE('',#12322,#12319,#12323,.T.);
#9678=EDGE_CURVE('',#10226,#12322,#12324,.T.);
#9679=EDGE_CURVE('',#12325,#12322,#12326,.T.);
#9680=EDGE_CURVE('',#10228,#12325,#12327,.T.);
#9681=EDGE_CURVE('',#12328,#12325,#12329,.T.);
#9682=EDGE_CURVE('',#10230,#12328,#12330,.T.);
#9683=EDGE_CURVE('',#12331,#12328,#12332,.T.);
#9684=EDGE_CURVE('',#10232,#12331,#12333,.T.);
#9685=EDGE_CURVE('',#12334,#12331,#12335,.T.);
#9686=EDGE_CURVE('',#10234,#12334,#12336,.T.);
#9687=EDGE_CURVE('',#12337,#12334,#12338,.T.);
#9688=EDGE_CURVE('',#10236,#12337,#12339,.T.);
#9689=EDGE_CURVE('',#12340,#12337,#12341,.T.);
#9690=EDGE_CURVE('',#10238,#12340,#12342,.T.);
#9691=EDGE_CURVE('',#12343,#12340,#12344,.T.);
#9692=EDGE_CURVE('',#10240,#12343,#12345,.T.);
#9693=EDGE_CURVE('',#12346,#12343,#12347,.T.);
#9694=EDGE_CURVE('',#10242,#12346,#12348,.T.);
#9695=EDGE_CURVE('',#12302,#12346,#12349,.T.);
#9696=EDGE_CURVE('',#12350,#12351,#12352,.T.);
#9697=EDGE_CURVE('',#12351,#12353,#12354,.T.);
#9698=EDGE_CURVE('',#12353,#12355,#12356,.T.);
#9699=EDGE_CURVE('',#12355,#12357,#12358,.T.);
#9700=EDGE_CURVE('',#12357,#12359,#12360,.T.);
#9701=EDGE_CURVE('',#12359,#12361,#12362,.T.);
#9702=EDGE_CURVE('',#12361,#12363,#12364,.T.);
#9703=EDGE_CURVE('',#12363,#12365,#12366,.T.);
#9704=EDGE_CURVE('',#12365,#12367,#12368,.T.);
#9705=EDGE_CURVE('',#12367,#12350,#12369,.T.);
#9706=EDGE_CURVE('',#10208,#12350,#12370,.T.);
#9707=EDGE_CURVE('',#10192,#12367,#12371,.T.);
#9708=EDGE_CURVE('',#10191,#12365,#12372,.T.);
#9709=EDGE_CURVE('',#10194,#12363,#12373,.T.);
#9710=EDGE_CURVE('',#10196,#12361,#12374,.T.);
#9711=EDGE_CURVE('',#10198,#12359,#12375,.T.);
#9712=EDGE_CURVE('',#10200,#12357,#12376,.T.);
#9713=EDGE_CURVE('',#10202,#12355,#12377,.T.);
#9714=EDGE_CURVE('',#10204,#12353,#12378,.T.);
#9715=EDGE_CURVE('',#10206,#12351,#12379,.T.);
#9716=EDGE_CURVE('',#10212,#12380,#12381,.T.);
#9717=EDGE_CURVE('',#12382,#12380,#12383,.T.);
#9718=EDGE_CURVE('',#10211,#12382,#12384,.T.);
#9719=EDGE_CURVE('',#12380,#12382,#12385,.T.);
#9720=EDGE_CURVE('',#12386,#12387,#12388,.T.);
#9721=EDGE_CURVE('',#12387,#12386,#12389,.T.);
#9722=EDGE_CURVE('',#10982,#12386,#12390,.T.);
#9723=EDGE_CURVE('',#10983,#12387,#12391,.T.);
#9724=EDGE_CURVE('',#12392,#12393,#12394,.T.);
#9725=EDGE_CURVE('',#12395,#12392,#12396,.T.);
#9726=EDGE_CURVE('',#12397,#12395,#12398,.T.);
#9727=EDGE_CURVE('',#10987,#12397,#12399,.T.);
#9728=EDGE_CURVE('',#10986,#12400,#12401,.T.);
#9729=EDGE_CURVE('',#12402,#12400,#12403,.T.);
#9730=EDGE_CURVE('',#12402,#12404,#12405,.T.);
#9731=EDGE_CURVE('',#12393,#12404,#12406,.T.);
#9732=EDGE_CURVE('',#12404,#12407,#12408,.T.);
#9733=EDGE_CURVE('',#12407,#12409,#12410,.T.);
#9734=EDGE_CURVE('',#12409,#12411,#12412,.T.);
#9735=EDGE_CURVE('',#12411,#12393,#12413,.T.);
#9736=EDGE_CURVE('',#12414,#12415,#12416,.T.);
#9737=EDGE_CURVE('',#12415,#12417,#12418,.T.);
#9738=EDGE_CURVE('',#12417,#12419,#12420,.T.);
#9739=EDGE_CURVE('',#12419,#12421,#12422,.T.);
#9740=EDGE_CURVE('',#12421,#12414,#12423,.T.);
#9741=EDGE_CURVE('',#12424,#12411,#12425,.T.);
#9742=EDGE_CURVE('',#12424,#12392,#12426,.T.);
#9743=EDGE_CURVE('',#12427,#12428,#12429,.T.);
#9744=EDGE_CURVE('',#12430,#12428,#12431,.T.);
#9745=EDGE_CURVE('',#12430,#12432,#12433,.T.);
#9746=EDGE_CURVE('',#12427,#12432,#12434,.T.);
#9747=EDGE_CURVE('',#12435,#12392,#12436,.T.);
#9748=EDGE_CURVE('',#12424,#12437,#12438,.T.);
#9749=EDGE_CURVE('',#12435,#12437,#12439,.T.);
#9750=EDGE_CURVE('',#12432,#12415,#12440,.T.);
#9751=EDGE_CURVE('',#12427,#12414,#12441,.T.);
#9752=EDGE_CURVE('',#12421,#12442,#12443,.T.);
#9753=EDGE_CURVE('',#12400,#12442,#12444,.T.);
#9754=EDGE_CURVE('',#12445,#12397,#12446,.T.);
#9755=EDGE_CURVE('',#12445,#12427,#12447,.T.);
#9756=EDGE_CURVE('',#12445,#12448,#12449,.T.);
#9757=EDGE_CURVE('',#12450,#12448,#12451,.T.);
#9758=EDGE_CURVE('',#12450,#12452,#12453,.T.);
#9759=EDGE_CURVE('',#12452,#12454,#12455,.T.);
#9760=EDGE_CURVE('',#12454,#12442,#12456,.T.);
#9761=EDGE_CURVE('',#12428,#12419,#12457,.T.);
#9762=EDGE_CURVE('',#12430,#12417,#12458,.T.);
#9763=EDGE_CURVE('',#12454,#12459,#12460,.T.);
#9764=EDGE_CURVE('',#12402,#12459,#12461,.T.);
#9765=EDGE_CURVE('',#12462,#12448,#12463,.T.);
#9766=EDGE_CURVE('',#12462,#12395,#12464,.T.);
#9767=EDGE_CURVE('',#12465,#12459,#12466,.T.);
#9768=EDGE_CURVE('',#12465,#12467,#12468,.T.);
#9769=EDGE_CURVE('',#12467,#12462,#12469,.T.);
#9770=EDGE_CURVE('',#12435,#12407,#12470,.T.);
#9771=EDGE_CURVE('',#12437,#12409,#12471,.T.);
#9772=EDGE_CURVE('',#12467,#12450,#12472,.T.);
#9773=EDGE_CURVE('',#12452,#12465,#12473,.T.);
#9774=EDGE_CURVE('',#12474,#12475,#12476,.T.);
#9775=EDGE_CURVE('',#12475,#12477,#12478,.T.);
#9776=EDGE_CURVE('',#10248,#12477,#12479,.T.);
#9777=EDGE_CURVE('',#12480,#10308,#12481,.T.);
#9778=EDGE_CURVE('',#12480,#12482,#12483,.T.);
#9779=EDGE_CURVE('',#12482,#12484,#12485,.T.);
#9780=EDGE_CURVE('',#12484,#12474,#12486,.T.);
#9781=EDGE_CURVE('',#12487,#12488,#12489,.T.);
#9782=EDGE_CURVE('',#12490,#12487,#12491,.T.);
#9783=EDGE_CURVE('',#12490,#12492,#12493,.T.);
#9784=EDGE_CURVE('',#12492,#12494,#12495,.T.);
#9785=EDGE_CURVE('',#12474,#12494,#12496,.T.);
#9786=EDGE_CURVE('',#12484,#12497,#12498,.T.);
#9787=EDGE_CURVE('',#12497,#12499,#12500,.T.);
#9788=EDGE_CURVE('',#12499,#12501,#12502,.T.);
#9789=EDGE_CURVE('',#12501,#12503,#12504,.T.);
#9790=EDGE_CURVE('',#12503,#12505,#12506,.T.);
#9791=EDGE_CURVE('',#12505,#12507,#12508,.T.);
#9792=EDGE_CURVE('',#12507,#12509,#12510,.T.);
#9793=EDGE_CURVE('',#12511,#12509,#12512,.T.);
#9794=EDGE_CURVE('',#12513,#12511,#12514,.T.);
#9795=EDGE_CURVE('',#12513,#12515,#12516,.T.);
#9796=EDGE_CURVE('',#12515,#12488,#12517,.T.);
#9797=EDGE_CURVE('',#12518,#12515,#12519,.T.);
#9798=EDGE_CURVE('',#12518,#12520,#12521,.T.);
#9799=EDGE_CURVE('',#12520,#12488,#12522,.T.);
#9800=EDGE_CURVE('',#12523,#12520,#12524,.T.);
#9801=EDGE_CURVE('',#12487,#12523,#12525,.T.);
#9802=EDGE_CURVE('',#12526,#10260,#12527,.T.);
#9803=EDGE_CURVE('',#12526,#12528,#12529,.T.);
#9804=EDGE_CURVE('',#12528,#12490,#12530,.T.);
#9805=EDGE_CURVE('',#12531,#12523,#12532,.T.);
#9806=EDGE_CURVE('',#10262,#12531,#12533,.T.);
#9807=EDGE_CURVE('',#12534,#12531,#12535,.T.);
#9808=EDGE_CURVE('',#10264,#12534,#12536,.T.);
#9809=EDGE_CURVE('',#12537,#12534,#12538,.T.);
#9810=EDGE_CURVE('',#10266,#12537,#12539,.T.);
#9811=EDGE_CURVE('',#12540,#12541,#12542,.T.);
#9812=EDGE_CURVE('',#10268,#12540,#12543,.T.);
#9813=EDGE_CURVE('',#12544,#12537,#12545,.T.);
#9814=EDGE_CURVE('',#12546,#12544,#12547,.T.);
#9815=EDGE_CURVE('',#12546,#12548,#12549,.T.);
#9816=EDGE_CURVE('',#12541,#12548,#12550,.T.);
#9817=EDGE_CURVE('',#12541,#12544,#12551,.T.);
#9818=EDGE_CURVE('',#12548,#12546,#12552,.T.);
#9819=EDGE_CURVE('',#12553,#12554,#12555,.T.);
#9820=EDGE_CURVE('',#12554,#12556,#12557,.T.);
#9821=EDGE_CURVE('',#12556,#12558,#12559,.T.);
#9822=EDGE_CURVE('',#12558,#12560,#12561,.T.);
#9823=EDGE_CURVE('',#12560,#12562,#12563,.T.);
#9824=EDGE_CURVE('',#12562,#12564,#12565,.T.);
#9825=EDGE_CURVE('',#12564,#12566,#12567,.T.);
#9826=EDGE_CURVE('',#12568,#12566,#12569,.T.);
#9827=EDGE_CURVE('',#12570,#12568,#12571,.T.);
#9828=EDGE_CURVE('',#12570,#12572,#12573,.T.);
#9829=EDGE_CURVE('',#12574,#12572,#12575,.T.);
#9830=EDGE_CURVE('',#12574,#12576,#12577,.T.);
#9831=EDGE_CURVE('',#12576,#12578,#12579,.T.);
#9832=EDGE_CURVE('',#12578,#12580,#12581,.T.);
#9833=EDGE_CURVE('',#12580,#12582,#12583,.T.);
#9834=EDGE_CURVE('',#12584,#12582,#12585,.T.);
#9835=EDGE_CURVE('',#12586,#12584,#12587,.T.);
#9836=EDGE_CURVE('',#12588,#12586,#12589,.T.);
#9837=EDGE_CURVE('',#12553,#12588,#12590,.T.);
#9838=EDGE_CURVE('',#12591,#12592,#12593,.T.);
#9839=EDGE_CURVE('',#12594,#12591,#12595,.T.);
#9840=EDGE_CURVE('',#12482,#12594,#12596,.T.);
#9841=EDGE_CURVE('',#12597,#12480,#12598,.T.);
#9842=EDGE_CURVE('',#12599,#12597,#12600,.T.);
#9843=EDGE_CURVE('',#12599,#12601,#12602,.T.);
#9844=EDGE_CURVE('',#12603,#12601,#12604,.T.);
#9845=EDGE_CURVE('',#12603,#12605,#12606,.T.);
#9846=EDGE_CURVE('',#12607,#12605,#12608,.T.);
#9847=EDGE_CURVE('',#12607,#12609,#12610,.T.);
#9848=EDGE_CURVE('',#12609,#12611,#12612,.T.);
#9849=EDGE_CURVE('',#12611,#12613,#12614,.T.);
#9850=EDGE_CURVE('',#12613,#12592,#12615,.T.);
#9851=EDGE_CURVE('',#12616,#12617,#12618,.T.);
#9852=EDGE_CURVE('',#12619,#12617,#12620,.T.);
#9853=EDGE_CURVE('',#12477,#12619,#12621,.T.);
#9854=EDGE_CURVE('',#12622,#12475,#12623,.T.);
#9855=EDGE_CURVE('',#12624,#12622,#12625,.T.);
#9856=EDGE_CURVE('',#12528,#12624,#12626,.T.);
#9857=EDGE_CURVE('',#12627,#12526,#12628,.T.);
#9858=EDGE_CURVE('',#12629,#12627,#12630,.T.);
#9859=EDGE_CURVE('',#12629,#12631,#12632,.T.);
#9860=EDGE_CURVE('',#12633,#12631,#12634,.T.);
#9861=EDGE_CURVE('',#12633,#12635,#12636,.T.);
#9862=EDGE_CURVE('',#12637,#12635,#12638,.T.);
#9863=EDGE_CURVE('',#12637,#12639,#12640,.T.);
#9864=EDGE_CURVE('',#12639,#12616,#12641,.T.);
#9865=EDGE_CURVE('',#12642,#12643,#12644,.T.);
#9866=EDGE_CURVE('',#12540,#12643,#12645,.T.);
#9867=EDGE_CURVE('',#12646,#12518,#12647,.T.);
#9868=EDGE_CURVE('',#12648,#12646,#12649,.T.);
#9869=EDGE_CURVE('',#12650,#12648,#12651,.T.);
#9870=EDGE_CURVE('',#12652,#12650,#12653,.T.);
#9871=EDGE_CURVE('',#12652,#12654,#12655,.T.);
#9872=EDGE_CURVE('',#12642,#12654,#12656,.T.);
#9873=EDGE_CURVE('',#12657,#12501,#12658,.T.);
#9874=EDGE_CURVE('',#12657,#12553,#12659,.T.);
#9875=EDGE_CURVE('',#12588,#12503,#12660,.T.);
#9876=EDGE_CURVE('',#12586,#12505,#12661,.T.);
#9877=EDGE_CURVE('',#12584,#12507,#12662,.T.);
#9878=EDGE_CURVE('',#12582,#12509,#12663,.T.);
#9879=EDGE_CURVE('',#12511,#12580,#12664,.T.);
#9880=EDGE_CURVE('',#12648,#10276,#12665,.T.);
#9881=EDGE_CURVE('',#12646,#12513,#12666,.T.);
#9882=EDGE_CURVE('',#10278,#12578,#12667,.T.);
#9883=EDGE_CURVE('',#10280,#12576,#12668,.T.);
#9884=EDGE_CURVE('',#10282,#12574,#12669,.T.);
#9885=EDGE_CURVE('',#10284,#12568,#12670,.T.);
#9886=EDGE_CURVE('',#12671,#12572,#12672,.T.);
#9887=EDGE_CURVE('',#12671,#12673,#12674,.T.);
#9888=EDGE_CURVE('',#12570,#12673,#12675,.T.);
#9889=EDGE_CURVE('',#12673,#12671,#12676,.T.);
#9890=EDGE_CURVE('',#12635,#10254,#12677,.T.);
#9891=EDGE_CURVE('',#10252,#12637,#12678,.T.);
#9892=EDGE_CURVE('',#12607,#10300,#12679,.T.);
#9893=EDGE_CURVE('',#12605,#10302,#12680,.T.);
#9894=EDGE_CURVE('',#12643,#10270,#12681,.T.);
#9895=EDGE_CURVE('',#12566,#10286,#12682,.T.);
#9896=EDGE_CURVE('',#12639,#12683,#12684,.T.);
#9897=EDGE_CURVE('',#10250,#12617,#12685,.T.);
#9898=EDGE_CURVE('',#12616,#12686,#12687,.T.);
#9899=EDGE_CURVE('',#12686,#12683,#12688,.T.);
#9900=EDGE_CURVE('',#12683,#12686,#12689,.T.);
#9901=EDGE_CURVE('',#10247,#12619,#12690,.T.);
#9902=EDGE_CURVE('',#12691,#12631,#12692,.T.);
#9903=EDGE_CURVE('',#12629,#10256,#12693,.T.);
#9904=EDGE_CURVE('',#12694,#12633,#12695,.T.);
#9905=EDGE_CURVE('',#12691,#12694,#12696,.T.);
#9906=EDGE_CURVE('',#12694,#12691,#12697,.T.);
#9907=EDGE_CURVE('',#12627,#10258,#12698,.T.);
#9908=EDGE_CURVE('',#12599,#10304,#12699,.T.);
#9909=EDGE_CURVE('',#12700,#12603,#12701,.T.);
#9910=EDGE_CURVE('',#12702,#12700,#12703,.T.);
#9911=EDGE_CURVE('',#12601,#12702,#12704,.T.);
#9912=EDGE_CURVE('',#12700,#12702,#12705,.T.);
#9913=EDGE_CURVE('',#12597,#10306,#12706,.T.);
#9914=EDGE_CURVE('',#12707,#12708,#12709,.T.);
#9915=EDGE_CURVE('',#12708,#12609,#12710,.T.);
#9916=EDGE_CURVE('',#12707,#10298,#12711,.T.);
#9917=EDGE_CURVE('',#10296,#12712,#12713,.T.);
#9918=EDGE_CURVE('',#12707,#12712,#12714,.T.);
#9919=EDGE_CURVE('',#12715,#12716,#12717,.T.);
#9920=EDGE_CURVE('',#10290,#12715,#12718,.T.);
#9921=EDGE_CURVE('',#10288,#12716,#12719,.T.);
#9922=EDGE_CURVE('',#12712,#12720,#12721,.T.);
#9923=EDGE_CURVE('',#12720,#12708,#12722,.T.);
#9924=EDGE_CURVE('',#12723,#12724,#12725,.T.);
#9925=EDGE_CURVE('',#12724,#12726,#12727,.T.);
#9926=EDGE_CURVE('',#12726,#12728,#12729,.T.);
#9927=EDGE_CURVE('',#12723,#12728,#12730,.T.);
#9928=EDGE_CURVE('',#12731,#12715,#12732,.T.);
#9929=EDGE_CURVE('',#12716,#12733,#12734,.T.);
#9930=EDGE_CURVE('',#12731,#12733,#12735,.T.);
#9931=EDGE_CURVE('',#12736,#12737,#12738,.T.);
#9932=EDGE_CURVE('',#12736,#12739,#12740,.T.);
#9933=EDGE_CURVE('',#12739,#12741,#12742,.T.);
#9934=EDGE_CURVE('',#12741,#12743,#12744,.T.);
#9935=EDGE_CURVE('',#12745,#12743,#12746,.T.);
#9936=EDGE_CURVE('',#12737,#12745,#12747,.T.);
#9937=EDGE_CURVE('',#12720,#12611,#12748,.T.);
#9938=EDGE_CURVE('',#10294,#12739,#12749,.T.);
#9939=EDGE_CURVE('',#12736,#12613,#12750,.T.);
#9940=EDGE_CURVE('',#12592,#12737,#12751,.T.);
#9941=EDGE_CURVE('',#12745,#12657,#12752,.T.);
#9942=EDGE_CURVE('',#12592,#12657,#12753,.T.);
#9943=EDGE_CURVE('',#12591,#12499,#12754,.T.);
#9944=EDGE_CURVE('',#12594,#12497,#12755,.T.);
#9945=EDGE_CURVE('',#12743,#12553,#12756,.T.);
#9946=EDGE_CURVE('',#12741,#12554,#12757,.T.);
#9947=EDGE_CURVE('',#10292,#12724,#12758,.T.);
#9948=EDGE_CURVE('',#12723,#12556,#12759,.T.);
#9949=EDGE_CURVE('',#12728,#12558,#12760,.T.);
#9950=EDGE_CURVE('',#12726,#12560,#12761,.T.);
#9951=EDGE_CURVE('',#12731,#12562,#12762,.T.);
#9952=EDGE_CURVE('',#12733,#12564,#12763,.T.);
#9953=EDGE_CURVE('',#12764,#12654,#12765,.T.);
#9954=EDGE_CURVE('',#12652,#10272,#12766,.T.);
#9955=EDGE_CURVE('',#12767,#12642,#12768,.T.);
#9956=EDGE_CURVE('',#12764,#12767,#12769,.T.);
#9957=EDGE_CURVE('',#12767,#12764,#12770,.T.);
#9958=EDGE_CURVE('',#12650,#10274,#12771,.T.);
#9959=EDGE_CURVE('',#12624,#12492,#12772,.T.);
#9960=EDGE_CURVE('',#12622,#12494,#12773,.T.);
#9961=EDGE_CURVE('',#12774,#12775,#12776,.T.);
#9962=EDGE_CURVE('',#12775,#12774,#12777,.T.);
#9963=EDGE_CURVE('',#12774,#12778,#12779,.T.);
#9964=EDGE_CURVE('',#12780,#12778,#12781,.T.);
#9965=EDGE_CURVE('',#12775,#12780,#12782,.T.);
#9966=EDGE_CURVE('',#12778,#12780,#12783,.T.);
#9967=EDGE_CURVE('',#12784,#12785,#12786,.T.);
#9968=EDGE_CURVE('',#12785,#12784,#12787,.T.);
#9969=EDGE_CURVE('',#12784,#12788,#12789,.T.);
#9970=EDGE_CURVE('',#12790,#12788,#12791,.T.);
#9971=EDGE_CURVE('',#12785,#12790,#12792,.T.);
#9972=EDGE_CURVE('',#12788,#12790,#12793,.T.);
#9973=EDGE_CURVE('',#12794,#12795,#12796,.T.);
#9974=EDGE_CURVE('',#12795,#12794,#12797,.T.);
#9975=EDGE_CURVE('',#12794,#12798,#12799,.T.);
#9976=EDGE_CURVE('',#12800,#12798,#12801,.T.);
#9977=EDGE_CURVE('',#12795,#12800,#12802,.T.);
#9978=EDGE_CURVE('',#12798,#12800,#12803,.T.);
#9979=VERTEX_POINT('',#12804);
#9980=VERTEX_POINT('',#12805);
#9981=LINE('',#12806,#12807);
#9982=VERTEX_POINT('',#12808);
#9983=LINE('',#12809,#12810);
#9984=VERTEX_POINT('',#12811);
#9985=LINE('',#12812,#12813);
#9986=LINE('',#12814,#12815);
#9987=VERTEX_POINT('',#12816);
#9988=VERTEX_POINT('',#12817);
#9989=LINE('',#12818,#12819);
#9990=VERTEX_POINT('',#12820);
#9991=LINE('',#12821,#12822);
#9992=VERTEX_POINT('',#12823);
#9993=LINE('',#12824,#12825);
#9994=VERTEX_POINT('',#12826);
#9995=LINE('',#12827,#12828);
#9996=VERTEX_POINT('',#12829);
#9997=LINE('',#12830,#12831);
#9998=VERTEX_POINT('',#12832);
#9999=LINE('',#12833,#12834);
#10000=VERTEX_POINT('',#12835);
#10001=LINE('',#12836,#12837);
#10002=VERTEX_POINT('',#12838);
#10003=LINE('',#12839,#12840);
#10004=VERTEX_POINT('',#12841);
#10005=LINE('',#12842,#12843);
#10006=LINE('',#12844,#12845);
#10007=VERTEX_POINT('',#12846);
#10008=VERTEX_POINT('',#12847);
#10009=LINE('',#12848,#12849);
#10010=VERTEX_POINT('',#12850);
#10011=LINE('',#12851,#12852);
#10012=VERTEX_POINT('',#12853);
#10013=LINE('',#12854,#12855);
#10014=VERTEX_POINT('',#12856);
#10015=LINE('',#12857,#12858);
#10016=VERTEX_POINT('',#12859);
#10017=LINE('',#12860,#12861);
#10018=VERTEX_POINT('',#12862);
#10019=LINE('',#12863,#12864);
#10020=VERTEX_POINT('',#12865);
#10021=LINE('',#12866,#12867);
#10022=VERTEX_POINT('',#12868);
#10023=LINE('',#12869,#12870);
#10024=VERTEX_POINT('',#12871);
#10025=LINE('',#12872,#12873);
#10026=LINE('',#12874,#12875);
#10027=VERTEX_POINT('',#12876);
#10028=VERTEX_POINT('',#12877);
#10029=LINE('',#12878,#12879);
#10030=VERTEX_POINT('',#12880);
#10031=LINE('',#12881,#12882);
#10032=VERTEX_POINT('',#12883);
#10033=LINE('',#12884,#12885);
#10034=VERTEX_POINT('',#12886);
#10035=LINE('',#12887,#12888);
#10036=VERTEX_POINT('',#12889);
#10037=LINE('',#12890,#12891);
#10038=VERTEX_POINT('',#12892);
#10039=LINE('',#12893,#12894);
#10040=VERTEX_POINT('',#12895);
#10041=LINE('',#12896,#12897);
#10042=VERTEX_POINT('',#12898);
#10043=LINE('',#12899,#12900);
#10044=VERTEX_POINT('',#12901);
#10045=LINE('',#12902,#12903);
#10046=VERTEX_POINT('',#12904);
#10047=LINE('',#12905,#12906);
#10048=VERTEX_POINT('',#12907);
#10049=LINE('',#12908,#12909);
#10050=VERTEX_POINT('',#12910);
#10051=LINE('',#12911,#12912);
#10052=VERTEX_POINT('',#12913);
#10053=LINE('',#12914,#12915);
#10054=VERTEX_POINT('',#12916);
#10055=LINE('',#12917,#12918);
#10056=VERTEX_POINT('',#12919);
#10057=LINE('',#12920,#12921);
#10058=VERTEX_POINT('',#12922);
#10059=LINE('',#12923,#12924);
#10060=VERTEX_POINT('',#12925);
#10061=LINE('',#12926,#12927);
#10062=VERTEX_POINT('',#12928);
#10063=LINE('',#12929,#12930);
#10064=VERTEX_POINT('',#12931);
#10065=LINE('',#12932,#12933);
#10066=LINE('',#12934,#12935);
#10067=VERTEX_POINT('',#12936);
#10068=VERTEX_POINT('',#12937);
#10069=LINE('',#12938,#12939);
#10070=VERTEX_POINT('',#12940);
#10071=LINE('',#12941,#12942);
#10072=VERTEX_POINT('',#12943);
#10073=LINE('',#12944,#12945);
#10074=VERTEX_POINT('',#12946);
#10075=LINE('',#12947,#12948);
#10076=VERTEX_POINT('',#12949);
#10077=LINE('',#12950,#12951);
#10078=VERTEX_POINT('',#12952);
#10079=LINE('',#12953,#12954);
#10080=VERTEX_POINT('',#12955);
#10081=LINE('',#12956,#12957);
#10082=VERTEX_POINT('',#12958);
#10083=LINE('',#12959,#12960);
#10084=VERTEX_POINT('',#12961);
#10085=LINE('',#12962,#12963);
#10086=LINE('',#12964,#12965);
#10087=VERTEX_POINT('',#12966);
#10088=VERTEX_POINT('',#12967);
#10089=LINE('',#12968,#12969);
#10090=VERTEX_POINT('',#12970);
#10091=LINE('',#12971,#12972);
#10092=VERTEX_POINT('',#12973);
#10093=LINE('',#12974,#12975);
#10094=VERTEX_POINT('',#12976);
#10095=LINE('',#12977,#12978);
#10096=VERTEX_POINT('',#12979);
#10097=LINE('',#12980,#12981);
#10098=VERTEX_POINT('',#12982);
#10099=LINE('',#12983,#12984);
#10100=VERTEX_POINT('',#12985);
#10101=LINE('',#12986,#12987);
#10102=VERTEX_POINT('',#12988);
#10103=LINE('',#12989,#12990);
#10104=VERTEX_POINT('',#12991);
#10105=LINE('',#12992,#12993);
#10106=VERTEX_POINT('',#12994);
#10107=LINE('',#12995,#12996);
#10108=VERTEX_POINT('',#12997);
#10109=LINE('',#12998,#12999);
#10110=VERTEX_POINT('',#13000);
#10111=LINE('',#13001,#13002);
#10112=VERTEX_POINT('',#13003);
#10113=LINE('',#13004,#13005);
#10114=VERTEX_POINT('',#13006);
#10115=LINE('',#13007,#13008);
#10116=VERTEX_POINT('',#13009);
#10117=LINE('',#13010,#13011);
#10118=LINE('',#13012,#13013);
#10119=VERTEX_POINT('',#13014);
#10120=VERTEX_POINT('',#13015);
#10121=LINE('',#13016,#13017);
#10122=VERTEX_POINT('',#13018);
#10123=LINE('',#13019,#13020);
#10124=VERTEX_POINT('',#13021);
#10125=LINE('',#13022,#13023);
#10126=VERTEX_POINT('',#13024);
#10127=LINE('',#13025,#13026);
#10128=VERTEX_POINT('',#13027);
#10129=LINE('',#13028,#13029);
#10130=VERTEX_POINT('',#13030);
#10131=LINE('',#13031,#13032);
#10132=VERTEX_POINT('',#13033);
#10133=LINE('',#13034,#13035);
#10134=VERTEX_POINT('',#13036);
#10135=LINE('',#13037,#13038);
#10136=VERTEX_POINT('',#13039);
#10137=LINE('',#13040,#13041);
#10138=VERTEX_POINT('',#13042);
#10139=LINE('',#13043,#13044);
#10140=VERTEX_POINT('',#13045);
#10141=LINE('',#13046,#13047);
#10142=VERTEX_POINT('',#13048);
#10143=LINE('',#13049,#13050);
#10144=VERTEX_POINT('',#13051);
#10145=LINE('',#13052,#13053);
#10146=VERTEX_POINT('',#13054);
#10147=LINE('',#13055,#13056);
#10148=VERTEX_POINT('',#13057);
#10149=LINE('',#13058,#13059);
#10150=LINE('',#13060,#13061);
#10151=VERTEX_POINT('',#13062);
#10152=VERTEX_POINT('',#13063);
#10153=LINE('',#13064,#13065);
#10154=VERTEX_POINT('',#13066);
#10155=LINE('',#13067,#13068);
#10156=VERTEX_POINT('',#13069);
#10157=LINE('',#13070,#13071);
#10158=VERTEX_POINT('',#13072);
#10159=LINE('',#13073,#13074);
#10160=VERTEX_POINT('',#13075);
#10161=LINE('',#13076,#13077);
#10162=VERTEX_POINT('',#13078);
#10163=LINE('',#13079,#13080);
#10164=VERTEX_POINT('',#13081);
#10165=LINE('',#13082,#13083);
#10166=VERTEX_POINT('',#13084);
#10167=LINE('',#13085,#13086);
#10168=VERTEX_POINT('',#13087);
#10169=LINE('',#13088,#13089);
#10170=VERTEX_POINT('',#13090);
#10171=LINE('',#13091,#13092);
#10172=VERTEX_POINT('',#13093);
#10173=LINE('',#13094,#13095);
#10174=VERTEX_POINT('',#13096);
#10175=LINE('',#13097,#13098);
#10176=VERTEX_POINT('',#13099);
#10177=LINE('',#13100,#13101);
#10178=VERTEX_POINT('',#13102);
#10179=LINE('',#13103,#13104);
#10180=VERTEX_POINT('',#13105);
#10181=LINE('',#13106,#13107);
#10182=VERTEX_POINT('',#13108);
#10183=LINE('',#13109,#13110);
#10184=VERTEX_POINT('',#13111);
#10185=LINE('',#13112,#13113);
#10186=VERTEX_POINT('',#13114);
#10187=LINE('',#13115,#13116);
#10188=VERTEX_POINT('',#13117);
#10189=LINE('',#13118,#13119);
#10190=LINE('',#13120,#13121);
#10191=VERTEX_POINT('',#13122);
#10192=VERTEX_POINT('',#13123);
#10193=LINE('',#13124,#13125);
#10194=VERTEX_POINT('',#13126);
#10195=LINE('',#13127,#13128);
#10196=VERTEX_POINT('',#13129);
#10197=LINE('',#13130,#13131);
#10198=VERTEX_POINT('',#13132);
#10199=LINE('',#13133,#13134);
#10200=VERTEX_POINT('',#13135);
#10201=LINE('',#13136,#13137);
#10202=VERTEX_POINT('',#13138);
#10203=LINE('',#13139,#13140);
#10204=VERTEX_POINT('',#13141);
#10205=LINE('',#13142,#13143);
#10206=VERTEX_POINT('',#13144);
#10207=LINE('',#13145,#13146);
#10208=VERTEX_POINT('',#13147);
#10209=LINE('',#13148,#13149);
#10210=LINE('',#13150,#13151);
#10211=VERTEX_POINT('',#13152);
#10212=VERTEX_POINT('',#13153);
#10213=CIRCLE('',#13154,0.152405908723844);
#10214=CIRCLE('',#13155,0.152405908723844);
#10215=VERTEX_POINT('',#13156);
#10216=VERTEX_POINT('',#13157);
#10217=LINE('',#13158,#13159);
#10218=VERTEX_POINT('',#13160);
#10219=LINE('',#13161,#13162);
#10220=VERTEX_POINT('',#13163);
#10221=LINE('',#13164,#13165);
#10222=VERTEX_POINT('',#13166);
#10223=LINE('',#13167,#13168);
#10224=VERTEX_POINT('',#13169);
#10225=LINE('',#13170,#13171);
#10226=VERTEX_POINT('',#13172);
#10227=LINE('',#13173,#13174);
#10228=VERTEX_POINT('',#13175);
#10229=LINE('',#13176,#13177);
#10230=VERTEX_POINT('',#13178);
#10231=LINE('',#13179,#13180);
#10232=VERTEX_POINT('',#13181);
#10233=LINE('',#13182,#13183);
#10234=VERTEX_POINT('',#13184);
#10235=LINE('',#13185,#13186);
#10236=VERTEX_POINT('',#13187);
#10237=LINE('',#13188,#13189);
#10238=VERTEX_POINT('',#13190);
#10239=LINE('',#13191,#13192);
#10240=VERTEX_POINT('',#13193);
#10241=LINE('',#13194,#13195);
#10242=VERTEX_POINT('',#13196);
#10243=LINE('',#13197,#13198);
#10244=VERTEX_POINT('',#13199);
#10245=LINE('',#13200,#13201);
#10246=LINE('',#13202,#13203);
#10247=VERTEX_POINT('',#13204);
#10248=VERTEX_POINT('',#13205);
#10249=LINE('',#13206,#13207);
#10250=VERTEX_POINT('',#13208);
#10251=LINE('',#13209,#13210);
#10252=VERTEX_POINT('',#13211);
#10253=CIRCLE('',#13212,0.254);
#10254=VERTEX_POINT('',#13213);
#10255=LINE('',#13214,#13215);
#10256=VERTEX_POINT('',#13216);
#10257=CIRCLE('',#13217,0.254);
#10258=VERTEX_POINT('',#13218);
#10259=LINE('',#13219,#13220);
#10260=VERTEX_POINT('',#13221);
#10261=LINE('',#13222,#13223);
#10262=VERTEX_POINT('',#13224);
#10263=LINE('',#13225,#13226);
#10264=VERTEX_POINT('',#13227);
#10265=LINE('',#13228,#13229);
#10266=VERTEX_POINT('',#13230);
#10267=LINE('',#13231,#13232);
#10268=VERTEX_POINT('',#13233);
#10269=CIRCLE('',#13234,0.254);
#10270=VERTEX_POINT('',#13235);
#10271=LINE('',#13236,#13237);
#10272=VERTEX_POINT('',#13238);
#10273=CIRCLE('',#13239,0.254);
#10274=VERTEX_POINT('',#13240);
#10275=LINE('',#13241,#13242);
#10276=VERTEX_POINT('',#13243);
#10277=LINE('',#13244,#13245);
#10278=VERTEX_POINT('',#13246);
#10279=LINE('',#13247,#13248);
#10280=VERTEX_POINT('',#13249);
#10281=LINE('',#13250,#13251);
#10282=VERTEX_POINT('',#13252);
#10283=LINE('',#13253,#13254);
#10284=VERTEX_POINT('',#13255);
#10285=CIRCLE('',#13256,0.254);
#10286=VERTEX_POINT('',#13257);
#10287=LINE('',#13258,#13259);
#10288=VERTEX_POINT('',#13260);
#10289=LINE('',#13261,#13262);
#10290=VERTEX_POINT('',#13263);
#10291=LINE('',#13264,#13265);
#10292=VERTEX_POINT('',#13266);
#10293=LINE('',#13267,#13268);
#10294=VERTEX_POINT('',#13269);
#10295=LINE('',#13270,#13271);
#10296=VERTEX_POINT('',#13272);
#10297=LINE('',#13273,#13274);
#10298=VERTEX_POINT('',#13275);
#10299=LINE('',#13276,#13277);
#10300=VERTEX_POINT('',#13278);
#10301=LINE('',#13279,#13280);
#10302=VERTEX_POINT('',#13281);
#10303=LINE('',#13282,#13283);
#10304=VERTEX_POINT('',#13284);
#10305=CIRCLE('',#13285,0.254);
#10306=VERTEX_POINT('',#13286);
#10307=LINE('',#13287,#13288);
#10308=VERTEX_POINT('',#13289);
#10309=LINE('',#13290,#13291);
#10310=LINE('',#13292,#13293);
#10311=VERTEX_POINT('',#13294);
#10312=VERTEX_POINT('',#13295);
#10313=LINE('',#13296,#13297);
#10314=VERTEX_POINT('',#13298);
#10315=LINE('',#13299,#13300);
#10316=VERTEX_POINT('',#13301);
#10317=LINE('',#13302,#13303);
#10318=VERTEX_POINT('',#13304);
#10319=LINE('',#13305,#13306);
#10320=VERTEX_POINT('',#13307);
#10321=LINE('',#13308,#13309);
#10322=VERTEX_POINT('',#13310);
#10323=LINE('',#13311,#13312);
#10324=VERTEX_POINT('',#13313);
#10325=LINE('',#13314,#13315);
#10326=VERTEX_POINT('',#13316);
#10327=LINE('',#13317,#13318);
#10328=VERTEX_POINT('',#13319);
#10329=LINE('',#13320,#13321);
#10330=VERTEX_POINT('',#13322);
#10331=LINE('',#13323,#13324);
#10332=VERTEX_POINT('',#13325);
#10333=LINE('',#13326,#13327);
#10334=VERTEX_POINT('',#13328);
#10335=LINE('',#13329,#13330);
#10336=VERTEX_POINT('',#13331);
#10337=LINE('',#13332,#13333);
#10338=VERTEX_POINT('',#13334);
#10339=LINE('',#13335,#13336);
#10340=VERTEX_POINT('',#13337);
#10341=LINE('',#13338,#13339);
#10342=VERTEX_POINT('',#13340);
#10343=LINE('',#13341,#13342);
#10344=VERTEX_POINT('',#13343);
#10345=LINE('',#13344,#13345);
#10346=VERTEX_POINT('',#13346);
#10347=LINE('',#13347,#13348);
#10348=LINE('',#13349,#13350);
#10349=VERTEX_POINT('',#13351);
#10350=VERTEX_POINT('',#13352);
#10351=LINE('',#13353,#13354);
#10352=VERTEX_POINT('',#13355);
#10353=LINE('',#13356,#13357);
#10354=VERTEX_POINT('',#13358);
#10355=LINE('',#13359,#13360);
#10356=VERTEX_POINT('',#13361);
#10357=LINE('',#13362,#13363);
#10358=VERTEX_POINT('',#13364);
#10359=LINE('',#13365,#13366);
#10360=VERTEX_POINT('',#13367);
#10361=LINE('',#13368,#13369);
#10362=VERTEX_POINT('',#13370);
#10363=LINE('',#13371,#13372);
#10364=VERTEX_POINT('',#13373);
#10365=LINE('',#13374,#13375);
#10366=VERTEX_POINT('',#13376);
#10367=LINE('',#13377,#13378);
#10368=VERTEX_POINT('',#13379);
#10369=LINE('',#13380,#13381);
#10370=VERTEX_POINT('',#13382);
#10371=LINE('',#13383,#13384);
#10372=VERTEX_POINT('',#13385);
#10373=LINE('',#13386,#13387);
#10374=VERTEX_POINT('',#13388);
#10375=LINE('',#13389,#13390);
#10376=VERTEX_POINT('',#13391);
#10377=LINE('',#13392,#13393);
#10378=VERTEX_POINT('',#13394);
#10379=LINE('',#13395,#13396);
#10380=VERTEX_POINT('',#13397);
#10381=LINE('',#13398,#13399);
#10382=VERTEX_POINT('',#13400);
#10383=LINE('',#13401,#13402);
#10384=VERTEX_POINT('',#13403);
#10385=LINE('',#13404,#13405);
#10386=VERTEX_POINT('',#13406);
#10387=LINE('',#13407,#13408);
#10388=VERTEX_POINT('',#13409);
#10389=LINE('',#13410,#13411);
#10390=VERTEX_POINT('',#13412);
#10391=LINE('',#13413,#13414);
#10392=VERTEX_POINT('',#13415);
#10393=LINE('',#13416,#13417);
#10394=VERTEX_POINT('',#13418);
#10395=LINE('',#13419,#13420);
#10396=LINE('',#13421,#13422);
#10397=VERTEX_POINT('',#13423);
#10398=VERTEX_POINT('',#13424);
#10399=LINE('',#13425,#13426);
#10400=VERTEX_POINT('',#13427);
#10401=LINE('',#13428,#13429);
#10402=VERTEX_POINT('',#13430);
#10403=LINE('',#13431,#13432);
#10404=VERTEX_POINT('',#13433);
#10405=LINE('',#13434,#13435);
#10406=VERTEX_POINT('',#13436);
#10407=LINE('',#13437,#13438);
#10408=VERTEX_POINT('',#13439);
#10409=LINE('',#13440,#13441);
#10410=VERTEX_POINT('',#13442);
#10411=LINE('',#13443,#13444);
#10412=VERTEX_POINT('',#13445);
#10413=LINE('',#13446,#13447);
#10414=VERTEX_POINT('',#13448);
#10415=LINE('',#13449,#13450);
#10416=VERTEX_POINT('',#13451);
#10417=LINE('',#13452,#13453);
#10418=VERTEX_POINT('',#13454);
#10419=LINE('',#13455,#13456);
#10420=VERTEX_POINT('',#13457);
#10421=LINE('',#13458,#13459);
#10422=VERTEX_POINT('',#13460);
#10423=LINE('',#13461,#13462);
#10424=VERTEX_POINT('',#13463);
#10425=LINE('',#13464,#13465);
#10426=VERTEX_POINT('',#13466);
#10427=LINE('',#13467,#13468);
#10428=VERTEX_POINT('',#13469);
#10429=LINE('',#13470,#13471);
#10430=VERTEX_POINT('',#13472);
#10431=LINE('',#13473,#13474);
#10432=VERTEX_POINT('',#13475);
#10433=LINE('',#13476,#13477);
#10434=VERTEX_POINT('',#13478);
#10435=LINE('',#13479,#13480);
#10436=VERTEX_POINT('',#13481);
#10437=LINE('',#13482,#13483);
#10438=VERTEX_POINT('',#13484);
#10439=LINE('',#13485,#13486);
#10440=VERTEX_POINT('',#13487);
#10441=LINE('',#13488,#13489);
#10442=VERTEX_POINT('',#13490);
#10443=LINE('',#13491,#13492);
#10444=VERTEX_POINT('',#13493);
#10445=LINE('',#13494,#13495);
#10446=VERTEX_POINT('',#13496);
#10447=LINE('',#13497,#13498);
#10448=LINE('',#13499,#13500);
#10449=VERTEX_POINT('',#13501);
#10450=VERTEX_POINT('',#13502);
#10451=LINE('',#13503,#13504);
#10452=VERTEX_POINT('',#13505);
#10453=LINE('',#13506,#13507);
#10454=VERTEX_POINT('',#13508);
#10455=LINE('',#13509,#13510);
#10456=VERTEX_POINT('',#13511);
#10457=LINE('',#13512,#13513);
#10458=VERTEX_POINT('',#13514);
#10459=LINE('',#13515,#13516);
#10460=VERTEX_POINT('',#13517);
#10461=LINE('',#13518,#13519);
#10462=VERTEX_POINT('',#13520);
#10463=LINE('',#13521,#13522);
#10464=VERTEX_POINT('',#13523);
#10465=LINE('',#13524,#13525);
#10466=VERTEX_POINT('',#13526);
#10467=LINE('',#13527,#13528);
#10468=VERTEX_POINT('',#13529);
#10469=LINE('',#13530,#13531);
#10470=VERTEX_POINT('',#13532);
#10471=LINE('',#13533,#13534);
#10472=VERTEX_POINT('',#13535);
#10473=LINE('',#13536,#13537);
#10474=VERTEX_POINT('',#13538);
#10475=LINE('',#13539,#13540);
#10476=VERTEX_POINT('',#13541);
#10477=LINE('',#13542,#13543);
#10478=VERTEX_POINT('',#13544);
#10479=LINE('',#13545,#13546);
#10480=LINE('',#13547,#13548);
#10481=VERTEX_POINT('',#13549);
#10482=VERTEX_POINT('',#13550);
#10483=LINE('',#13551,#13552);
#10484=VERTEX_POINT('',#13553);
#10485=LINE('',#13554,#13555);
#10486=VERTEX_POINT('',#13556);
#10487=LINE('',#13557,#13558);
#10488=VERTEX_POINT('',#13559);
#10489=LINE('',#13560,#13561);
#10490=VERTEX_POINT('',#13562);
#10491=LINE('',#13563,#13564);
#10492=VERTEX_POINT('',#13565);
#10493=LINE('',#13566,#13567);
#10494=VERTEX_POINT('',#13568);
#10495=LINE('',#13569,#13570);
#10496=VERTEX_POINT('',#13571);
#10497=LINE('',#13572,#13573);
#10498=VERTEX_POINT('',#13574);
#10499=LINE('',#13575,#13576);
#10500=LINE('',#13577,#13578);
#10501=VERTEX_POINT('',#13579);
#10502=VERTEX_POINT('',#13580);
#10503=LINE('',#13581,#13582);
#10504=VERTEX_POINT('',#13583);
#10505=LINE('',#13584,#13585);
#10506=VERTEX_POINT('',#13586);
#10507=LINE('',#13587,#13588);
#10508=VERTEX_POINT('',#13589);
#10509=LINE('',#13590,#13591);
#10510=VERTEX_POINT('',#13592);
#10511=LINE('',#13593,#13594);
#10512=VERTEX_POINT('',#13595);
#10513=LINE('',#13596,#13597);
#10514=VERTEX_POINT('',#13598);
#10515=LINE('',#13599,#13600);
#10516=VERTEX_POINT('',#13601);
#10517=LINE('',#13602,#13603);
#10518=VERTEX_POINT('',#13604);
#10519=LINE('',#13605,#13606);
#10520=VERTEX_POINT('',#13607);
#10521=LINE('',#13608,#13609);
#10522=VERTEX_POINT('',#13610);
#10523=LINE('',#13611,#13612);
#10524=VERTEX_POINT('',#13613);
#10525=LINE('',#13614,#13615);
#10526=VERTEX_POINT('',#13616);
#10527=LINE('',#13617,#13618);
#10528=VERTEX_POINT('',#13619);
#10529=LINE('',#13620,#13621);
#10530=VERTEX_POINT('',#13622);
#10531=LINE('',#13623,#13624);
#10532=VERTEX_POINT('',#13625);
#10533=LINE('',#13626,#13627);
#10534=VERTEX_POINT('',#13628);
#10535=LINE('',#13629,#13630);
#10536=VERTEX_POINT('',#13631);
#10537=LINE('',#13632,#13633);
#10538=VERTEX_POINT('',#13634);
#10539=LINE('',#13635,#13636);
#10540=VERTEX_POINT('',#13637);
#10541=LINE('',#13638,#13639);
#10542=VERTEX_POINT('',#13640);
#10543=LINE('',#13641,#13642);
#10544=VERTEX_POINT('',#13643);
#10545=LINE('',#13644,#13645);
#10546=VERTEX_POINT('',#13646);
#10547=LINE('',#13647,#13648);
#10548=VERTEX_POINT('',#13649);
#10549=LINE('',#13650,#13651);
#10550=VERTEX_POINT('',#13652);
#10551=LINE('',#13653,#13654);
#10552=VERTEX_POINT('',#13655);
#10553=LINE('',#13656,#13657);
#10554=VERTEX_POINT('',#13658);
#10555=LINE('',#13659,#13660);
#10556=VERTEX_POINT('',#13661);
#10557=LINE('',#13662,#13663);
#10558=VERTEX_POINT('',#13664);
#10559=LINE('',#13665,#13666);
#10560=VERTEX_POINT('',#13667);
#10561=LINE('',#13668,#13669);
#10562=VERTEX_POINT('',#13670);
#10563=LINE('',#13671,#13672);
#10564=VERTEX_POINT('',#13673);
#10565=LINE('',#13674,#13675);
#10566=VERTEX_POINT('',#13676);
#10567=LINE('',#13677,#13678);
#10568=VERTEX_POINT('',#13679);
#10569=LINE('',#13680,#13681);
#10570=VERTEX_POINT('',#13682);
#10571=LINE('',#13683,#13684);
#10572=VERTEX_POINT('',#13685);
#10573=LINE('',#13686,#13687);
#10574=VERTEX_POINT('',#13688);
#10575=LINE('',#13689,#13690);
#10576=VERTEX_POINT('',#13691);
#10577=LINE('',#13692,#13693);
#10578=VERTEX_POINT('',#13694);
#10579=LINE('',#13695,#13696);
#10580=VERTEX_POINT('',#13697);
#10581=LINE('',#13698,#13699);
#10582=VERTEX_POINT('',#13700);
#10583=LINE('',#13701,#13702);
#10584=VERTEX_POINT('',#13703);
#10585=LINE('',#13704,#13705);
#10586=VERTEX_POINT('',#13706);
#10587=LINE('',#13707,#13708);
#10588=VERTEX_POINT('',#13709);
#10589=LINE('',#13710,#13711);
#10590=VERTEX_POINT('',#13712);
#10591=LINE('',#13713,#13714);
#10592=VERTEX_POINT('',#13715);
#10593=LINE('',#13716,#13717);
#10594=VERTEX_POINT('',#13718);
#10595=LINE('',#13719,#13720);
#10596=VERTEX_POINT('',#13721);
#10597=LINE('',#13722,#13723);
#10598=VERTEX_POINT('',#13724);
#10599=LINE('',#13725,#13726);
#10600=VERTEX_POINT('',#13727);
#10601=LINE('',#13728,#13729);
#10602=VERTEX_POINT('',#13730);
#10603=LINE('',#13731,#13732);
#10604=VERTEX_POINT('',#13733);
#10605=LINE('',#13734,#13735);
#10606=VERTEX_POINT('',#13736);
#10607=LINE('',#13737,#13738);
#10608=LINE('',#13739,#13740);
#10609=VERTEX_POINT('',#13741);
#10610=VERTEX_POINT('',#13742);
#10611=LINE('',#13743,#13744);
#10612=VERTEX_POINT('',#13745);
#10613=LINE('',#13746,#13747);
#10614=VERTEX_POINT('',#13748);
#10615=LINE('',#13749,#13750);
#10616=VERTEX_POINT('',#13751);
#10617=LINE('',#13752,#13753);
#10618=VERTEX_POINT('',#13754);
#10619=LINE('',#13755,#13756);
#10620=VERTEX_POINT('',#13757);
#10621=LINE('',#13758,#13759);
#10622=VERTEX_POINT('',#13760);
#10623=LINE('',#13761,#13762);
#10624=VERTEX_POINT('',#13763);
#10625=LINE('',#13764,#13765);
#10626=VERTEX_POINT('',#13766);
#10627=LINE('',#13767,#13768);
#10628=VERTEX_POINT('',#13769);
#10629=LINE('',#13770,#13771);
#10630=VERTEX_POINT('',#13772);
#10631=LINE('',#13773,#13774);
#10632=VERTEX_POINT('',#13775);
#10633=LINE('',#13776,#13777);
#10634=VERTEX_POINT('',#13778);
#10635=LINE('',#13779,#13780);
#10636=VERTEX_POINT('',#13781);
#10637=LINE('',#13782,#13783);
#10638=VERTEX_POINT('',#13784);
#10639=LINE('',#13785,#13786);
#10640=VERTEX_POINT('',#13787);
#10641=LINE('',#13788,#13789);
#10642=VERTEX_POINT('',#13790);
#10643=LINE('',#13791,#13792);
#10644=VERTEX_POINT('',#13793);
#10645=LINE('',#13794,#13795);
#10646=VERTEX_POINT('',#13796);
#10647=LINE('',#13797,#13798);
#10648=VERTEX_POINT('',#13799);
#10649=LINE('',#13800,#13801);
#10650=VERTEX_POINT('',#13802);
#10651=LINE('',#13803,#13804);
#10652=VERTEX_POINT('',#13805);
#10653=LINE('',#13806,#13807);
#10654=VERTEX_POINT('',#13808);
#10655=LINE('',#13809,#13810);
#10656=VERTEX_POINT('',#13811);
#10657=LINE('',#13812,#13813);
#10658=VERTEX_POINT('',#13814);
#10659=LINE('',#13815,#13816);
#10660=VERTEX_POINT('',#13817);
#10661=LINE('',#13818,#13819);
#10662=VERTEX_POINT('',#13820);
#10663=LINE('',#13821,#13822);
#10664=VERTEX_POINT('',#13823);
#10665=LINE('',#13824,#13825);
#10666=VERTEX_POINT('',#13826);
#10667=LINE('',#13827,#13828);
#10668=VERTEX_POINT('',#13829);
#10669=LINE('',#13830,#13831);
#10670=VERTEX_POINT('',#13832);
#10671=LINE('',#13833,#13834);
#10672=VERTEX_POINT('',#13835);
#10673=LINE('',#13836,#13837);
#10674=VERTEX_POINT('',#13838);
#10675=LINE('',#13839,#13840);
#10676=VERTEX_POINT('',#13841);
#10677=LINE('',#13842,#13843);
#10678=VERTEX_POINT('',#13844);
#10679=LINE('',#13845,#13846);
#10680=VERTEX_POINT('',#13847);
#10681=LINE('',#13848,#13849);
#10682=VERTEX_POINT('',#13850);
#10683=LINE('',#13851,#13852);
#10684=VERTEX_POINT('',#13853);
#10685=LINE('',#13854,#13855);
#10686=VERTEX_POINT('',#13856);
#10687=LINE('',#13857,#13858);
#10688=VERTEX_POINT('',#13859);
#10689=LINE('',#13860,#13861);
#10690=VERTEX_POINT('',#13862);
#10691=LINE('',#13863,#13864);
#10692=VERTEX_POINT('',#13865);
#10693=LINE('',#13866,#13867);
#10694=VERTEX_POINT('',#13868);
#10695=LINE('',#13869,#13870);
#10696=VERTEX_POINT('',#13871);
#10697=LINE('',#13872,#13873);
#10698=VERTEX_POINT('',#13874);
#10699=LINE('',#13875,#13876);
#10700=VERTEX_POINT('',#13877);
#10701=LINE('',#13878,#13879);
#10702=VERTEX_POINT('',#13880);
#10703=LINE('',#13881,#13882);
#10704=VERTEX_POINT('',#13883);
#10705=LINE('',#13884,#13885);
#10706=VERTEX_POINT('',#13886);
#10707=LINE('',#13887,#13888);
#10708=VERTEX_POINT('',#13889);
#10709=LINE('',#13890,#13891);
#10710=VERTEX_POINT('',#13892);
#10711=LINE('',#13893,#13894);
#10712=VERTEX_POINT('',#13895);
#10713=LINE('',#13896,#13897);
#10714=VERTEX_POINT('',#13898);
#10715=LINE('',#13899,#13900);
#10716=VERTEX_POINT('',#13901);
#10717=LINE('',#13902,#13903);
#10718=VERTEX_POINT('',#13904);
#10719=LINE('',#13905,#13906);
#10720=VERTEX_POINT('',#13907);
#10721=LINE('',#13908,#13909);
#10722=LINE('',#13910,#13911);
#10723=VERTEX_POINT('',#13912);
#10724=VERTEX_POINT('',#13913);
#10725=LINE('',#13914,#13915);
#10726=VERTEX_POINT('',#13916);
#10727=LINE('',#13917,#13918);
#10728=VERTEX_POINT('',#13919);
#10729=LINE('',#13920,#13921);
#10730=VERTEX_POINT('',#13922);
#10731=LINE('',#13923,#13924);
#10732=VERTEX_POINT('',#13925);
#10733=LINE('',#13926,#13927);
#10734=VERTEX_POINT('',#13928);
#10735=LINE('',#13929,#13930);
#10736=VERTEX_POINT('',#13931);
#10737=LINE('',#13932,#13933);
#10738=VERTEX_POINT('',#13934);
#10739=LINE('',#13935,#13936);
#10740=VERTEX_POINT('',#13937);
#10741=LINE('',#13938,#13939);
#10742=VERTEX_POINT('',#13940);
#10743=LINE('',#13941,#13942);
#10744=VERTEX_POINT('',#13943);
#10745=LINE('',#13944,#13945);
#10746=VERTEX_POINT('',#13946);
#10747=LINE('',#13947,#13948);
#10748=VERTEX_POINT('',#13949);
#10749=LINE('',#13950,#13951);
#10750=LINE('',#13952,#13953);
#10751=VERTEX_POINT('',#13954);
#10752=LINE('',#13955,#13956);
#10753=VERTEX_POINT('',#13957);
#10754=LINE('',#13958,#13959);
#10755=VERTEX_POINT('',#13960);
#10756=LINE('',#13961,#13962);
#10757=VERTEX_POINT('',#13963);
#10758=LINE('',#13964,#13965);
#10759=VERTEX_POINT('',#13966);
#10760=LINE('',#13967,#13968);
#10761=VERTEX_POINT('',#13969);
#10762=LINE('',#13970,#13971);
#10763=VERTEX_POINT('',#13972);
#10764=LINE('',#13973,#13974);
#10765=VERTEX_POINT('',#13975);
#10766=LINE('',#13976,#13977);
#10767=VERTEX_POINT('',#13978);
#10768=LINE('',#13979,#13980);
#10769=VERTEX_POINT('',#13981);
#10770=LINE('',#13982,#13983);
#10771=VERTEX_POINT('',#13984);
#10772=LINE('',#13985,#13986);
#10773=VERTEX_POINT('',#13987);
#10774=LINE('',#13988,#13989);
#10775=VERTEX_POINT('',#13990);
#10776=LINE('',#13991,#13992);
#10777=VERTEX_POINT('',#13993);
#10778=LINE('',#13994,#13995);
#10779=VERTEX_POINT('',#13996);
#10780=LINE('',#13997,#13998);
#10781=VERTEX_POINT('',#13999);
#10782=LINE('',#14000,#14001);
#10783=VERTEX_POINT('',#14002);
#10784=LINE('',#14003,#14004);
#10785=VERTEX_POINT('',#14005);
#10786=LINE('',#14006,#14007);
#10787=VERTEX_POINT('',#14008);
#10788=LINE('',#14009,#14010);
#10789=VERTEX_POINT('',#14011);
#10790=LINE('',#14012,#14013);
#10791=VERTEX_POINT('',#14014);
#10792=LINE('',#14015,#14016);
#10793=VERTEX_POINT('',#14017);
#10794=LINE('',#14018,#14019);
#10795=VERTEX_POINT('',#14020);
#10796=LINE('',#14021,#14022);
#10797=VERTEX_POINT('',#14023);
#10798=LINE('',#14024,#14025);
#10799=VERTEX_POINT('',#14026);
#10800=LINE('',#14027,#14028);
#10801=VERTEX_POINT('',#14029);
#10802=LINE('',#14030,#14031);
#10803=VERTEX_POINT('',#14032);
#10804=LINE('',#14033,#14034);
#10805=VERTEX_POINT('',#14035);
#10806=LINE('',#14036,#14037);
#10807=VERTEX_POINT('',#14038);
#10808=LINE('',#14039,#14040);
#10809=VERTEX_POINT('',#14041);
#10810=LINE('',#14042,#14043);
#10811=VERTEX_POINT('',#14044);
#10812=LINE('',#14045,#14046);
#10813=VERTEX_POINT('',#14047);
#10814=LINE('',#14048,#14049);
#10815=VERTEX_POINT('',#14050);
#10816=LINE('',#14051,#14052);
#10817=VERTEX_POINT('',#14053);
#10818=LINE('',#14054,#14055);
#10819=VERTEX_POINT('',#14056);
#10820=LINE('',#14057,#14058);
#10821=VERTEX_POINT('',#14059);
#10822=LINE('',#14060,#14061);
#10823=VERTEX_POINT('',#14062);
#10824=LINE('',#14063,#14064);
#10825=VERTEX_POINT('',#14065);
#10826=LINE('',#14066,#14067);
#10827=VERTEX_POINT('',#14068);
#10828=LINE('',#14069,#14070);
#10829=VERTEX_POINT('',#14071);
#10830=LINE('',#14072,#14073);
#10831=VERTEX_POINT('',#14074);
#10832=LINE('',#14075,#14076);
#10833=LINE('',#14077,#14078);
#10834=VERTEX_POINT('',#14079);
#10835=VERTEX_POINT('',#14080);
#10836=LINE('',#14081,#14082);
#10837=VERTEX_POINT('',#14083);
#10838=LINE('',#14084,#14085);
#10839=VERTEX_POINT('',#14086);
#10840=LINE('',#14087,#14088);
#10841=VERTEX_POINT('',#14089);
#10842=LINE('',#14090,#14091);
#10843=VERTEX_POINT('',#14092);
#10844=LINE('',#14093,#14094);
#10845=VERTEX_POINT('',#14095);
#10846=LINE('',#14096,#14097);
#10847=VERTEX_POINT('',#14098);
#10848=LINE('',#14099,#14100);
#10849=VERTEX_POINT('',#14101);
#10850=LINE('',#14102,#14103);
#10851=VERTEX_POINT('',#14104);
#10852=LINE('',#14105,#14106);
#10853=VERTEX_POINT('',#14107);
#10854=LINE('',#14108,#14109);
#10855=VERTEX_POINT('',#14110);
#10856=LINE('',#14111,#14112);
#10857=VERTEX_POINT('',#14113);
#10858=LINE('',#14114,#14115);
#10859=VERTEX_POINT('',#14116);
#10860=LINE('',#14117,#14118);
#10861=VERTEX_POINT('',#14119);
#10862=LINE('',#14120,#14121);
#10863=VERTEX_POINT('',#14122);
#10864=LINE('',#14123,#14124);
#10865=VERTEX_POINT('',#14125);
#10866=LINE('',#14126,#14127);
#10867=VERTEX_POINT('',#14128);
#10868=LINE('',#14129,#14130);
#10869=VERTEX_POINT('',#14131);
#10870=LINE('',#14132,#14133);
#10871=VERTEX_POINT('',#14134);
#10872=LINE('',#14135,#14136);
#10873=VERTEX_POINT('',#14137);
#10874=LINE('',#14138,#14139);
#10875=VERTEX_POINT('',#14140);
#10876=LINE('',#14141,#14142);
#10877=VERTEX_POINT('',#14143);
#10878=LINE('',#14144,#14145);
#10879=VERTEX_POINT('',#14146);
#10880=LINE('',#14147,#14148);
#10881=VERTEX_POINT('',#14149);
#10882=LINE('',#14150,#14151);
#10883=VERTEX_POINT('',#14152);
#10884=LINE('',#14153,#14154);
#10885=VERTEX_POINT('',#14155);
#10886=LINE('',#14156,#14157);
#10887=VERTEX_POINT('',#14158);
#10888=LINE('',#14159,#14160);
#10889=VERTEX_POINT('',#14161);
#10890=LINE('',#14162,#14163);
#10891=VERTEX_POINT('',#14164);
#10892=LINE('',#14165,#14166);
#10893=VERTEX_POINT('',#14167);
#10894=LINE('',#14168,#14169);
#10895=VERTEX_POINT('',#14170);
#10896=LINE('',#14171,#14172);
#10897=VERTEX_POINT('',#14173);
#10898=LINE('',#14174,#14175);
#10899=VERTEX_POINT('',#14176);
#10900=LINE('',#14177,#14178);
#10901=LINE('',#14179,#14180);
#10902=VERTEX_POINT('',#14181);
#10903=VERTEX_POINT('',#14182);
#10904=LINE('',#14183,#14184);
#10905=VERTEX_POINT('',#14185);
#10906=LINE('',#14186,#14187);
#10907=VERTEX_POINT('',#14188);
#10908=LINE('',#14189,#14190);
#10909=VERTEX_POINT('',#14191);
#10910=LINE('',#14192,#14193);
#10911=VERTEX_POINT('',#14194);
#10912=LINE('',#14195,#14196);
#10913=VERTEX_POINT('',#14197);
#10914=LINE('',#14198,#14199);
#10915=VERTEX_POINT('',#14200);
#10916=LINE('',#14201,#14202);
#10917=VERTEX_POINT('',#14203);
#10918=LINE('',#14204,#14205);
#10919=VERTEX_POINT('',#14206);
#10920=LINE('',#14207,#14208);
#10921=VERTEX_POINT('',#14209);
#10922=LINE('',#14210,#14211);
#10923=VERTEX_POINT('',#14212);
#10924=LINE('',#14213,#14214);
#10925=VERTEX_POINT('',#14215);
#10926=LINE('',#14216,#14217);
#10927=VERTEX_POINT('',#14218);
#10928=LINE('',#14219,#14220);
#10929=VERTEX_POINT('',#14221);
#10930=LINE('',#14222,#14223);
#10931=VERTEX_POINT('',#14224);
#10932=LINE('',#14225,#14226);
#10933=VERTEX_POINT('',#14227);
#10934=LINE('',#14228,#14229);
#10935=VERTEX_POINT('',#14230);
#10936=LINE('',#14231,#14232);
#10937=VERTEX_POINT('',#14233);
#10938=LINE('',#14234,#14235);
#10939=VERTEX_POINT('',#14236);
#10940=LINE('',#14237,#14238);
#10941=VERTEX_POINT('',#14239);
#10942=LINE('',#14240,#14241);
#10943=VERTEX_POINT('',#14242);
#10944=LINE('',#14243,#14244);
#10945=VERTEX_POINT('',#14245);
#10946=LINE('',#14246,#14247);
#10947=VERTEX_POINT('',#14248);
#10948=LINE('',#14249,#14250);
#10949=VERTEX_POINT('',#14251);
#10950=LINE('',#14252,#14253);
#10951=VERTEX_POINT('',#14254);
#10952=LINE('',#14255,#14256);
#10953=VERTEX_POINT('',#14257);
#10954=LINE('',#14258,#14259);
#10955=VERTEX_POINT('',#14260);
#10956=LINE('',#14261,#14262);
#10957=VERTEX_POINT('',#14263);
#10958=LINE('',#14264,#14265);
#10959=VERTEX_POINT('',#14266);
#10960=LINE('',#14267,#14268);
#10961=VERTEX_POINT('',#14269);
#10962=LINE('',#14270,#14271);
#10963=VERTEX_POINT('',#14272);
#10964=LINE('',#14273,#14274);
#10965=VERTEX_POINT('',#14275);
#10966=LINE('',#14276,#14277);
#10967=VERTEX_POINT('',#14278);
#10968=LINE('',#14279,#14280);
#10969=VERTEX_POINT('',#14281);
#10970=LINE('',#14282,#14283);
#10971=VERTEX_POINT('',#14284);
#10972=LINE('',#14285,#14286);
#10973=VERTEX_POINT('',#14287);
#10974=LINE('',#14288,#14289);
#10975=VERTEX_POINT('',#14290);
#10976=LINE('',#14291,#14292);
#10977=VERTEX_POINT('',#14293);
#10978=LINE('',#14294,#14295);
#10979=VERTEX_POINT('',#14296);
#10980=LINE('',#14297,#14298);
#10981=LINE('',#14299,#14300);
#10982=VERTEX_POINT('',#14301);
#10983=VERTEX_POINT('',#14302);
#10984=CIRCLE('',#14303,0.191258126584836);
#10985=CIRCLE('',#14304,0.191258126584836);
#10986=VERTEX_POINT('',#14305);
#10987=VERTEX_POINT('',#14306);
#10988=CIRCLE('',#14307,1.8542);
#10989=CIRCLE('',#14308,1.8542);
#10990=VERTEX_POINT('',#14309);
#10991=LINE('',#14310,#14311);
#10992=VERTEX_POINT('',#14312);
#10993=LINE('',#14313,#14314);
#10994=LINE('',#14315,#14316);
#10995=VERTEX_POINT('',#14317);
#10996=LINE('',#14318,#14319);
#10997=LINE('',#14320,#14321);
#10998=VERTEX_POINT('',#14322);
#10999=LINE('',#14323,#14324);
#11000=LINE('',#14325,#14326);
#11001=VERTEX_POINT('',#14327);
#11002=LINE('',#14328,#14329);
#11003=LINE('',#14330,#14331);
#11004=VERTEX_POINT('',#14332);
#11005=LINE('',#14333,#14334);
#11006=LINE('',#14335,#14336);
#11007=VERTEX_POINT('',#14337);
#11008=LINE('',#14338,#14339);
#11009=LINE('',#14340,#14341);
#11010=VERTEX_POINT('',#14342);
#11011=LINE('',#14343,#14344);
#11012=LINE('',#14345,#14346);
#11013=VERTEX_POINT('',#14347);
#11014=LINE('',#14348,#14349);
#11015=LINE('',#14350,#14351);
#11016=VERTEX_POINT('',#14352);
#11017=LINE('',#14353,#14354);
#11018=LINE('',#14355,#14356);
#11019=VERTEX_POINT('',#14357);
#11020=LINE('',#14358,#14359);
#11021=LINE('',#14360,#14361);
#11022=VERTEX_POINT('',#14362);
#11023=LINE('',#14363,#14364);
#11024=LINE('',#14365,#14366);
#11025=VERTEX_POINT('',#14367);
#11026=LINE('',#14368,#14369);
#11027=LINE('',#14370,#14371);
#11028=VERTEX_POINT('',#14372);
#11029=LINE('',#14373,#14374);
#11030=LINE('',#14375,#14376);
#11031=VERTEX_POINT('',#14377);
#11032=LINE('',#14378,#14379);
#11033=LINE('',#14380,#14381);
#11034=VERTEX_POINT('',#14382);
#11035=LINE('',#14383,#14384);
#11036=LINE('',#14385,#14386);
#11037=VERTEX_POINT('',#14387);
#11038=LINE('',#14388,#14389);
#11039=LINE('',#14390,#14391);
#11040=VERTEX_POINT('',#14392);
#11041=LINE('',#14393,#14394);
#11042=LINE('',#14395,#14396);
#11043=VERTEX_POINT('',#14397);
#11044=LINE('',#14398,#14399);
#11045=LINE('',#14400,#14401);
#11046=LINE('',#14402,#14403);
#11047=VERTEX_POINT('',#14404);
#11048=VERTEX_POINT('',#14405);
#11049=LINE('',#14406,#14407);
#11050=VERTEX_POINT('',#14408);
#11051=LINE('',#14409,#14410);
#11052=VERTEX_POINT('',#14411);
#11053=LINE('',#14412,#14413);
#11054=VERTEX_POINT('',#14414);
#11055=LINE('',#14415,#14416);
#11056=VERTEX_POINT('',#14417);
#11057=LINE('',#14418,#14419);
#11058=VERTEX_POINT('',#14420);
#11059=LINE('',#14421,#14422);
#11060=VERTEX_POINT('',#14423);
#11061=LINE('',#14424,#14425);
#11062=VERTEX_POINT('',#14426);
#11063=LINE('',#14427,#14428);
#11064=VERTEX_POINT('',#14429);
#11065=LINE('',#14430,#14431);
#11066=LINE('',#14432,#14433);
#11067=VERTEX_POINT('',#14434);
#11068=VERTEX_POINT('',#14435);
#11069=LINE('',#14436,#14437);
#11070=VERTEX_POINT('',#14438);
#11071=LINE('',#14439,#14440);
#11072=VERTEX_POINT('',#14441);
#11073=LINE('',#14442,#14443);
#11074=VERTEX_POINT('',#14444);
#11075=LINE('',#14445,#14446);
#11076=VERTEX_POINT('',#14447);
#11077=LINE('',#14448,#14449);
#11078=VERTEX_POINT('',#14450);
#11079=LINE('',#14451,#14452);
#11080=VERTEX_POINT('',#14453);
#11081=LINE('',#14454,#14455);
#11082=VERTEX_POINT('',#14456);
#11083=LINE('',#14457,#14458);
#11084=VERTEX_POINT('',#14459);
#11085=LINE('',#14460,#14461);
#11086=LINE('',#14462,#14463);
#11087=VERTEX_POINT('',#14464);
#11088=VERTEX_POINT('',#14465);
#11089=LINE('',#14466,#14467);
#11090=VERTEX_POINT('',#14468);
#11091=LINE('',#14469,#14470);
#11092=VERTEX_POINT('',#14471);
#11093=LINE('',#14472,#14473);
#11094=VERTEX_POINT('',#14474);
#11095=LINE('',#14475,#14476);
#11096=VERTEX_POINT('',#14477);
#11097=LINE('',#14478,#14479);
#11098=VERTEX_POINT('',#14480);
#11099=LINE('',#14481,#14482);
#11100=VERTEX_POINT('',#14483);
#11101=LINE('',#14484,#14485);
#11102=VERTEX_POINT('',#14486);
#11103=LINE('',#14487,#14488);
#11104=VERTEX_POINT('',#14489);
#11105=LINE('',#14490,#14491);
#11106=VERTEX_POINT('',#14492);
#11107=LINE('',#14493,#14494);
#11108=VERTEX_POINT('',#14495);
#11109=LINE('',#14496,#14497);
#11110=VERTEX_POINT('',#14498);
#11111=LINE('',#14499,#14500);
#11112=VERTEX_POINT('',#14501);
#11113=LINE('',#14502,#14503);
#11114=VERTEX_POINT('',#14504);
#11115=LINE('',#14505,#14506);
#11116=VERTEX_POINT('',#14507);
#11117=LINE('',#14508,#14509);
#11118=VERTEX_POINT('',#14510);
#11119=LINE('',#14511,#14512);
#11120=VERTEX_POINT('',#14513);
#11121=LINE('',#14514,#14515);
#11122=VERTEX_POINT('',#14516);
#11123=LINE('',#14517,#14518);
#11124=VERTEX_POINT('',#14519);
#11125=LINE('',#14520,#14521);
#11126=VERTEX_POINT('',#14522);
#11127=LINE('',#14523,#14524);
#11128=VERTEX_POINT('',#14525);
#11129=LINE('',#14526,#14527);
#11130=VERTEX_POINT('',#14528);
#11131=LINE('',#14529,#14530);
#11132=VERTEX_POINT('',#14531);
#11133=LINE('',#14532,#14533);
#11134=LINE('',#14534,#14535);
#11135=VERTEX_POINT('',#14536);
#11136=VERTEX_POINT('',#14537);
#11137=LINE('',#14538,#14539);
#11138=VERTEX_POINT('',#14540);
#11139=LINE('',#14541,#14542);
#11140=VERTEX_POINT('',#14543);
#11141=LINE('',#14544,#14545);
#11142=VERTEX_POINT('',#14546);
#11143=LINE('',#14547,#14548);
#11144=VERTEX_POINT('',#14549);
#11145=LINE('',#14550,#14551);
#11146=VERTEX_POINT('',#14552);
#11147=LINE('',#14553,#14554);
#11148=VERTEX_POINT('',#14555);
#11149=LINE('',#14556,#14557);
#11150=VERTEX_POINT('',#14558);
#11151=LINE('',#14559,#14560);
#11152=VERTEX_POINT('',#14561);
#11153=LINE('',#14562,#14563);
#11154=VERTEX_POINT('',#14564);
#11155=LINE('',#14565,#14566);
#11156=VERTEX_POINT('',#14567);
#11157=LINE('',#14568,#14569);
#11158=VERTEX_POINT('',#14570);
#11159=LINE('',#14571,#14572);
#11160=VERTEX_POINT('',#14573);
#11161=LINE('',#14574,#14575);
#11162=VERTEX_POINT('',#14576);
#11163=LINE('',#14577,#14578);
#11164=VERTEX_POINT('',#14579);
#11165=LINE('',#14580,#14581);
#11166=VERTEX_POINT('',#14582);
#11167=LINE('',#14583,#14584);
#11168=VERTEX_POINT('',#14585);
#11169=LINE('',#14586,#14587);
#11170=VERTEX_POINT('',#14588);
#11171=LINE('',#14589,#14590);
#11172=VERTEX_POINT('',#14591);
#11173=LINE('',#14592,#14593);
#11174=LINE('',#14594,#14595);
#11175=VERTEX_POINT('',#14596);
#11176=VERTEX_POINT('',#14597);
#11177=LINE('',#14598,#14599);
#11178=VERTEX_POINT('',#14600);
#11179=LINE('',#14601,#14602);
#11180=VERTEX_POINT('',#14603);
#11181=LINE('',#14604,#14605);
#11182=VERTEX_POINT('',#14606);
#11183=LINE('',#14607,#14608);
#11184=VERTEX_POINT('',#14609);
#11185=LINE('',#14610,#14611);
#11186=VERTEX_POINT('',#14612);
#11187=LINE('',#14613,#14614);
#11188=VERTEX_POINT('',#14615);
#11189=LINE('',#14616,#14617);
#11190=VERTEX_POINT('',#14618);
#11191=LINE('',#14619,#14620);
#11192=VERTEX_POINT('',#14621);
#11193=LINE('',#14622,#14623);
#11194=VERTEX_POINT('',#14624);
#11195=LINE('',#14625,#14626);
#11196=VERTEX_POINT('',#14627);
#11197=LINE('',#14628,#14629);
#11198=VERTEX_POINT('',#14630);
#11199=LINE('',#14631,#14632);
#11200=VERTEX_POINT('',#14633);
#11201=LINE('',#14634,#14635);
#11202=VERTEX_POINT('',#14636);
#11203=LINE('',#14637,#14638);
#11204=VERTEX_POINT('',#14639);
#11205=LINE('',#14640,#14641);
#11206=VERTEX_POINT('',#14642);
#11207=LINE('',#14643,#14644);
#11208=VERTEX_POINT('',#14645);
#11209=LINE('',#14646,#14647);
#11210=VERTEX_POINT('',#14648);
#11211=LINE('',#14649,#14650);
#11212=VERTEX_POINT('',#14651);
#11213=LINE('',#14652,#14653);
#11214=VERTEX_POINT('',#14654);
#11215=LINE('',#14655,#14656);
#11216=VERTEX_POINT('',#14657);
#11217=LINE('',#14658,#14659);
#11218=VERTEX_POINT('',#14660);
#11219=LINE('',#14661,#14662);
#11220=VERTEX_POINT('',#14663);
#11221=LINE('',#14664,#14665);
#11222=VERTEX_POINT('',#14666);
#11223=LINE('',#14667,#14668);
#11224=VERTEX_POINT('',#14669);
#11225=LINE('',#14670,#14671);
#11226=LINE('',#14672,#14673);
#11227=VERTEX_POINT('',#14674);
#11228=VERTEX_POINT('',#14675);
#11229=LINE('',#14676,#14677);
#11230=VERTEX_POINT('',#14678);
#11231=LINE('',#14679,#14680);
#11232=VERTEX_POINT('',#14681);
#11233=LINE('',#14682,#14683);
#11234=VERTEX_POINT('',#14684);
#11235=LINE('',#14685,#14686);
#11236=VERTEX_POINT('',#14687);
#11237=LINE('',#14688,#14689);
#11238=VERTEX_POINT('',#14690);
#11239=LINE('',#14691,#14692);
#11240=VERTEX_POINT('',#14693);
#11241=LINE('',#14694,#14695);
#11242=VERTEX_POINT('',#14696);
#11243=LINE('',#14697,#14698);
#11244=VERTEX_POINT('',#14699);
#11245=LINE('',#14700,#14701);
#11246=VERTEX_POINT('',#14702);
#11247=LINE('',#14703,#14704);
#11248=VERTEX_POINT('',#14705);
#11249=LINE('',#14706,#14707);
#11250=VERTEX_POINT('',#14708);
#11251=LINE('',#14709,#14710);
#11252=VERTEX_POINT('',#14711);
#11253=LINE('',#14712,#14713);
#11254=VERTEX_POINT('',#14714);
#11255=LINE('',#14715,#14716);
#11256=VERTEX_POINT('',#14717);
#11257=LINE('',#14718,#14719);
#11258=LINE('',#14720,#14721);
#11259=VERTEX_POINT('',#14722);
#11260=VERTEX_POINT('',#14723);
#11261=LINE('',#14724,#14725);
#11262=VERTEX_POINT('',#14726);
#11263=LINE('',#14727,#14728);
#11264=VERTEX_POINT('',#14729);
#11265=LINE('',#14730,#14731);
#11266=VERTEX_POINT('',#14732);
#11267=LINE('',#14733,#14734);
#11268=VERTEX_POINT('',#14735);
#11269=LINE('',#14736,#14737);
#11270=VERTEX_POINT('',#14738);
#11271=LINE('',#14739,#14740);
#11272=VERTEX_POINT('',#14741);
#11273=LINE('',#14742,#14743);
#11274=VERTEX_POINT('',#14744);
#11275=LINE('',#14745,#14746);
#11276=VERTEX_POINT('',#14747);
#11277=LINE('',#14748,#14749);
#11278=LINE('',#14750,#14751);
#11279=VERTEX_POINT('',#14752);
#11280=VERTEX_POINT('',#14753);
#11281=LINE('',#14754,#14755);
#11282=VERTEX_POINT('',#14756);
#11283=LINE('',#14757,#14758);
#11284=VERTEX_POINT('',#14759);
#11285=LINE('',#14760,#14761);
#11286=VERTEX_POINT('',#14762);
#11287=LINE('',#14763,#14764);
#11288=VERTEX_POINT('',#14765);
#11289=LINE('',#14766,#14767);
#11290=VERTEX_POINT('',#14768);
#11291=LINE('',#14769,#14770);
#11292=VERTEX_POINT('',#14771);
#11293=LINE('',#14772,#14773);
#11294=VERTEX_POINT('',#14774);
#11295=LINE('',#14775,#14776);
#11296=VERTEX_POINT('',#14777);
#11297=LINE('',#14778,#14779);
#11298=LINE('',#14780,#14781);
#11299=VERTEX_POINT('',#14782);
#11300=VERTEX_POINT('',#14783);
#11301=LINE('',#14784,#14785);
#11302=VERTEX_POINT('',#14786);
#11303=LINE('',#14787,#14788);
#11304=VERTEX_POINT('',#14789);
#11305=LINE('',#14790,#14791);
#11306=VERTEX_POINT('',#14792);
#11307=LINE('',#14793,#14794);
#11308=VERTEX_POINT('',#14795);
#11309=LINE('',#14796,#14797);
#11310=VERTEX_POINT('',#14798);
#11311=LINE('',#14799,#14800);
#11312=VERTEX_POINT('',#14801);
#11313=LINE('',#14802,#14803);
#11314=VERTEX_POINT('',#14804);
#11315=LINE('',#14805,#14806);
#11316=VERTEX_POINT('',#14807);
#11317=LINE('',#14808,#14809);
#11318=VERTEX_POINT('',#14810);
#11319=LINE('',#14811,#14812);
#11320=VERTEX_POINT('',#14813);
#11321=LINE('',#14814,#14815);
#11322=VERTEX_POINT('',#14816);
#11323=LINE('',#14817,#14818);
#11324=VERTEX_POINT('',#14819);
#11325=LINE('',#14820,#14821);
#11326=VERTEX_POINT('',#14822);
#11327=LINE('',#14823,#14824);
#11328=VERTEX_POINT('',#14825);
#11329=LINE('',#14826,#14827);
#11330=VERTEX_POINT('',#14828);
#11331=LINE('',#14829,#14830);
#11332=VERTEX_POINT('',#14831);
#11333=LINE('',#14832,#14833);
#11334=VERTEX_POINT('',#14834);
#11335=LINE('',#14835,#14836);
#11336=VERTEX_POINT('',#14837);
#11337=LINE('',#14838,#14839);
#11338=VERTEX_POINT('',#14840);
#11339=LINE('',#14841,#14842);
#11340=VERTEX_POINT('',#14843);
#11341=LINE('',#14844,#14845);
#11342=VERTEX_POINT('',#14846);
#11343=LINE('',#14847,#14848);
#11344=VERTEX_POINT('',#14849);
#11345=LINE('',#14850,#14851);
#11346=VERTEX_POINT('',#14852);
#11347=LINE('',#14853,#14854);
#11348=VERTEX_POINT('',#14855);
#11349=LINE('',#14856,#14857);
#11350=VERTEX_POINT('',#14858);
#11351=LINE('',#14859,#14860);
#11352=VERTEX_POINT('',#14861);
#11353=LINE('',#14862,#14863);
#11354=VERTEX_POINT('',#14864);
#11355=LINE('',#14865,#14866);
#11356=VERTEX_POINT('',#14867);
#11357=LINE('',#14868,#14869);
#11358=VERTEX_POINT('',#14870);
#11359=LINE('',#14871,#14872);
#11360=VERTEX_POINT('',#14873);
#11361=LINE('',#14874,#14875);
#11362=VERTEX_POINT('',#14876);
#11363=LINE('',#14877,#14878);
#11364=VERTEX_POINT('',#14879);
#11365=LINE('',#14880,#14881);
#11366=VERTEX_POINT('',#14882);
#11367=LINE('',#14883,#14884);
#11368=VERTEX_POINT('',#14885);
#11369=LINE('',#14886,#14887);
#11370=VERTEX_POINT('',#14888);
#11371=LINE('',#14889,#14890);
#11372=VERTEX_POINT('',#14891);
#11373=LINE('',#14892,#14893);
#11374=VERTEX_POINT('',#14894);
#11375=LINE('',#14895,#14896);
#11376=VERTEX_POINT('',#14897);
#11377=LINE('',#14898,#14899);
#11378=VERTEX_POINT('',#14900);
#11379=LINE('',#14901,#14902);
#11380=VERTEX_POINT('',#14903);
#11381=LINE('',#14904,#14905);
#11382=VERTEX_POINT('',#14906);
#11383=LINE('',#14907,#14908);
#11384=VERTEX_POINT('',#14909);
#11385=LINE('',#14910,#14911);
#11386=VERTEX_POINT('',#14912);
#11387=LINE('',#14913,#14914);
#11388=VERTEX_POINT('',#14915);
#11389=LINE('',#14916,#14917);
#11390=VERTEX_POINT('',#14918);
#11391=LINE('',#14919,#14920);
#11392=VERTEX_POINT('',#14921);
#11393=LINE('',#14922,#14923);
#11394=VERTEX_POINT('',#14924);
#11395=LINE('',#14925,#14926);
#11396=VERTEX_POINT('',#14927);
#11397=LINE('',#14928,#14929);
#11398=VERTEX_POINT('',#14930);
#11399=LINE('',#14931,#14932);
#11400=VERTEX_POINT('',#14933);
#11401=LINE('',#14934,#14935);
#11402=VERTEX_POINT('',#14936);
#11403=LINE('',#14937,#14938);
#11404=VERTEX_POINT('',#14939);
#11405=LINE('',#14940,#14941);
#11406=LINE('',#14942,#14943);
#11407=VERTEX_POINT('',#14944);
#11408=VERTEX_POINT('',#14945);
#11409=LINE('',#14946,#14947);
#11410=VERTEX_POINT('',#14948);
#11411=LINE('',#14949,#14950);
#11412=VERTEX_POINT('',#14951);
#11413=LINE('',#14952,#14953);
#11414=VERTEX_POINT('',#14954);
#11415=LINE('',#14955,#14956);
#11416=VERTEX_POINT('',#14957);
#11417=LINE('',#14958,#14959);
#11418=VERTEX_POINT('',#14960);
#11419=LINE('',#14961,#14962);
#11420=VERTEX_POINT('',#14963);
#11421=LINE('',#14964,#14965);
#11422=VERTEX_POINT('',#14966);
#11423=LINE('',#14967,#14968);
#11424=VERTEX_POINT('',#14969);
#11425=LINE('',#14970,#14971);
#11426=VERTEX_POINT('',#14972);
#11427=LINE('',#14973,#14974);
#11428=VERTEX_POINT('',#14975);
#11429=LINE('',#14976,#14977);
#11430=VERTEX_POINT('',#14978);
#11431=LINE('',#14979,#14980);
#11432=VERTEX_POINT('',#14981);
#11433=LINE('',#14982,#14983);
#11434=VERTEX_POINT('',#14984);
#11435=LINE('',#14985,#14986);
#11436=VERTEX_POINT('',#14987);
#11437=LINE('',#14988,#14989);
#11438=VERTEX_POINT('',#14990);
#11439=LINE('',#14991,#14992);
#11440=VERTEX_POINT('',#14993);
#11441=LINE('',#14994,#14995);
#11442=VERTEX_POINT('',#14996);
#11443=LINE('',#14997,#14998);
#11444=VERTEX_POINT('',#14999);
#11445=LINE('',#15000,#15001);
#11446=VERTEX_POINT('',#15002);
#11447=LINE('',#15003,#15004);
#11448=VERTEX_POINT('',#15005);
#11449=LINE('',#15006,#15007);
#11450=VERTEX_POINT('',#15008);
#11451=LINE('',#15009,#15010);
#11452=VERTEX_POINT('',#15011);
#11453=LINE('',#15012,#15013);
#11454=VERTEX_POINT('',#15014);
#11455=LINE('',#15015,#15016);
#11456=VERTEX_POINT('',#15017);
#11457=LINE('',#15018,#15019);
#11458=VERTEX_POINT('',#15020);
#11459=LINE('',#15021,#15022);
#11460=VERTEX_POINT('',#15023);
#11461=LINE('',#15024,#15025);
#11462=VERTEX_POINT('',#15026);
#11463=LINE('',#15027,#15028);
#11464=VERTEX_POINT('',#15029);
#11465=LINE('',#15030,#15031);
#11466=VERTEX_POINT('',#15032);
#11467=LINE('',#15033,#15034);
#11468=VERTEX_POINT('',#15035);
#11469=LINE('',#15036,#15037);
#11470=VERTEX_POINT('',#15038);
#11471=LINE('',#15039,#15040);
#11472=VERTEX_POINT('',#15041);
#11473=LINE('',#15042,#15043);
#11474=VERTEX_POINT('',#15044);
#11475=LINE('',#15045,#15046);
#11476=VERTEX_POINT('',#15047);
#11477=LINE('',#15048,#15049);
#11478=VERTEX_POINT('',#15050);
#11479=LINE('',#15051,#15052);
#11480=VERTEX_POINT('',#15053);
#11481=LINE('',#15054,#15055);
#11482=VERTEX_POINT('',#15056);
#11483=LINE('',#15057,#15058);
#11484=VERTEX_POINT('',#15059);
#11485=LINE('',#15060,#15061);
#11486=VERTEX_POINT('',#15062);
#11487=LINE('',#15063,#15064);
#11488=VERTEX_POINT('',#15065);
#11489=LINE('',#15066,#15067);
#11490=VERTEX_POINT('',#15068);
#11491=LINE('',#15069,#15070);
#11492=VERTEX_POINT('',#15071);
#11493=LINE('',#15072,#15073);
#11494=VERTEX_POINT('',#15074);
#11495=LINE('',#15075,#15076);
#11496=VERTEX_POINT('',#15077);
#11497=LINE('',#15078,#15079);
#11498=VERTEX_POINT('',#15080);
#11499=LINE('',#15081,#15082);
#11500=VERTEX_POINT('',#15083);
#11501=LINE('',#15084,#15085);
#11502=VERTEX_POINT('',#15086);
#11503=LINE('',#15087,#15088);
#11504=VERTEX_POINT('',#15089);
#11505=LINE('',#15090,#15091);
#11506=VERTEX_POINT('',#15092);
#11507=LINE('',#15093,#15094);
#11508=VERTEX_POINT('',#15095);
#11509=LINE('',#15096,#15097);
#11510=VERTEX_POINT('',#15098);
#11511=LINE('',#15099,#15100);
#11512=VERTEX_POINT('',#15101);
#11513=LINE('',#15102,#15103);
#11514=VERTEX_POINT('',#15104);
#11515=LINE('',#15105,#15106);
#11516=VERTEX_POINT('',#15107);
#11517=LINE('',#15108,#15109);
#11518=VERTEX_POINT('',#15110);
#11519=LINE('',#15111,#15112);
#11520=LINE('',#15113,#15114);
#11521=VERTEX_POINT('',#15115);
#11522=VERTEX_POINT('',#15116);
#11523=LINE('',#15117,#15118);
#11524=VERTEX_POINT('',#15119);
#11525=LINE('',#15120,#15121);
#11526=VERTEX_POINT('',#15122);
#11527=LINE('',#15123,#15124);
#11528=VERTEX_POINT('',#15125);
#11529=LINE('',#15126,#15127);
#11530=VERTEX_POINT('',#15128);
#11531=LINE('',#15129,#15130);
#11532=VERTEX_POINT('',#15131);
#11533=LINE('',#15132,#15133);
#11534=VERTEX_POINT('',#15134);
#11535=LINE('',#15135,#15136);
#11536=VERTEX_POINT('',#15137);
#11537=LINE('',#15138,#15139);
#11538=VERTEX_POINT('',#15140);
#11539=LINE('',#15141,#15142);
#11540=VERTEX_POINT('',#15143);
#11541=LINE('',#15144,#15145);
#11542=VERTEX_POINT('',#15146);
#11543=LINE('',#15147,#15148);
#11544=VERTEX_POINT('',#15149);
#11545=LINE('',#15150,#15151);
#11546=VERTEX_POINT('',#15152);
#11547=LINE('',#15153,#15154);
#11548=VERTEX_POINT('',#15155);
#11549=LINE('',#15156,#15157);
#11550=VERTEX_POINT('',#15158);
#11551=LINE('',#15159,#15160);
#11552=VERTEX_POINT('',#15161);
#11553=LINE('',#15162,#15163);
#11554=VERTEX_POINT('',#15164);
#11555=LINE('',#15165,#15166);
#11556=VERTEX_POINT('',#15167);
#11557=LINE('',#15168,#15169);
#11558=VERTEX_POINT('',#15170);
#11559=LINE('',#15171,#15172);
#11560=VERTEX_POINT('',#15173);
#11561=LINE('',#15174,#15175);
#11562=VERTEX_POINT('',#15176);
#11563=LINE('',#15177,#15178);
#11564=VERTEX_POINT('',#15179);
#11565=LINE('',#15180,#15181);
#11566=VERTEX_POINT('',#15182);
#11567=LINE('',#15183,#15184);
#11568=VERTEX_POINT('',#15185);
#11569=LINE('',#15186,#15187);
#11570=VERTEX_POINT('',#15188);
#11571=LINE('',#15189,#15190);
#11572=VERTEX_POINT('',#15191);
#11573=LINE('',#15192,#15193);
#11574=VERTEX_POINT('',#15194);
#11575=LINE('',#15195,#15196);
#11576=VERTEX_POINT('',#15197);
#11577=LINE('',#15198,#15199);
#11578=VERTEX_POINT('',#15200);
#11579=LINE('',#15201,#15202);
#11580=VERTEX_POINT('',#15203);
#11581=LINE('',#15204,#15205);
#11582=VERTEX_POINT('',#15206);
#11583=LINE('',#15207,#15208);
#11584=VERTEX_POINT('',#15209);
#11585=LINE('',#15210,#15211);
#11586=VERTEX_POINT('',#15212);
#11587=LINE('',#15213,#15214);
#11588=VERTEX_POINT('',#15215);
#11589=LINE('',#15216,#15217);
#11590=VERTEX_POINT('',#15218);
#11591=LINE('',#15219,#15220);
#11592=VERTEX_POINT('',#15221);
#11593=LINE('',#15222,#15223);
#11594=VERTEX_POINT('',#15224);
#11595=LINE('',#15225,#15226);
#11596=VERTEX_POINT('',#15227);
#11597=LINE('',#15228,#15229);
#11598=VERTEX_POINT('',#15230);
#11599=LINE('',#15231,#15232);
#11600=VERTEX_POINT('',#15233);
#11601=LINE('',#15234,#15235);
#11602=LINE('',#15236,#15237);
#11603=VERTEX_POINT('',#15238);
#11604=LINE('',#15239,#15240);
#11605=VERTEX_POINT('',#15241);
#11606=LINE('',#15242,#15243);
#11607=VERTEX_POINT('',#15244);
#11608=LINE('',#15245,#15246);
#11609=VERTEX_POINT('',#15247);
#11610=LINE('',#15248,#15249);
#11611=VERTEX_POINT('',#15250);
#11612=LINE('',#15251,#15252);
#11613=VERTEX_POINT('',#15253);
#11614=LINE('',#15254,#15255);
#11615=VERTEX_POINT('',#15256);
#11616=LINE('',#15257,#15258);
#11617=VERTEX_POINT('',#15259);
#11618=LINE('',#15260,#15261);
#11619=VERTEX_POINT('',#15262);
#11620=LINE('',#15263,#15264);
#11621=VERTEX_POINT('',#15265);
#11622=LINE('',#15266,#15267);
#11623=VERTEX_POINT('',#15268);
#11624=LINE('',#15269,#15270);
#11625=VERTEX_POINT('',#15271);
#11626=LINE('',#15272,#15273);
#11627=VERTEX_POINT('',#15274);
#11628=LINE('',#15275,#15276);
#11629=VERTEX_POINT('',#15277);
#11630=LINE('',#15278,#15279);
#11631=LINE('',#15280,#15281);
#11632=VERTEX_POINT('',#15282);
#11633=VERTEX_POINT('',#15283);
#11634=LINE('',#15284,#15285);
#11635=VERTEX_POINT('',#15286);
#11636=LINE('',#15287,#15288);
#11637=VERTEX_POINT('',#15289);
#11638=LINE('',#15290,#15291);
#11639=VERTEX_POINT('',#15292);
#11640=LINE('',#15293,#15294);
#11641=VERTEX_POINT('',#15295);
#11642=LINE('',#15296,#15297);
#11643=VERTEX_POINT('',#15298);
#11644=LINE('',#15299,#15300);
#11645=VERTEX_POINT('',#15301);
#11646=LINE('',#15302,#15303);
#11647=VERTEX_POINT('',#15304);
#11648=LINE('',#15305,#15306);
#11649=VERTEX_POINT('',#15307);
#11650=LINE('',#15308,#15309);
#11651=VERTEX_POINT('',#15310);
#11652=LINE('',#15311,#15312);
#11653=VERTEX_POINT('',#15313);
#11654=LINE('',#15314,#15315);
#11655=VERTEX_POINT('',#15316);
#11656=LINE('',#15317,#15318);
#11657=VERTEX_POINT('',#15319);
#11658=LINE('',#15320,#15321);
#11659=VERTEX_POINT('',#15322);
#11660=LINE('',#15323,#15324);
#11661=VERTEX_POINT('',#15325);
#11662=LINE('',#15326,#15327);
#11663=VERTEX_POINT('',#15328);
#11664=LINE('',#15329,#15330);
#11665=VERTEX_POINT('',#15331);
#11666=LINE('',#15332,#15333);
#11667=VERTEX_POINT('',#15334);
#11668=LINE('',#15335,#15336);
#11669=VERTEX_POINT('',#15337);
#11670=LINE('',#15338,#15339);
#11671=VERTEX_POINT('',#15340);
#11672=LINE('',#15341,#15342);
#11673=VERTEX_POINT('',#15343);
#11674=LINE('',#15344,#15345);
#11675=VERTEX_POINT('',#15346);
#11676=LINE('',#15347,#15348);
#11677=VERTEX_POINT('',#15349);
#11678=LINE('',#15350,#15351);
#11679=VERTEX_POINT('',#15352);
#11680=LINE('',#15353,#15354);
#11681=VERTEX_POINT('',#15355);
#11682=LINE('',#15356,#15357);
#11683=VERTEX_POINT('',#15358);
#11684=LINE('',#15359,#15360);
#11685=VERTEX_POINT('',#15361);
#11686=LINE('',#15362,#15363);
#11687=VERTEX_POINT('',#15364);
#11688=LINE('',#15365,#15366);
#11689=VERTEX_POINT('',#15367);
#11690=LINE('',#15368,#15369);
#11691=VERTEX_POINT('',#15370);
#11692=LINE('',#15371,#15372);
#11693=VERTEX_POINT('',#15373);
#11694=LINE('',#15374,#15375);
#11695=VERTEX_POINT('',#15376);
#11696=LINE('',#15377,#15378);
#11697=VERTEX_POINT('',#15379);
#11698=LINE('',#15380,#15381);
#11699=LINE('',#15382,#15383);
#11700=VERTEX_POINT('',#15384);
#11701=VERTEX_POINT('',#15385);
#11702=LINE('',#15386,#15387);
#11703=VERTEX_POINT('',#15388);
#11704=LINE('',#15389,#15390);
#11705=VERTEX_POINT('',#15391);
#11706=LINE('',#15392,#15393);
#11707=VERTEX_POINT('',#15394);
#11708=LINE('',#15395,#15396);
#11709=VERTEX_POINT('',#15397);
#11710=LINE('',#15398,#15399);
#11711=VERTEX_POINT('',#15400);
#11712=LINE('',#15401,#15402);
#11713=VERTEX_POINT('',#15403);
#11714=LINE('',#15404,#15405);
#11715=VERTEX_POINT('',#15406);
#11716=LINE('',#15407,#15408);
#11717=VERTEX_POINT('',#15409);
#11718=LINE('',#15410,#15411);
#11719=VERTEX_POINT('',#15412);
#11720=LINE('',#15413,#15414);
#11721=VERTEX_POINT('',#15415);
#11722=LINE('',#15416,#15417);
#11723=VERTEX_POINT('',#15418);
#11724=LINE('',#15419,#15420);
#11725=VERTEX_POINT('',#15421);
#11726=LINE('',#15422,#15423);
#11727=VERTEX_POINT('',#15424);
#11728=LINE('',#15425,#15426);
#11729=VERTEX_POINT('',#15427);
#11730=LINE('',#15428,#15429);
#11731=LINE('',#15430,#15431);
#11732=VERTEX_POINT('',#15432);
#11733=VERTEX_POINT('',#15433);
#11734=LINE('',#15434,#15435);
#11735=VERTEX_POINT('',#15436);
#11736=LINE('',#15437,#15438);
#11737=VERTEX_POINT('',#15439);
#11738=LINE('',#15440,#15441);
#11739=VERTEX_POINT('',#15442);
#11740=LINE('',#15443,#15444);
#11741=VERTEX_POINT('',#15445);
#11742=LINE('',#15446,#15447);
#11743=VERTEX_POINT('',#15448);
#11744=LINE('',#15449,#15450);
#11745=VERTEX_POINT('',#15451);
#11746=LINE('',#15452,#15453);
#11747=VERTEX_POINT('',#15454);
#11748=LINE('',#15455,#15456);
#11749=VERTEX_POINT('',#15457);
#11750=LINE('',#15458,#15459);
#11751=VERTEX_POINT('',#15460);
#11752=LINE('',#15461,#15462);
#11753=VERTEX_POINT('',#15463);
#11754=LINE('',#15464,#15465);
#11755=VERTEX_POINT('',#15466);
#11756=LINE('',#15467,#15468);
#11757=VERTEX_POINT('',#15469);
#11758=LINE('',#15470,#15471);
#11759=VERTEX_POINT('',#15472);
#11760=LINE('',#15473,#15474);
#11761=VERTEX_POINT('',#15475);
#11762=LINE('',#15476,#15477);
#11763=LINE('',#15478,#15479);
#11764=VERTEX_POINT('',#15480);
#11765=VERTEX_POINT('',#15481);
#11766=LINE('',#15482,#15483);
#11767=VERTEX_POINT('',#15484);
#11768=LINE('',#15485,#15486);
#11769=VERTEX_POINT('',#15487);
#11770=LINE('',#15488,#15489);
#11771=VERTEX_POINT('',#15490);
#11772=LINE('',#15491,#15492);
#11773=VERTEX_POINT('',#15493);
#11774=LINE('',#15494,#15495);
#11775=VERTEX_POINT('',#15496);
#11776=LINE('',#15497,#15498);
#11777=VERTEX_POINT('',#15499);
#11778=LINE('',#15500,#15501);
#11779=VERTEX_POINT('',#15502);
#11780=LINE('',#15503,#15504);
#11781=VERTEX_POINT('',#15505);
#11782=LINE('',#15506,#15507);
#11783=VERTEX_POINT('',#15508);
#11784=LINE('',#15509,#15510);
#11785=VERTEX_POINT('',#15511);
#11786=LINE('',#15512,#15513);
#11787=VERTEX_POINT('',#15514);
#11788=LINE('',#15515,#15516);
#11789=VERTEX_POINT('',#15517);
#11790=LINE('',#15518,#15519);
#11791=VERTEX_POINT('',#15520);
#11792=LINE('',#15521,#15522);
#11793=VERTEX_POINT('',#15523);
#11794=LINE('',#15524,#15525);
#11795=VERTEX_POINT('',#15526);
#11796=LINE('',#15527,#15528);
#11797=VERTEX_POINT('',#15529);
#11798=LINE('',#15530,#15531);
#11799=VERTEX_POINT('',#15532);
#11800=LINE('',#15533,#15534);
#11801=VERTEX_POINT('',#15535);
#11802=LINE('',#15536,#15537);
#11803=VERTEX_POINT('',#15538);
#11804=LINE('',#15539,#15540);
#11805=VERTEX_POINT('',#15541);
#11806=LINE('',#15542,#15543);
#11807=VERTEX_POINT('',#15544);
#11808=LINE('',#15545,#15546);
#11809=VERTEX_POINT('',#15547);
#11810=LINE('',#15548,#15549);
#11811=VERTEX_POINT('',#15550);
#11812=LINE('',#15551,#15552);
#11813=VERTEX_POINT('',#15553);
#11814=LINE('',#15554,#15555);
#11815=VERTEX_POINT('',#15556);
#11816=LINE('',#15557,#15558);
#11817=VERTEX_POINT('',#15559);
#11818=LINE('',#15560,#15561);
#11819=VERTEX_POINT('',#15562);
#11820=LINE('',#15563,#15564);
#11821=VERTEX_POINT('',#15565);
#11822=LINE('',#15566,#15567);
#11823=VERTEX_POINT('',#15568);
#11824=LINE('',#15569,#15570);
#11825=VERTEX_POINT('',#15571);
#11826=LINE('',#15572,#15573);
#11827=VERTEX_POINT('',#15574);
#11828=LINE('',#15575,#15576);
#11829=VERTEX_POINT('',#15577);
#11830=LINE('',#15578,#15579);
#11831=VERTEX_POINT('',#15580);
#11832=LINE('',#15581,#15582);
#11833=VERTEX_POINT('',#15583);
#11834=LINE('',#15584,#15585);
#11835=VERTEX_POINT('',#15586);
#11836=LINE('',#15587,#15588);
#11837=VERTEX_POINT('',#15589);
#11838=LINE('',#15590,#15591);
#11839=VERTEX_POINT('',#15592);
#11840=LINE('',#15593,#15594);
#11841=VERTEX_POINT('',#15595);
#11842=LINE('',#15596,#15597);
#11843=LINE('',#15598,#15599);
#11844=VERTEX_POINT('',#15600);
#11845=VERTEX_POINT('',#15601);
#11846=LINE('',#15602,#15603);
#11847=VERTEX_POINT('',#15604);
#11848=LINE('',#15605,#15606);
#11849=VERTEX_POINT('',#15607);
#11850=LINE('',#15608,#15609);
#11851=VERTEX_POINT('',#15610);
#11852=LINE('',#15611,#15612);
#11853=VERTEX_POINT('',#15613);
#11854=LINE('',#15614,#15615);
#11855=VERTEX_POINT('',#15616);
#11856=LINE('',#15617,#15618);
#11857=VERTEX_POINT('',#15619);
#11858=LINE('',#15620,#15621);
#11859=VERTEX_POINT('',#15622);
#11860=LINE('',#15623,#15624);
#11861=VERTEX_POINT('',#15625);
#11862=LINE('',#15626,#15627);
#11863=VERTEX_POINT('',#15628);
#11864=LINE('',#15629,#15630);
#11865=VERTEX_POINT('',#15631);
#11866=LINE('',#15632,#15633);
#11867=VERTEX_POINT('',#15634);
#11868=LINE('',#15635,#15636);
#11869=VERTEX_POINT('',#15637);
#11870=LINE('',#15638,#15639);
#11871=VERTEX_POINT('',#15640);
#11872=LINE('',#15641,#15642);
#11873=VERTEX_POINT('',#15643);
#11874=LINE('',#15644,#15645);
#11875=VERTEX_POINT('',#15646);
#11876=LINE('',#15647,#15648);
#11877=VERTEX_POINT('',#15649);
#11878=LINE('',#15650,#15651);
#11879=VERTEX_POINT('',#15652);
#11880=LINE('',#15653,#15654);
#11881=VERTEX_POINT('',#15655);
#11882=LINE('',#15656,#15657);
#11883=LINE('',#15658,#15659);
#11884=LINE('',#15660,#15661);
#11885=LINE('',#15662,#15663);
#11886=LINE('',#15664,#15665);
#11887=LINE('',#15666,#15667);
#11888=LINE('',#15668,#15669);
#11889=LINE('',#15670,#15671);
#11890=LINE('',#15672,#15673);
#11891=LINE('',#15674,#15675);
#11892=LINE('',#15676,#15677);
#11893=LINE('',#15678,#15679);
#11894=LINE('',#15680,#15681);
#11895=LINE('',#15682,#15683);
#11896=LINE('',#15684,#15685);
#11897=LINE('',#15686,#15687);
#11898=LINE('',#15688,#15689);
#11899=LINE('',#15690,#15691);
#11900=LINE('',#15692,#15693);
#11901=LINE('',#15694,#15695);
#11902=LINE('',#15696,#15697);
#11903=LINE('',#15698,#15699);
#11904=LINE('',#15700,#15701);
#11905=LINE('',#15702,#15703);
#11906=LINE('',#15704,#15705);
#11907=LINE('',#15706,#15707);
#11908=LINE('',#15708,#15709);
#11909=LINE('',#15710,#15711);
#11910=LINE('',#15712,#15713);
#11911=LINE('',#15714,#15715);
#11912=LINE('',#15716,#15717);
#11913=LINE('',#15718,#15719);
#11914=LINE('',#15720,#15721);
#11915=LINE('',#15722,#15723);
#11916=LINE('',#15724,#15725);
#11917=LINE('',#15726,#15727);
#11918=LINE('',#15728,#15729);
#11919=LINE('',#15730,#15731);
#11920=LINE('',#15732,#15733);
#11921=LINE('',#15734,#15735);
#11922=LINE('',#15736,#15737);
#11923=LINE('',#15738,#15739);
#11924=LINE('',#15740,#15741);
#11925=LINE('',#15742,#15743);
#11926=LINE('',#15744,#15745);
#11927=LINE('',#15746,#15747);
#11928=LINE('',#15748,#15749);
#11929=LINE('',#15750,#15751);
#11930=LINE('',#15752,#15753);
#11931=LINE('',#15754,#15755);
#11932=LINE('',#15756,#15757);
#11933=LINE('',#15758,#15759);
#11934=LINE('',#15760,#15761);
#11935=LINE('',#15762,#15763);
#11936=LINE('',#15764,#15765);
#11937=LINE('',#15766,#15767);
#11938=LINE('',#15768,#15769);
#11939=LINE('',#15770,#15771);
#11940=LINE('',#15772,#15773);
#11941=LINE('',#15774,#15775);
#11942=LINE('',#15776,#15777);
#11943=LINE('',#15778,#15779);
#11944=LINE('',#15780,#15781);
#11945=LINE('',#15782,#15783);
#11946=LINE('',#15784,#15785);
#11947=LINE('',#15786,#15787);
#11948=LINE('',#15788,#15789);
#11949=LINE('',#15790,#15791);
#11950=LINE('',#15792,#15793);
#11951=LINE('',#15794,#15795);
#11952=LINE('',#15796,#15797);
#11953=LINE('',#15798,#15799);
#11954=LINE('',#15800,#15801);
#11955=LINE('',#15802,#15803);
#11956=LINE('',#15804,#15805);
#11957=LINE('',#15806,#15807);
#11958=LINE('',#15808,#15809);
#11959=LINE('',#15810,#15811);
#11960=LINE('',#15812,#15813);
#11961=LINE('',#15814,#15815);
#11962=LINE('',#15816,#15817);
#11963=LINE('',#15818,#15819);
#11964=LINE('',#15820,#15821);
#11965=LINE('',#15822,#15823);
#11966=LINE('',#15824,#15825);
#11967=LINE('',#15826,#15827);
#11968=LINE('',#15828,#15829);
#11969=LINE('',#15830,#15831);
#11970=LINE('',#15832,#15833);
#11971=LINE('',#15834,#15835);
#11972=LINE('',#15836,#15837);
#11973=LINE('',#15838,#15839);
#11974=LINE('',#15840,#15841);
#11975=LINE('',#15842,#15843);
#11976=LINE('',#15844,#15845);
#11977=LINE('',#15846,#15847);
#11978=LINE('',#15848,#15849);
#11979=LINE('',#15850,#15851);
#11980=LINE('',#15852,#15853);
#11981=LINE('',#15854,#15855);
#11982=LINE('',#15856,#15857);
#11983=LINE('',#15858,#15859);
#11984=LINE('',#15860,#15861);
#11985=LINE('',#15862,#15863);
#11986=LINE('',#15864,#15865);
#11987=LINE('',#15866,#15867);
#11988=LINE('',#15868,#15869);
#11989=LINE('',#15870,#15871);
#11990=LINE('',#15872,#15873);
#11991=LINE('',#15874,#15875);
#11992=LINE('',#15876,#15877);
#11993=LINE('',#15878,#15879);
#11994=LINE('',#15880,#15881);
#11995=LINE('',#15882,#15883);
#11996=LINE('',#15884,#15885);
#11997=LINE('',#15886,#15887);
#11998=LINE('',#15888,#15889);
#11999=LINE('',#15890,#15891);
#12000=LINE('',#15892,#15893);
#12001=LINE('',#15894,#15895);
#12002=LINE('',#15896,#15897);
#12003=LINE('',#15898,#15899);
#12004=LINE('',#15900,#15901);
#12005=LINE('',#15902,#15903);
#12006=LINE('',#15904,#15905);
#12007=LINE('',#15906,#15907);
#12008=LINE('',#15908,#15909);
#12009=LINE('',#15910,#15911);
#12010=LINE('',#15912,#15913);
#12011=LINE('',#15914,#15915);
#12012=LINE('',#15916,#15917);
#12013=LINE('',#15918,#15919);
#12014=LINE('',#15920,#15921);
#12015=LINE('',#15922,#15923);
#12016=LINE('',#15924,#15925);
#12017=LINE('',#15926,#15927);
#12018=LINE('',#15928,#15929);
#12019=LINE('',#15930,#15931);
#12020=LINE('',#15932,#15933);
#12021=LINE('',#15934,#15935);
#12022=LINE('',#15936,#15937);
#12023=LINE('',#15938,#15939);
#12024=LINE('',#15940,#15941);
#12025=LINE('',#15942,#15943);
#12026=LINE('',#15944,#15945);
#12027=LINE('',#15946,#15947);
#12028=LINE('',#15948,#15949);
#12029=LINE('',#15950,#15951);
#12030=LINE('',#15952,#15953);
#12031=LINE('',#15954,#15955);
#12032=LINE('',#15956,#15957);
#12033=LINE('',#15958,#15959);
#12034=LINE('',#15960,#15961);
#12035=LINE('',#15962,#15963);
#12036=LINE('',#15964,#15965);
#12037=LINE('',#15966,#15967);
#12038=LINE('',#15968,#15969);
#12039=LINE('',#15970,#15971);
#12040=LINE('',#15972,#15973);
#12041=LINE('',#15974,#15975);
#12042=LINE('',#15976,#15977);
#12043=LINE('',#15978,#15979);
#12044=LINE('',#15980,#15981);
#12045=LINE('',#15982,#15983);
#12046=LINE('',#15984,#15985);
#12047=LINE('',#15986,#15987);
#12048=LINE('',#15988,#15989);
#12049=LINE('',#15990,#15991);
#12050=LINE('',#15992,#15993);
#12051=LINE('',#15994,#15995);
#12052=LINE('',#15996,#15997);
#12053=LINE('',#15998,#15999);
#12054=LINE('',#16000,#16001);
#12055=LINE('',#16002,#16003);
#12056=LINE('',#16004,#16005);
#12057=LINE('',#16006,#16007);
#12058=LINE('',#16008,#16009);
#12059=LINE('',#16010,#16011);
#12060=LINE('',#16012,#16013);
#12061=LINE('',#16014,#16015);
#12062=LINE('',#16016,#16017);
#12063=LINE('',#16018,#16019);
#12064=LINE('',#16020,#16021);
#12065=LINE('',#16022,#16023);
#12066=LINE('',#16024,#16025);
#12067=LINE('',#16026,#16027);
#12068=LINE('',#16028,#16029);
#12069=LINE('',#16030,#16031);
#12070=LINE('',#16032,#16033);
#12071=LINE('',#16034,#16035);
#12072=LINE('',#16036,#16037);
#12073=LINE('',#16038,#16039);
#12074=LINE('',#16040,#16041);
#12075=LINE('',#16042,#16043);
#12076=LINE('',#16044,#16045);
#12077=LINE('',#16046,#16047);
#12078=LINE('',#16048,#16049);
#12079=LINE('',#16050,#16051);
#12080=LINE('',#16052,#16053);
#12081=LINE('',#16054,#16055);
#12082=LINE('',#16056,#16057);
#12083=LINE('',#16058,#16059);
#12084=LINE('',#16060,#16061);
#12085=LINE('',#16062,#16063);
#12086=LINE('',#16064,#16065);
#12087=LINE('',#16066,#16067);
#12088=LINE('',#16068,#16069);
#12089=LINE('',#16070,#16071);
#12090=LINE('',#16072,#16073);
#12091=LINE('',#16074,#16075);
#12092=LINE('',#16076,#16077);
#12093=LINE('',#16078,#16079);
#12094=LINE('',#16080,#16081);
#12095=LINE('',#16082,#16083);
#12096=LINE('',#16084,#16085);
#12097=LINE('',#16086,#16087);
#12098=LINE('',#16088,#16089);
#12099=LINE('',#16090,#16091);
#12100=LINE('',#16092,#16093);
#12101=LINE('',#16094,#16095);
#12102=LINE('',#16096,#16097);
#12103=LINE('',#16098,#16099);
#12104=LINE('',#16100,#16101);
#12105=LINE('',#16102,#16103);
#12106=LINE('',#16104,#16105);
#12107=LINE('',#16106,#16107);
#12108=LINE('',#16108,#16109);
#12109=LINE('',#16110,#16111);
#12110=LINE('',#16112,#16113);
#12111=LINE('',#16114,#16115);
#12112=LINE('',#16116,#16117);
#12113=LINE('',#16118,#16119);
#12114=LINE('',#16120,#16121);
#12115=LINE('',#16122,#16123);
#12116=LINE('',#16124,#16125);
#12117=LINE('',#16126,#16127);
#12118=LINE('',#16128,#16129);
#12119=LINE('',#16130,#16131);
#12120=LINE('',#16132,#16133);
#12121=LINE('',#16134,#16135);
#12122=LINE('',#16136,#16137);
#12123=LINE('',#16138,#16139);
#12124=LINE('',#16140,#16141);
#12125=LINE('',#16142,#16143);
#12126=LINE('',#16144,#16145);
#12127=LINE('',#16146,#16147);
#12128=LINE('',#16148,#16149);
#12129=LINE('',#16150,#16151);
#12130=LINE('',#16152,#16153);
#12131=LINE('',#16154,#16155);
#12132=LINE('',#16156,#16157);
#12133=LINE('',#16158,#16159);
#12134=LINE('',#16160,#16161);
#12135=LINE('',#16162,#16163);
#12136=LINE('',#16164,#16165);
#12137=LINE('',#16166,#16167);
#12138=LINE('',#16168,#16169);
#12139=LINE('',#16170,#16171);
#12140=LINE('',#16172,#16173);
#12141=LINE('',#16174,#16175);
#12142=LINE('',#16176,#16177);
#12143=LINE('',#16178,#16179);
#12144=LINE('',#16180,#16181);
#12145=LINE('',#16182,#16183);
#12146=LINE('',#16184,#16185);
#12147=LINE('',#16186,#16187);
#12148=LINE('',#16188,#16189);
#12149=LINE('',#16190,#16191);
#12150=LINE('',#16192,#16193);
#12151=LINE('',#16194,#16195);
#12152=LINE('',#16196,#16197);
#12153=LINE('',#16198,#16199);
#12154=LINE('',#16200,#16201);
#12155=LINE('',#16202,#16203);
#12156=LINE('',#16204,#16205);
#12157=LINE('',#16206,#16207);
#12158=LINE('',#16208,#16209);
#12159=LINE('',#16210,#16211);
#12160=LINE('',#16212,#16213);
#12161=LINE('',#16214,#16215);
#12162=LINE('',#16216,#16217);
#12163=LINE('',#16218,#16219);
#12164=LINE('',#16220,#16221);
#12165=LINE('',#16222,#16223);
#12166=LINE('',#16224,#16225);
#12167=LINE('',#16226,#16227);
#12168=LINE('',#16228,#16229);
#12169=LINE('',#16230,#16231);
#12170=LINE('',#16232,#16233);
#12171=LINE('',#16234,#16235);
#12172=LINE('',#16236,#16237);
#12173=LINE('',#16238,#16239);
#12174=LINE('',#16240,#16241);
#12175=LINE('',#16242,#16243);
#12176=LINE('',#16244,#16245);
#12177=LINE('',#16246,#16247);
#12178=LINE('',#16248,#16249);
#12179=LINE('',#16250,#16251);
#12180=LINE('',#16252,#16253);
#12181=LINE('',#16254,#16255);
#12182=LINE('',#16256,#16257);
#12183=LINE('',#16258,#16259);
#12184=LINE('',#16260,#16261);
#12185=LINE('',#16262,#16263);
#12186=LINE('',#16264,#16265);
#12187=LINE('',#16266,#16267);
#12188=LINE('',#16268,#16269);
#12189=LINE('',#16270,#16271);
#12190=LINE('',#16272,#16273);
#12191=LINE('',#16274,#16275);
#12192=LINE('',#16276,#16277);
#12193=LINE('',#16278,#16279);
#12194=LINE('',#16280,#16281);
#12195=LINE('',#16282,#16283);
#12196=LINE('',#16284,#16285);
#12197=LINE('',#16286,#16287);
#12198=LINE('',#16288,#16289);
#12199=LINE('',#16290,#16291);
#12200=LINE('',#16292,#16293);
#12201=LINE('',#16294,#16295);
#12202=LINE('',#16296,#16297);
#12203=LINE('',#16298,#16299);
#12204=LINE('',#16300,#16301);
#12205=LINE('',#16302,#16303);
#12206=LINE('',#16304,#16305);
#12207=LINE('',#16306,#16307);
#12208=LINE('',#16308,#16309);
#12209=LINE('',#16310,#16311);
#12210=LINE('',#16312,#16313);
#12211=LINE('',#16314,#16315);
#12212=LINE('',#16316,#16317);
#12213=LINE('',#16318,#16319);
#12214=LINE('',#16320,#16321);
#12215=LINE('',#16322,#16323);
#12216=LINE('',#16324,#16325);
#12217=LINE('',#16326,#16327);
#12218=LINE('',#16328,#16329);
#12219=LINE('',#16330,#16331);
#12220=LINE('',#16332,#16333);
#12221=LINE('',#16334,#16335);
#12222=LINE('',#16336,#16337);
#12223=LINE('',#16338,#16339);
#12224=LINE('',#16340,#16341);
#12225=LINE('',#16342,#16343);
#12226=LINE('',#16344,#16345);
#12227=LINE('',#16346,#16347);
#12228=LINE('',#16348,#16349);
#12229=LINE('',#16350,#16351);
#12230=LINE('',#16352,#16353);
#12231=LINE('',#16354,#16355);
#12232=LINE('',#16356,#16357);
#12233=LINE('',#16358,#16359);
#12234=LINE('',#16360,#16361);
#12235=LINE('',#16362,#16363);
#12236=LINE('',#16364,#16365);
#12237=LINE('',#16366,#16367);
#12238=LINE('',#16368,#16369);
#12239=LINE('',#16370,#16371);
#12240=LINE('',#16372,#16373);
#12241=LINE('',#16374,#16375);
#12242=LINE('',#16376,#16377);
#12243=LINE('',#16378,#16379);
#12244=LINE('',#16380,#16381);
#12245=LINE('',#16382,#16383);
#12246=LINE('',#16384,#16385);
#12247=LINE('',#16386,#16387);
#12248=LINE('',#16388,#16389);
#12249=LINE('',#16390,#16391);
#12250=LINE('',#16392,#16393);
#12251=LINE('',#16394,#16395);
#12252=LINE('',#16396,#16397);
#12253=LINE('',#16398,#16399);
#12254=LINE('',#16400,#16401);
#12255=LINE('',#16402,#16403);
#12256=LINE('',#16404,#16405);
#12257=LINE('',#16406,#16407);
#12258=LINE('',#16408,#16409);
#12259=LINE('',#16410,#16411);
#12260=LINE('',#16412,#16413);
#12261=LINE('',#16414,#16415);
#12262=LINE('',#16416,#16417);
#12263=LINE('',#16418,#16419);
#12264=LINE('',#16420,#16421);
#12265=LINE('',#16422,#16423);
#12266=LINE('',#16424,#16425);
#12267=LINE('',#16426,#16427);
#12268=LINE('',#16428,#16429);
#12269=LINE('',#16430,#16431);
#12270=LINE('',#16432,#16433);
#12271=LINE('',#16434,#16435);
#12272=LINE('',#16436,#16437);
#12273=LINE('',#16438,#16439);
#12274=LINE('',#16440,#16441);
#12275=LINE('',#16442,#16443);
#12276=LINE('',#16444,#16445);
#12277=LINE('',#16446,#16447);
#12278=LINE('',#16448,#16449);
#12279=LINE('',#16450,#16451);
#12280=LINE('',#16452,#16453);
#12281=LINE('',#16454,#16455);
#12282=LINE('',#16456,#16457);
#12283=LINE('',#16458,#16459);
#12284=LINE('',#16460,#16461);
#12285=LINE('',#16462,#16463);
#12286=LINE('',#16464,#16465);
#12287=LINE('',#16466,#16467);
#12288=LINE('',#16468,#16469);
#12289=LINE('',#16470,#16471);
#12290=LINE('',#16472,#16473);
#12291=LINE('',#16474,#16475);
#12292=LINE('',#16476,#16477);
#12293=LINE('',#16478,#16479);
#12294=LINE('',#16480,#16481);
#12295=LINE('',#16482,#16483);
#12296=LINE('',#16484,#16485);
#12297=LINE('',#16486,#16487);
#12298=LINE('',#16488,#16489);
#12299=LINE('',#16490,#16491);
#12300=LINE('',#16492,#16493);
#12301=LINE('',#16494,#16495);
#12302=VERTEX_POINT('',#16496);
#12303=LINE('',#16497,#16498);
#12304=VERTEX_POINT('',#16499);
#12305=LINE('',#16500,#16501);
#12306=LINE('',#16502,#16503);
#12307=VERTEX_POINT('',#16504);
#12308=LINE('',#16505,#16506);
#12309=LINE('',#16507,#16508);
#12310=VERTEX_POINT('',#16509);
#12311=LINE('',#16510,#16511);
#12312=LINE('',#16512,#16513);
#12313=VERTEX_POINT('',#16514);
#12314=LINE('',#16515,#16516);
#12315=LINE('',#16517,#16518);
#12316=VERTEX_POINT('',#16519);
#12317=LINE('',#16520,#16521);
#12318=LINE('',#16522,#16523);
#12319=VERTEX_POINT('',#16524);
#12320=LINE('',#16525,#16526);
#12321=LINE('',#16527,#16528);
#12322=VERTEX_POINT('',#16529);
#12323=LINE('',#16530,#16531);
#12324=LINE('',#16532,#16533);
#12325=VERTEX_POINT('',#16534);
#12326=LINE('',#16535,#16536);
#12327=LINE('',#16537,#16538);
#12328=VERTEX_POINT('',#16539);
#12329=LINE('',#16540,#16541);
#12330=LINE('',#16542,#16543);
#12331=VERTEX_POINT('',#16544);
#12332=LINE('',#16545,#16546);
#12333=LINE('',#16547,#16548);
#12334=VERTEX_POINT('',#16549);
#12335=LINE('',#16550,#16551);
#12336=LINE('',#16552,#16553);
#12337=VERTEX_POINT('',#16554);
#12338=LINE('',#16555,#16556);
#12339=LINE('',#16557,#16558);
#12340=VERTEX_POINT('',#16559);
#12341=LINE('',#16560,#16561);
#12342=LINE('',#16562,#16563);
#12343=VERTEX_POINT('',#16564);
#12344=LINE('',#16565,#16566);
#12345=LINE('',#16567,#16568);
#12346=VERTEX_POINT('',#16569);
#12347=LINE('',#16570,#16571);
#12348=LINE('',#16572,#16573);
#12349=LINE('',#16574,#16575);
#12350=VERTEX_POINT('',#16576);
#12351=VERTEX_POINT('',#16577);
#12352=LINE('',#16578,#16579);
#12353=VERTEX_POINT('',#16580);
#12354=LINE('',#16581,#16582);
#12355=VERTEX_POINT('',#16583);
#12356=LINE('',#16584,#16585);
#12357=VERTEX_POINT('',#16586);
#12358=LINE('',#16587,#16588);
#12359=VERTEX_POINT('',#16589);
#12360=LINE('',#16590,#16591);
#12361=VERTEX_POINT('',#16592);
#12362=LINE('',#16593,#16594);
#12363=VERTEX_POINT('',#16595);
#12364=LINE('',#16596,#16597);
#12365=VERTEX_POINT('',#16598);
#12366=LINE('',#16599,#16600);
#12367=VERTEX_POINT('',#16601);
#12368=LINE('',#16602,#16603);
#12369=LINE('',#16604,#16605);
#12370=LINE('',#16606,#16607);
#12371=LINE('',#16608,#16609);
#12372=LINE('',#16610,#16611);
#12373=LINE('',#16612,#16613);
#12374=LINE('',#16614,#16615);
#12375=LINE('',#16616,#16617);
#12376=LINE('',#16618,#16619);
#12377=LINE('',#16620,#16621);
#12378=LINE('',#16622,#16623);
#12379=LINE('',#16624,#16625);
#12380=VERTEX_POINT('',#16626);
#12381=LINE('',#16627,#16628);
#12382=VERTEX_POINT('',#16629);
#12383=CIRCLE('',#16630,0.152405908723844);
#12384=LINE('',#16631,#16632);
#12385=CIRCLE('',#16633,0.152405908723844);
#12386=VERTEX_POINT('',#16634);
#12387=VERTEX_POINT('',#16635);
#12388=CIRCLE('',#16636,0.191258126584836);
#12389=CIRCLE('',#16637,0.191258126584836);
#12390=LINE('',#16638,#16639);
#12391=LINE('',#16640,#16641);
#12392=VERTEX_POINT('',#16642);
#12393=VERTEX_POINT('',#16643);
#12394=LINE('',#16644,#16645);
#12395=VERTEX_POINT('',#16646);
#12396=LINE('',#16647,#16648);
#12397=VERTEX_POINT('',#16649);
#12398=CIRCLE('',#16650,1.8542);
#12399=LINE('',#16651,#16652);
#12400=VERTEX_POINT('',#16653);
#12401=LINE('',#16654,#16655);
#12402=VERTEX_POINT('',#16656);
#12403=CIRCLE('',#16657,1.8542);
#12404=VERTEX_POINT('',#16658);
#12405=LINE('',#16659,#16660);
#12406=CIRCLE('',#16661,1.8542);
#12407=VERTEX_POINT('',#16662);
#12408=LINE('',#16663,#16664);
#12409=VERTEX_POINT('',#16665);
#12410=LINE('',#16666,#16667);
#12411=VERTEX_POINT('',#16668);
#12412=CIRCLE('',#16669,0.127);
#12413=LINE('',#16670,#16671);
#12414=VERTEX_POINT('',#16672);
#12415=VERTEX_POINT('',#16673);
#12416=LINE('',#16674,#16675);
#12417=VERTEX_POINT('',#16676);
#12418=CIRCLE('',#16677,0.127);
#12419=VERTEX_POINT('',#16678);
#12420=LINE('',#16679,#16680);
#12421=VERTEX_POINT('',#16681);
#12422=LINE('',#16682,#16683);
#12423=CIRCLE('',#16684,1.8542);
#12424=VERTEX_POINT('',#16685);
#12425=LINE('',#16686,#16687);
#12426=LINE('',#16688,#16689);
#12427=VERTEX_POINT('',#16690);
#12428=VERTEX_POINT('',#16691);
#12429=LINE('',#16692,#16693);
#12430=VERTEX_POINT('',#16694);
#12431=LINE('',#16695,#16696);
#12432=VERTEX_POINT('',#16697);
#12433=CIRCLE('',#16698,0.127);
#12434=LINE('',#16699,#16700);
#12435=VERTEX_POINT('',#16701);
#12436=LINE('',#16702,#16703);
#12437=VERTEX_POINT('',#16704);
#12438=CIRCLE('',#16705,0.127);
#12439=LINE('',#16706,#16707);
#12440=LINE('',#16708,#16709);
#12441=LINE('',#16710,#16711);
#12442=VERTEX_POINT('',#16712);
#12443=LINE('',#16713,#16714);
#12444=CIRCLE('',#16715,1.8542);
#12445=VERTEX_POINT('',#16716);
#12446=CIRCLE('',#16717,1.8542);
#12447=LINE('',#16718,#16719);
#12448=VERTEX_POINT('',#16720);
#12449=LINE('',#16721,#16722);
#12450=VERTEX_POINT('',#16723);
#12451=LINE('',#16724,#16725);
#12452=VERTEX_POINT('',#16726);
#12453=LINE('',#16727,#16728);
#12454=VERTEX_POINT('',#16729);
#12455=LINE('',#16730,#16731);
#12456=LINE('',#16732,#16733);
#12457=LINE('',#16734,#16735);
#12458=LINE('',#16736,#16737);
#12459=VERTEX_POINT('',#16738);
#12460=LINE('',#16739,#16740);
#12461=LINE('',#16741,#16742);
#12462=VERTEX_POINT('',#16743);
#12463=LINE('',#16744,#16745);
#12464=LINE('',#16746,#16747);
#12465=VERTEX_POINT('',#16748);
#12466=LINE('',#16749,#16750);
#12467=VERTEX_POINT('',#16751);
#12468=LINE('',#16752,#16753);
#12469=LINE('',#16754,#16755);
#12470=LINE('',#16756,#16757);
#12471=LINE('',#16758,#16759);
#12472=LINE('',#16760,#16761);
#12473=LINE('',#16762,#16763);
#12474=VERTEX_POINT('',#16764);
#12475=VERTEX_POINT('',#16765);
#12476=LINE('',#16766,#16767);
#12477=VERTEX_POINT('',#16768);
#12478=LINE('',#16769,#16770);
#12479=LINE('',#16771,#16772);
#12480=VERTEX_POINT('',#16773);
#12481=LINE('',#16774,#16775);
#12482=VERTEX_POINT('',#16776);
#12483=LINE('',#16777,#16778);
#12484=VERTEX_POINT('',#16779);
#12485=LINE('',#16780,#16781);
#12486=LINE('',#16782,#16783);
#12487=VERTEX_POINT('',#16784);
#12488=VERTEX_POINT('',#16785);
#12489=LINE('',#16786,#16787);
#12490=VERTEX_POINT('',#16788);
#12491=LINE('',#16789,#16790);
#12492=VERTEX_POINT('',#16791);
#12493=LINE('',#16792,#16793);
#12494=VERTEX_POINT('',#16794);
#12495=LINE('',#16795,#16796);
#12496=LINE('',#16797,#16798);
#12497=VERTEX_POINT('',#16799);
#12498=LINE('',#16800,#16801);
#12499=VERTEX_POINT('',#16802);
#12500=LINE('',#16803,#16804);
#12501=VERTEX_POINT('',#16805);
#12502=LINE('',#16806,#16807);
#12503=VERTEX_POINT('',#16808);
#12504=LINE('',#16809,#16810);
#12505=VERTEX_POINT('',#16811);
#12506=LINE('',#16812,#16813);
#12507=VERTEX_POINT('',#16814);
#12508=LINE('',#16815,#16816);
#12509=VERTEX_POINT('',#16817);
#12510=LINE('',#16818,#16819);
#12511=VERTEX_POINT('',#16820);
#12512=LINE('',#16821,#16822);
#12513=VERTEX_POINT('',#16823);
#12514=LINE('',#16824,#16825);
#12515=VERTEX_POINT('',#16826);
#12516=LINE('',#16827,#16828);
#12517=LINE('',#16829,#16830);
#12518=VERTEX_POINT('',#16831);
#12519=LINE('',#16832,#16833);
#12520=VERTEX_POINT('',#16834);
#12521=LINE('',#16835,#16836);
#12522=LINE('',#16837,#16838);
#12523=VERTEX_POINT('',#16839);
#12524=LINE('',#16840,#16841);
#12525=LINE('',#16842,#16843);
#12526=VERTEX_POINT('',#16844);
#12527=LINE('',#16845,#16846);
#12528=VERTEX_POINT('',#16847);
#12529=LINE('',#16848,#16849);
#12530=LINE('',#16850,#16851);
#12531=VERTEX_POINT('',#16852);
#12532=LINE('',#16853,#16854);
#12533=LINE('',#16855,#16856);
#12534=VERTEX_POINT('',#16857);
#12535=LINE('',#16858,#16859);
#12536=LINE('',#16860,#16861);
#12537=VERTEX_POINT('',#16862);
#12538=LINE('',#16863,#16864);
#12539=LINE('',#16865,#16866);
#12540=VERTEX_POINT('',#16867);
#12541=VERTEX_POINT('',#16868);
#12542=CIRCLE('',#16869,0.254);
#12543=LINE('',#16870,#16871);
#12544=VERTEX_POINT('',#16872);
#12545=CIRCLE('',#16873,0.254);
#12546=VERTEX_POINT('',#16874);
#12547=LINE('',#16875,#16876);
#12548=VERTEX_POINT('',#16877);
#12549=CIRCLE('',#16878,0.254);
#12550=LINE('',#16879,#16880);
#12551=LINE('',#16881,#16882);
#12552=LINE('',#16883,#16884);
#12553=VERTEX_POINT('',#16885);
#12554=VERTEX_POINT('',#16886);
#12555=LINE('',#16887,#16888);
#12556=VERTEX_POINT('',#16889);
#12557=LINE('',#16890,#16891);
#12558=VERTEX_POINT('',#16892);
#12559=LINE('',#16893,#16894);
#12560=VERTEX_POINT('',#16895);
#12561=LINE('',#16896,#16897);
#12562=VERTEX_POINT('',#16898);
#12563=LINE('',#16899,#16900);
#12564=VERTEX_POINT('',#16901);
#12565=LINE('',#16902,#16903);
#12566=VERTEX_POINT('',#16904);
#12567=LINE('',#16905,#16906);
#12568=VERTEX_POINT('',#16907);
#12569=LINE('',#16908,#16909);
#12570=VERTEX_POINT('',#16910);
#12571=CIRCLE('',#16911,0.254);
#12572=VERTEX_POINT('',#16912);
#12573=LINE('',#16913,#16914);
#12574=VERTEX_POINT('',#16915);
#12575=CIRCLE('',#16916,0.254);
#12576=VERTEX_POINT('',#16917);
#12577=LINE('',#16918,#16919);
#12578=VERTEX_POINT('',#16920);
#12579=LINE('',#16921,#16922);
#12580=VERTEX_POINT('',#16923);
#12581=LINE('',#16924,#16925);
#12582=VERTEX_POINT('',#16926);
#12583=LINE('',#16927,#16928);
#12584=VERTEX_POINT('',#16929);
#12585=LINE('',#16930,#16931);
#12586=VERTEX_POINT('',#16932);
#12587=LINE('',#16933,#16934);
#12588=VERTEX_POINT('',#16935);
#12589=LINE('',#16936,#16937);
#12590=LINE('',#16938,#16939);
#12591=VERTEX_POINT('',#16940);
#12592=VERTEX_POINT('',#16941);
#12593=LINE('',#16942,#16943);
#12594=VERTEX_POINT('',#16944);
#12595=LINE('',#16945,#16946);
#12596=LINE('',#16947,#16948);
#12597=VERTEX_POINT('',#16949);
#12598=LINE('',#16950,#16951);
#12599=VERTEX_POINT('',#16952);
#12600=LINE('',#16953,#16954);
#12601=VERTEX_POINT('',#16955);
#12602=CIRCLE('',#16956,0.254);
#12603=VERTEX_POINT('',#16957);
#12604=LINE('',#16958,#16959);
#12605=VERTEX_POINT('',#16960);
#12606=CIRCLE('',#16961,0.254);
#12607=VERTEX_POINT('',#16962);
#12608=LINE('',#16963,#16964);
#12609=VERTEX_POINT('',#16965);
#12610=LINE('',#16966,#16967);
#12611=VERTEX_POINT('',#16968);
#12612=LINE('',#16969,#16970);
#12613=VERTEX_POINT('',#16971);
#12614=LINE('',#16972,#16973);
#12615=LINE('',#16974,#16975);
#12616=VERTEX_POINT('',#16976);
#12617=VERTEX_POINT('',#16977);
#12618=CIRCLE('',#16978,0.254);
#12619=VERTEX_POINT('',#16979);
#12620=LINE('',#16980,#16981);
#12621=LINE('',#16982,#16983);
#12622=VERTEX_POINT('',#16984);
#12623=LINE('',#16985,#16986);
#12624=VERTEX_POINT('',#16987);
#12625=LINE('',#16988,#16989);
#12626=LINE('',#16990,#16991);
#12627=VERTEX_POINT('',#16992);
#12628=LINE('',#16993,#16994);
#12629=VERTEX_POINT('',#16995);
#12630=LINE('',#16996,#16997);
#12631=VERTEX_POINT('',#16998);
#12632=CIRCLE('',#16999,0.254);
#12633=VERTEX_POINT('',#17000);
#12634=LINE('',#17001,#17002);
#12635=VERTEX_POINT('',#17003);
#12636=CIRCLE('',#17004,0.254);
#12637=VERTEX_POINT('',#17005);
#12638=LINE('',#17006,#17007);
#12639=VERTEX_POINT('',#17008);
#12640=CIRCLE('',#17009,0.254);
#12641=LINE('',#17010,#17011);
#12642=VERTEX_POINT('',#17012);
#12643=VERTEX_POINT('',#17013);
#12644=CIRCLE('',#17014,0.254);
#12645=LINE('',#17015,#17016);
#12646=VERTEX_POINT('',#17017);
#12647=LINE('',#17018,#17019);
#12648=VERTEX_POINT('',#17020);
#12649=LINE('',#17021,#17022);
#12650=VERTEX_POINT('',#17023);
#12651=LINE('',#17024,#17025);
#12652=VERTEX_POINT('',#17026);
#12653=LINE('',#17027,#17028);
#12654=VERTEX_POINT('',#17029);
#12655=CIRCLE('',#17030,0.254);
#12656=LINE('',#17031,#17032);
#12657=VERTEX_POINT('',#17033);
#12658=LINE('',#17034,#17035);
#12659=LINE('',#17036,#17037);
#12660=LINE('',#17038,#17039);
#12661=LINE('',#17040,#17041);
#12662=LINE('',#17042,#17043);
#12663=LINE('',#17044,#17045);
#12664=LINE('',#17046,#17047);
#12665=LINE('',#17048,#17049);
#12666=LINE('',#17050,#17051);
#12667=LINE('',#17052,#17053);
#12668=LINE('',#17054,#17055);
#12669=LINE('',#17056,#17057);
#12670=LINE('',#17058,#17059);
#12671=VERTEX_POINT('',#17060);
#12672=LINE('',#17061,#17062);
#12673=VERTEX_POINT('',#17063);
#12674=CIRCLE('',#17064,0.254);
#12675=LINE('',#17065,#17066);
#12676=LINE('',#17067,#17068);
#12677=LINE('',#17069,#17070);
#12678=LINE('',#17071,#17072);
#12679=LINE('',#17073,#17074);
#12680=LINE('',#17075,#17076);
#12681=LINE('',#17077,#17078);
#12682=LINE('',#17079,#17080);
#12683=VERTEX_POINT('',#17081);
#12684=LINE('',#17082,#17083);
#12685=LINE('',#17084,#17085);
#12686=VERTEX_POINT('',#17086);
#12687=LINE('',#17087,#17088);
#12688=CIRCLE('',#17089,0.254);
#12689=LINE('',#17090,#17091);
#12690=LINE('',#17092,#17093);
#12691=VERTEX_POINT('',#17094);
#12692=LINE('',#17095,#17096);
#12693=LINE('',#17097,#17098);
#12694=VERTEX_POINT('',#17099);
#12695=LINE('',#17100,#17101);
#12696=CIRCLE('',#17102,0.254);
#12697=LINE('',#17103,#17104);
#12698=LINE('',#17105,#17106);
#12699=LINE('',#17107,#17108);
#12700=VERTEX_POINT('',#17109);
#12701=LINE('',#17110,#17111);
#12702=VERTEX_POINT('',#17112);
#12703=CIRCLE('',#17113,0.254);
#12704=LINE('',#17114,#17115);
#12705=LINE('',#17116,#17117);
#12706=LINE('',#17118,#17119);
#12707=VERTEX_POINT('',#17120);
#12708=VERTEX_POINT('',#17121);
#12709=LINE('',#17122,#17123);
#12710=LINE('',#17124,#17125);
#12711=LINE('',#17126,#17127);
#12712=VERTEX_POINT('',#17128);
#12713=LINE('',#17129,#17130);
#12714=LINE('',#17131,#17132);
#12715=VERTEX_POINT('',#17133);
#12716=VERTEX_POINT('',#17134);
#12717=LINE('',#17135,#17136);
#12718=LINE('',#17137,#17138);
#12719=LINE('',#17139,#17140);
#12720=VERTEX_POINT('',#17141);
#12721=LINE('',#17142,#17143);
#12722=LINE('',#17144,#17145);
#12723=VERTEX_POINT('',#17146);
#12724=VERTEX_POINT('',#17147);
#12725=LINE('',#17148,#17149);
#12726=VERTEX_POINT('',#17150);
#12727=LINE('',#17151,#17152);
#12728=VERTEX_POINT('',#17153);
#12729=LINE('',#17154,#17155);
#12730=LINE('',#17156,#17157);
#12731=VERTEX_POINT('',#17158);
#12732=LINE('',#17159,#17160);
#12733=VERTEX_POINT('',#17161);
#12734=LINE('',#17162,#17163);
#12735=LINE('',#17164,#17165);
#12736=VERTEX_POINT('',#17166);
#12737=VERTEX_POINT('',#17167);
#12738=LINE('',#17168,#17169);
#12739=VERTEX_POINT('',#17170);
#12740=LINE('',#17171,#17172);
#12741=VERTEX_POINT('',#17173);
#12742=LINE('',#17174,#17175);
#12743=VERTEX_POINT('',#17176);
#12744=LINE('',#17177,#17178);
#12745=VERTEX_POINT('',#17179);
#12746=LINE('',#17180,#17181);
#12747=LINE('',#17182,#17183);
#12748=LINE('',#17184,#17185);
#12749=LINE('',#17186,#17187);
#12750=LINE('',#17188,#17189);
#12751=LINE('',#17190,#17191);
#12752=LINE('',#17192,#17193);
#12753=LINE('',#17194,#17195);
#12754=LINE('',#17196,#17197);
#12755=LINE('',#17198,#17199);
#12756=LINE('',#17200,#17201);
#12757=LINE('',#17202,#17203);
#12758=LINE('',#17204,#17205);
#12759=LINE('',#17206,#17207);
#12760=LINE('',#17208,#17209);
#12761=LINE('',#17210,#17211);
#12762=LINE('',#17212,#17213);
#12763=LINE('',#17214,#17215);
#12764=VERTEX_POINT('',#17216);
#12765=LINE('',#17217,#17218);
#12766=LINE('',#17219,#17220);
#12767=VERTEX_POINT('',#17221);
#12768=LINE('',#17222,#17223);
#12769=CIRCLE('',#17224,0.254);
#12770=LINE('',#17225,#17226);
#12771=LINE('',#17227,#17228);
#12772=LINE('',#17229,#17230);
#12773=LINE('',#17231,#17232);
#12774=VERTEX_POINT('',#17233);
#12775=VERTEX_POINT('',#17234);
#12776=CIRCLE('',#17235,0.254);
#12777=CIRCLE('',#17236,0.254);
#12778=VERTEX_POINT('',#17237);
#12779=LINE('',#17238,#17239);
#12780=VERTEX_POINT('',#17240);
#12781=CIRCLE('',#17241,0.254);
#12782=LINE('',#17242,#17243);
#12783=CIRCLE('',#17244,0.254);
#12784=VERTEX_POINT('',#17245);
#12785=VERTEX_POINT('',#17246);
#12786=CIRCLE('',#17247,0.254);
#12787=CIRCLE('',#17248,0.254);
#12788=VERTEX_POINT('',#17249);
#12789=LINE('',#17250,#17251);
#12790=VERTEX_POINT('',#17252);
#12791=CIRCLE('',#17253,0.254);
#12792=LINE('',#17254,#17255);
#12793=CIRCLE('',#17256,0.254);
#12794=VERTEX_POINT('',#17257);
#12795=VERTEX_POINT('',#17258);
#12796=CIRCLE('',#17259,0.254);
#12797=CIRCLE('',#17260,0.254);
#12798=VERTEX_POINT('',#17261);
#12799=LINE('',#17262,#17263);
#12800=VERTEX_POINT('',#17264);
#12801=CIRCLE('',#17265,0.254);
#12802=LINE('',#17266,#17267);
#12803=CIRCLE('',#17268,0.254);
#12804=CARTESIAN_POINT('',(-0.893164166259662,-1.99366855672019,0.0));
#12805=CARTESIAN_POINT('',(-0.893164166259662,-1.99366855672019,0.0127));
#12806=CARTESIAN_POINT('',(-0.893164166259662,-1.99366855672019,0.0));
#12807=VECTOR('',#17269,0.0127);
#12808=CARTESIAN_POINT('',(-0.796483886558124,-2.03422465829058,0.0127));
#12809=CARTESIAN_POINT('',(-0.796483886558124,-2.03422465829058,0.0127));
#12810=VECTOR('',#17270,0.104842137796534);
#12811=CARTESIAN_POINT('',(-0.796483886558124,-2.03422465829058,0.0));
#12812=CARTESIAN_POINT('',(-0.796483886558124,-2.03422465829058,0.0));
#12813=VECTOR('',#17271,0.0127);
#12814=CARTESIAN_POINT('',(-0.796483886558124,-2.03422465829058,0.0));
#12815=VECTOR('',#17272,0.104842137796534);
#12816=CARTESIAN_POINT('',(0.933547946879798,2.32493141566813,0.0));
#12817=CARTESIAN_POINT('',(0.991158228736728,2.51483680749413,0.0));
#12818=CARTESIAN_POINT('',(0.933547946879798,2.32493141566813,0.0));
#12819=VECTOR('',#17273,0.198451511509112);
#12820=CARTESIAN_POINT('',(0.615846330518998,2.42131035198455,0.0));
#12821=CARTESIAN_POINT('',(0.615846330518998,2.42131035198455,0.0));
#12822=VECTOR('',#17274,0.331998819883176);
#12823=CARTESIAN_POINT('',(0.569797934200684,2.45009274766551,0.0));
#12824=CARTESIAN_POINT('',(0.569797934200684,2.45009274766551,0.0));
#12825=VECTOR('',#17275,0.0543036012123162);
#12826=CARTESIAN_POINT('',(0.5445856797876,2.48736724046436,0.0));
#12827=CARTESIAN_POINT('',(0.5445856797876,2.48736724046436,0.0));
#12828=VECTOR('',#17276,0.0450005065082558);
#12829=CARTESIAN_POINT('',(0.540209615119122,2.53313381586829,0.0));
#12830=CARTESIAN_POINT('',(0.540209615119122,2.53313381586829,0.0));
#12831=VECTOR('',#17277,0.04597531257294);
#12832=CARTESIAN_POINT('',(0.548439653737752,2.56026315212792,0.0));
#12833=CARTESIAN_POINT('',(0.548439653737752,2.56026315212792,0.0));
#12834=VECTOR('',#17278,0.0283502102569464);
#12835=CARTESIAN_POINT('',(0.577505845789148,2.59588462350866,0.0));
#12836=CARTESIAN_POINT('',(0.577505845789148,2.59588462350866,0.0));
#12837=VECTOR('',#17279,0.0459753493034482);
#12838=CARTESIAN_POINT('',(0.619178177438984,2.61286880323086,0.0));
#12839=CARTESIAN_POINT('',(0.619178177438984,2.61286880323086,0.0));
#12840=VECTOR('',#17280,0.0450005065082558);
#12841=CARTESIAN_POINT('',(0.673456612375928,2.61121574381156,0.0));
#12842=CARTESIAN_POINT('',(0.673456612375928,2.61121574381156,0.0));
#12843=VECTOR('',#17281,0.0543036012123162);
#12844=CARTESIAN_POINT('',(0.991158228736728,2.51483680749413,0.0));
#12845=VECTOR('',#17282,0.331998819883176);
#12846=CARTESIAN_POINT('',(0.495205448076836,2.32459122289944,0.0));
#12847=CARTESIAN_POINT('',(0.466139261789462,2.2889697705207,0.0));
#12848=CARTESIAN_POINT('',(0.495205448076836,2.32459122289944,0.0));
#12849=VECTOR('',#17283,0.0459753309382068);
#12850=CARTESIAN_POINT('',(0.536877779726926,2.34157540262215,0.0));
#12851=CARTESIAN_POINT('',(0.536877779726926,2.34157540262215,0.0));
#12852=VECTOR('',#17284,0.0450005065082558);
#12853=CARTESIAN_POINT('',(0.591156214663616,2.33992234320209,0.0));
#12854=CARTESIAN_POINT('',(0.591156214663616,2.33992234320209,0.0));
#12855=VECTOR('',#17285,0.0543036012123162);
#12856=CARTESIAN_POINT('',(0.908857831024416,2.24354340688567,0.0));
#12857=CARTESIAN_POINT('',(0.908857831024416,2.24354340688567,0.0));
#12858=VECTOR('',#17286,0.331998819883176);
#12859=CARTESIAN_POINT('',(0.847132532740436,2.04007335642907,0.0));
#12860=CARTESIAN_POINT('',(0.847132532740436,2.04007335642907,0.0));
#12861=VECTOR('',#17287,0.212626606709995);
#12862=CARTESIAN_POINT('',(0.529430916379382,2.13645229274549,0.0));
#12863=CARTESIAN_POINT('',(0.529430916379382,2.13645229274549,0.0));
#12864=VECTOR('',#17288,0.331998819883176);
#12865=CARTESIAN_POINT('',(0.483382520061068,2.16523468842671,0.0));
#12866=CARTESIAN_POINT('',(0.483382520061068,2.16523468842671,0.0));
#12867=VECTOR('',#17289,0.0543036012123162);
#12868=CARTESIAN_POINT('',(0.458170268530122,2.20250919072541,0.0));
#12869=CARTESIAN_POINT('',(0.458170268530122,2.20250919072541,0.0));
#12870=VECTOR('',#17290,0.0450005127626248);
#12871=CARTESIAN_POINT('',(0.453794203861644,2.24827576612934,0.0));
#12872=CARTESIAN_POINT('',(0.453794203861644,2.24827576612934,0.0));
#12873=VECTOR('',#17291,0.04597531257294);
#12874=CARTESIAN_POINT('',(0.466139261789462,2.2889697705207,0.0));
#12875=VECTOR('',#17292,0.042525315385445);
#12876=CARTESIAN_POINT('',(-0.101605294108919,2.68181403588622,0.0));
#12877=CARTESIAN_POINT('',(-0.172490816113131,2.68965119309732,0.0));
#12878=CARTESIAN_POINT('',(-0.101605294108919,2.68181403588622,0.0));
#12879=VECTOR('',#17293,0.07131744711463);
#12880=CARTESIAN_POINT('',(-0.0468489888979232,2.65828896499386,0.0));
#12881=CARTESIAN_POINT('',(-0.0468489888979232,2.65828896499386,0.0));
#12882=VECTOR('',#17294,0.059595989133793);
#12883=CARTESIAN_POINT('',(-0.00822189691185274,2.6190759408699,0.0));
#12884=CARTESIAN_POINT('',(-0.00822189691185274,2.6190759408699,0.0));
#12885=VECTOR('',#17295,0.0550428332866304);
#12886=CARTESIAN_POINT('',(0.0142760742930775,2.564175051599,0.0));
#12887=CARTESIAN_POINT('',(0.0142760742930775,2.564175051599,0.0));
#12888=VECTOR('',#17296,0.0593318325277664);
#12889=CARTESIAN_POINT('',(0.0333823393123532,2.35240862296532,0.0));
#12890=CARTESIAN_POINT('',(0.0333823393123532,2.35240862296532,0.0));
#12891=VECTOR('',#17297,0.212626596782405);
#12892=CARTESIAN_POINT('',(0.0210743751661412,2.29436742751175,0.0));
#12893=CARTESIAN_POINT('',(0.0210743751661412,2.29436742751175,0.0));
#12894=VECTOR('',#17298,0.0593318325277664);
#12895=CARTESIAN_POINT('',(-0.00991020795758102,2.24887384854227,0.0));
#12896=CARTESIAN_POINT('',(-0.00991020795758102,2.24887384854227,0.0));
#12897=VECTOR('',#17299,0.0550428026069102);
#12898=CARTESIAN_POINT('',(-0.059571508747143,2.21592786718442,0.0));
#12899=CARTESIAN_POINT('',(-0.059571508747143,2.21592786718442,0.0));
#12900=VECTOR('',#17300,0.059595993856415);
#12901=CARTESIAN_POINT('',(-0.127909528986653,2.19552950321364,0.0));
#12902=CARTESIAN_POINT('',(-0.127909528986653,2.19552950321364,0.0));
#12903=VECTOR('',#17301,0.07131744711463);
#12904=CARTESIAN_POINT('',(-0.26713297164993,2.18296830543744,0.0));
#12905=CARTESIAN_POINT('',(-0.26713297164993,2.18296830543744,0.0));
#12906=VECTOR('',#17302,0.139788950481103);
#12907=CARTESIAN_POINT('',(-0.33801849365432,2.19080546264752,0.0));
#12908=CARTESIAN_POINT('',(-0.33801849365432,2.19080546264752,0.0));
#12909=VECTOR('',#17303,0.07131744711463);
#12910=CARTESIAN_POINT('',(-0.392774799757186,2.21433054342708,0.0));
#12911=CARTESIAN_POINT('',(-0.392774799757186,2.21433054342708,0.0));
#12912=VECTOR('',#17304,0.059595993856415);
#12913=CARTESIAN_POINT('',(-0.431401888175194,2.25354352800096,0.0));
#12914=CARTESIAN_POINT('',(-0.431401888175194,2.25354352800096,0.0));
#12915=VECTOR('',#17305,0.0550428026069102);
#12916=CARTESIAN_POINT('',(-0.453899859380076,2.30844441727211,0.0));
#12917=CARTESIAN_POINT('',(-0.453899859380076,2.30844441727211,0.0));
#12918=VECTOR('',#17306,0.0593318325277664);
#12919=CARTESIAN_POINT('',(-0.473006124399372,2.52021084590579,0.0));
#12920=CARTESIAN_POINT('',(-0.473006124399372,2.52021084590579,0.0));
#12921=VECTOR('',#17307,0.21262659678238);
#12922=CARTESIAN_POINT('',(-0.460698160253094,2.57825204135962,0.0));
#12923=CARTESIAN_POINT('',(-0.460698160253094,2.57825204135962,0.0));
#12924=VECTOR('',#17308,0.0593318325277664);
#12925=CARTESIAN_POINT('',(-0.429713580697612,2.62374565987944,0.0));
#12926=CARTESIAN_POINT('',(-0.429713580697612,2.62374565987944,0.0));
#12927=VECTOR('',#17309,0.0550428332866304);
#12928=CARTESIAN_POINT('',(-0.380052279016096,2.6566916313483,0.0));
#12929=CARTESIAN_POINT('',(-0.380052279016096,2.6566916313483,0.0));
#12930=VECTOR('',#17310,0.059595989133793);
#12931=CARTESIAN_POINT('',(-0.311714258776484,2.67708999531908,0.0));
#12932=CARTESIAN_POINT('',(-0.311714258776484,2.67708999531908,0.0));
#12933=VECTOR('',#17311,0.07131744711463);
#12934=CARTESIAN_POINT('',(-0.172490816113131,2.68965119309732,0.0));
#12935=VECTOR('',#17312,0.139788950481103);
#12936=CARTESIAN_POINT('',(-1.97787348895149,1.55332428780267,0.0));
#12937=CARTESIAN_POINT('',(-1.93240257031388,1.58301059210075,0.0));
#12938=CARTESIAN_POINT('',(-1.97787348895149,1.55332428780267,0.0));
#12939=VECTOR('',#17313,0.0543036012123162);
#12940=CARTESIAN_POINT('',(-2.02229257004761,1.54611357946186,0.0));
#12941=CARTESIAN_POINT('',(-2.02229257004761,1.54611357946186,0.0));
#12942=VECTOR('',#17314,0.0450005453322574);
#12943=CARTESIAN_POINT('',(-2.06565968049966,1.56137861631526,0.0));
#12944=CARTESIAN_POINT('',(-2.06565968049966,1.56137861631526,0.0));
#12945=VECTOR('',#17315,0.0459752935725716);
#12946=CARTESIAN_POINT('',(-2.09739616481828,1.58968411735515,0.0));
#12947=CARTESIAN_POINT('',(-2.09739616481828,1.58968411735515,0.0));
#12948=VECTOR('',#17316,0.0425253550958304);
#12949=CARTESIAN_POINT('',(-2.11750196373208,1.63103002971802,0.0));
#12950=CARTESIAN_POINT('',(-2.11750196373208,1.63103002971802,0.0));
#12951=VECTOR('',#17317,0.0459752935725716);
#12952=CARTESIAN_POINT('',(-2.11539815554651,1.67598137086952,0.0));
#12953=CARTESIAN_POINT('',(-2.11539815554651,1.67598137086952,0.0));
#12954=VECTOR('',#17318,0.0450005453322574);
#12955=CARTESIAN_POINT('',(-2.09108487336418,1.7245379915732,0.0));
#12956=CARTESIAN_POINT('',(-2.09108487336418,1.7245379915732,0.0));
#12957=VECTOR('',#17319,0.0543036012123162);
#12958=CARTESIAN_POINT('',(-1.87010161513549,1.972307204333,0.0));
#12959=CARTESIAN_POINT('',(-1.87010161513549,1.972307204333,0.0));
#12960=VECTOR('',#17320,0.331998769890642);
#12961=CARTESIAN_POINT('',(-1.71141931208544,1.83077980486055,0.0));
#12962=CARTESIAN_POINT('',(-1.71141931208544,1.83077980486055,0.0));
#12963=VECTOR('',#17321,0.212626616637585);
#12964=CARTESIAN_POINT('',(-1.93240257031388,1.58301059210075,0.0));
#12965=VECTOR('',#17322,0.331998769890642);
#12966=CARTESIAN_POINT('',(-0.0378847789877454,-2.18391727078588,0.0));
#12967=CARTESIAN_POINT('',(-0.107740148416478,-2.18158701559855,0.0));
#12968=CARTESIAN_POINT('',(-0.0378847789877454,-2.18391727078588,0.0));
#12969=VECTOR('',#17323,0.0698942252783768);
#12970=CARTESIAN_POINT('',(0.0314979961440392,-2.20041475082616,0.0));
#12971=CARTESIAN_POINT('',(0.0314979961440392,-2.20041475082616,0.0));
#12972=VECTOR('',#17324,0.0713171531447328);
#12973=CARTESIAN_POINT('',(0.100408976413167,-2.2310794823871,0.0));
#12974=CARTESIAN_POINT('',(0.100408976413167,-2.2310794823871,0.0));
#12975=VECTOR('',#17325,0.0754257844729452);
#12976=CARTESIAN_POINT('',(0.150910325824465,-2.28949608977844,0.0));
#12977=CARTESIAN_POINT('',(0.150910325824465,-2.28949608977844,0.0));
#12978=VECTOR('',#17326,0.077219727476035);
#12979=CARTESIAN_POINT('',(0.149492542933595,-2.33199776433728,0.0));
#12980=CARTESIAN_POINT('',(0.149492542933595,-2.33199776433728,0.0));
#12981=VECTOR('',#17327,0.042525315385445);
#12982=CARTESIAN_POINT('',(0.0952104381536476,-2.38691898553577,0.0));
#12983=CARTESIAN_POINT('',(0.0952104381536476,-2.38691898553577,0.0));
#12984=VECTOR('',#17328,0.0772197347656318);
#12985=CARTESIAN_POINT('',(0.0244090806966864,-2.41292315338661,0.0));
#12986=CARTESIAN_POINT('',(0.0244090806966864,-2.41292315338661,0.0));
#12987=VECTOR('',#17329,0.0754257844729452);
#12988=CARTESIAN_POINT('',(-0.0459188830290048,-2.42476012305222,0.0));
#12989=CARTESIAN_POINT('',(-0.0459188830290048,-2.42476012305222,0.0));
#12990=VECTOR('',#17330,0.0713171531447328);
#12991=CARTESIAN_POINT('',(-0.115774252457763,-2.42242986786489,0.0));
#12992=CARTESIAN_POINT('',(-0.115774252457763,-2.42242986786489,0.0));
#12993=VECTOR('',#17331,0.0698942252783768);
#12994=CARTESIAN_POINT('',(-0.185157827023839,-2.40593236115664,0.0));
#12995=CARTESIAN_POINT('',(-0.185157827023839,-2.40593236115664,0.0));
#12996=VECTOR('',#17332,0.0713179370646026);
#12997=CARTESIAN_POINT('',(-0.25406800785865,-2.37526765626342,0.0));
#12998=CARTESIAN_POINT('',(-0.25406800785865,-2.37526765626342,0.0));
#12999=VECTOR('',#17333,0.0754250432474274);
#13000=CARTESIAN_POINT('',(-0.304569356939062,-2.31685103895007,0.0));
#13001=CARTESIAN_POINT('',(-0.304569356939062,-2.31685103895007,0.0));
#13002=VECTOR('',#17334,0.0772197347656318);
#13003=CARTESIAN_POINT('',(-0.303151574048192,-2.27434936439123,0.0));
#13004=CARTESIAN_POINT('',(-0.303151574048192,-2.27434936439123,0.0));
#13005=VECTOR('',#17335,0.042525315385445);
#13006=CARTESIAN_POINT('',(-0.248869469599156,-2.21942815311475,0.0));
#13007=CARTESIAN_POINT('',(-0.248869469599156,-2.21942815311475,0.0));
#13008=VECTOR('',#17336,0.0772197274760604);
#13009=CARTESIAN_POINT('',(-0.178068911576501,-2.19342395859645,0.0));
#13010=CARTESIAN_POINT('',(-0.178068911576501,-2.19342395859645,0.0));
#13011=VECTOR('',#17337,0.0754250432474274);
#13012=CARTESIAN_POINT('',(-0.107740148416478,-2.18158701559855,0.0));
#13013=VECTOR('',#17338,0.0713179370646026);
#13014=CARTESIAN_POINT('',(-0.12522613972088,-2.70577440461258,0.0));
#13015=CARTESIAN_POINT('',(-0.055370770292147,-2.70810465979966,0.0));
#13016=CARTESIAN_POINT('',(-0.12522613972088,-2.70577440461258,0.0));
#13017=VECTOR('',#17339,0.0698942252783768);
#13018=CARTESIAN_POINT('',(-0.194609714286981,-2.68927689790484,0.0));
#13019=CARTESIAN_POINT('',(-0.194609714286981,-2.68927689790484,0.0));
#13020=VECTOR('',#17340,0.0713179370646026);
#13021=CARTESIAN_POINT('',(-0.263047300824844,-2.64444496815816,0.0));
#13022=CARTESIAN_POINT('',(-0.263047300824844,-2.64444496815816,0.0));
#13023=VECTOR('',#17341,0.0818144557880586);
#13024=CARTESIAN_POINT('',(-0.2965576010416,-2.60077811298252,0.0));
#13025=CARTESIAN_POINT('',(-0.2965576010416,-2.60077811298252,0.0));
#13026=VECTOR('',#17342,0.055043023731106);
#13027=CARTESIAN_POINT('',(-0.295612412447602,-2.57244366327612,0.0));
#13028=CARTESIAN_POINT('',(-0.295612412447602,-2.57244366327612,0.0));
#13029=VECTOR('',#17343,0.0283502102569464);
#13030=CARTESIAN_POINT('',(-0.259266545125258,-2.53110712964582,0.0));
#13031=CARTESIAN_POINT('',(-0.259266545125258,-2.53110712964582,0.0));
#13032=VECTOR('',#17344,0.0550429930515128);
#13033=CARTESIAN_POINT('',(-0.187993392805604,-2.49093571027432,0.0));
#13034=CARTESIAN_POINT('',(-0.187993392805604,-2.49093571027432,0.0));
#13035=VECTOR('',#17345,0.0818144557880586);
#13036=CARTESIAN_POINT('',(-0.117664629645581,-2.47909876727667,0.0));
#13037=CARTESIAN_POINT('',(-0.117664629645581,-2.47909876727667,0.0));
#13038=VECTOR('',#17346,0.0713179370646026);
#13039=CARTESIAN_POINT('',(-0.0478092602168484,-2.48142902246401,0.0));
#13040=CARTESIAN_POINT('',(-0.0478092602168484,-2.48142902246401,0.0));
#13041=VECTOR('',#17347,0.0698942252783768);
#13042=CARTESIAN_POINT('',(0.0215735149149286,-2.49792650250429,0.0));
#13043=CARTESIAN_POINT('',(0.0215735149149286,-2.49792650250429,0.0));
#13044=VECTOR('',#17348,0.0713171531447328);
#13045=CARTESIAN_POINT('',(0.0900119008870904,-2.54275845891792,0.0));
#13046=CARTESIAN_POINT('',(0.0900119008870904,-2.54275845891792,0.0));
#13047=VECTOR('',#17349,0.0818151391270526);
#13048=CARTESIAN_POINT('',(0.123521402993428,-2.58642524773606,0.0));
#13049=CARTESIAN_POINT('',(0.123521402993428,-2.58642524773606,0.0));
#13050=VECTOR('',#17350,0.0550424852013982);
#13051=CARTESIAN_POINT('',(0.122576214399507,-2.61475969744246,0.0));
#13052=CARTESIAN_POINT('',(0.122576214399507,-2.61475969744246,0.0));
#13053=VECTOR('',#17351,0.0283502102569464);
#13054=CARTESIAN_POINT('',(0.086231145187479,-2.65609629743102,0.0));
#13055=CARTESIAN_POINT('',(0.086231145187479,-2.65609629743102,0.0));
#13056=VECTOR('',#17352,0.0550425158812962);
#13057=CARTESIAN_POINT('',(0.0149571934335569,-2.69626769013354,0.0));
#13058=CARTESIAN_POINT('',(0.0149571934335569,-2.69626769013354,0.0));
#13059=VECTOR('',#17353,0.0818151391270526);
#13060=CARTESIAN_POINT('',(-0.055370770292147,-2.70810465979966,0.0));
#13061=VECTOR('',#17354,0.0713171531447328);
#13062=CARTESIAN_POINT('',(0.952212396223672,-2.23700091167122,0.0));
#13063=CARTESIAN_POINT('',(0.976068454983392,-2.1988439789131,0.0));
#13064=CARTESIAN_POINT('',(0.952212396223672,-2.23700091167122,0.0));
#13065=VECTOR('',#17355,0.0450007006284416);
#13066=CARTESIAN_POINT('',(0.911828636263642,-2.28082823023332,0.0));
#13067=CARTESIAN_POINT('',(0.911828636263642,-2.28082823023332,0.0));
#13068=VECTOR('',#17356,0.059595989133793);
#13069=CARTESIAN_POINT('',(0.866844826188516,-2.31124759800686,0.0));
#13070=CARTESIAN_POINT('',(0.866844826188516,-2.31124759800686,0.0));
#13071=VECTOR('',#17357,0.0543036012123162);
#13072=CARTESIAN_POINT('',(0.751149404607762,-2.35094081778181,0.0));
#13073=CARTESIAN_POINT('',(0.751149404607762,-2.35094081778181,0.0));
#13074=VECTOR('',#17358,0.122315094206889);
#13075=CARTESIAN_POINT('',(0.69696549430219,-2.35454428397898,0.0));
#13076=CARTESIAN_POINT('',(0.69696549430219,-2.35454428397898,0.0));
#13077=VECTOR('',#17359,0.0543036012123162);
#13078=CARTESIAN_POINT('',(0.638181533881776,-2.34473979938758,0.0));
#13079=CARTESIAN_POINT('',(0.638181533881776,-2.34473979938758,0.0));
#13080=VECTOR('',#17360,0.059595989133793);
#13081=CARTESIAN_POINT('',(0.595925274661164,-2.3292649289927,0.0));
#13082=CARTESIAN_POINT('',(0.595925274661164,-2.3292649289927,0.0));
#13083=VECTOR('',#17361,0.0450007006284416);
#13084=CARTESIAN_POINT('',(0.565597416672094,-2.29471144365099,0.0));
#13085=CARTESIAN_POINT('',(0.565597416672094,-2.29471144365099,0.0));
#13086=VECTOR('',#17362,0.045975235936949);
#13087=CARTESIAN_POINT('',(0.551797266326552,-2.25448759128606,0.0));
#13088=CARTESIAN_POINT('',(0.551797266326552,-2.25448759128606,0.0));
#13089=VECTOR('',#17363,0.042525315385445);
#13090=CARTESIAN_POINT('',(0.55452481718132,-2.20859335311739,0.0));
#13091=CARTESIAN_POINT('',(0.55452481718132,-2.20859335311739,0.0));
#13092=VECTOR('',#17364,0.0459752175716314);
#13093=CARTESIAN_POINT('',(0.573780822604208,-2.15702846018058,0.0));
#13094=CARTESIAN_POINT('',(0.573780822604208,-2.15702846018058,0.0));
#13095=VECTOR('',#17365,0.0550430007213984);
#13096=CARTESIAN_POINT('',(0.614164582563984,-2.11320114161873,0.0));
#13097=CARTESIAN_POINT('',(0.614164582563984,-2.11320114161873,0.0));
#13098=VECTOR('',#17366,0.059595989133793);
#13099=CARTESIAN_POINT('',(0.65914839263911,-2.08278177384494,0.0));
#13100=CARTESIAN_POINT('',(0.65914839263911,-2.08278177384494,0.0));
#13101=VECTOR('',#17367,0.0543036012123162);
#13102=CARTESIAN_POINT('',(0.774843814219864,-2.04308855407024,0.0));
#13103=CARTESIAN_POINT('',(0.774843814219864,-2.04308855407024,0.0));
#13104=VECTOR('',#17368,0.122315094206889);
#13105=CARTESIAN_POINT('',(0.829027724525436,-2.03948508787308,0.0));
#13106=CARTESIAN_POINT('',(0.829027724525436,-2.03948508787308,0.0));
#13107=VECTOR('',#17369,0.0543036012123162);
#13108=CARTESIAN_POINT('',(0.887811684946104,-2.04928957246422,0.0));
#13109=CARTESIAN_POINT('',(0.887811684946104,-2.04928957246422,0.0));
#13110=VECTOR('',#17370,0.059595989133793);
#13111=CARTESIAN_POINT('',(0.934667997503294,-2.07817240303804,0.0));
#13112=CARTESIAN_POINT('',(0.934667997503294,-2.07817240303804,0.0));
#13113=VECTOR('',#17371,0.0550430007213984);
#13114=CARTESIAN_POINT('',(0.964995849049146,-2.11272586959899,0.0));
#13115=CARTESIAN_POINT('',(0.964995849049146,-2.11272586959899,0.0));
#13116=VECTOR('',#17372,0.0459752175716314);
#13117=CARTESIAN_POINT('',(0.978795999394688,-2.15294972196367,0.0));
#13118=CARTESIAN_POINT('',(0.978795999394688,-2.15294972196367,0.0));
#13119=VECTOR('',#17373,0.042525315385445);
#13120=CARTESIAN_POINT('',(0.976068454983392,-2.1988439789131,0.0));
#13121=VECTOR('',#17374,0.045975235936949);
#13122=CARTESIAN_POINT('',(-2.7032656814944,-0.691811502078318,0.0));
#13123=CARTESIAN_POINT('',(-2.69951403891642,-0.680791050692036,0.0));
#13124=CARTESIAN_POINT('',(-2.7032656814944,-0.691811502078318,0.0));
#13125=VECTOR('',#17375,0.0116415278546295);
#13126=CARTESIAN_POINT('',(-2.71076896665036,-0.69915847317251,0.0));
#13127=CARTESIAN_POINT('',(-2.71076896665036,-0.69915847317251,0.0));
#13128=VECTOR('',#17376,0.0105012986048259);
#13129=CARTESIAN_POINT('',(-2.7220238943843,-0.7028319534646,0.0));
#13130=CARTESIAN_POINT('',(-2.7220238943843,-0.7028319534646,0.0));
#13131=VECTOR('',#17377,0.0118392506412786);
#13132=CARTESIAN_POINT('',(-2.73327883262876,-0.7028319534646,0.0));
#13133=CARTESIAN_POINT('',(-2.73327883262876,-0.7028319534646,0.0));
#13134=VECTOR('',#17378,0.0112549382436015);
#13135=CARTESIAN_POINT('',(-2.74453376036016,-0.69915847317251,0.0));
#13136=CARTESIAN_POINT('',(-2.74453376036016,-0.69915847317251,0.0));
#13137=VECTOR('',#17379,0.0118392506412786);
#13138=CARTESIAN_POINT('',(-2.75203704551612,-0.691811502078318,0.0));
#13139=CARTESIAN_POINT('',(-2.75203704551612,-0.691811502078318,0.0));
#13140=VECTOR('',#17380,0.0105012986048259);
#13141=CARTESIAN_POINT('',(-2.7557886880941,-0.680791050692036,0.0));
#13142=CARTESIAN_POINT('',(-2.7557886880941,-0.680791050692036,0.0));
#13143=VECTOR('',#17381,0.0116415278546295);
#13144=CARTESIAN_POINT('',(-2.7557886880941,-0.610994862082,0.0));
#13145=CARTESIAN_POINT('',(-2.7557886880941,-0.610994862082,0.0));
#13146=VECTOR('',#17382,0.0697961886099344);
#13147=CARTESIAN_POINT('',(-2.69951403891642,-0.610994862082,0.0));
#13148=CARTESIAN_POINT('',(-2.69951403891642,-0.610994862082,0.0));
#13149=VECTOR('',#17383,0.056274649178315);
#13150=CARTESIAN_POINT('',(-2.69951403891642,-0.680791050692036,0.0));
#13151=VECTOR('',#17384,0.0697961886099344);
#13152=CARTESIAN_POINT('',(-2.68197918474312,-0.80128155847254,0.0));
#13153=CARTESIAN_POINT('',(-2.68197918474312,-0.496469741025004,0.0));
#13154=AXIS2_PLACEMENT_3D('',#17385,#17386,#17387);
#13155=AXIS2_PLACEMENT_3D('',#17388,#17389,#17390);
#13156=CARTESIAN_POINT('',(-2.59821967880298,-0.610994862082,0.0));
#13157=CARTESIAN_POINT('',(-2.67700418344854,-0.610994862082,0.0));
#13158=CARTESIAN_POINT('',(-2.59821967880298,-0.610994862082,0.0));
#13159=VECTOR('',#17391,0.078784504645687);
#13160=CARTESIAN_POINT('',(-2.59821967880298,-0.588953959309436,0.0));
#13161=CARTESIAN_POINT('',(-2.59821967880298,-0.588953959309436,0.0));
#13162=VECTOR('',#17392,0.0220409027726046);
#13163=CARTESIAN_POINT('',(-2.774546900984,-0.588953959309436,0.0));
#13164=CARTESIAN_POINT('',(-2.774546900984,-0.588953959309436,0.0));
#13165=VECTOR('',#17393,0.176327222180842);
#13166=CARTESIAN_POINT('',(-2.774546900984,-0.677117570399946,0.0));
#13167=CARTESIAN_POINT('',(-2.774546900984,-0.677117570399946,0.0));
#13168=VECTOR('',#17394,0.0881636110904338);
#13169=CARTESIAN_POINT('',(-2.77079525840602,-0.69548499288042,0.0));
#13170=CARTESIAN_POINT('',(-2.77079525840602,-0.69548499288042,0.0));
#13171=VECTOR('',#17395,0.0187466538509836);
#13172=CARTESIAN_POINT('',(-2.75954033067208,-0.710178924558792,0.0));
#13173=CARTESIAN_POINT('',(-2.75954033067208,-0.710178924558792,0.0));
#13174=VECTOR('',#17396,0.0185090525543786);
#13175=CARTESIAN_POINT('',(-2.74453376036016,-0.721199375945074,0.0));
#13176=CARTESIAN_POINT('',(-2.74453376036016,-0.721199375945074,0.0));
#13177=VECTOR('',#17397,0.0186184720445588);
#13178=CARTESIAN_POINT('',(-2.73327883262876,-0.724872856237164,0.0));
#13179=CARTESIAN_POINT('',(-2.73327883262876,-0.724872856237164,0.0));
#13180=VECTOR('',#17398,0.0118392506412786);
#13181=CARTESIAN_POINT('',(-2.71827225180632,-0.724872856237164,0.0));
#13182=CARTESIAN_POINT('',(-2.71827225180632,-0.724872856237164,0.0));
#13183=VECTOR('',#17399,0.0150065808214951);
#13184=CARTESIAN_POINT('',(-2.70701732407238,-0.721199375945074,0.0));
#13185=CARTESIAN_POINT('',(-2.70701732407238,-0.721199375945074,0.0));
#13186=VECTOR('',#17400,0.0118392506412786);
#13187=CARTESIAN_POINT('',(-2.69201075376046,-0.710178924558792,0.0));
#13188=CARTESIAN_POINT('',(-2.69201075376046,-0.710178924558792,0.0));
#13189=VECTOR('',#17401,0.0186184720445613);
#13190=CARTESIAN_POINT('',(-2.6845074686045,-0.69548499288042,0.0));
#13191=CARTESIAN_POINT('',(-2.6845074686045,-0.69548499288042,0.0));
#13192=VECTOR('',#17402,0.0164988156029276);
#13193=CARTESIAN_POINT('',(-2.59821967880298,-0.728546347039266,0.0));
#13194=CARTESIAN_POINT('',(-2.59821967880298,-0.728546347039266,0.0));
#13195=VECTOR('',#17403,0.092404739097315);
#13196=CARTESIAN_POINT('',(-2.59821967880298,-0.7028319534646,0.0));
#13197=CARTESIAN_POINT('',(-2.59821967880298,-0.7028319534646,0.0));
#13198=VECTOR('',#17404,0.025714393574666);
#13199=CARTESIAN_POINT('',(-2.67700418344854,-0.67344408485285,0.0));
#13200=CARTESIAN_POINT('',(-2.67700418344854,-0.67344408485285,0.0));
#13201=VECTOR('',#17405,0.0840871273966052);
#13202=CARTESIAN_POINT('',(-2.67700418344854,-0.610994862082,0.0));
#13203=VECTOR('',#17406,0.062449222770723);
#13204=CARTESIAN_POINT('',(4.699,1.905,0.0));
#13205=CARTESIAN_POINT('',(4.445,1.905,0.0));
#13206=CARTESIAN_POINT('',(4.699,1.905,0.0));
#13207=VECTOR('',#17407,0.254);
#13208=CARTESIAN_POINT('',(4.699,2.0701,0.0));
#13209=CARTESIAN_POINT('',(4.699,2.0701,0.0));
#13210=VECTOR('',#17408,0.165099999999975);
#13211=CARTESIAN_POINT('',(5.207,2.0701,0.0));
#13212=AXIS2_PLACEMENT_3D('',#17409,#17410,#17411);
#13213=CARTESIAN_POINT('',(5.207,0.4699,0.0));
#13214=CARTESIAN_POINT('',(5.207,2.0701,0.0));
#13215=VECTOR('',#17412,1.6002);
#13216=CARTESIAN_POINT('',(4.699,0.4699,0.0));
#13217=AXIS2_PLACEMENT_3D('',#17413,#17414,#17415);
#13218=CARTESIAN_POINT('',(4.699,0.635,0.0));
#13219=CARTESIAN_POINT('',(4.699,0.4699,0.0));
#13220=VECTOR('',#17416,0.1651);
#13221=CARTESIAN_POINT('',(4.445,0.635,0.0));
#13222=CARTESIAN_POINT('',(4.699,0.635,0.0));
#13223=VECTOR('',#17417,0.254);
#13224=CARTESIAN_POINT('',(4.445,-0.635,0.0));
#13225=CARTESIAN_POINT('',(4.445,-0.635,0.0));
#13226=VECTOR('',#17418,1.27);
#13227=CARTESIAN_POINT('',(4.699,-0.635,0.0));
#13228=CARTESIAN_POINT('',(4.699,-0.635,0.0));
#13229=VECTOR('',#17419,0.254);
#13230=CARTESIAN_POINT('',(4.699,-0.4699,0.0));
#13231=CARTESIAN_POINT('',(4.699,-0.4699,0.0));
#13232=VECTOR('',#17420,0.165099999999975);
#13233=CARTESIAN_POINT('',(5.207,-0.4699,0.0));
#13234=AXIS2_PLACEMENT_3D('',#17421,#17422,#17423);
#13235=CARTESIAN_POINT('',(5.207,-2.0701,0.0));
#13236=CARTESIAN_POINT('',(5.207,-0.4699,0.0));
#13237=VECTOR('',#17424,1.6002);
#13238=CARTESIAN_POINT('',(4.699,-2.0701,0.0));
#13239=AXIS2_PLACEMENT_3D('',#17425,#17426,#17427);
#13240=CARTESIAN_POINT('',(4.699,-1.905,0.0));
#13241=CARTESIAN_POINT('',(4.699,-2.0701,0.0));
#13242=VECTOR('',#17428,0.1651);
#13243=CARTESIAN_POINT('',(4.445,-1.905,0.0));
#13244=CARTESIAN_POINT('',(4.699,-1.905,0.0));
#13245=VECTOR('',#17429,0.254);
#13246=CARTESIAN_POINT('',(4.445,-3.175,0.0));
#13247=CARTESIAN_POINT('',(4.445,-3.175,0.0));
#13248=VECTOR('',#17430,1.27);
#13249=CARTESIAN_POINT('',(4.699,-3.175,0.0));
#13250=CARTESIAN_POINT('',(4.699,-3.175,0.0));
#13251=VECTOR('',#17431,0.254);
#13252=CARTESIAN_POINT('',(4.699,-3.0099,0.0));
#13253=CARTESIAN_POINT('',(4.699,-3.0099,0.0));
#13254=VECTOR('',#17432,0.165099999999975);
#13255=CARTESIAN_POINT('',(5.207,-3.0099,0.0));
#13256=AXIS2_PLACEMENT_3D('',#17433,#17434,#17435);
#13257=CARTESIAN_POINT('',(5.207,-4.1275,0.0));
#13258=CARTESIAN_POINT('',(5.207,-3.0099,0.0));
#13259=VECTOR('',#17436,1.1176);
#13260=CARTESIAN_POINT('',(5.6388,-4.1275,0.0));
#13261=CARTESIAN_POINT('',(5.6388,-4.1275,0.0));
#13262=VECTOR('',#17437,0.4318);
#13263=CARTESIAN_POINT('',(5.6388,-4.7879,0.0));
#13264=CARTESIAN_POINT('',(5.6388,-4.7879,0.0));
#13265=VECTOR('',#17438,0.6604);
#13266=CARTESIAN_POINT('',(-3.937,-4.7879,0.0));
#13267=CARTESIAN_POINT('',(-3.937,-4.7879,0.0));
#13268=VECTOR('',#17439,9.5758);
#13269=CARTESIAN_POINT('',(-3.937,4.7879,0.0));
#13270=CARTESIAN_POINT('',(-3.937,4.7879,0.0));
#13271=VECTOR('',#17440,9.5758);
#13272=CARTESIAN_POINT('',(5.6388,4.7879,0.0));
#13273=CARTESIAN_POINT('',(5.6388,4.7879,0.0));
#13274=VECTOR('',#17441,9.5758);
#13275=CARTESIAN_POINT('',(5.6388,4.1275,0.0));
#13276=CARTESIAN_POINT('',(5.6388,4.1275,0.0));
#13277=VECTOR('',#17442,0.6604);
#13278=CARTESIAN_POINT('',(5.207,4.1275,0.0));
#13279=CARTESIAN_POINT('',(5.6388,4.1275,0.0));
#13280=VECTOR('',#17443,0.4318);
#13281=CARTESIAN_POINT('',(5.207,3.0099,0.0));
#13282=CARTESIAN_POINT('',(5.207,4.1275,0.0));
#13283=VECTOR('',#17444,1.1176);
#13284=CARTESIAN_POINT('',(4.699,3.0099,0.0));
#13285=AXIS2_PLACEMENT_3D('',#17445,#17446,#17447);
#13286=CARTESIAN_POINT('',(4.699,3.175,0.0));
#13287=CARTESIAN_POINT('',(4.699,3.0099,0.0));
#13288=VECTOR('',#17448,0.1651);
#13289=CARTESIAN_POINT('',(4.445,3.175,0.0));
#13290=CARTESIAN_POINT('',(4.699,3.175,0.0));
#13291=VECTOR('',#17449,0.254);
#13292=CARTESIAN_POINT('',(4.445,1.905,0.0));
#13293=VECTOR('',#17450,1.27);
#13294=CARTESIAN_POINT('',(0.465617128995528,2.40763229110196,0.0));
#13295=CARTESIAN_POINT('',(0.503174441336176,2.41105180269447,0.0));
#13296=CARTESIAN_POINT('',(0.465617128995528,2.40763229110196,0.0));
#13297=VECTOR('',#17451,0.0377126606034332);
#13298=CARTESIAN_POINT('',(0.398993636131274,2.36859134613118,0.0));
#13299=CARTESIAN_POINT('',(0.398993636131274,2.36859134613118,0.0));
#13300=VECTOR('',#17452,0.0772197201864636);
#13301=CARTESIAN_POINT('',(0.369927449843646,2.33296989375218,0.0));
#13302=CARTESIAN_POINT('',(0.369927449843646,2.33296989375218,0.0));
#13303=VECTOR('',#17453,0.0459753309382068);
#13304=CARTESIAN_POINT('',(0.349352353297452,2.26514655310017,0.0));
#13305=CARTESIAN_POINT('',(0.349352353297452,2.26514655310017,0.0));
#13306=VECTOR('',#17454,0.0708755256423914);
#13307=CARTESIAN_POINT('',(0.353728415083792,2.21937996819639,0.0));
#13308=CARTESIAN_POINT('',(0.353728415083792,2.21937996819639,0.0));
#13309=VECTOR('',#17455,0.0459753217555734);
#13310=CARTESIAN_POINT('',(0.3874317520336,2.14990356337401,0.0));
#13311=CARTESIAN_POINT('',(0.3874317520336,2.14990356337401,0.0));
#13312=VECTOR('',#17456,0.077219723831262);
#13313=CARTESIAN_POINT('',(0.441971231248556,2.08891925685697,0.0));
#13314=CARTESIAN_POINT('',(0.441971231248556,2.08891925685697,0.0));
#13315=VECTOR('',#17457,0.081814671266317);
#13316=CARTESIAN_POINT('',(0.521461920238158,2.04999170345035,0.0));
#13317=CARTESIAN_POINT('',(0.521461920238158,2.04999170345035,0.0));
#13318=VECTOR('',#17458,0.0885105872212706);
#13319=CARTESIAN_POINT('',(0.922769245258174,1.92824988304523,0.0));
#13320=CARTESIAN_POINT('',(0.922769245258174,1.92824988304523,0.0));
#13321=VECTOR('',#17459,0.41936695142825);
#13322=CARTESIAN_POINT('',(1.11617517584711,2.56578936117454,0.0));
#13323=CARTESIAN_POINT('',(1.11617517584711,2.56578936117454,0.0));
#13324=VECTOR('',#17460,0.666230020459316);
#13325=CARTESIAN_POINT('',(0.714867850827098,2.68753118157916,0.0));
#13326=CARTESIAN_POINT('',(0.714867850827098,2.68753118157916,0.0));
#13327=VECTOR('',#17461,0.41936695142825);
#13328=CARTESIAN_POINT('',(0.627147122858948,2.69932939753818,0.0));
#13329=CARTESIAN_POINT('',(0.627147122858948,2.69932939753818,0.0));
#13330=VECTOR('',#17462,0.0885105870225156);
#13331=CARTESIAN_POINT('',(0.54791752670784,2.67892569171118,0.0));
#13332=CARTESIAN_POINT('',(0.54791752670784,2.67892569171118,0.0));
#13333=VECTOR('',#17463,0.0818146693312688);
#13334=CARTESIAN_POINT('',(0.481294033843332,2.63988474674014,0.0));
#13335=CARTESIAN_POINT('',(0.481294033843332,2.63988474674014,0.0));
#13336=VECTOR('',#17464,0.0772197201864636);
#13337=CARTESIAN_POINT('',(0.452227853319726,2.60426331336034,0.0));
#13338=CARTESIAN_POINT('',(0.452227853319726,2.60426331336034,0.0));
#13339=VECTOR('',#17465,0.04597531257294);
#13340=CARTESIAN_POINT('',(0.43576776455493,2.5500046028381,0.0));
#13341=CARTESIAN_POINT('',(0.43576776455493,2.5500046028381,0.0));
#13342=VECTOR('',#17466,0.056700460224329);
#13343=CARTESIAN_POINT('',(0.440143829223408,2.50423802743519,0.0));
#13344=CARTESIAN_POINT('',(0.440143829223408,2.50423802743519,0.0));
#13345=VECTOR('',#17467,0.04597531257294);
#13346=CARTESIAN_POINT('',(0.473847167613904,2.43476162736287,0.0));
#13347=CARTESIAN_POINT('',(0.473847167613904,2.43476162736287,0.0));
#13348=VECTOR('',#17468,0.0772197201864636);
#13349=CARTESIAN_POINT('',(0.503174441336176,2.41105180269447,0.0));
#13350=VECTOR('',#17469,0.0377126606034332);
#13351=CARTESIAN_POINT('',(-0.319356764070564,2.76179655886472,0.0));
#13352=CARTESIAN_POINT('',(-0.180133321407186,2.77435775664042,0.0));
#13353=CARTESIAN_POINT('',(-0.319356764070564,2.76179655886472,0.0));
#13354=VECTOR('',#17470,0.139788950481103);
#13355=CARTESIAN_POINT('',(-0.40509765240531,2.73982805078506,0.0));
#13356=CARTESIAN_POINT('',(-0.40509765240531,2.73982805078506,0.0));
#13357=VECTOR('',#17471,0.0885105376753702);
#13358=CARTESIAN_POINT('',(-0.472161921762406,2.70531192622334,0.0));
#13359=CARTESIAN_POINT('',(-0.472161921762406,2.70531192622334,0.0));
#13360=VECTOR('',#17472,0.0754253212068664);
#13361=CARTESIAN_POINT('',(-0.536678689354978,2.64256028048228,0.0));
#13362=CARTESIAN_POINT('',(-0.536678689354978,2.64256028048228,0.0));
#13363=VECTOR('',#17473,0.0900010130165116);
#13364=CARTESIAN_POINT('',(-0.56638952159639,2.58294894092186,0.0));
#13365=CARTESIAN_POINT('',(-0.56638952159639,2.58294894092186,0.0));
#13366=VECTOR('',#17474,0.066605145121422);
#13367=CARTESIAN_POINT('',(-0.57742373129196,2.51078994532752,0.0));
#13368=CARTESIAN_POINT('',(-0.57742373129196,2.51078994532752,0.0));
#13369=VECTOR('',#17475,0.0729977700257072);
#13370=CARTESIAN_POINT('',(-0.558317466272664,2.29902351669383,0.0));
#13371=CARTESIAN_POINT('',(-0.558317466272664,2.29902351669383,0.0));
#13372=VECTOR('',#17476,0.212626596782405);
#13373=CARTESIAN_POINT('',(-0.534545744185266,2.23000486683225,0.0));
#13374=CARTESIAN_POINT('',(-0.534545744185266,2.23000486683225,0.0));
#13375=VECTOR('',#17477,0.0729977314697772);
#13376=CARTESIAN_POINT('',(-0.494644903993202,2.17667411178023,0.0));
#13377=CARTESIAN_POINT('',(-0.494644903993202,2.17667411178023,0.0));
#13378=VECTOR('',#17478,0.0666051535727132);
#13379=CARTESIAN_POINT('',(-0.419938128896002,2.12648366785449,0.0));
#13380=CARTESIAN_POINT('',(-0.419938128896002,2.12648366785449,0.0));
#13381=VECTOR('',#17479,0.0900010161437088);
#13382=CARTESIAN_POINT('',(-0.347778855674832,2.10452874634582,0.0));
#13383=CARTESIAN_POINT('',(-0.347778855674832,2.10452874634582,0.0));
#13384=VECTOR('',#17480,0.0754253226061778);
#13385=CARTESIAN_POINT('',(-0.259490465463802,2.09826173200637,0.0));
#13386=CARTESIAN_POINT('',(-0.259490465463802,2.09826173200637,0.0));
#13387=VECTOR('',#17481,0.0885105378740998);
#13388=CARTESIAN_POINT('',(-0.120267022800551,2.11082292978258,0.0));
#13389=CARTESIAN_POINT('',(-0.120267022800551,2.11082292978258,0.0));
#13390=VECTOR('',#17482,0.139788950481103);
#13391=CARTESIAN_POINT('',(-0.034526034996941,2.13279144808066,0.0));
#13392=CARTESIAN_POINT('',(-0.034526034996941,2.13279144808066,0.0));
#13393=VECTOR('',#17483,0.088510636568416);
#13394=CARTESIAN_POINT('',(0.032538134445318,2.16730756736553,0.0));
#13395=CARTESIAN_POINT('',(0.032538134445318,2.16730756736553,0.0));
#13396=VECTOR('',#17484,0.075425229953023);
#13397=CARTESIAN_POINT('',(0.0970549015917898,2.23005921805171,0.0));
#13398=CARTESIAN_POINT('',(0.0970549015917898,2.23005921805171,0.0));
#13399=VECTOR('',#17485,0.0900010161437088);
#13400=CARTESIAN_POINT('',(0.126765782731301,2.28967057199184,0.0));
#13401=CARTESIAN_POINT('',(0.126765782731301,2.28967057199184,0.0));
#13402=VECTOR('',#17486,0.0666051798033694);
#13403=CARTESIAN_POINT('',(0.137799946204967,2.3618295235436,0.0));
#13404=CARTESIAN_POINT('',(0.137799946204967,2.3618295235436,0.0));
#13405=VECTOR('',#17487,0.0729977195029736);
#13406=CARTESIAN_POINT('',(0.118693681185696,2.57359595217804,0.0));
#13407=CARTESIAN_POINT('',(0.118693681185696,2.57359595217804,0.0));
#13408=VECTOR('',#17488,0.212626596782405);
#13409=CARTESIAN_POINT('',(0.0949220053203036,2.64261464608094,0.0));
#13410=CARTESIAN_POINT('',(0.0949220053203036,2.64261464608094,0.0));
#13411=VECTOR('',#17489,0.0729977580589036);
#13412=CARTESIAN_POINT('',(0.0550211162300138,2.69594538675224,0.0));
#13413=CARTESIAN_POINT('',(0.0550211162300138,2.69594538675224,0.0));
#13414=VECTOR('',#17490,0.0666051713521036);
#13415=CARTESIAN_POINT('',(-0.0196856584212282,2.74613582573616,0.0));
#13416=CARTESIAN_POINT('',(-0.0196856584212282,2.74613582573616,0.0));
#13417=VECTOR('',#17491,0.0900010130165116);
#13418=CARTESIAN_POINT('',(-0.0918448317273936,2.76809075251964,0.0));
#13419=CARTESIAN_POINT('',(-0.0918448317273936,2.76809075251964,0.0));
#13420=VECTOR('',#17492,0.0754252285537116);
#13421=CARTESIAN_POINT('',(-0.180133321407186,2.77435775664042,0.0));
#13422=VECTOR('',#17493,0.0885106363696864);
#13423=CARTESIAN_POINT('',(-1.29313582118445,1.88798227676094,0.0));
#13424=CARTESIAN_POINT('',(-1.34083336225578,1.94324175451151,0.0));
#13425=CARTESIAN_POINT('',(-1.29313582118445,1.88798227676094,0.0));
#13426=VECTOR('',#17494,0.0729977075361954);
#13427=CARTESIAN_POINT('',(-1.23628642122054,1.85327782179356,0.0));
#13428=CARTESIAN_POINT('',(-1.23628642122054,1.85327782179356,0.0));
#13429=VECTOR('',#17495,0.066605206034051);
#13430=CARTESIAN_POINT('',(-1.1482850495833,1.83441178034131,0.0));
#13431=CARTESIAN_POINT('',(-1.1482850495833,1.83441178034131,0.0));
#13432=VECTOR('',#17496,0.0900009384957564);
#13433=CARTESIAN_POINT('',(-1.0731321218986,1.84081730354218,0.0));
#13434=CARTESIAN_POINT('',(-1.0731321218986,1.84081730354218,0.0));
#13435=VECTOR('',#17497,0.075425415259358);
#13436=CARTESIAN_POINT('',(-0.988827697453172,1.86777767933125,0.0));
#13437=CARTESIAN_POINT('',(-0.988827697453172,1.86777767933125,0.0));
#13438=VECTOR('',#17498,0.088510439179809);
#13439=CARTESIAN_POINT('',(-0.926523393099622,1.8994546787691,0.0));
#13440=CARTESIAN_POINT('',(-0.926523393099622,1.8994546787691,0.0));
#13441=VECTOR('',#17499,0.0698946252178614);
#13442=CARTESIAN_POINT('',(-0.855067591422738,1.95168652968898,0.0));
#13443=CARTESIAN_POINT('',(-0.855067591422738,1.95168652968898,0.0));
#13444=VECTOR('',#17500,0.088510439179809);
#13445=CARTESIAN_POINT('',(-0.805611910400592,2.00863500536381,0.0));
#13446=CARTESIAN_POINT('',(-0.805611910400592,2.00863500536381,0.0));
#13447=VECTOR('',#17501,0.075425415259358);
#13448=CARTESIAN_POINT('',(-0.769005029838274,2.09085486443456,0.0));
#13449=CARTESIAN_POINT('',(-0.769005029838274,2.09085486443456,0.0));
#13450=VECTOR('',#17502,0.0900009384957564);
#13451=CARTESIAN_POINT('',(-0.763550214575714,2.15723627352543,0.0));
#13452=CARTESIAN_POINT('',(-0.763550214575714,2.15723627352543,0.0));
#13453=VECTOR('',#17503,0.0666051535727132);
#13454=CARTESIAN_POINT('',(-0.780095692597214,2.22833420568082,0.0));
#13455=CARTESIAN_POINT('',(-0.780095692597214,2.22833420568082,0.0));
#13456=VECTOR('',#17504,0.0729977314697772);
#13457=CARTESIAN_POINT('',(-0.979249355074208,2.6200420890138,0.0));
#13458=CARTESIAN_POINT('',(-0.979249355074208,2.6200420890138,0.0));
#13459=VECTOR('',#17505,0.439428318548514);
#13460=CARTESIAN_POINT('',(-1.07270563335076,2.57252668048372,0.0));
#13461=CARTESIAN_POINT('',(-1.07270563335076,2.57252668048372,0.0));
#13462=VECTOR('',#17506,0.10484173785705);
#13463=CARTESIAN_POINT('',(-0.873551970873768,2.18081879715251,0.0));
#13464=CARTESIAN_POINT('',(-0.873551970873768,2.18081879715251,0.0));
#13465=VECTOR('',#17507,0.439428318548514);
#13466=CARTESIAN_POINT('',(-0.86343071454736,2.12235664677072,0.0));
#13467=CARTESIAN_POINT('',(-0.86343071454736,2.12235664677072,0.0));
#13468=VECTOR('',#17508,0.0593318030815718);
#13469=CARTESIAN_POINT('',(-0.875309934258012,2.06861093767409,0.0));
#13470=CARTESIAN_POINT('',(-0.875309934258012,2.06861093767409,0.0));
#13471=VECTOR('',#17509,0.0550428660883174);
#13472=CARTESIAN_POINT('',(-0.909189447252978,2.01958175164224,0.0));
#13473=CARTESIAN_POINT('',(-0.909189447252978,2.01958175164224,0.0));
#13474=VECTOR('',#17510,0.059595993856415);
#13475=CARTESIAN_POINT('',(-0.965069262530716,1.97526910637362,0.0));
#13476=CARTESIAN_POINT('',(-0.965069262530716,1.97526910637362,0.0));
#13477=VECTOR('',#17511,0.0713173491246558);
#13478=CARTESIAN_POINT('',(-1.02737356688427,1.94359210693603,0.0));
#13479=CARTESIAN_POINT('',(-1.02737356688427,1.94359210693603,0.0));
#13480=VECTOR('',#17512,0.0698946252178614);
#13481=CARTESIAN_POINT('',(-1.09610200380583,1.92455093458589,0.0));
#13482=CARTESIAN_POINT('',(-1.09610200380583,1.92455093458589,0.0));
#13483=VECTOR('',#17513,0.0713173491246558);
#13484=CARTESIAN_POINT('',(-1.15567876908742,1.92606471208969,0.0));
#13485=CARTESIAN_POINT('',(-1.15567876908742,1.92606471208969,0.0));
#13486=VECTOR('',#17514,0.059595993856415);
#13487=CARTESIAN_POINT('',(-1.20610385373006,1.94813342174822,0.0));
#13488=CARTESIAN_POINT('',(-1.20610385373006,1.94813342174822,0.0));
#13489=VECTOR('',#17515,0.0550428660883174);
#13490=CARTESIAN_POINT('',(-1.24737708397948,1.99075716303981,0.0));
#13491=CARTESIAN_POINT('',(-1.24737708397948,1.99075716303981,0.0));
#13492=VECTOR('',#17516,0.0593318030815718);
#13493=CARTESIAN_POINT('',(-1.44653074645647,2.38246504637178,0.0));
#13494=CARTESIAN_POINT('',(-1.44653074645647,2.38246504637178,0.0));
#13495=VECTOR('',#17517,0.439428318548514);
#13496=CARTESIAN_POINT('',(-1.53998702473302,2.33494963784348,0.0));
#13497=CARTESIAN_POINT('',(-1.53998702473302,2.33494963784348,0.0));
#13498=VECTOR('',#17518,0.10484173785705);
#13499=CARTESIAN_POINT('',(-1.34083336225578,1.94324175451151,0.0));
#13500=VECTOR('',#17519,0.439428318548514);
#13501=CARTESIAN_POINT('',(-1.42579119030346,1.5760305069558,0.0));
#13502=CARTESIAN_POINT('',(-1.6479464027196,1.77416885564452,0.0));
#13503=CARTESIAN_POINT('',(-1.42579119030346,1.5760305069558,0.0));
#13504=VECTOR('',#17520,0.297677247408348);
#13505=CARTESIAN_POINT('',(-1.35600698948377,1.65427343195731,0.0));
#13506=CARTESIAN_POINT('',(-1.35600698948377,1.65427343195731,0.0));
#13507=VECTOR('',#17521,0.10484173785705);
#13508=CARTESIAN_POINT('',(-1.85321150545401,2.09772592034825,0.0));
#13509=CARTESIAN_POINT('',(-1.85321150545401,2.09772592034825,0.0));
#13510=VECTOR('',#17522,0.666230020459316);
#13511=CARTESIAN_POINT('',(-2.13234830873326,1.78475422034142,0.0));
#13512=CARTESIAN_POINT('',(-2.13234830873326,1.78475422034142,0.0));
#13513=VECTOR('',#17523,0.41936695142825);
#13514=CARTESIAN_POINT('',(-2.17992290245358,1.71011672412827,0.0));
#13515=CARTESIAN_POINT('',(-2.17992290245358,1.71011672412827,0.0));
#13516=VECTOR('',#17524,0.088510438981054);
#13517=CARTESIAN_POINT('',(-2.19470933705235,1.62964920002808,0.0));
#13518=CARTESIAN_POINT('',(-2.19470933705235,1.62964920002808,0.0));
#13519=VECTOR('',#17525,0.0818147974572762);
#13520=CARTESIAN_POINT('',(-2.18728616455176,1.55278710471651,0.0));
#13521=CARTESIAN_POINT('',(-2.18728616455176,1.55278710471651,0.0));
#13522=VECTOR('',#17526,0.0772197201864636);
#13523=CARTESIAN_POINT('',(-2.16718036563797,1.51144119235338,0.0));
#13524=CARTESIAN_POINT('',(-2.16718036563797,1.51144119235338,0.0));
#13525=VECTOR('',#17527,0.0459752935725716);
#13526=CARTESIAN_POINT('',(-2.1248650630917,1.47370053311095,0.0));
#13527=CARTESIAN_POINT('',(-2.1248650630917,1.47370053311095,0.0));
#13528=VECTOR('',#17528,0.056700460224329);
#13529=CARTESIAN_POINT('',(-2.08149795263991,1.45843549625754,0.0));
#13530=CARTESIAN_POINT('',(-2.08149795263991,1.45843549625754,0.0));
#13531=VECTOR('',#17529,0.0459752935725716);
#13532=CARTESIAN_POINT('',(-2.00429057931938,1.45981632594749,0.0));
#13533=CARTESIAN_POINT('',(-2.00429057931938,1.45981632594749,0.0));
#13534=VECTOR('',#17530,0.0772197201864636);
#13535=CARTESIAN_POINT('',(-1.93661005358241,1.4931080590342,0.0));
#13536=CARTESIAN_POINT('',(-1.93661005358241,1.4931080590342,0.0));
#13537=VECTOR('',#17531,0.0754254138600466);
#13538=CARTESIAN_POINT('',(-1.79797350594089,1.15873500643772,0.0));
#13539=CARTESIAN_POINT('',(-1.79797350594089,1.15873500643772,0.0));
#13540=VECTOR('',#17532,0.361974350810582);
#13541=CARTESIAN_POINT('',(-1.71655864935183,1.25001836919397,0.0));
#13542=CARTESIAN_POINT('',(-1.71655864935183,1.25001836919397,0.0));
#13543=VECTOR('',#17533,0.122315294176644);
#13544=CARTESIAN_POINT('',(-1.84566821630719,1.55248066763063,0.0));
#13545=CARTESIAN_POINT('',(-1.84566821630719,1.55248066763063,0.0));
#13546=VECTOR('',#17534,0.328865811927716);
#13547=CARTESIAN_POINT('',(-1.6479464027196,1.77416885564452,0.0));
#13548=VECTOR('',#17535,0.297051457281724);
#13549=CARTESIAN_POINT('',(-1.87592938244996,1.03352424191004,0.0));
#13550=CARTESIAN_POINT('',(-1.91085949246159,0.934672446724266,0.0));
#13551=CARTESIAN_POINT('',(-1.87592938244996,1.03352424191004,0.0));
#13552=VECTOR('',#17536,0.10484173785705);
#13553=CARTESIAN_POINT('',(-2.50409555820451,1.25549202290374,0.0));
#13554=CARTESIAN_POINT('',(-2.50409555820451,1.25549202290374,0.0));
#13555=VECTOR('',#17537,0.666230020459316);
#13556=CARTESIAN_POINT('',(-2.55649072322118,1.10721433012495,0.0));
#13557=CARTESIAN_POINT('',(-2.55649072322118,1.10721433012495,0.0));
#13558=VECTOR('',#17538,0.157262606785587);
#13559=CARTESIAN_POINT('',(-2.16742337961295,0.506422974072016,0.0));
#13560=CARTESIAN_POINT('',(-2.16742337961295,0.506422974072016,0.0));
#13561=VECTOR('',#17539,0.715767875341244);
#13562=CARTESIAN_POINT('',(-2.7020328926849,0.695331724487186,0.0));
#13563=CARTESIAN_POINT('',(-2.7020328926849,0.695331724487186,0.0));
#13564=VECTOR('',#17540,0.567004274632312);
#13565=CARTESIAN_POINT('',(-2.73696300269754,0.596479929301408,0.0));
#13566=CARTESIAN_POINT('',(-2.73696300269754,0.596479929301408,0.0));
#13567=VECTOR('',#17541,0.10484173785705);
#13568=CARTESIAN_POINT('',(-2.108796826943,0.374512148307708,0.0));
#13569=CARTESIAN_POINT('',(-2.108796826943,0.374512148307708,0.0));
#13570=VECTOR('',#17542,0.666230020459316);
#13571=CARTESIAN_POINT('',(-2.05640166192556,0.522789841086502,0.0));
#13572=CARTESIAN_POINT('',(-2.05640166192556,0.522789841086502,0.0));
#13573=VECTOR('',#17543,0.157262606785587);
#13574=CARTESIAN_POINT('',(-2.45883425108341,1.12830391862844,0.0));
#13575=CARTESIAN_POINT('',(-2.45883425108341,1.12830391862844,0.0));
#13576=VECTOR('',#17544,0.727048338776716);
#13577=CARTESIAN_POINT('',(-1.91085949246159,0.934672446724266,0.0));
#13578=VECTOR('',#17545,0.581179389688426);
#13579=CARTESIAN_POINT('',(-2.64241761797868,-0.267281573509952,0.0));
#13580=CARTESIAN_POINT('',(-2.61331239354256,-0.283466519942636,0.0));
#13581=CARTESIAN_POINT('',(-2.64241761797868,-0.267281573509952,0.0));
#13582=VECTOR('',#17546,0.0333026512529082);
#13583=CARTESIAN_POINT('',(-2.6723063543098,-0.233640846050647,0.0));
#13584=CARTESIAN_POINT('',(-2.6723063543098,-0.233640846050647,0.0));
#13585=VECTOR('',#17547,0.0450003900364288);
#13586=CARTESIAN_POINT('',(-2.6888177731665,-0.181908320962564,0.0));
#13587=CARTESIAN_POINT('',(-2.6888177731665,-0.181908320962564,0.0));
#13588=VECTOR('',#17548,0.0543036012123162);
#13589=CARTESIAN_POINT('',(-2.69351891627118,-0.0771720366557958,0.0));
#13590=CARTESIAN_POINT('',(-2.69351891627118,-0.0771720366557958,0.0));
#13591=VECTOR('',#17549,0.10484173785705);
#13592=CARTESIAN_POINT('',(-2.68170864051916,-0.0241682774370772,0.0));
#13593=CARTESIAN_POINT('',(-2.68170864051916,-0.0241682774370772,0.0));
#13594=VECTOR('',#17550,0.0543036012123162);
#13595=CARTESIAN_POINT('',(-2.65573751746532,0.0294710988469656,0.0));
#13596=CARTESIAN_POINT('',(-2.65573751746532,0.0294710988469656,0.0));
#13597=VECTOR('',#17551,0.059595989133793);
#13598=CARTESIAN_POINT('',(-2.61403846571246,0.0488341323871152,0.0));
#13599=CARTESIAN_POINT('',(-2.61403846571246,0.0488341323871152,0.0));
#13600=VECTOR('',#17552,0.0459754063047566);
#13601=CARTESIAN_POINT('',(-2.58571677110628,0.0501053665177686,0.0));
#13602=CARTESIAN_POINT('',(-2.58571677110628,0.0501053665177686,0.0));
#13603=VECTOR('',#17553,0.0283502102569464);
#13604=CARTESIAN_POINT('',(-2.54245069936834,0.0345560371502208,0.0));
#13605=CARTESIAN_POINT('',(-2.54245069936834,0.0345560371502208,0.0));
#13606=VECTOR('',#17554,0.0459753695742738);
#13607=CARTESIAN_POINT('',(-2.5117784332088,-0.016540870872505,0.0));
#13608=CARTESIAN_POINT('',(-2.5117784332088,-0.016540870872505,0.0));
#13609=VECTOR('',#17555,0.059595989133793);
#13610=CARTESIAN_POINT('',(-2.49526701435287,-0.0682733959605804,0.0));
#13611=CARTESIAN_POINT('',(-2.49526701435287,-0.0682733959605804,0.0));
#13612=VECTOR('',#17556,0.0543036012123162);
#13613=CARTESIAN_POINT('',(-2.49056587124742,-0.173009680267349,0.0));
#13614=CARTESIAN_POINT('',(-2.49056587124742,-0.173009680267349,0.0));
#13615=VECTOR('',#17557,0.10484173785705);
#13616=CARTESIAN_POINT('',(-2.47248741066756,-0.25965416694539,0.0));
#13617=CARTESIAN_POINT('',(-2.47248741066756,-0.25965416694539,0.0));
#13618=VECTOR('',#17558,0.088510438981054);
#13619=CARTESIAN_POINT('',(-2.44103161467961,-0.328207255531598,0.0));
#13620=CARTESIAN_POINT('',(-2.44103161467961,-0.328207255531598,0.0));
#13621=VECTOR('',#17559,0.0754254138600466);
#13622=CARTESIAN_POINT('',(-2.38125414201813,-0.395488710450004,0.0));
#13623=CARTESIAN_POINT('',(-2.38125414201813,-0.395488710450004,0.0));
#13624=VECTOR('',#17560,0.0900007800728322);
#13625=CARTESIAN_POINT('',(-2.32304367331205,-0.427858602425356,0.0));
#13626=CARTESIAN_POINT('',(-2.32304367331205,-0.427858602425356,0.0));
#13627=VECTOR('',#17561,0.066605319408348);
#13628=CARTESIAN_POINT('',(-2.25223943679507,-0.424680517098786,0.0));
#13629=CARTESIAN_POINT('',(-2.25223943679507,-0.424680517098786,0.0));
#13630=VECTOR('',#17562,0.0708755256423914);
#13631=CARTESIAN_POINT('',(-2.19716309732135,-0.387225687265136,0.0));
#13632=CARTESIAN_POINT('',(-2.19716309732135,-0.387225687265136,0.0));
#13633=VECTOR('',#17563,0.0666053109570822);
#13634=CARTESIAN_POINT('',(-2.14365378659673,-0.314859295601714,0.0));
#13635=CARTESIAN_POINT('',(-2.14365378659673,-0.314859295601714,0.0));
#13636=VECTOR('',#17564,0.0900007832000294);
#13637=CARTESIAN_POINT('',(-2.11846618965224,-0.243763738587067,0.0));
#13638=CARTESIAN_POINT('',(-2.11846618965224,-0.243763738587067,0.0));
#13639=VECTOR('',#17565,0.075425415259358);
#13640=CARTESIAN_POINT('',(-2.10822295438564,-0.155848017722848,0.0));
#13641=CARTESIAN_POINT('',(-2.10822295438564,-0.155848017722848,0.0));
#13642=VECTOR('',#17566,0.088510439179809);
#13643=CARTESIAN_POINT('',(-2.11449115714842,-0.0161993722890011,0.0));
#13644=CARTESIAN_POINT('',(-2.11449115714842,-0.0161993722890011,0.0));
#13645=VECTOR('',#17567,0.139789250435723);
#13646=CARTESIAN_POINT('',(-2.13256961896806,0.070445114333264,0.0));
#13647=CARTESIAN_POINT('',(-2.13256961896806,0.070445114333264,0.0));
#13648=VECTOR('',#17568,0.088510439179809);
#13649=CARTESIAN_POINT('',(-2.17896977787367,0.155818366713596,0.0));
#13650=CARTESIAN_POINT('',(-2.17896977787367,0.155818366713596,0.0));
#13651=VECTOR('',#17569,0.0971677259612384);
#13652=CARTESIAN_POINT('',(-2.25212460081977,0.205008422872606,0.0));
#13653=CARTESIAN_POINT('',(-2.25212460081977,0.205008422872606,0.0));
#13654=VECTOR('',#17570,0.0881549190072846);
#13655=CARTESIAN_POINT('',(-2.30955151986181,0.21992213517484,0.0));
#13656=CARTESIAN_POINT('',(-2.30955151986181,0.21992213517484,0.0));
#13657=VECTOR('',#17571,0.0593318619741134);
#13658=CARTESIAN_POINT('',(-2.30485037675663,0.115185850868046,0.0));
#13659=CARTESIAN_POINT('',(-2.30485037675663,0.115185850868046,0.0));
#13660=VECTOR('',#17572,0.10484173785705);
#13661=CARTESIAN_POINT('',(-2.26158430501792,0.099636521500498,0.0));
#13662=CARTESIAN_POINT('',(-2.26158430501792,0.099636521500498,0.0));
#13663=VECTOR('',#17573,0.0459753695742738);
#13664=CARTESIAN_POINT('',(-2.21675118163736,0.0491752309882542,0.0));
#13665=CARTESIAN_POINT('',(-2.21675118163736,0.0491752309882542,0.0));
#13666=VECTOR('',#17574,0.0675007466047646);
#13667=CARTESIAN_POINT('',(-2.19945625088617,-0.0200130751261294,0.0));
#13668=CARTESIAN_POINT('',(-2.19945625088617,-0.0200130751261294,0.0));
#13669=VECTOR('',#17575,0.0713171531447328);
#13670=CARTESIAN_POINT('',(-2.19318804812364,-0.159661720559969,0.0));
#13671=CARTESIAN_POINT('',(-2.19318804812364,-0.159661720559969,0.0));
#13672=VECTOR('',#17576,0.139789250435723);
#13673=CARTESIAN_POINT('',(-2.20421481197914,-0.230121260805021,0.0));
#13674=CARTESIAN_POINT('',(-2.20421481197914,-0.230121260805021,0.0));
#13675=VECTOR('',#17577,0.0713171531447074);
#13676=CARTESIAN_POINT('',(-2.23018594495091,-0.283760637534232,0.0));
#13677=CARTESIAN_POINT('',(-2.23018594495091,-0.283760637534232,0.0));
#13678=VECTOR('',#17578,0.059595993856415);
#13679=CARTESIAN_POINT('',(-2.27110142720361,-0.320579849857306,0.0));
#13680=CARTESIAN_POINT('',(-2.27110142720361,-0.320579849857306,0.0));
#13681=VECTOR('',#17579,0.0550429930515128);
#13682=CARTESIAN_POINT('',(-2.31358396911389,-0.322486701053248,0.0));
#13683=CARTESIAN_POINT('',(-2.31358396911389,-0.322486701053248,0.0));
#13684=VECTOR('',#17580,0.042525315385445);
#13685=CARTESIAN_POINT('',(-2.35763359051663,-0.289481192012582,0.0));
#13686=CARTESIAN_POINT('',(-2.35763359051663,-0.289481192012582,0.0));
#13687=VECTOR('',#17581,0.0550430083913094);
#13688=CARTESIAN_POINT('',(-2.38830585667591,-0.238384283989762,0.0));
#13689=CARTESIAN_POINT('',(-2.38830585667591,-0.238384283989762,0.0));
#13690=VECTOR('',#17582,0.059595989133793);
#13691=CARTESIAN_POINT('',(-2.40560078742711,-0.169195977875389,0.0));
#13692=CARTESIAN_POINT('',(-2.40560078742711,-0.169195977875389,0.0));
#13693=VECTOR('',#17583,0.0713171531447328);
#13694=CARTESIAN_POINT('',(-2.41030193053255,-0.0644596935685948,0.0));
#13695=CARTESIAN_POINT('',(-2.41030193053255,-0.0644596935685948,0.0));
#13696=VECTOR('',#17584,0.10484173785705);
#13697=CARTESIAN_POINT('',(-2.42759687921716,0.00472901208300086,0.0));
#13698=CARTESIAN_POINT('',(-2.42759687921716,0.00472901208300086,0.0));
#13699=VECTOR('',#17585,0.0713175451046296);
#13700=CARTESIAN_POINT('',(-2.45905267520511,0.0732821006692622,0.0));
#13701=CARTESIAN_POINT('',(-2.45905267520511,0.0732821006692622,0.0));
#13702=VECTOR('',#17586,0.0754254138600466);
#13703=CARTESIAN_POINT('',(-2.51883014786659,0.140563555587668,0.0));
#13704=CARTESIAN_POINT('',(-2.51883014786659,0.140563555587668,0.0));
#13705=VECTOR('',#17587,0.0900007800728322);
#13706=CARTESIAN_POINT('',(-2.57625706690914,0.155477267889877,0.0));
#13707=CARTESIAN_POINT('',(-2.57625706690914,0.155477267889877,0.0));
#13708=VECTOR('',#17588,0.0593318619741134);
#13709=CARTESIAN_POINT('',(-2.63290049579376,0.152934797847954,0.0));
#13710=CARTESIAN_POINT('',(-2.63290049579376,0.152934797847954,0.0));
#13711=VECTOR('',#17589,0.056700460224329);
#13712=CARTESIAN_POINT('',(-2.68876035517872,0.132936149023106,0.0));
#13713=CARTESIAN_POINT('',(-2.68876035517872,0.132936149023106,0.0));
#13714=VECTOR('',#17590,0.0593318619741134);
#13715=CARTESIAN_POINT('',(-2.74226966094374,0.0605697575820612,0.0));
#13716=CARTESIAN_POINT('',(-2.74226966094374,0.0605697575820612,0.0));
#13717=VECTOR('',#17591,0.0900007800728322);
#13718=CARTESIAN_POINT('',(-2.76745725416764,-0.010525799265512,0.0));
#13719=CARTESIAN_POINT('',(-2.76745725416764,-0.010525799265512,0.0));
#13720=VECTOR('',#17592,0.0754254138600466);
#13721=CARTESIAN_POINT('',(-2.77848400008972,-0.080985739047756,0.0));
#13722=CARTESIAN_POINT('',(-2.77848400008972,-0.080985739047756,0.0));
#13723=VECTOR('',#17593,0.0713175451046296);
#13724=CARTESIAN_POINT('',(-2.77456638681498,-0.168265842791009,0.0));
#13725=CARTESIAN_POINT('',(-2.77456638681498,-0.168265842791009,0.0));
#13726=VECTOR('',#17594,0.0873679815677006);
#13727=CARTESIAN_POINT('',(-2.75648792623334,-0.254910329468898,0.0));
#13728=CARTESIAN_POINT('',(-2.75648792623334,-0.254910329468898,0.0));
#13729=VECTOR('',#17595,0.088510438981054);
#13730=CARTESIAN_POINT('',(-2.71087128294306,-0.322827800989792,0.0));
#13731=CARTESIAN_POINT('',(-2.71087128294306,-0.322827800989792,0.0));
#13732=VECTOR('',#17596,0.0818147974572762);
#13733=CARTESIAN_POINT('',(-2.65187732217582,-0.37265347488206,0.0));
#13734=CARTESIAN_POINT('',(-2.65187732217582,-0.37265347488206,0.0));
#13735=VECTOR('',#17597,0.0772197201864636);
#13736=CARTESIAN_POINT('',(-2.60861125043788,-0.38820280424943,0.0));
#13737=CARTESIAN_POINT('',(-2.60861125043788,-0.38820280424943,0.0));
#13738=VECTOR('',#17598,0.0459753695742738);
#13739=CARTESIAN_POINT('',(-2.61331239354256,-0.283466519942636,0.0));
#13740=VECTOR('',#17599,0.10484173785705);
#13741=CARTESIAN_POINT('',(-1.33483438076126,-1.7055394506618,0.0));
#13742=CARTESIAN_POINT('',(-1.31642772260741,-1.76222169777562,0.0));
#13743=CARTESIAN_POINT('',(-1.33483438076126,-1.7055394506618,0.0));
#13744=VECTOR('',#17600,0.059595991495104);
#13745=CARTESIAN_POINT('',(-1.3658941499657,-1.63680602353914,0.0));
#13746=CARTESIAN_POINT('',(-1.3658941499657,-1.63680602353914,0.0));
#13747=VECTOR('',#17601,0.075425415259358);
#13748=CARTESIAN_POINT('',(-1.40672982097872,-1.57833736235427,0.0));
#13749=CARTESIAN_POINT('',(-1.40672982097872,-1.57833736235427,0.0));
#13750=VECTOR('',#17602,0.0713171533913668);
#13751=CARTESIAN_POINT('',(-1.50795412332855,-1.48192846675233,0.0));
#13752=CARTESIAN_POINT('',(-1.50795412332855,-1.48192846675233,0.0));
#13753=VECTOR('',#17603,0.139789250435723);
#13754=CARTESIAN_POINT('',(-1.56834217545619,-1.44398878399024,0.0));
#13755=CARTESIAN_POINT('',(-1.56834217545619,-1.44398878399024,0.0));
#13756=VECTOR('',#17604,0.0713171533913668);
#13757=CARTESIAN_POINT('',(-1.63850670860131,-1.41631331551096,0.0));
#13758=CARTESIAN_POINT('',(-1.63850670860131,-1.41631331551096,0.0));
#13759=VECTOR('',#17605,0.075425415259358);
#13760=CARTESIAN_POINT('',(-1.6960181324078,-1.40068902883732,0.0));
#13761=CARTESIAN_POINT('',(-1.6960181324078,-1.40068902883732,0.0));
#13762=VECTOR('',#17606,0.059595991495104);
#13763=CARTESIAN_POINT('',(-1.75065263229708,-1.40738040778931,0.0));
#13764=CARTESIAN_POINT('',(-1.75065263229708,-1.40738040778931,0.0));
#13765=VECTOR('',#17607,0.0550427391255792);
#13766=CARTESIAN_POINT('',(-1.79263431844301,-1.4261226990095,0.0));
#13767=CARTESIAN_POINT('',(-1.79263431844301,-1.4261226990095,0.0));
#13768=VECTOR('',#17608,0.0459753787568818);
#13769=CARTESIAN_POINT('',(-1.72936934667781,-1.48637805188997,0.0));
#13770=CARTESIAN_POINT('',(-1.72936934667781,-1.48637805188997,0.0));
#13771=VECTOR('',#17609,0.0873679815677006);
#13772=CARTESIAN_POINT('',(-1.69716385708003,-1.47790025617148,0.0));
#13773=CARTESIAN_POINT('',(-1.69716385708003,-1.47790025617148,0.0));
#13774=VECTOR('',#17610,0.0333026512529082);
#13775=CARTESIAN_POINT('',(-1.65230554004525,-1.48147335834352,0.0));
#13776=CARTESIAN_POINT('',(-1.65230554004525,-1.48147335834352,0.0));
#13777=VECTOR('',#17611,0.0450003962907978);
#13778=CARTESIAN_POINT('',(-1.61722312995418,-1.49531123184501,0.0));
#13779=CARTESIAN_POINT('',(-1.61722312995418,-1.49531123184501,0.0));
#13780=VECTOR('',#17612,0.0377128922364726);
#13781=CARTESIAN_POINT('',(-1.54418196848765,-1.54530209641274,0.0));
#13782=CARTESIAN_POINT('',(-1.54418196848765,-1.54530209641274,0.0));
#13783=VECTOR('',#17613,0.088510438981054);
#13784=CARTESIAN_POINT('',(-1.46826388652757,-1.61760863020045,0.0));
#13785=CARTESIAN_POINT('',(-1.46826388652757,-1.61760863020045,0.0));
#13786=VECTOR('',#17614,0.10484173785705);
#13787=CARTESIAN_POINT('',(-1.41477510446369,-1.68812847139391,0.0));
#13788=CARTESIAN_POINT('',(-1.41477510446369,-1.68812847139391,0.0));
#13789=VECTOR('',#17615,0.088510438981054);
#13790=CARTESIAN_POINT('',(-1.39924507377553,-1.72249532152088,0.0));
#13791=CARTESIAN_POINT('',(-1.39924507377553,-1.72249532152088,0.0));
#13792=VECTOR('',#17616,0.0377128922364726);
#13793=CARTESIAN_POINT('',(-1.39349152923997,-1.76712639132232,0.0));
#13794=CARTESIAN_POINT('',(-1.39349152923997,-1.76712639132232,0.0));
#13795=VECTOR('',#17617,0.0450003962907978);
#13796=CARTESIAN_POINT('',(-1.40039079844775,-1.79970654885504,0.0));
#13797=CARTESIAN_POINT('',(-1.40039079844775,-1.79970654885504,0.0));
#13798=VECTOR('',#17618,0.0333026512529082);
#13799=CARTESIAN_POINT('',(-1.43949555725357,-1.84076450210676,0.0));
#13800=CARTESIAN_POINT('',(-1.43949555725357,-1.84076450210676,0.0));
#13801=VECTOR('',#17619,0.0567004205139182);
#13802=CARTESIAN_POINT('',(-1.50390655014253,-1.85772010792142,0.0));
#13803=CARTESIAN_POINT('',(-1.50390655014253,-1.85772010792142,0.0));
#13804=VECTOR('',#17620,0.066605319408348);
#13805=CARTESIAN_POINT('',(-1.56141797052535,-1.84209581765342,0.0));
#13806=CARTESIAN_POINT('',(-1.56141797052535,-1.84209581765342,0.0));
#13807=VECTOR('',#17621,0.059595989133793);
#13808=CARTESIAN_POINT('',(-1.64711224218676,-1.78005377217871,0.0));
#13809=CARTESIAN_POINT('',(-1.64711224218676,-1.78005377217871,0.0));
#13810=VECTOR('',#17622,0.105795669109331);
#13811=CARTESIAN_POINT('',(-1.69772410375709,-1.73184960020523,0.0));
#13812=CARTESIAN_POINT('',(-1.69772410375709,-1.73184960020523,0.0));
#13813=VECTOR('',#17623,0.0698942252783768);
#13814=CARTESIAN_POINT('',(-1.73682886256291,-1.77290755345669,0.0));
#13815=CARTESIAN_POINT('',(-1.73682886256291,-1.77290755345669,0.0));
#13816=VECTOR('',#17624,0.0567004205139182);
#13817=CARTESIAN_POINT('',(-1.68621700099232,-1.82111172543017,0.0));
#13818=CARTESIAN_POINT('',(-1.68621700099232,-1.82111172543017,0.0));
#13819=VECTOR('',#17625,0.0698942252783768);
#13820=CARTESIAN_POINT('',(-1.62985129843516,-1.91394723584362,0.0));
#13821=CARTESIAN_POINT('',(-1.62985129843516,-1.91394723584362,0.0));
#13822=VECTOR('',#17626,0.108607202424607);
#13823=CARTESIAN_POINT('',(-1.62409745744832,-1.95857857428358,0.0));
#13824=CARTESIAN_POINT('',(-1.62409745744832,-1.95857857428358,0.0));
#13825=VECTOR('',#17627,0.0450007006284416);
#13826=CARTESIAN_POINT('',(-1.63789628546885,-2.02373861352204,0.0));
#13827=CARTESIAN_POINT('',(-1.63789628546885,-2.02373861352204,0.0));
#13828=VECTOR('',#17628,0.0666050926601858);
#13829=CARTESIAN_POINT('',(-1.6574486922588,-2.04426761890286,0.0));
#13830=CARTESIAN_POINT('',(-1.6574486922588,-2.04426761890286,0.0));
#13831=VECTOR('',#17629,0.0283502499673572);
#13832=CARTESIAN_POINT('',(-1.71208319214833,-2.05095899785485,0.0));
#13833=CARTESIAN_POINT('',(-1.71208319214833,-2.05095899785485,0.0));
#13834=VECTOR('',#17630,0.0550427391255792);
#13835=CARTESIAN_POINT('',(-1.76959461253115,-2.0353347075866,0.0));
#13836=CARTESIAN_POINT('',(-1.76959461253115,-2.0353347075866,0.0));
#13837=VECTOR('',#17631,0.059595989133793);
#13838=CARTESIAN_POINT('',(-1.84263606360239,-1.98534356719139,0.0));
#13839=CARTESIAN_POINT('',(-1.84263606360239,-1.98534356719139,0.0));
#13840=VECTOR('',#17632,0.0885108337583188);
#13841=CARTESIAN_POINT('',(-1.89324792517273,-1.93713939521816,0.0));
#13842=CARTESIAN_POINT('',(-1.89324792517273,-1.93713939521816,0.0));
#13843=VECTOR('',#17633,0.0698942252783768);
#13844=CARTESIAN_POINT('',(-1.94673699684105,-1.86661927819721,0.0));
#13845=CARTESIAN_POINT('',(-1.94673699684105,-1.86661927819721,0.0));
#13846=VECTOR('',#17634,0.0885108337583188);
#13847=CARTESIAN_POINT('',(-1.96514365841806,-1.80993703467749,0.0));
#13848=CARTESIAN_POINT('',(-1.96514365841806,-1.80993703467749,0.0));
#13849=VECTOR('',#17635,0.059595989133793);
#13850=CARTESIAN_POINT('',(-1.96112102009911,-1.75504148375202,0.0));
#13851=CARTESIAN_POINT('',(-1.96112102009911,-1.75504148375202,0.0));
#13852=VECTOR('',#17636,0.0550427391255792);
#13853=CARTESIAN_POINT('',(-2.02438599186432,-1.69478613087156,0.0));
#13854=CARTESIAN_POINT('',(-2.02438599186432,-1.69478613087156,0.0));
#13855=VECTOR('',#17637,0.0873679815677006);
#13856=CARTESIAN_POINT('',(-2.05083793007972,-1.74789498920278,0.0));
#13857=CARTESIAN_POINT('',(-2.05083793007972,-1.74789498920278,0.0));
#13858=VECTOR('',#17638,0.0593317441896398);
#13859=CARTESIAN_POINT('',(-2.0393305377105,-1.83715739025521,0.0));
#13860=CARTESIAN_POINT('',(-2.0393305377105,-1.83715739025521,0.0));
#13861=VECTOR('',#17639,0.0900010906645148);
#13862=CARTESIAN_POINT('',(-2.00827076593837,-1.90589081468192,0.0));
#13863=CARTESIAN_POINT('',(-2.00827076593837,-1.90589081468192,0.0));
#13864=VECTOR('',#17640,0.0754254138600466);
#13865=CARTESIAN_POINT('',(-1.92947605308945,-2.00051274186212,0.0));
#13866=CARTESIAN_POINT('',(-1.92947605308945,-2.00051274186212,0.0));
#13867=VECTOR('',#17641,0.123133731675148);
#13868=CARTESIAN_POINT('',(-1.90416983269971,-2.02461510367635,0.0));
#13869=CARTESIAN_POINT('',(-1.90416983269971,-2.02461510367635,0.0));
#13870=VECTOR('',#17642,0.034947512578673);
#13871=CARTESIAN_POINT('',(-1.80582274044788,-2.09870805423082,0.0));
#13872=CARTESIAN_POINT('',(-1.80582274044788,-2.09870805423082,0.0));
#13873=VECTOR('',#17643,0.123133731675148);
#13874=CARTESIAN_POINT('',(-1.73565820987019,-2.12638352540605,0.0));
#13875=CARTESIAN_POINT('',(-1.73565820987019,-2.12638352540605,0.0));
#13876=VECTOR('',#17644,0.0754254138600466);
#13877=CARTESIAN_POINT('',(-1.64594129988958,-2.1335300199553,0.0));
#13878=CARTESIAN_POINT('',(-1.64594129988958,-2.1335300199553,0.0));
#13879=VECTOR('',#17645,0.0900010906645148);
#13880=CARTESIAN_POINT('',(-1.59418372049359,-2.10452297178333,0.0));
#13881=CARTESIAN_POINT('',(-1.59418372049359,-2.10452297178333,0.0));
#13882=VECTOR('',#17646,0.0593317441896398);
#13883=CARTESIAN_POINT('',(-1.57463131370364,-2.08399396640251,0.0));
#13884=CARTESIAN_POINT('',(-1.57463131370364,-2.08399396640251,0.0));
#13885=VECTOR('',#17647,0.0283502499673572);
#13886=CARTESIAN_POINT('',(-1.54817937548824,-2.03088510807129,0.0));
#13887=CARTESIAN_POINT('',(-1.54817937548824,-2.03088510807129,0.0));
#13888=VECTOR('',#17648,0.0593317441896398);
#13889=CARTESIAN_POINT('',(-1.54415702677375,-1.97598928131859,0.0));
#13890=CARTESIAN_POINT('',(-1.54415702677375,-1.97598928131859,0.0));
#13891=VECTOR('',#17649,0.0550429930515128);
#13892=CARTESIAN_POINT('',(-1.56544031923985,-1.89699164440638,0.0));
#13893=CARTESIAN_POINT('',(-1.56544031923985,-1.89699164440638,0.0));
#13894=VECTOR('',#17650,0.0818144557880586);
#13895=CARTESIAN_POINT('',(-1.48262296807173,-1.93671802066111,0.0));
#13896=CARTESIAN_POINT('',(-1.48262296807173,-1.93671802066111,0.0));
#13897=VECTOR('',#17651,0.0918525918242432);
#13898=CARTESIAN_POINT('',(-1.42798846818245,-1.93002664170913,0.0));
#13899=CARTESIAN_POINT('',(-1.42798846818245,-1.93002664170913,0.0));
#13900=VECTOR('',#17652,0.0550427391255792);
#13901=CARTESIAN_POINT('',(-1.37623058548837,-1.90101985498723,0.0));
#13902=CARTESIAN_POINT('',(-1.37623058548837,-1.90101985498723,0.0));
#13903=VECTOR('',#17653,0.0593318809487008);
#13904=CARTESIAN_POINT('',(-1.33712582668255,-1.85996190173576,0.0));
#13905=CARTESIAN_POINT('',(-1.33712582668255,-1.85996190173576,0.0));
#13906=VECTOR('',#17654,0.0567004205139182);
#13907=CARTESIAN_POINT('',(-1.32045036092636,-1.81711724870108,0.0));
#13908=CARTESIAN_POINT('',(-1.32045036092636,-1.81711724870108,0.0));
#13909=VECTOR('',#17655,0.0459753787568818);
#13910=CARTESIAN_POINT('',(-1.31642772260741,-1.76222169777562,0.0));
#13911=VECTOR('',#17656,0.0550427391255792);
#13912=CARTESIAN_POINT('',(-0.640497301752136,-2.06891539994629,0.0));
#13913=CARTESIAN_POINT('',(-0.603124064764444,-2.1153365520144,0.0));
#13914=CARTESIAN_POINT('',(-0.640497301752136,-2.06891539994629,0.0));
#13915=VECTOR('',#17657,0.059595991495104);
#13916=CARTESIAN_POINT('',(-0.693984349442038,-2.01573471826698,0.0));
#13917=CARTESIAN_POINT('',(-0.693984349442038,-2.01573471826698,0.0));
#13918=VECTOR('',#17658,0.0754257858722566);
#13919=CARTESIAN_POINT('',(-0.752954018753162,-1.97562593532392,0.0));
#13920=CARTESIAN_POINT('',(-0.752954018753162,-1.97562593532392,0.0));
#13921=VECTOR('',#17659,0.0713171533913668);
#13922=CARTESIAN_POINT('',(-0.881860443680716,-1.92155139107749,0.0));
#13923=CARTESIAN_POINT('',(-0.881860443680716,-1.92155139107749,0.0));
#13924=VECTOR('',#17660,0.139788850496238);
#13925=CARTESIAN_POINT('',(-0.9517971992974,-1.90758562977437,0.0));
#13926=CARTESIAN_POINT('',(-0.9517971992974,-1.90758562977437,0.0));
#13927=VECTOR('',#17661,0.0713175453512636);
#13928=CARTESIAN_POINT('',(-1.02721731414419,-1.9066914577898,0.0));
#13929=CARTESIAN_POINT('',(-1.02721731414419,-1.9066914577898,0.0));
#13930=VECTOR('',#17662,0.075425415259358);
#13931=CARTESIAN_POINT('',(-1.08652398805334,-1.91255666299637,0.0));
#13932=CARTESIAN_POINT('',(-1.08652398805334,-1.91255666299637,0.0));
#13933=VECTOR('',#17663,0.059595991495104);
#13934=CARTESIAN_POINT('',(-1.13520057689504,-1.93825282670173,0.0));
#13935=CARTESIAN_POINT('',(-1.13520057689504,-1.93825282670173,0.0));
#13936=VECTOR('',#17664,0.0550427391255792);
#13937=CARTESIAN_POINT('',(-1.16776409696396,-1.97070822090003,0.0));
#13938=CARTESIAN_POINT('',(-1.16776409696396,-1.97070822090003,0.0));
#13939=VECTOR('',#17665,0.0459753787568818);
#13940=CARTESIAN_POINT('',(-1.08719725868013,-2.00450494642405,0.0));
#13941=CARTESIAN_POINT('',(-1.08719725868013,-2.00450494642405,0.0));
#13942=VECTOR('',#17666,0.0873683815072106);
#13943=CARTESIAN_POINT('',(-1.06011746952638,-1.98512099370207,0.0));
#13944=CARTESIAN_POINT('',(-1.06011746952638,-1.98512099370207,0.0));
#13945=VECTOR('',#17667,0.0333024414081412);
#13946=CARTESIAN_POINT('',(-1.01692386631025,-1.97249656258039,0.0));
#13947=CARTESIAN_POINT('',(-1.01692386631025,-1.97249656258039,0.0));
#13948=VECTOR('',#17668,0.0450007068827852);
#13949=CARTESIAN_POINT('',(-0.97921399400904,-1.97294357293478,0.0));
#13950=CARTESIAN_POINT('',(-0.97921399400904,-1.97294357293478,0.0));
#13951=VECTOR('',#17669,0.0377125216237264);
#13952=CARTESIAN_POINT('',(-0.893164166259662,-1.99366855672019,0.0));
#13953=VECTOR('',#17670,0.088510438981054);
#13954=CARTESIAN_POINT('',(-0.721401144153932,-2.08109266142738,0.0));
#13955=CARTESIAN_POINT('',(-0.721401144153932,-2.08109266142738,0.0));
#13956=VECTOR('',#17671,0.08851004420384);
#13957=CARTESIAN_POINT('',(-0.694657619589018,-2.10768300055038,0.0));
#13958=CARTESIAN_POINT('',(-0.694657619589018,-2.10768300055038,0.0));
#13959=VECTOR('',#17672,0.0377128922364726);
#13960=CARTESIAN_POINT('',(-0.673397457134574,-2.14734493585831,0.0));
#13961=CARTESIAN_POINT('',(-0.673397457134574,-2.14734493585831,0.0));
#13962=VECTOR('',#17673,0.0450007068827852);
#13963=CARTESIAN_POINT('',(-0.668251101062054,-2.18024733125608,0.0));
#13964=CARTESIAN_POINT('',(-0.668251101062054,-2.18024733125608,0.0));
#13965=VECTOR('',#17674,0.0333024414081412);
#13966=CARTESIAN_POINT('',(-0.690184534143284,-2.23253367937609,0.0));
#13967=CARTESIAN_POINT('',(-0.690184534143284,-2.23253367937609,0.0));
#13968=VECTOR('',#17675,0.0567004205139182);
#13969=CARTESIAN_POINT('',(-0.744344857740378,-2.27130129371243,0.0));
#13970=CARTESIAN_POINT('',(-0.744344857740378,-2.27130129371243,0.0));
#13971=VECTOR('',#17676,0.066605319408348);
#13972=CARTESIAN_POINT('',(-0.80365152972954,-2.27716649434167,0.0));
#13973=CARTESIAN_POINT('',(-0.80365152972954,-2.27716649434167,0.0));
#13974=VECTOR('',#17677,0.059595989133793);
#13975=CARTESIAN_POINT('',(-0.905814798896624,-2.24968213450964,0.0));
#13976=CARTESIAN_POINT('',(-0.905814798896624,-2.24968213450964,0.0));
#13977=VECTOR('',#17678,0.105795669109331);
#13978=CARTESIAN_POINT('',(-0.970267826958306,-2.22264493974085,0.0));
#13979=CARTESIAN_POINT('',(-0.970267826958306,-2.22264493974085,0.0));
#13980=VECTOR('',#17679,0.0698942252783768);
#13981=CARTESIAN_POINT('',(-0.992201260039536,-2.27493128786086,0.0));
#13982=CARTESIAN_POINT('',(-0.992201260039536,-2.27493128786086,0.0));
#13983=VECTOR('',#17680,0.0567004205139182);
#13984=CARTESIAN_POINT('',(-0.927748231977854,-2.30196848262965,0.0));
#13985=CARTESIAN_POINT('',(-0.927748231977854,-2.30196848262965,0.0));
#13986=VECTOR('',#17681,0.0698942252783768);
#13987=CARTESIAN_POINT('',(-0.842035037621756,-2.36866760355169,0.0));
#13988=CARTESIAN_POINT('',(-0.842035037621756,-2.36866760355169,0.0));
#13989=VECTOR('',#17682,0.108607202424607);
#13990=CARTESIAN_POINT('',(-0.820774871327086,-2.40832952970469,0.0));
#13991=CARTESIAN_POINT('',(-0.820774871327086,-2.40832952970469,0.0));
#13992=VECTOR('',#17683,0.0450007006284416);
#13993=CARTESIAN_POINT('',(-0.810481421572904,-2.47413462991769,0.0));
#13994=CARTESIAN_POINT('',(-0.810481421572904,-2.47413462991769,0.0));
#13995=VECTOR('',#17684,0.0666053025058164);
#13996=CARTESIAN_POINT('',(-0.821448153474804,-2.50027784059662,0.0));
#13997=CARTESIAN_POINT('',(-0.821448153474804,-2.50027784059662,0.0));
#13998=VECTOR('',#17685,0.0283502499673572);
#13999=CARTESIAN_POINT('',(-0.870125111120948,-2.52597384959363,0.0));
#14000=CARTESIAN_POINT('',(-0.870125111120948,-2.52597384959363,0.0));
#14001=VECTOR('',#17686,0.0550429930515128);
#14002=CARTESIAN_POINT('',(-0.92943178311011,-2.53183905022262,0.0));
#14003=CARTESIAN_POINT('',(-0.92943178311011,-2.53183905022262,0.0));
#14004=VECTOR('',#17687,0.059595989133793);
#14005=CARTESIAN_POINT('',(-1.01548197966419,-2.5111139117286,0.0));
#14006=CARTESIAN_POINT('',(-1.01548197966419,-2.5111139117286,0.0));
#14007=VECTOR('',#17688,0.0885108337583188);
#14008=CARTESIAN_POINT('',(-1.07993500772561,-2.48407671695982,0.0));
#14009=CARTESIAN_POINT('',(-1.07993500772561,-2.48407671695982,0.0));
#14010=VECTOR('',#17689,0.0698942252783768);
#14011=CARTESIAN_POINT('',(-1.1550181189345,-2.43720855911441,0.0));
#14012=CARTESIAN_POINT('',(-1.1550181189345,-2.43720855911441,0.0));
#14013=VECTOR('',#17690,0.088510438981054);
#14014=CARTESIAN_POINT('',(-1.19239135784244,-2.39078741162339,0.0));
#14015=CARTESIAN_POINT('',(-1.19239135784244,-2.39078741162339,0.0));
#14016=VECTOR('',#17691,0.059595989133793);
#14017=CARTESIAN_POINT('',(-1.20816816586661,-2.33805389844038,0.0));
#14018=CARTESIAN_POINT('',(-1.20816816586661,-2.33805389844038,0.0));
#14019=VECTOR('',#17692,0.0550429930515128);
#14020=CARTESIAN_POINT('',(-1.288734635346,-2.30425732762497,0.0));
#14021=CARTESIAN_POINT('',(-1.288734635346,-2.30425732762497,0.0));
#14022=VECTOR('',#17693,0.0873679815677006);
#14023=CARTESIAN_POINT('',(-1.29455462700952,-2.36330305179161,0.0));
#14024=CARTESIAN_POINT('',(-1.29455462700952,-2.36330305179161,0.0));
#14025=VECTOR('',#17694,0.0593318619741134);
#14026=CARTESIAN_POINT('',(-1.25203503202932,-2.4426265946804,0.0));
#14027=CARTESIAN_POINT('',(-1.25203503202932,-2.4426265946804,0.0));
#14028=VECTOR('',#17695,0.0900007800728322);
#14029=CARTESIAN_POINT('',(-1.19854835170368,-2.49580711821779,0.0));
#14030=CARTESIAN_POINT('',(-1.19854835170368,-2.49580711821779,0.0));
#14031=VECTOR('',#17696,0.0754254138600466);
#14032=CARTESIAN_POINT('',(-1.09123872646408,-2.55619387344658,0.0));
#14033=CARTESIAN_POINT('',(-1.09123872646408,-2.55619387344658,0.0));
#14034=VECTOR('',#17697,0.123133731675148);
#14035=CARTESIAN_POINT('',(-1.05901184362892,-2.56971262554034,0.0));
#14036=CARTESIAN_POINT('',(-1.05901184362892,-2.56971262554034,0.0));
#14037=VECTOR('',#17698,0.034947512578673);
#14038=CARTESIAN_POINT('',(-0.940735501848576,-2.60395620671014,0.0));
#14039=CARTESIAN_POINT('',(-0.940735501848576,-2.60395620671014,0.0));
#14040=VECTOR('',#17699,0.123133731675148);
#14041=CARTESIAN_POINT('',(-0.865315019637264,-2.60485053683664,0.0));
#14042=CARTESIAN_POINT('',(-0.865315019637264,-2.60485053683664,0.0));
#14043=VECTOR('',#17700,0.0754257844729706);
#14044=CARTESIAN_POINT('',(-0.778928558494606,-2.5796013834844,0.0));
#14045=CARTESIAN_POINT('',(-0.778928558494606,-2.5796013834844,0.0));
#14046=VECTOR('',#17701,0.0900007800728322);
#14047=CARTESIAN_POINT('',(-0.740882052800114,-2.53407425670343,0.0));
#14048=CARTESIAN_POINT('',(-0.740882052800114,-2.53407425670343,0.0));
#14049=VECTOR('',#17702,0.0593317441896398);
#14050=CARTESIAN_POINT('',(-0.729915320898468,-2.5079310460245,0.0));
#14051=CARTESIAN_POINT('',(-0.729915320898468,-2.5079310460245,0.0));
#14052=VECTOR('',#17703,0.0283502499673572);
#14053=CARTESIAN_POINT('',(-0.724094960430246,-2.44888547656647,0.0));
#14054=CARTESIAN_POINT('',(-0.724094960430246,-2.44888547656647,0.0));
#14055=VECTOR('',#17704,0.0593317441896398);
#14056=CARTESIAN_POINT('',(-0.739871768454672,-2.39615196338347,0.0));
#14057=CARTESIAN_POINT('',(-0.739871768454672,-2.39615196338347,0.0));
#14058=VECTOR('',#17705,0.0550429930515128);
#14059=CARTESIAN_POINT('',(-0.787874721705114,-2.32990000752468,0.0));
#14060=CARTESIAN_POINT('',(-0.787874721705114,-2.32990000752468,0.0));
#14061=VECTOR('',#17706,0.0818144557880586);
#14062=CARTESIAN_POINT('',(-0.696341166880794,-2.33755355898869,0.0));
#14063=CARTESIAN_POINT('',(-0.696341166880794,-2.33755355898869,0.0));
#14064=VECTOR('',#17707,0.091852972237173);
#14065=CARTESIAN_POINT('',(-0.647664946843792,-2.31185724057447,0.0));
#14066=CARTESIAN_POINT('',(-0.647664946843792,-2.31185724057447,0.0));
#14067=VECTOR('',#17708,0.0550424852013982);
#14068=CARTESIAN_POINT('',(-0.609617695859452,-2.2663304049001,0.0));
#14069=CARTESIAN_POINT('',(-0.609617695859452,-2.2663304049001,0.0));
#14070=VECTOR('',#17709,0.0593319987356128);
#14071=CARTESIAN_POINT('',(-0.587684262778222,-2.21404405678009,0.0));
#14072=CARTESIAN_POINT('',(-0.587684262778222,-2.21404405678009,0.0));
#14073=VECTOR('',#17710,0.0567004205139182);
#14074=CARTESIAN_POINT('',(-0.587347994349414,-2.16806975578019,0.0));
#14075=CARTESIAN_POINT('',(-0.587347994349414,-2.16806975578019,0.0));
#14076=VECTOR('',#17711,0.0459755307624452);
#14077=CARTESIAN_POINT('',(-0.603124064764444,-2.1153365520144,0.0));
#14078=VECTOR('',#17712,0.0550424852013982);
#14079=CARTESIAN_POINT('',(-0.291831658071864,-2.45910586445357,0.0));
#14080=CARTESIAN_POINT('',(-0.256430979343518,-2.44610378052815,0.0));
#14081=CARTESIAN_POINT('',(-0.291831658071864,-2.45910586445357,0.0));
#14082=VECTOR('',#17713,0.0377128922364726);
#14083=CARTESIAN_POINT('',(-0.345641167893066,-2.4998598409551,0.0));
#14084=CARTESIAN_POINT('',(-0.345641167893066,-2.4998598409551,0.0));
#14085=VECTOR('',#17714,0.0675007403503956);
#14086=CARTESIAN_POINT('',(-0.382458830078016,-2.55536362610784,0.0));
#14087=CARTESIAN_POINT('',(-0.382458830078016,-2.55536362610784,0.0));
#14088=VECTOR('',#17715,0.0666048828162824);
#14089=CARTESIAN_POINT('',(-0.383876612968886,-2.5978653006649,0.0));
#14090=CARTESIAN_POINT('',(-0.383876612968886,-2.5978653006649,0.0));
#14091=VECTOR('',#17716,0.042525315385445);
#14092=CARTESIAN_POINT('',(-0.351312300780394,-2.66986657887948,0.0));
#14093=CARTESIAN_POINT('',(-0.351312300780394,-2.66986657887948,0.0));
#14094=VECTOR('',#17717,0.0790228985332366);
#14095=CARTESIAN_POINT('',(-0.300338356741186,-2.71411595149562,0.0));
#14096=CARTESIAN_POINT('',(-0.300338356741186,-2.71411595149562,0.0));
#14097=VECTOR('',#17718,0.0675007403503956);
#14098=CARTESIAN_POINT('',(-0.214436328270377,-2.75953046503776,0.0));
#14099=CARTESIAN_POINT('',(-0.214436328270377,-2.75953046503776,0.0));
#14100=VECTOR('',#17719,0.0971680839361384);
#14101=CARTESIAN_POINT('',(-0.127589111205672,-2.77661052887604,0.0));
#14102=CARTESIAN_POINT('',(-0.127589111205672,-2.77661052887604,0.0));
#14103=VECTOR('',#17720,0.0885108337583188);
#14104=CARTESIAN_POINT('',(-0.0577337417769388,-2.77894078406312,0.0));
#14105=CARTESIAN_POINT('',(-0.0577337417769388,-2.77894078406312,0.0));
#14106=VECTOR('',#17721,0.0698942252783768);
#14107=CARTESIAN_POINT('',(0.0300586638816884,-2.767686398195,0.0));
#14108=CARTESIAN_POINT('',(0.0300586638816884,-2.767686398195,0.0));
#14109=VECTOR('',#17722,0.0885108337583188);
#14110=CARTESIAN_POINT('',(0.118795458699895,-2.72809753595556,0.0));
#14111=CARTESIAN_POINT('',(0.118795458699895,-2.72809753595556,0.0));
#14112=VECTOR('',#17723,0.0971673647280518);
#14113=CARTESIAN_POINT('',(0.172604968520919,-2.6873435594525,0.0));
#14114=CARTESIAN_POINT('',(0.172604968520919,-2.6873435594525,0.0));
#14115=VECTOR('',#17724,0.0675007403503956);
#14116=CARTESIAN_POINT('',(0.20989602576116,-2.61767253642754,0.0));
#14117=CARTESIAN_POINT('',(0.20989602576116,-2.61767253642754,0.0));
#14118=VECTOR('',#17725,0.079023252271188);
#14119=CARTESIAN_POINT('',(0.211313808652056,-2.57517086186794,0.0));
#14120=CARTESIAN_POINT('',(0.211313808652056,-2.57517086186794,0.0));
#14121=VECTOR('',#17726,0.042525315385445);
#14122=CARTESIAN_POINT('',(0.178276101408374,-2.51733682152965,0.0));
#14123=CARTESIAN_POINT('',(0.178276101408374,-2.51733682152965,0.0));
#14124=VECTOR('',#17727,0.0666053025058164);
#14125=CARTESIAN_POINT('',(0.127302157369116,-2.47308744891325,0.0));
#14126=CARTESIAN_POINT('',(0.127302157369116,-2.47308744891325,0.0));
#14127=VECTOR('',#17728,0.0675007403503956);
#14128=CARTESIAN_POINT('',(0.0928474666688558,-2.4577551098005,0.0));
#14129=CARTESIAN_POINT('',(0.0928474666688558,-2.4577551098005,0.0));
#14130=VECTOR('',#17729,0.0377121510115644);
#14131=CARTESIAN_POINT('',(0.128247345963037,-2.44475299920736,0.0));
#14132=CARTESIAN_POINT('',(0.128247345963037,-2.44475299920736,0.0));
#14133=VECTOR('',#17730,0.0377121510115644);
#14134=CARTESIAN_POINT('',(0.199521297716957,-2.40458160650357,0.0));
#14135=CARTESIAN_POINT('',(0.199521297716957,-2.40458160650357,0.0));
#14136=VECTOR('',#17731,0.0818151391270526);
#14137=CARTESIAN_POINT('',(0.236811554860932,-2.33491057665465,0.0));
#14138=CARTESIAN_POINT('',(0.236811554860932,-2.33491057665465,0.0));
#14139=VECTOR('',#17732,0.0790228807251188);
#14140=CARTESIAN_POINT('',(0.238229337751827,-2.29240890209581,0.0));
#14141=CARTESIAN_POINT('',(0.238229337751827,-2.29240890209581,0.0));
#14142=VECTOR('',#17733,0.042525315385445);
#14143=CARTESIAN_POINT('',(0.205665024570398,-2.22040765364901,0.0));
#14144=CARTESIAN_POINT('',(0.205665024570398,-2.22040765364901,0.0));
#14145=VECTOR('',#17734,0.0790228718210726);
#14146=CARTESIAN_POINT('',(0.15469108069662,-2.17615827607175,0.0));
#14147=CARTESIAN_POINT('',(0.15469108069662,-2.17615827607175,0.0));
#14148=VECTOR('',#17735,0.0675007434775928);
#14149=CARTESIAN_POINT('',(0.0687890523499666,-2.13074375880724,0.0));
#14150=CARTESIAN_POINT('',(0.0687890523499666,-2.13074375880724,0.0));
#14151=VECTOR('',#17736,0.0971680855654214);
#14152=CARTESIAN_POINT('',(-0.0180581646733597,-2.11366369372893,0.0));
#14153=CARTESIAN_POINT('',(-0.0180581646733597,-2.11366369372893,0.0));
#14154=VECTOR('',#17737,0.0885108339570484);
#14155=CARTESIAN_POINT('',(-0.12284161853362,-2.11016829761407,0.0));
#14156=CARTESIAN_POINT('',(-0.12284161853362,-2.11016829761407,0.0));
#14157=VECTOR('',#17738,0.10484173785705);
#14158=CARTESIAN_POINT('',(-0.210633224799307,-2.12142271138993,0.0));
#14159=CARTESIAN_POINT('',(-0.210633224799307,-2.12142271138993,0.0));
#14160=VECTOR('',#17739,0.088510044402595);
#14161=CARTESIAN_POINT('',(-0.299370819175884,-2.16101155068454,0.0));
#14162=CARTESIAN_POINT('',(-0.299370819175884,-2.16101155068454,0.0));
#14163=VECTOR('',#17740,0.0971680855654214);
#14164=CARTESIAN_POINT('',(-0.35318032916244,-2.20176553214695,0.0));
#14165=CARTESIAN_POINT('',(-0.35318032916244,-2.20176553214695,0.0));
#14166=VECTOR('',#17741,0.0675007434775928);
#14167=CARTESIAN_POINT('',(-0.390471385409744,-2.27143652540615,0.0));
#14168=CARTESIAN_POINT('',(-0.390471385409744,-2.27143652540615,0.0));
#14169=VECTOR('',#17742,0.079023225559151);
#14170=CARTESIAN_POINT('',(-0.391889168300614,-2.31393819996499,0.0));
#14171=CARTESIAN_POINT('',(-0.391889168300614,-2.31393819996499,0.0));
#14172=VECTOR('',#17743,0.042525315385445);
#14173=CARTESIAN_POINT('',(-0.359324056015932,-2.3859394850015,0.0));
#14174=CARTESIAN_POINT('',(-0.359324056015932,-2.3859394850015,0.0));
#14175=VECTOR('',#17744,0.0790232344631464);
#14176=CARTESIAN_POINT('',(-0.29088646947812,-2.43077141474768,0.0));
#14177=CARTESIAN_POINT('',(-0.29088646947812,-2.43077141474768,0.0));
#14178=VECTOR('',#17745,0.0818144557880586);
#14179=CARTESIAN_POINT('',(-0.256430979343518,-2.44610378052815,0.0));
#14180=VECTOR('',#17746,0.0377128922364726);
#14181=CARTESIAN_POINT('',(1.06603607513364,-2.13800524336577,0.0));
#14182=CARTESIAN_POINT('',(1.05598016671947,-2.21638602848883,0.0));
#14183=CARTESIAN_POINT('',(1.06603607513364,-2.13800524336577,0.0));
#14184=VECTOR('',#17747,0.0790232166551302);
#14185=CARTESIAN_POINT('',(1.04303581811418,-2.07096547064371,0.0));
#14186=CARTESIAN_POINT('',(1.04303581811418,-2.07096547064371,0.0));
#14187=VECTOR('',#17748,0.0708755454975968);
#14188=CARTESIAN_POINT('',(0.986979405326548,-2.01526673849351,0.0));
#14189=CARTESIAN_POINT('',(0.986979405326548,-2.01526673849351,0.0));
#14190=VECTOR('',#17749,0.079023225559151);
#14191=CARTESIAN_POINT('',(0.91899534306482,-1.97864634763056,0.0));
#14192=CARTESIAN_POINT('',(0.91899534306482,-1.97864634763056,0.0));
#14193=VECTOR('',#17750,0.077219723831262);
#14194=CARTESIAN_POINT('',(0.822555928920412,-1.96677468033762,0.0));
#14195=CARTESIAN_POINT('',(0.822555928920412,-1.96677468033762,0.0));
#14196=VECTOR('',#17751,0.0971673663573602);
#14197=CARTESIAN_POINT('',(0.735315859222084,-1.98171917654229,0.0));
#14198=CARTESIAN_POINT('',(0.735315859222084,-1.98171917654229,0.0));
#14199=VECTOR('',#17752,0.0885108339570484);
#14200=CARTESIAN_POINT('',(0.652675840041696,-2.01007162470926,0.0));
#14201=CARTESIAN_POINT('',(0.652675840041696,-2.01007162470926,0.0));
#14202=VECTOR('',#17753,0.0873683815072106);
#14203=CARTESIAN_POINT('',(0.574636627969048,-2.05183176526451,0.0));
#14204=CARTESIAN_POINT('',(0.574636627969048,-2.05183176526451,0.0));
#14205=VECTOR('',#17754,0.088510044402595);
#14206=CARTESIAN_POINT('',(0.505796760342226,-2.12040806931762,0.0));
#14207=CARTESIAN_POINT('',(0.505796760342226,-2.12040806931762,0.0));
#14208=VECTOR('',#17755,0.0971680855654214);
#14209=CARTESIAN_POINT('',(0.47461310222351,-2.19105129415154,0.0));
#14210=CARTESIAN_POINT('',(0.47461310222351,-2.19105129415154,0.0));
#14211=VECTOR('',#17756,0.077219723831262);
#14212=CARTESIAN_POINT('',(0.464557197031068,-2.26943208866472,0.0));
#14213=CARTESIAN_POINT('',(0.464557197031068,-2.26943208866472,0.0));
#14214=VECTOR('',#17757,0.079023225559151);
#14215=CARTESIAN_POINT('',(0.48022985308041,-2.36895814876739,0.0));
#14216=CARTESIAN_POINT('',(0.48022985308041,-2.36895814876739,0.0));
#14217=VECTOR('',#17758,0.100752512560206);
#14218=CARTESIAN_POINT('',(0.51243020388659,-2.46281380428532,0.0));
#14219=CARTESIAN_POINT('',(0.51243020388659,-2.46281380428532,0.0));
#14220=VECTOR('',#17759,0.0992257358993632);
#14221=CARTESIAN_POINT('',(0.56115825589308,-2.55099907399876,0.0));
#14222=CARTESIAN_POINT('',(0.56115825589308,-2.55099907399876,0.0));
#14223=VECTOR('',#17760,0.100752493005863);
#14224=CARTESIAN_POINT('',(0.617214678345924,-2.6066978343206,0.0));
#14225=CARTESIAN_POINT('',(0.617214678345924,-2.6066978343206,0.0));
#14226=VECTOR('',#17761,0.079023252271188);
#14227=CARTESIAN_POINT('',(0.685198738996784,-2.64331822048786,0.0));
#14228=CARTESIAN_POINT('',(0.685198738996784,-2.64331822048786,0.0));
#14229=VECTOR('',#17762,0.0772197201864636);
#14230=CARTESIAN_POINT('',(0.781638908522714,-2.6551896246876,0.0));
#14231=CARTESIAN_POINT('',(0.781638908522714,-2.6551896246876,0.0));
#14232=VECTOR('',#17763,0.0971680839361384);
#14233=CARTESIAN_POINT('',(0.868878221228652,-2.64024538688246,0.0));
#14234=CARTESIAN_POINT('',(0.868878221228652,-2.64024538688246,0.0));
#14235=VECTOR('',#17764,0.08851004420384);
#14236=CARTESIAN_POINT('',(0.93499053920873,-2.61756332451744,0.0));
#14237=CARTESIAN_POINT('',(0.93499053920873,-2.61756332451744,0.0));
#14238=VECTOR('',#17765,0.069895025157346);
#14239=CARTESIAN_POINT('',(1.01302975168448,-2.5758031851372,0.0));
#14240=CARTESIAN_POINT('',(1.01302975168448,-2.5758031851372,0.0));
#14241=VECTOR('',#17766,0.08851004420384);
#14242=CARTESIAN_POINT('',(1.08186962051907,-2.50722688460529,0.0));
#14243=CARTESIAN_POINT('',(1.08186962051907,-2.50722688460529,0.0));
#14244=VECTOR('',#17767,0.0971680839361384);
#14245=CARTESIAN_POINT('',(1.11305328024865,-2.43658366446656,0.0));
#14246=CARTESIAN_POINT('',(1.11305328024865,-2.43658366446656,0.0));
#14247=VECTOR('',#17768,0.0772197201864636);
#14248=CARTESIAN_POINT('',(1.11578083110342,-2.39068942629789,0.0));
#14249=CARTESIAN_POINT('',(1.11578083110342,-2.39068942629789,0.0));
#14250=VECTOR('',#17769,0.0459752175716314);
#14251=CARTESIAN_POINT('',(1.03314156851258,-2.41904161489109,0.0));
#14252=CARTESIAN_POINT('',(1.03314156851258,-2.41904161489109,0.0));
#14253=VECTOR('',#17770,0.087367581628216);
#14254=CARTESIAN_POINT('',(1.01388555986821,-2.47060649843752,0.0));
#14255=CARTESIAN_POINT('',(1.01388555986821,-2.47060649843752,0.0));
#14256=VECTOR('',#17771,0.0550429930515128);
#14257=CARTESIAN_POINT('',(0.973501799908178,-2.51443381699937,0.0));
#14258=CARTESIAN_POINT('',(0.973501799908178,-2.51443381699937,0.0));
#14259=VECTOR('',#17772,0.059595989133793);
#14260=CARTESIAN_POINT('',(0.928517989833052,-2.54485318477418,0.0));
#14261=CARTESIAN_POINT('',(0.928517989833052,-2.54485318477418,0.0));
#14262=VECTOR('',#17773,0.0543036012123162);
#14263=CARTESIAN_POINT('',(0.829350269452608,-2.57887601874514,0.0));
#14264=CARTESIAN_POINT('',(0.829350269452608,-2.57887601874514,0.0));
#14265=VECTOR('',#17774,0.10484173785705);
#14266=CARTESIAN_POINT('',(0.775166359147036,-2.5824794849418,0.0));
#14267=CARTESIAN_POINT('',(0.775166359147036,-2.5824794849418,0.0));
#14268=VECTOR('',#17775,0.0543036012123162);
#14269=CARTESIAN_POINT('',(0.716382398726368,-2.57267500034964,0.0));
#14270=CARTESIAN_POINT('',(0.716382398726368,-2.57267500034964,0.0));
#14271=VECTOR('',#17776,0.059595989133793);
#14272=CARTESIAN_POINT('',(0.669526089390914,-2.54379217916696,0.0));
#14273=CARTESIAN_POINT('',(0.669526089390914,-2.54379217916696,0.0));
#14274=VECTOR('',#17777,0.0550429930515128);
#14275=CARTESIAN_POINT('',(0.639198224958372,-2.50923867504424,0.0));
#14276=CARTESIAN_POINT('',(0.639198224958372,-2.50923867504424,0.0));
#14277=VECTOR('',#17778,0.0459752543022412);
#14278=CARTESIAN_POINT('',(0.595070223066978,-2.4344613561186,0.0));
#14279=CARTESIAN_POINT('',(0.595070223066978,-2.4344613561186,0.0));
#14280=VECTOR('',#17779,0.086827000274405);
#14281=CARTESIAN_POINT('',(0.585870122836786,-2.40764545454198,0.0));
#14282=CARTESIAN_POINT('',(0.585870122836786,-2.40764545454198,0.0));
#14283=VECTOR('',#17780,0.0283502102569464);
#14284=CARTESIAN_POINT('',(0.703438043678122,-2.42725442372427,0.0));
#14285=CARTESIAN_POINT('',(0.703438043678122,-2.42725442372427,0.0));
#14286=VECTOR('',#17781,0.119191978267586);
#14287=CARTESIAN_POINT('',(0.790677356383806,-2.41231018591938,0.0));
#14288=CARTESIAN_POINT('',(0.790677356383806,-2.41231018591938,0.0));
#14289=VECTOR('',#17782,0.08851004420384);
#14290=CARTESIAN_POINT('',(0.873317375564194,-2.38395773775241,0.0));
#14291=CARTESIAN_POINT('',(0.873317375564194,-2.38395773775241,0.0));
#14292=VECTOR('',#17783,0.0873683815072106);
#14293=CARTESIAN_POINT('',(0.951357344629486,-2.34219733879712,0.0));
#14294=CARTESIAN_POINT('',(0.951357344629486,-2.34219733879712,0.0));
#14295=VECTOR('',#17784,0.0885108337583188);
#14296=CARTESIAN_POINT('',(1.02019645687453,-2.27362129783899,0.0));
#14297=CARTESIAN_POINT('',(1.02019645687453,-2.27362129783899,0.0));
#14298=VECTOR('',#17785,0.0971673647280518);
#14299=CARTESIAN_POINT('',(1.05598016671947,-2.21638602848883,0.0));
#14300=VECTOR('',#17786,0.0675007403503956);
#14301=CARTESIAN_POINT('',(-2.68197918474312,-0.457617523163936,0.0));
#14302=CARTESIAN_POINT('',(-2.68197918474312,-0.840133776333608,0.0));
#14303=AXIS2_PLACEMENT_3D('',#17787,#17788,#17789);
#14304=AXIS2_PLACEMENT_3D('',#17790,#17791,#17792);
#14305=CARTESIAN_POINT('',(0.0,1.8542,0.0));
#14306=CARTESIAN_POINT('',(0.0,-1.8542,0.0));
#14307=AXIS2_PLACEMENT_3D('',#17793,#17794,#17795);
#14308=AXIS2_PLACEMENT_3D('',#17796,#17797,#17798);
#14309=CARTESIAN_POINT('',(0.473847167613904,2.43476162736287,0.0127));
#14310=CARTESIAN_POINT('',(0.473847167613904,2.43476162736287,0.0));
#14311=VECTOR('',#17799,0.0127);
#14312=CARTESIAN_POINT('',(0.503174441336176,2.41105180269447,0.0127));
#14313=CARTESIAN_POINT('',(0.503174441336176,2.41105180269447,0.0127));
#14314=VECTOR('',#17800,0.0377126606034332);
#14315=CARTESIAN_POINT('',(0.503174441336176,2.41105180269447,0.0));
#14316=VECTOR('',#17801,0.0127);
#14317=CARTESIAN_POINT('',(0.465617128995528,2.40763229110196,0.0127));
#14318=CARTESIAN_POINT('',(0.465617128995528,2.40763229110196,0.0127));
#14319=VECTOR('',#17802,0.0377126606034332);
#14320=CARTESIAN_POINT('',(0.465617128995528,2.40763229110196,0.0));
#14321=VECTOR('',#17803,0.0127);
#14322=CARTESIAN_POINT('',(0.398993636131274,2.36859134613118,0.0127));
#14323=CARTESIAN_POINT('',(0.398993636131274,2.36859134613118,0.0127));
#14324=VECTOR('',#17804,0.0772197201864636);
#14325=CARTESIAN_POINT('',(0.398993636131274,2.36859134613118,0.0));
#14326=VECTOR('',#17805,0.0127);
#14327=CARTESIAN_POINT('',(0.369927449843646,2.33296989375218,0.0127));
#14328=CARTESIAN_POINT('',(0.369927449843646,2.33296989375218,0.0127));
#14329=VECTOR('',#17806,0.0459753309382068);
#14330=CARTESIAN_POINT('',(0.369927449843646,2.33296989375218,0.0));
#14331=VECTOR('',#17807,0.0127);
#14332=CARTESIAN_POINT('',(0.349352353297452,2.26514655310017,0.0127));
#14333=CARTESIAN_POINT('',(0.349352353297452,2.26514655310017,0.0127));
#14334=VECTOR('',#17808,0.0708755256423914);
#14335=CARTESIAN_POINT('',(0.349352353297452,2.26514655310017,0.0));
#14336=VECTOR('',#17809,0.0127);
#14337=CARTESIAN_POINT('',(0.353728415083792,2.21937996819639,0.0127));
#14338=CARTESIAN_POINT('',(0.353728415083792,2.21937996819639,0.0127));
#14339=VECTOR('',#17810,0.0459753217555734);
#14340=CARTESIAN_POINT('',(0.353728415083792,2.21937996819639,0.0));
#14341=VECTOR('',#17811,0.0127);
#14342=CARTESIAN_POINT('',(0.3874317520336,2.14990356337401,0.0127));
#14343=CARTESIAN_POINT('',(0.3874317520336,2.14990356337401,0.0127));
#14344=VECTOR('',#17812,0.077219723831262);
#14345=CARTESIAN_POINT('',(0.3874317520336,2.14990356337401,0.0));
#14346=VECTOR('',#17813,0.0127);
#14347=CARTESIAN_POINT('',(0.441971231248556,2.08891925685697,0.0127));
#14348=CARTESIAN_POINT('',(0.441971231248556,2.08891925685697,0.0127));
#14349=VECTOR('',#17814,0.081814671266317);
#14350=CARTESIAN_POINT('',(0.441971231248556,2.08891925685697,0.0));
#14351=VECTOR('',#17815,0.0127);
#14352=CARTESIAN_POINT('',(0.521461920238158,2.04999170345035,0.0127));
#14353=CARTESIAN_POINT('',(0.521461920238158,2.04999170345035,0.0127));
#14354=VECTOR('',#17816,0.0885105872212706);
#14355=CARTESIAN_POINT('',(0.521461920238158,2.04999170345035,0.0));
#14356=VECTOR('',#17817,0.0127);
#14357=CARTESIAN_POINT('',(0.922769245258174,1.92824988304523,0.0127));
#14358=CARTESIAN_POINT('',(0.922769245258174,1.92824988304523,0.0127));
#14359=VECTOR('',#17818,0.41936695142825);
#14360=CARTESIAN_POINT('',(0.922769245258174,1.92824988304523,0.0));
#14361=VECTOR('',#17819,0.0127);
#14362=CARTESIAN_POINT('',(1.11617517584711,2.56578936117454,0.0127));
#14363=CARTESIAN_POINT('',(1.11617517584711,2.56578936117454,0.0127));
#14364=VECTOR('',#17820,0.666230020459316);
#14365=CARTESIAN_POINT('',(1.11617517584711,2.56578936117454,0.0));
#14366=VECTOR('',#17821,0.0127);
#14367=CARTESIAN_POINT('',(0.714867850827098,2.68753118157916,0.0127));
#14368=CARTESIAN_POINT('',(0.714867850827098,2.68753118157916,0.0127));
#14369=VECTOR('',#17822,0.41936695142825);
#14370=CARTESIAN_POINT('',(0.714867850827098,2.68753118157916,0.0));
#14371=VECTOR('',#17823,0.0127);
#14372=CARTESIAN_POINT('',(0.627147122858948,2.69932939753818,0.0127));
#14373=CARTESIAN_POINT('',(0.627147122858948,2.69932939753818,0.0127));
#14374=VECTOR('',#17824,0.0885105870225156);
#14375=CARTESIAN_POINT('',(0.627147122858948,2.69932939753818,0.0));
#14376=VECTOR('',#17825,0.0127);
#14377=CARTESIAN_POINT('',(0.54791752670784,2.67892569171118,0.0127));
#14378=CARTESIAN_POINT('',(0.54791752670784,2.67892569171118,0.0127));
#14379=VECTOR('',#17826,0.0818146693312688);
#14380=CARTESIAN_POINT('',(0.54791752670784,2.67892569171118,0.0));
#14381=VECTOR('',#17827,0.0127);
#14382=CARTESIAN_POINT('',(0.481294033843332,2.63988474674014,0.0127));
#14383=CARTESIAN_POINT('',(0.481294033843332,2.63988474674014,0.0127));
#14384=VECTOR('',#17828,0.0772197201864636);
#14385=CARTESIAN_POINT('',(0.481294033843332,2.63988474674014,0.0));
#14386=VECTOR('',#17829,0.0127);
#14387=CARTESIAN_POINT('',(0.452227853319726,2.60426331336034,0.0127));
#14388=CARTESIAN_POINT('',(0.452227853319726,2.60426331336034,0.0127));
#14389=VECTOR('',#17830,0.04597531257294);
#14390=CARTESIAN_POINT('',(0.452227853319726,2.60426331336034,0.0));
#14391=VECTOR('',#17831,0.0127);
#14392=CARTESIAN_POINT('',(0.43576776455493,2.5500046028381,0.0127));
#14393=CARTESIAN_POINT('',(0.43576776455493,2.5500046028381,0.0127));
#14394=VECTOR('',#17832,0.056700460224329);
#14395=CARTESIAN_POINT('',(0.43576776455493,2.5500046028381,0.0));
#14396=VECTOR('',#17833,0.0127);
#14397=CARTESIAN_POINT('',(0.440143829223408,2.50423802743519,0.0127));
#14398=CARTESIAN_POINT('',(0.440143829223408,2.50423802743519,0.0127));
#14399=VECTOR('',#17834,0.04597531257294);
#14400=CARTESIAN_POINT('',(0.440143829223408,2.50423802743519,0.0));
#14401=VECTOR('',#17835,0.0127);
#14402=CARTESIAN_POINT('',(0.473847167613904,2.43476162736287,0.0127));
#14403=VECTOR('',#17836,0.0772197201864636);
#14404=CARTESIAN_POINT('',(0.673456612375928,2.61121574381156,0.0127));
#14405=CARTESIAN_POINT('',(0.619178177438984,2.61286880323086,0.0127));
#14406=CARTESIAN_POINT('',(0.673456612375928,2.61121574381156,0.0127));
#14407=VECTOR('',#17837,0.0543036012123162);
#14408=CARTESIAN_POINT('',(0.577505845789148,2.59588462350866,0.0127));
#14409=CARTESIAN_POINT('',(0.619178177438984,2.61286880323086,0.0127));
#14410=VECTOR('',#17838,0.0450005065082558);
#14411=CARTESIAN_POINT('',(0.548439653737752,2.56026315212792,0.0127));
#14412=CARTESIAN_POINT('',(0.577505845789148,2.59588462350866,0.0127));
#14413=VECTOR('',#17839,0.0459753493034482);
#14414=CARTESIAN_POINT('',(0.540209615119122,2.53313381586829,0.0127));
#14415=CARTESIAN_POINT('',(0.548439653737752,2.56026315212792,0.0127));
#14416=VECTOR('',#17840,0.0283502102569464);
#14417=CARTESIAN_POINT('',(0.5445856797876,2.48736724046436,0.0127));
#14418=CARTESIAN_POINT('',(0.540209615119122,2.53313381586829,0.0127));
#14419=VECTOR('',#17841,0.04597531257294);
#14420=CARTESIAN_POINT('',(0.569797934200684,2.45009274766551,0.0127));
#14421=CARTESIAN_POINT('',(0.5445856797876,2.48736724046436,0.0127));
#14422=VECTOR('',#17842,0.0450005065082558);
#14423=CARTESIAN_POINT('',(0.615846330518998,2.42131035198455,0.0127));
#14424=CARTESIAN_POINT('',(0.569797934200684,2.45009274766551,0.0127));
#14425=VECTOR('',#17843,0.0543036012123162);
#14426=CARTESIAN_POINT('',(0.933547946879798,2.32493141566813,0.0127));
#14427=CARTESIAN_POINT('',(0.615846330518998,2.42131035198455,0.0127));
#14428=VECTOR('',#17844,0.331998819883176);
#14429=CARTESIAN_POINT('',(0.991158228736728,2.51483680749413,0.0127));
#14430=CARTESIAN_POINT('',(0.933547946879798,2.32493141566813,0.0127));
#14431=VECTOR('',#17845,0.198451511509112);
#14432=CARTESIAN_POINT('',(0.991158228736728,2.51483680749413,0.0127));
#14433=VECTOR('',#17846,0.331998819883176);
#14434=CARTESIAN_POINT('',(0.453794203861644,2.24827576612934,0.0127));
#14435=CARTESIAN_POINT('',(0.458170268530122,2.20250919072541,0.0127));
#14436=CARTESIAN_POINT('',(0.453794203861644,2.24827576612934,0.0127));
#14437=VECTOR('',#17847,0.04597531257294);
#14438=CARTESIAN_POINT('',(0.483382520061068,2.16523468842671,0.0127));
#14439=CARTESIAN_POINT('',(0.458170268530122,2.20250919072541,0.0127));
#14440=VECTOR('',#17848,0.0450005127626248);
#14441=CARTESIAN_POINT('',(0.529430916379382,2.13645229274549,0.0127));
#14442=CARTESIAN_POINT('',(0.483382520061068,2.16523468842671,0.0127));
#14443=VECTOR('',#17849,0.0543036012123162);
#14444=CARTESIAN_POINT('',(0.847132532740436,2.04007335642907,0.0127));
#14445=CARTESIAN_POINT('',(0.529430916379382,2.13645229274549,0.0127));
#14446=VECTOR('',#17850,0.331998819883176);
#14447=CARTESIAN_POINT('',(0.908857831024416,2.24354340688567,0.0127));
#14448=CARTESIAN_POINT('',(0.847132532740436,2.04007335642907,0.0127));
#14449=VECTOR('',#17851,0.212626606709995);
#14450=CARTESIAN_POINT('',(0.591156214663616,2.33992234320209,0.0127));
#14451=CARTESIAN_POINT('',(0.908857831024416,2.24354340688567,0.0127));
#14452=VECTOR('',#17852,0.331998819883176);
#14453=CARTESIAN_POINT('',(0.536877779726926,2.34157540262215,0.0127));
#14454=CARTESIAN_POINT('',(0.591156214663616,2.33992234320209,0.0127));
#14455=VECTOR('',#17853,0.0543036012123162);
#14456=CARTESIAN_POINT('',(0.495205448076836,2.32459122289944,0.0127));
#14457=CARTESIAN_POINT('',(0.536877779726926,2.34157540262215,0.0127));
#14458=VECTOR('',#17854,0.0450005065082558);
#14459=CARTESIAN_POINT('',(0.466139261789462,2.2889697705207,0.0127));
#14460=CARTESIAN_POINT('',(0.495205448076836,2.32459122289944,0.0127));
#14461=VECTOR('',#17855,0.0459753309382068);
#14462=CARTESIAN_POINT('',(0.466139261789462,2.2889697705207,0.0127));
#14463=VECTOR('',#17856,0.042525315385445);
#14464=CARTESIAN_POINT('',(-0.0918448317273936,2.76809075251964,0.0127));
#14465=CARTESIAN_POINT('',(-0.0196856584212282,2.74613582573616,0.0127));
#14466=CARTESIAN_POINT('',(-0.0918448317273936,2.76809075251964,0.0127));
#14467=VECTOR('',#17857,0.0754252285537116);
#14468=CARTESIAN_POINT('',(0.0550211162300138,2.69594538675224,0.0127));
#14469=CARTESIAN_POINT('',(-0.0196856584212282,2.74613582573616,0.0127));
#14470=VECTOR('',#17858,0.0900010130165116);
#14471=CARTESIAN_POINT('',(0.0949220053203036,2.64261464608094,0.0127));
#14472=CARTESIAN_POINT('',(0.0550211162300138,2.69594538675224,0.0127));
#14473=VECTOR('',#17859,0.0666051713521036);
#14474=CARTESIAN_POINT('',(0.118693681185696,2.57359595217804,0.0127));
#14475=CARTESIAN_POINT('',(0.0949220053203036,2.64261464608094,0.0127));
#14476=VECTOR('',#17860,0.0729977580589036);
#14477=CARTESIAN_POINT('',(0.137799946204967,2.3618295235436,0.0127));
#14478=CARTESIAN_POINT('',(0.118693681185696,2.57359595217804,0.0127));
#14479=VECTOR('',#17861,0.212626596782405);
#14480=CARTESIAN_POINT('',(0.126765782731301,2.28967057199184,0.0127));
#14481=CARTESIAN_POINT('',(0.137799946204967,2.3618295235436,0.0127));
#14482=VECTOR('',#17862,0.0729977195029736);
#14483=CARTESIAN_POINT('',(0.0970549015917898,2.23005921805171,0.0127));
#14484=CARTESIAN_POINT('',(0.126765782731301,2.28967057199184,0.0127));
#14485=VECTOR('',#17863,0.0666051798033694);
#14486=CARTESIAN_POINT('',(0.032538134445318,2.16730756736553,0.0127));
#14487=CARTESIAN_POINT('',(0.0970549015917898,2.23005921805171,0.0127));
#14488=VECTOR('',#17864,0.0900010161437088);
#14489=CARTESIAN_POINT('',(-0.034526034996941,2.13279144808066,0.0127));
#14490=CARTESIAN_POINT('',(0.032538134445318,2.16730756736553,0.0127));
#14491=VECTOR('',#17865,0.075425229953023);
#14492=CARTESIAN_POINT('',(-0.120267022800551,2.11082292978258,0.0127));
#14493=CARTESIAN_POINT('',(-0.034526034996941,2.13279144808066,0.0127));
#14494=VECTOR('',#17866,0.088510636568416);
#14495=CARTESIAN_POINT('',(-0.259490465463802,2.09826173200637,0.0127));
#14496=CARTESIAN_POINT('',(-0.120267022800551,2.11082292978258,0.0127));
#14497=VECTOR('',#17867,0.139788950481103);
#14498=CARTESIAN_POINT('',(-0.347778855674832,2.10452874634582,0.0127));
#14499=CARTESIAN_POINT('',(-0.259490465463802,2.09826173200637,0.0127));
#14500=VECTOR('',#17868,0.0885105378740998);
#14501=CARTESIAN_POINT('',(-0.419938128896002,2.12648366785449,0.0127));
#14502=CARTESIAN_POINT('',(-0.347778855674832,2.10452874634582,0.0127));
#14503=VECTOR('',#17869,0.0754253226061778);
#14504=CARTESIAN_POINT('',(-0.494644903993202,2.17667411178023,0.0127));
#14505=CARTESIAN_POINT('',(-0.419938128896002,2.12648366785449,0.0127));
#14506=VECTOR('',#17870,0.0900010161437088);
#14507=CARTESIAN_POINT('',(-0.534545744185266,2.23000486683225,0.0127));
#14508=CARTESIAN_POINT('',(-0.494644903993202,2.17667411178023,0.0127));
#14509=VECTOR('',#17871,0.0666051535727132);
#14510=CARTESIAN_POINT('',(-0.558317466272664,2.29902351669383,0.0127));
#14511=CARTESIAN_POINT('',(-0.534545744185266,2.23000486683225,0.0127));
#14512=VECTOR('',#17872,0.0729977314697772);
#14513=CARTESIAN_POINT('',(-0.57742373129196,2.51078994532752,0.0127));
#14514=CARTESIAN_POINT('',(-0.558317466272664,2.29902351669383,0.0127));
#14515=VECTOR('',#17873,0.212626596782405);
#14516=CARTESIAN_POINT('',(-0.56638952159639,2.58294894092186,0.0127));
#14517=CARTESIAN_POINT('',(-0.57742373129196,2.51078994532752,0.0127));
#14518=VECTOR('',#17874,0.0729977700257072);
#14519=CARTESIAN_POINT('',(-0.536678689354978,2.64256028048228,0.0127));
#14520=CARTESIAN_POINT('',(-0.56638952159639,2.58294894092186,0.0127));
#14521=VECTOR('',#17875,0.066605145121422);
#14522=CARTESIAN_POINT('',(-0.472161921762406,2.70531192622334,0.0127));
#14523=CARTESIAN_POINT('',(-0.536678689354978,2.64256028048228,0.0127));
#14524=VECTOR('',#17876,0.0900010130165116);
#14525=CARTESIAN_POINT('',(-0.40509765240531,2.73982805078506,0.0127));
#14526=CARTESIAN_POINT('',(-0.472161921762406,2.70531192622334,0.0127));
#14527=VECTOR('',#17877,0.0754253212068664);
#14528=CARTESIAN_POINT('',(-0.319356764070564,2.76179655886472,0.0127));
#14529=CARTESIAN_POINT('',(-0.40509765240531,2.73982805078506,0.0127));
#14530=VECTOR('',#17878,0.0885105376753702);
#14531=CARTESIAN_POINT('',(-0.180133321407186,2.77435775664042,0.0127));
#14532=CARTESIAN_POINT('',(-0.319356764070564,2.76179655886472,0.0127));
#14533=VECTOR('',#17879,0.139788950481103);
#14534=CARTESIAN_POINT('',(-0.180133321407186,2.77435775664042,0.0127));
#14535=VECTOR('',#17880,0.0885106363696864);
#14536=CARTESIAN_POINT('',(-0.311714258776484,2.67708999531908,0.0127));
#14537=CARTESIAN_POINT('',(-0.380052279016096,2.6566916313483,0.0127));
#14538=CARTESIAN_POINT('',(-0.311714258776484,2.67708999531908,0.0127));
#14539=VECTOR('',#17881,0.07131744711463);
#14540=CARTESIAN_POINT('',(-0.429713580697612,2.62374565987944,0.0127));
#14541=CARTESIAN_POINT('',(-0.380052279016096,2.6566916313483,0.0127));
#14542=VECTOR('',#17882,0.059595989133793);
#14543=CARTESIAN_POINT('',(-0.460698160253094,2.57825204135962,0.0127));
#14544=CARTESIAN_POINT('',(-0.429713580697612,2.62374565987944,0.0127));
#14545=VECTOR('',#17883,0.0550428332866304);
#14546=CARTESIAN_POINT('',(-0.473006124399372,2.52021084590579,0.0127));
#14547=CARTESIAN_POINT('',(-0.460698160253094,2.57825204135962,0.0127));
#14548=VECTOR('',#17884,0.0593318325277664);
#14549=CARTESIAN_POINT('',(-0.453899859380076,2.30844441727211,0.0127));
#14550=CARTESIAN_POINT('',(-0.473006124399372,2.52021084590579,0.0127));
#14551=VECTOR('',#17885,0.21262659678238);
#14552=CARTESIAN_POINT('',(-0.431401888175194,2.25354352800096,0.0127));
#14553=CARTESIAN_POINT('',(-0.453899859380076,2.30844441727211,0.0127));
#14554=VECTOR('',#17886,0.0593318325277664);
#14555=CARTESIAN_POINT('',(-0.392774799757186,2.21433054342708,0.0127));
#14556=CARTESIAN_POINT('',(-0.431401888175194,2.25354352800096,0.0127));
#14557=VECTOR('',#17887,0.0550428026069102);
#14558=CARTESIAN_POINT('',(-0.33801849365432,2.19080546264752,0.0127));
#14559=CARTESIAN_POINT('',(-0.392774799757186,2.21433054342708,0.0127));
#14560=VECTOR('',#17888,0.059595993856415);
#14561=CARTESIAN_POINT('',(-0.26713297164993,2.18296830543744,0.0127));
#14562=CARTESIAN_POINT('',(-0.33801849365432,2.19080546264752,0.0127));
#14563=VECTOR('',#17889,0.07131744711463);
#14564=CARTESIAN_POINT('',(-0.127909528986653,2.19552950321364,0.0127));
#14565=CARTESIAN_POINT('',(-0.26713297164993,2.18296830543744,0.0127));
#14566=VECTOR('',#17890,0.139788950481103);
#14567=CARTESIAN_POINT('',(-0.059571508747143,2.21592786718442,0.0127));
#14568=CARTESIAN_POINT('',(-0.127909528986653,2.19552950321364,0.0127));
#14569=VECTOR('',#17891,0.07131744711463);
#14570=CARTESIAN_POINT('',(-0.00991020795758102,2.24887384854227,0.0127));
#14571=CARTESIAN_POINT('',(-0.059571508747143,2.21592786718442,0.0127));
#14572=VECTOR('',#17892,0.059595993856415);
#14573=CARTESIAN_POINT('',(0.0210743751661412,2.29436742751175,0.0127));
#14574=CARTESIAN_POINT('',(-0.00991020795758102,2.24887384854227,0.0127));
#14575=VECTOR('',#17893,0.0550428026069102);
#14576=CARTESIAN_POINT('',(0.0333823393123532,2.35240862296532,0.0127));
#14577=CARTESIAN_POINT('',(0.0210743751661412,2.29436742751175,0.0127));
#14578=VECTOR('',#17894,0.0593318325277664);
#14579=CARTESIAN_POINT('',(0.0142760742930775,2.564175051599,0.0127));
#14580=CARTESIAN_POINT('',(0.0333823393123532,2.35240862296532,0.0127));
#14581=VECTOR('',#17895,0.212626596782405);
#14582=CARTESIAN_POINT('',(-0.00822189691185274,2.6190759408699,0.0127));
#14583=CARTESIAN_POINT('',(0.0142760742930775,2.564175051599,0.0127));
#14584=VECTOR('',#17896,0.0593318325277664);
#14585=CARTESIAN_POINT('',(-0.0468489888979232,2.65828896499386,0.0127));
#14586=CARTESIAN_POINT('',(-0.00822189691185274,2.6190759408699,0.0127));
#14587=VECTOR('',#17897,0.0550428332866304);
#14588=CARTESIAN_POINT('',(-0.101605294108919,2.68181403588622,0.0127));
#14589=CARTESIAN_POINT('',(-0.0468489888979232,2.65828896499386,0.0127));
#14590=VECTOR('',#17898,0.059595989133793);
#14591=CARTESIAN_POINT('',(-0.172490816113131,2.68965119309732,0.0127));
#14592=CARTESIAN_POINT('',(-0.101605294108919,2.68181403588622,0.0127));
#14593=VECTOR('',#17899,0.07131744711463);
#14594=CARTESIAN_POINT('',(-0.172490816113131,2.68965119309732,0.0127));
#14595=VECTOR('',#17900,0.139788950481103);
#14596=CARTESIAN_POINT('',(-1.53998702473302,2.33494963784348,0.0127));
#14597=CARTESIAN_POINT('',(-1.44653074645647,2.38246504637178,0.0127));
#14598=CARTESIAN_POINT('',(-1.53998702473302,2.33494963784348,0.0127));
#14599=VECTOR('',#17901,0.10484173785705);
#14600=CARTESIAN_POINT('',(-1.24737708397948,1.99075716303981,0.0127));
#14601=CARTESIAN_POINT('',(-1.44653074645647,2.38246504637178,0.0127));
#14602=VECTOR('',#17902,0.439428318548514);
#14603=CARTESIAN_POINT('',(-1.20610385373006,1.94813342174822,0.0127));
#14604=CARTESIAN_POINT('',(-1.24737708397948,1.99075716303981,0.0127));
#14605=VECTOR('',#17903,0.0593318030815718);
#14606=CARTESIAN_POINT('',(-1.15567876908742,1.92606471208969,0.0127));
#14607=CARTESIAN_POINT('',(-1.20610385373006,1.94813342174822,0.0127));
#14608=VECTOR('',#17904,0.0550428660883174);
#14609=CARTESIAN_POINT('',(-1.09610200380583,1.92455093458589,0.0127));
#14610=CARTESIAN_POINT('',(-1.15567876908742,1.92606471208969,0.0127));
#14611=VECTOR('',#17905,0.059595993856415);
#14612=CARTESIAN_POINT('',(-1.02737356688427,1.94359210693603,0.0127));
#14613=CARTESIAN_POINT('',(-1.09610200380583,1.92455093458589,0.0127));
#14614=VECTOR('',#17906,0.0713173491246558);
#14615=CARTESIAN_POINT('',(-0.965069262530716,1.97526910637362,0.0127));
#14616=CARTESIAN_POINT('',(-1.02737356688427,1.94359210693603,0.0127));
#14617=VECTOR('',#17907,0.0698946252178614);
#14618=CARTESIAN_POINT('',(-0.909189447252978,2.01958175164224,0.0127));
#14619=CARTESIAN_POINT('',(-0.965069262530716,1.97526910637362,0.0127));
#14620=VECTOR('',#17908,0.0713173491246558);
#14621=CARTESIAN_POINT('',(-0.875309934258012,2.06861093767409,0.0127));
#14622=CARTESIAN_POINT('',(-0.909189447252978,2.01958175164224,0.0127));
#14623=VECTOR('',#17909,0.059595993856415);
#14624=CARTESIAN_POINT('',(-0.86343071454736,2.12235664677072,0.0127));
#14625=CARTESIAN_POINT('',(-0.875309934258012,2.06861093767409,0.0127));
#14626=VECTOR('',#17910,0.0550428660883174);
#14627=CARTESIAN_POINT('',(-0.873551970873768,2.18081879715251,0.0127));
#14628=CARTESIAN_POINT('',(-0.86343071454736,2.12235664677072,0.0127));
#14629=VECTOR('',#17911,0.0593318030815718);
#14630=CARTESIAN_POINT('',(-1.07270563335076,2.57252668048372,0.0127));
#14631=CARTESIAN_POINT('',(-0.873551970873768,2.18081879715251,0.0127));
#14632=VECTOR('',#17912,0.439428318548514);
#14633=CARTESIAN_POINT('',(-0.979249355074208,2.6200420890138,0.0127));
#14634=CARTESIAN_POINT('',(-1.07270563335076,2.57252668048372,0.0127));
#14635=VECTOR('',#17913,0.10484173785705);
#14636=CARTESIAN_POINT('',(-0.780095692597214,2.22833420568082,0.0127));
#14637=CARTESIAN_POINT('',(-0.979249355074208,2.6200420890138,0.0127));
#14638=VECTOR('',#17914,0.439428318548514);
#14639=CARTESIAN_POINT('',(-0.763550214575714,2.15723627352543,0.0127));
#14640=CARTESIAN_POINT('',(-0.780095692597214,2.22833420568082,0.0127));
#14641=VECTOR('',#17915,0.0729977314697772);
#14642=CARTESIAN_POINT('',(-0.769005029838274,2.09085486443456,0.0127));
#14643=CARTESIAN_POINT('',(-0.763550214575714,2.15723627352543,0.0127));
#14644=VECTOR('',#17916,0.0666051535727132);
#14645=CARTESIAN_POINT('',(-0.805611910400592,2.00863500536381,0.0127));
#14646=CARTESIAN_POINT('',(-0.769005029838274,2.09085486443456,0.0127));
#14647=VECTOR('',#17917,0.0900009384957564);
#14648=CARTESIAN_POINT('',(-0.855067591422738,1.95168652968898,0.0127));
#14649=CARTESIAN_POINT('',(-0.805611910400592,2.00863500536381,0.0127));
#14650=VECTOR('',#17918,0.075425415259358);
#14651=CARTESIAN_POINT('',(-0.926523393099622,1.8994546787691,0.0127));
#14652=CARTESIAN_POINT('',(-0.855067591422738,1.95168652968898,0.0127));
#14653=VECTOR('',#17919,0.088510439179809);
#14654=CARTESIAN_POINT('',(-0.988827697453172,1.86777767933125,0.0127));
#14655=CARTESIAN_POINT('',(-0.926523393099622,1.8994546787691,0.0127));
#14656=VECTOR('',#17920,0.0698946252178614);
#14657=CARTESIAN_POINT('',(-1.0731321218986,1.84081730354218,0.0127));
#14658=CARTESIAN_POINT('',(-0.988827697453172,1.86777767933125,0.0127));
#14659=VECTOR('',#17921,0.088510439179809);
#14660=CARTESIAN_POINT('',(-1.1482850495833,1.83441178034131,0.0127));
#14661=CARTESIAN_POINT('',(-1.0731321218986,1.84081730354218,0.0127));
#14662=VECTOR('',#17922,0.075425415259358);
#14663=CARTESIAN_POINT('',(-1.23628642122054,1.85327782179356,0.0127));
#14664=CARTESIAN_POINT('',(-1.1482850495833,1.83441178034131,0.0127));
#14665=VECTOR('',#17923,0.0900009384957564);
#14666=CARTESIAN_POINT('',(-1.29313582118445,1.88798227676094,0.0127));
#14667=CARTESIAN_POINT('',(-1.23628642122054,1.85327782179356,0.0127));
#14668=VECTOR('',#17924,0.066605206034051);
#14669=CARTESIAN_POINT('',(-1.34083336225578,1.94324175451151,0.0127));
#14670=CARTESIAN_POINT('',(-1.29313582118445,1.88798227676094,0.0127));
#14671=VECTOR('',#17925,0.0729977075361954);
#14672=CARTESIAN_POINT('',(-1.34083336225578,1.94324175451151,0.0127));
#14673=VECTOR('',#17926,0.439428318548514);
#14674=CARTESIAN_POINT('',(-1.84566821630719,1.55248066763063,0.0127));
#14675=CARTESIAN_POINT('',(-1.71655864935183,1.25001836919397,0.0127));
#14676=CARTESIAN_POINT('',(-1.84566821630719,1.55248066763063,0.0127));
#14677=VECTOR('',#17927,0.328865811927716);
#14678=CARTESIAN_POINT('',(-1.79797350594089,1.15873500643772,0.0127));
#14679=CARTESIAN_POINT('',(-1.71655864935183,1.25001836919397,0.0127));
#14680=VECTOR('',#17928,0.122315294176644);
#14681=CARTESIAN_POINT('',(-1.93661005358241,1.4931080590342,0.0127));
#14682=CARTESIAN_POINT('',(-1.79797350594089,1.15873500643772,0.0127));
#14683=VECTOR('',#17929,0.361974350810582);
#14684=CARTESIAN_POINT('',(-2.00429057931938,1.45981632594749,0.0127));
#14685=CARTESIAN_POINT('',(-1.93661005358241,1.4931080590342,0.0127));
#14686=VECTOR('',#17930,0.0754254138600466);
#14687=CARTESIAN_POINT('',(-2.08149795263991,1.45843549625754,0.0127));
#14688=CARTESIAN_POINT('',(-2.00429057931938,1.45981632594749,0.0127));
#14689=VECTOR('',#17931,0.0772197201864636);
#14690=CARTESIAN_POINT('',(-2.1248650630917,1.47370053311095,0.0127));
#14691=CARTESIAN_POINT('',(-2.08149795263991,1.45843549625754,0.0127));
#14692=VECTOR('',#17932,0.0459752935725716);
#14693=CARTESIAN_POINT('',(-2.16718036563797,1.51144119235338,0.0127));
#14694=CARTESIAN_POINT('',(-2.1248650630917,1.47370053311095,0.0127));
#14695=VECTOR('',#17933,0.056700460224329);
#14696=CARTESIAN_POINT('',(-2.18728616455176,1.55278710471651,0.0127));
#14697=CARTESIAN_POINT('',(-2.16718036563797,1.51144119235338,0.0127));
#14698=VECTOR('',#17934,0.0459752935725716);
#14699=CARTESIAN_POINT('',(-2.19470933705235,1.62964920002808,0.0127));
#14700=CARTESIAN_POINT('',(-2.18728616455176,1.55278710471651,0.0127));
#14701=VECTOR('',#17935,0.0772197201864636);
#14702=CARTESIAN_POINT('',(-2.17992290245358,1.71011672412827,0.0127));
#14703=CARTESIAN_POINT('',(-2.19470933705235,1.62964920002808,0.0127));
#14704=VECTOR('',#17936,0.0818147974572762);
#14705=CARTESIAN_POINT('',(-2.13234830873326,1.78475422034142,0.0127));
#14706=CARTESIAN_POINT('',(-2.17992290245358,1.71011672412827,0.0127));
#14707=VECTOR('',#17937,0.088510438981054);
#14708=CARTESIAN_POINT('',(-1.85321150545401,2.09772592034825,0.0127));
#14709=CARTESIAN_POINT('',(-2.13234830873326,1.78475422034142,0.0127));
#14710=VECTOR('',#17938,0.41936695142825);
#14711=CARTESIAN_POINT('',(-1.35600698948377,1.65427343195731,0.0127));
#14712=CARTESIAN_POINT('',(-1.85321150545401,2.09772592034825,0.0127));
#14713=VECTOR('',#17939,0.666230020459316);
#14714=CARTESIAN_POINT('',(-1.42579119030346,1.5760305069558,0.0127));
#14715=CARTESIAN_POINT('',(-1.35600698948377,1.65427343195731,0.0127));
#14716=VECTOR('',#17940,0.10484173785705);
#14717=CARTESIAN_POINT('',(-1.6479464027196,1.77416885564452,0.0127));
#14718=CARTESIAN_POINT('',(-1.42579119030346,1.5760305069558,0.0127));
#14719=VECTOR('',#17941,0.297677247408348);
#14720=CARTESIAN_POINT('',(-1.6479464027196,1.77416885564452,0.0127));
#14721=VECTOR('',#17942,0.297051457281724);
#14722=CARTESIAN_POINT('',(-1.71141931208544,1.83077980486055,0.0127));
#14723=CARTESIAN_POINT('',(-1.87010161513549,1.972307204333,0.0127));
#14724=CARTESIAN_POINT('',(-1.71141931208544,1.83077980486055,0.0127));
#14725=VECTOR('',#17943,0.212626616637585);
#14726=CARTESIAN_POINT('',(-2.09108487336418,1.7245379915732,0.0127));
#14727=CARTESIAN_POINT('',(-1.87010161513549,1.972307204333,0.0127));
#14728=VECTOR('',#17944,0.331998769890642);
#14729=CARTESIAN_POINT('',(-2.11539815554651,1.67598137086952,0.0127));
#14730=CARTESIAN_POINT('',(-2.09108487336418,1.7245379915732,0.0127));
#14731=VECTOR('',#17945,0.0543036012123162);
#14732=CARTESIAN_POINT('',(-2.11750196373208,1.63103002971802,0.0127));
#14733=CARTESIAN_POINT('',(-2.11539815554651,1.67598137086952,0.0127));
#14734=VECTOR('',#17946,0.0450005453322574);
#14735=CARTESIAN_POINT('',(-2.09739616481828,1.58968411735515,0.0127));
#14736=CARTESIAN_POINT('',(-2.11750196373208,1.63103002971802,0.0127));
#14737=VECTOR('',#17947,0.0459752935725716);
#14738=CARTESIAN_POINT('',(-2.06565968049966,1.56137861631526,0.0127));
#14739=CARTESIAN_POINT('',(-2.09739616481828,1.58968411735515,0.0127));
#14740=VECTOR('',#17948,0.0425253550958304);
#14741=CARTESIAN_POINT('',(-2.02229257004761,1.54611357946186,0.0127));
#14742=CARTESIAN_POINT('',(-2.06565968049966,1.56137861631526,0.0127));
#14743=VECTOR('',#17949,0.0459752935725716);
#14744=CARTESIAN_POINT('',(-1.97787348895149,1.55332428780267,0.0127));
#14745=CARTESIAN_POINT('',(-2.02229257004761,1.54611357946186,0.0127));
#14746=VECTOR('',#17950,0.0450005453322574);
#14747=CARTESIAN_POINT('',(-1.93240257031388,1.58301059210075,0.0127));
#14748=CARTESIAN_POINT('',(-1.97787348895149,1.55332428780267,0.0127));
#14749=VECTOR('',#17951,0.0543036012123162);
#14750=CARTESIAN_POINT('',(-1.93240257031388,1.58301059210075,0.0127));
#14751=VECTOR('',#17952,0.331998769890642);
#14752=CARTESIAN_POINT('',(-2.45883425108341,1.12830391862844,0.0127));
#14753=CARTESIAN_POINT('',(-2.05640166192556,0.522789841086502,0.0127));
#14754=CARTESIAN_POINT('',(-2.45883425108341,1.12830391862844,0.0127));
#14755=VECTOR('',#17953,0.727048338776716);
#14756=CARTESIAN_POINT('',(-2.108796826943,0.374512148307708,0.0127));
#14757=CARTESIAN_POINT('',(-2.05640166192556,0.522789841086502,0.0127));
#14758=VECTOR('',#17954,0.157262606785587);
#14759=CARTESIAN_POINT('',(-2.73696300269754,0.596479929301408,0.0127));
#14760=CARTESIAN_POINT('',(-2.108796826943,0.374512148307708,0.0127));
#14761=VECTOR('',#17955,0.666230020459316);
#14762=CARTESIAN_POINT('',(-2.7020328926849,0.695331724487186,0.0127));
#14763=CARTESIAN_POINT('',(-2.73696300269754,0.596479929301408,0.0127));
#14764=VECTOR('',#17956,0.10484173785705);
#14765=CARTESIAN_POINT('',(-2.16742337961295,0.506422974072016,0.0127));
#14766=CARTESIAN_POINT('',(-2.7020328926849,0.695331724487186,0.0127));
#14767=VECTOR('',#17957,0.567004274632312);
#14768=CARTESIAN_POINT('',(-2.55649072322118,1.10721433012495,0.0127));
#14769=CARTESIAN_POINT('',(-2.16742337961295,0.506422974072016,0.0127));
#14770=VECTOR('',#17958,0.715767875341244);
#14771=CARTESIAN_POINT('',(-2.50409555820451,1.25549202290374,0.0127));
#14772=CARTESIAN_POINT('',(-2.55649072322118,1.10721433012495,0.0127));
#14773=VECTOR('',#17959,0.157262606785587);
#14774=CARTESIAN_POINT('',(-1.87592938244996,1.03352424191004,0.0127));
#14775=CARTESIAN_POINT('',(-2.50409555820451,1.25549202290374,0.0127));
#14776=VECTOR('',#17960,0.666230020459316);
#14777=CARTESIAN_POINT('',(-1.91085949246159,0.934672446724266,0.0127));
#14778=CARTESIAN_POINT('',(-1.87592938244996,1.03352424191004,0.0127));
#14779=VECTOR('',#17961,0.10484173785705);
#14780=CARTESIAN_POINT('',(-1.91085949246159,0.934672446724266,0.0127));
#14781=VECTOR('',#17962,0.581179389688426);
#14782=CARTESIAN_POINT('',(-2.60861125043788,-0.38820280424943,0.0127));
#14783=CARTESIAN_POINT('',(-2.65187732217582,-0.37265347488206,0.0127));
#14784=CARTESIAN_POINT('',(-2.60861125043788,-0.38820280424943,0.0127));
#14785=VECTOR('',#17963,0.0459753695742738);
#14786=CARTESIAN_POINT('',(-2.71087128294306,-0.322827800989792,0.0127));
#14787=CARTESIAN_POINT('',(-2.65187732217582,-0.37265347488206,0.0127));
#14788=VECTOR('',#17964,0.0772197201864636);
#14789=CARTESIAN_POINT('',(-2.75648792623334,-0.254910329468898,0.0127));
#14790=CARTESIAN_POINT('',(-2.71087128294306,-0.322827800989792,0.0127));
#14791=VECTOR('',#17965,0.0818147974572762);
#14792=CARTESIAN_POINT('',(-2.77456638681498,-0.168265842791009,0.0127));
#14793=CARTESIAN_POINT('',(-2.75648792623334,-0.254910329468898,0.0127));
#14794=VECTOR('',#17966,0.088510438981054);
#14795=CARTESIAN_POINT('',(-2.77848400008972,-0.080985739047756,0.0127));
#14796=CARTESIAN_POINT('',(-2.77456638681498,-0.168265842791009,0.0127));
#14797=VECTOR('',#17967,0.0873679815677006);
#14798=CARTESIAN_POINT('',(-2.76745725416764,-0.010525799265512,0.0127));
#14799=CARTESIAN_POINT('',(-2.77848400008972,-0.080985739047756,0.0127));
#14800=VECTOR('',#17968,0.0713175451046296);
#14801=CARTESIAN_POINT('',(-2.74226966094374,0.0605697575820612,0.0127));
#14802=CARTESIAN_POINT('',(-2.76745725416764,-0.010525799265512,0.0127));
#14803=VECTOR('',#17969,0.0754254138600466);
#14804=CARTESIAN_POINT('',(-2.68876035517872,0.132936149023106,0.0127));
#14805=CARTESIAN_POINT('',(-2.74226966094374,0.0605697575820612,0.0127));
#14806=VECTOR('',#17970,0.0900007800728322);
#14807=CARTESIAN_POINT('',(-2.63290049579376,0.152934797847954,0.0127));
#14808=CARTESIAN_POINT('',(-2.68876035517872,0.132936149023106,0.0127));
#14809=VECTOR('',#17971,0.0593318619741134);
#14810=CARTESIAN_POINT('',(-2.57625706690914,0.155477267889877,0.0127));
#14811=CARTESIAN_POINT('',(-2.63290049579376,0.152934797847954,0.0127));
#14812=VECTOR('',#17972,0.056700460224329);
#14813=CARTESIAN_POINT('',(-2.51883014786659,0.140563555587668,0.0127));
#14814=CARTESIAN_POINT('',(-2.57625706690914,0.155477267889877,0.0127));
#14815=VECTOR('',#17973,0.0593318619741134);
#14816=CARTESIAN_POINT('',(-2.45905267520511,0.0732821006692622,0.0127));
#14817=CARTESIAN_POINT('',(-2.51883014786659,0.140563555587668,0.0127));
#14818=VECTOR('',#17974,0.0900007800728322);
#14819=CARTESIAN_POINT('',(-2.42759687921716,0.00472901208300086,0.0127));
#14820=CARTESIAN_POINT('',(-2.45905267520511,0.0732821006692622,0.0127));
#14821=VECTOR('',#17975,0.0754254138600466);
#14822=CARTESIAN_POINT('',(-2.41030193053255,-0.0644596935685948,0.0127));
#14823=CARTESIAN_POINT('',(-2.42759687921716,0.00472901208300086,0.0127));
#14824=VECTOR('',#17976,0.0713175451046296);
#14825=CARTESIAN_POINT('',(-2.40560078742711,-0.169195977875389,0.0127));
#14826=CARTESIAN_POINT('',(-2.41030193053255,-0.0644596935685948,0.0127));
#14827=VECTOR('',#17977,0.10484173785705);
#14828=CARTESIAN_POINT('',(-2.38830585667591,-0.238384283989762,0.0127));
#14829=CARTESIAN_POINT('',(-2.40560078742711,-0.169195977875389,0.0127));
#14830=VECTOR('',#17978,0.0713171531447328);
#14831=CARTESIAN_POINT('',(-2.35763359051663,-0.289481192012582,0.0127));
#14832=CARTESIAN_POINT('',(-2.38830585667591,-0.238384283989762,0.0127));
#14833=VECTOR('',#17979,0.059595989133793);
#14834=CARTESIAN_POINT('',(-2.31358396911389,-0.322486701053248,0.0127));
#14835=CARTESIAN_POINT('',(-2.35763359051663,-0.289481192012582,0.0127));
#14836=VECTOR('',#17980,0.0550430083913094);
#14837=CARTESIAN_POINT('',(-2.27110142720361,-0.320579849857306,0.0127));
#14838=CARTESIAN_POINT('',(-2.31358396911389,-0.322486701053248,0.0127));
#14839=VECTOR('',#17981,0.042525315385445);
#14840=CARTESIAN_POINT('',(-2.23018594495091,-0.283760637534232,0.0127));
#14841=CARTESIAN_POINT('',(-2.27110142720361,-0.320579849857306,0.0127));
#14842=VECTOR('',#17982,0.0550429930515128);
#14843=CARTESIAN_POINT('',(-2.20421481197914,-0.230121260805021,0.0127));
#14844=CARTESIAN_POINT('',(-2.23018594495091,-0.283760637534232,0.0127));
#14845=VECTOR('',#17983,0.059595993856415);
#14846=CARTESIAN_POINT('',(-2.19318804812364,-0.159661720559969,0.0127));
#14847=CARTESIAN_POINT('',(-2.20421481197914,-0.230121260805021,0.0127));
#14848=VECTOR('',#17984,0.0713171531447074);
#14849=CARTESIAN_POINT('',(-2.19945625088617,-0.0200130751261294,0.0127));
#14850=CARTESIAN_POINT('',(-2.19318804812364,-0.159661720559969,0.0127));
#14851=VECTOR('',#17985,0.139789250435723);
#14852=CARTESIAN_POINT('',(-2.21675118163736,0.0491752309882542,0.0127));
#14853=CARTESIAN_POINT('',(-2.19945625088617,-0.0200130751261294,0.0127));
#14854=VECTOR('',#17986,0.0713171531447328);
#14855=CARTESIAN_POINT('',(-2.26158430501792,0.099636521500498,0.0127));
#14856=CARTESIAN_POINT('',(-2.21675118163736,0.0491752309882542,0.0127));
#14857=VECTOR('',#17987,0.0675007466047646);
#14858=CARTESIAN_POINT('',(-2.30485037675663,0.115185850868046,0.0127));
#14859=CARTESIAN_POINT('',(-2.26158430501792,0.099636521500498,0.0127));
#14860=VECTOR('',#17988,0.0459753695742738);
#14861=CARTESIAN_POINT('',(-2.30955151986181,0.21992213517484,0.0127));
#14862=CARTESIAN_POINT('',(-2.30485037675663,0.115185850868046,0.0127));
#14863=VECTOR('',#17989,0.10484173785705);
#14864=CARTESIAN_POINT('',(-2.25212460081977,0.205008422872606,0.0127));
#14865=CARTESIAN_POINT('',(-2.30955151986181,0.21992213517484,0.0127));
#14866=VECTOR('',#17990,0.0593318619741134);
#14867=CARTESIAN_POINT('',(-2.17896977787367,0.155818366713596,0.0127));
#14868=CARTESIAN_POINT('',(-2.25212460081977,0.205008422872606,0.0127));
#14869=VECTOR('',#17991,0.0881549190072846);
#14870=CARTESIAN_POINT('',(-2.13256961896806,0.070445114333264,0.0127));
#14871=CARTESIAN_POINT('',(-2.17896977787367,0.155818366713596,0.0127));
#14872=VECTOR('',#17992,0.0971677259612384);
#14873=CARTESIAN_POINT('',(-2.11449115714842,-0.0161993722890011,0.0127));
#14874=CARTESIAN_POINT('',(-2.13256961896806,0.070445114333264,0.0127));
#14875=VECTOR('',#17993,0.088510439179809);
#14876=CARTESIAN_POINT('',(-2.10822295438564,-0.155848017722848,0.0127));
#14877=CARTESIAN_POINT('',(-2.11449115714842,-0.0161993722890011,0.0127));
#14878=VECTOR('',#17994,0.139789250435723);
#14879=CARTESIAN_POINT('',(-2.11846618965224,-0.243763738587067,0.0127));
#14880=CARTESIAN_POINT('',(-2.10822295438564,-0.155848017722848,0.0127));
#14881=VECTOR('',#17995,0.088510439179809);
#14882=CARTESIAN_POINT('',(-2.14365378659673,-0.314859295601714,0.0127));
#14883=CARTESIAN_POINT('',(-2.11846618965224,-0.243763738587067,0.0127));
#14884=VECTOR('',#17996,0.075425415259358);
#14885=CARTESIAN_POINT('',(-2.19716309732135,-0.387225687265136,0.0127));
#14886=CARTESIAN_POINT('',(-2.14365378659673,-0.314859295601714,0.0127));
#14887=VECTOR('',#17997,0.0900007832000294);
#14888=CARTESIAN_POINT('',(-2.25223943679507,-0.424680517098786,0.0127));
#14889=CARTESIAN_POINT('',(-2.19716309732135,-0.387225687265136,0.0127));
#14890=VECTOR('',#17998,0.0666053109570822);
#14891=CARTESIAN_POINT('',(-2.32304367331205,-0.427858602425356,0.0127));
#14892=CARTESIAN_POINT('',(-2.25223943679507,-0.424680517098786,0.0127));
#14893=VECTOR('',#17999,0.0708755256423914);
#14894=CARTESIAN_POINT('',(-2.38125414201813,-0.395488710450004,0.0127));
#14895=CARTESIAN_POINT('',(-2.32304367331205,-0.427858602425356,0.0127));
#14896=VECTOR('',#18000,0.066605319408348);
#14897=CARTESIAN_POINT('',(-2.44103161467961,-0.328207255531598,0.0127));
#14898=CARTESIAN_POINT('',(-2.38125414201813,-0.395488710450004,0.0127));
#14899=VECTOR('',#18001,0.0900007800728322);
#14900=CARTESIAN_POINT('',(-2.47248741066756,-0.25965416694539,0.0127));
#14901=CARTESIAN_POINT('',(-2.44103161467961,-0.328207255531598,0.0127));
#14902=VECTOR('',#18002,0.0754254138600466);
#14903=CARTESIAN_POINT('',(-2.49056587124742,-0.173009680267349,0.0127));
#14904=CARTESIAN_POINT('',(-2.47248741066756,-0.25965416694539,0.0127));
#14905=VECTOR('',#18003,0.088510438981054);
#14906=CARTESIAN_POINT('',(-2.49526701435287,-0.0682733959605804,0.0127));
#14907=CARTESIAN_POINT('',(-2.49056587124742,-0.173009680267349,0.0127));
#14908=VECTOR('',#18004,0.10484173785705);
#14909=CARTESIAN_POINT('',(-2.5117784332088,-0.016540870872505,0.0127));
#14910=CARTESIAN_POINT('',(-2.49526701435287,-0.0682733959605804,0.0127));
#14911=VECTOR('',#18005,0.0543036012123162);
#14912=CARTESIAN_POINT('',(-2.54245069936834,0.0345560371502208,0.0127));
#14913=CARTESIAN_POINT('',(-2.5117784332088,-0.016540870872505,0.0127));
#14914=VECTOR('',#18006,0.059595989133793);
#14915=CARTESIAN_POINT('',(-2.58571677110628,0.0501053665177686,0.0127));
#14916=CARTESIAN_POINT('',(-2.54245069936834,0.0345560371502208,0.0127));
#14917=VECTOR('',#18007,0.0459753695742738);
#14918=CARTESIAN_POINT('',(-2.61403846571246,0.0488341323871152,0.0127));
#14919=CARTESIAN_POINT('',(-2.58571677110628,0.0501053665177686,0.0127));
#14920=VECTOR('',#18008,0.0283502102569464);
#14921=CARTESIAN_POINT('',(-2.65573751746532,0.0294710988469656,0.0127));
#14922=CARTESIAN_POINT('',(-2.61403846571246,0.0488341323871152,0.0127));
#14923=VECTOR('',#18009,0.0459754063047566);
#14924=CARTESIAN_POINT('',(-2.68170864051916,-0.0241682774370772,0.0127));
#14925=CARTESIAN_POINT('',(-2.65573751746532,0.0294710988469656,0.0127));
#14926=VECTOR('',#18010,0.059595989133793);
#14927=CARTESIAN_POINT('',(-2.69351891627118,-0.0771720366557958,0.0127));
#14928=CARTESIAN_POINT('',(-2.68170864051916,-0.0241682774370772,0.0127));
#14929=VECTOR('',#18011,0.0543036012123162);
#14930=CARTESIAN_POINT('',(-2.6888177731665,-0.181908320962564,0.0127));
#14931=CARTESIAN_POINT('',(-2.69351891627118,-0.0771720366557958,0.0127));
#14932=VECTOR('',#18012,0.10484173785705);
#14933=CARTESIAN_POINT('',(-2.6723063543098,-0.233640846050647,0.0127));
#14934=CARTESIAN_POINT('',(-2.6888177731665,-0.181908320962564,0.0127));
#14935=VECTOR('',#18013,0.0543036012123162);
#14936=CARTESIAN_POINT('',(-2.64241761797868,-0.267281573509952,0.0127));
#14937=CARTESIAN_POINT('',(-2.6723063543098,-0.233640846050647,0.0127));
#14938=VECTOR('',#18014,0.0450003900364288);
#14939=CARTESIAN_POINT('',(-2.61331239354256,-0.283466519942636,0.0127));
#14940=CARTESIAN_POINT('',(-2.64241761797868,-0.267281573509952,0.0127));
#14941=VECTOR('',#18015,0.0333026512529082);
#14942=CARTESIAN_POINT('',(-2.61331239354256,-0.283466519942636,0.0127));
#14943=VECTOR('',#18016,0.10484173785705);
#14944=CARTESIAN_POINT('',(-1.32045036092636,-1.81711724870108,0.0127));
#14945=CARTESIAN_POINT('',(-1.33712582668255,-1.85996190173576,0.0127));
#14946=CARTESIAN_POINT('',(-1.32045036092636,-1.81711724870108,0.0127));
#14947=VECTOR('',#18017,0.0459753787568818);
#14948=CARTESIAN_POINT('',(-1.37623058548837,-1.90101985498723,0.0127));
#14949=CARTESIAN_POINT('',(-1.33712582668255,-1.85996190173576,0.0127));
#14950=VECTOR('',#18018,0.0567004205139182);
#14951=CARTESIAN_POINT('',(-1.42798846818245,-1.93002664170913,0.0127));
#14952=CARTESIAN_POINT('',(-1.37623058548837,-1.90101985498723,0.0127));
#14953=VECTOR('',#18019,0.0593318809487008);
#14954=CARTESIAN_POINT('',(-1.48262296807173,-1.93671802066111,0.0127));
#14955=CARTESIAN_POINT('',(-1.42798846818245,-1.93002664170913,0.0127));
#14956=VECTOR('',#18020,0.0550427391255792);
#14957=CARTESIAN_POINT('',(-1.56544031923985,-1.89699164440638,0.0127));
#14958=CARTESIAN_POINT('',(-1.48262296807173,-1.93671802066111,0.0127));
#14959=VECTOR('',#18021,0.0918525918242432);
#14960=CARTESIAN_POINT('',(-1.54415702677375,-1.97598928131859,0.0127));
#14961=CARTESIAN_POINT('',(-1.56544031923985,-1.89699164440638,0.0127));
#14962=VECTOR('',#18022,0.0818144557880586);
#14963=CARTESIAN_POINT('',(-1.54817937548824,-2.03088510807129,0.0127));
#14964=CARTESIAN_POINT('',(-1.54415702677375,-1.97598928131859,0.0127));
#14965=VECTOR('',#18023,0.0550429930515128);
#14966=CARTESIAN_POINT('',(-1.57463131370364,-2.08399396640251,0.0127));
#14967=CARTESIAN_POINT('',(-1.54817937548824,-2.03088510807129,0.0127));
#14968=VECTOR('',#18024,0.0593317441896398);
#14969=CARTESIAN_POINT('',(-1.59418372049359,-2.10452297178333,0.0127));
#14970=CARTESIAN_POINT('',(-1.57463131370364,-2.08399396640251,0.0127));
#14971=VECTOR('',#18025,0.0283502499673572);
#14972=CARTESIAN_POINT('',(-1.64594129988958,-2.1335300199553,0.0127));
#14973=CARTESIAN_POINT('',(-1.59418372049359,-2.10452297178333,0.0127));
#14974=VECTOR('',#18026,0.0593317441896398);
#14975=CARTESIAN_POINT('',(-1.73565820987019,-2.12638352540605,0.0127));
#14976=CARTESIAN_POINT('',(-1.64594129988958,-2.1335300199553,0.0127));
#14977=VECTOR('',#18027,0.0900010906645148);
#14978=CARTESIAN_POINT('',(-1.80582274044788,-2.09870805423082,0.0127));
#14979=CARTESIAN_POINT('',(-1.73565820987019,-2.12638352540605,0.0127));
#14980=VECTOR('',#18028,0.0754254138600466);
#14981=CARTESIAN_POINT('',(-1.90416983269971,-2.02461510367635,0.0127));
#14982=CARTESIAN_POINT('',(-1.80582274044788,-2.09870805423082,0.0127));
#14983=VECTOR('',#18029,0.123133731675148);
#14984=CARTESIAN_POINT('',(-1.92947605308945,-2.00051274186212,0.0127));
#14985=CARTESIAN_POINT('',(-1.90416983269971,-2.02461510367635,0.0127));
#14986=VECTOR('',#18030,0.034947512578673);
#14987=CARTESIAN_POINT('',(-2.00827076593837,-1.90589081468192,0.0127));
#14988=CARTESIAN_POINT('',(-1.92947605308945,-2.00051274186212,0.0127));
#14989=VECTOR('',#18031,0.123133731675148);
#14990=CARTESIAN_POINT('',(-2.0393305377105,-1.83715739025521,0.0127));
#14991=CARTESIAN_POINT('',(-2.00827076593837,-1.90589081468192,0.0127));
#14992=VECTOR('',#18032,0.0754254138600466);
#14993=CARTESIAN_POINT('',(-2.05083793007972,-1.74789498920278,0.0127));
#14994=CARTESIAN_POINT('',(-2.0393305377105,-1.83715739025521,0.0127));
#14995=VECTOR('',#18033,0.0900010906645148);
#14996=CARTESIAN_POINT('',(-2.02438599186432,-1.69478613087156,0.0127));
#14997=CARTESIAN_POINT('',(-2.05083793007972,-1.74789498920278,0.0127));
#14998=VECTOR('',#18034,0.0593317441896398);
#14999=CARTESIAN_POINT('',(-1.96112102009911,-1.75504148375202,0.0127));
#15000=CARTESIAN_POINT('',(-2.02438599186432,-1.69478613087156,0.0127));
#15001=VECTOR('',#18035,0.0873679815677006);
#15002=CARTESIAN_POINT('',(-1.96514365841806,-1.80993703467749,0.0127));
#15003=CARTESIAN_POINT('',(-1.96112102009911,-1.75504148375202,0.0127));
#15004=VECTOR('',#18036,0.0550427391255792);
#15005=CARTESIAN_POINT('',(-1.94673699684105,-1.86661927819721,0.0127));
#15006=CARTESIAN_POINT('',(-1.96514365841806,-1.80993703467749,0.0127));
#15007=VECTOR('',#18037,0.059595989133793);
#15008=CARTESIAN_POINT('',(-1.89324792517273,-1.93713939521816,0.0127));
#15009=CARTESIAN_POINT('',(-1.94673699684105,-1.86661927819721,0.0127));
#15010=VECTOR('',#18038,0.0885108337583188);
#15011=CARTESIAN_POINT('',(-1.84263606360239,-1.98534356719139,0.0127));
#15012=CARTESIAN_POINT('',(-1.89324792517273,-1.93713939521816,0.0127));
#15013=VECTOR('',#18039,0.0698942252783768);
#15014=CARTESIAN_POINT('',(-1.76959461253115,-2.0353347075866,0.0127));
#15015=CARTESIAN_POINT('',(-1.84263606360239,-1.98534356719139,0.0127));
#15016=VECTOR('',#18040,0.0885108337583188);
#15017=CARTESIAN_POINT('',(-1.71208319214833,-2.05095899785485,0.0127));
#15018=CARTESIAN_POINT('',(-1.76959461253115,-2.0353347075866,0.0127));
#15019=VECTOR('',#18041,0.059595989133793);
#15020=CARTESIAN_POINT('',(-1.6574486922588,-2.04426761890286,0.0127));
#15021=CARTESIAN_POINT('',(-1.71208319214833,-2.05095899785485,0.0127));
#15022=VECTOR('',#18042,0.0550427391255792);
#15023=CARTESIAN_POINT('',(-1.63789628546885,-2.02373861352204,0.0127));
#15024=CARTESIAN_POINT('',(-1.6574486922588,-2.04426761890286,0.0127));
#15025=VECTOR('',#18043,0.0283502499673572);
#15026=CARTESIAN_POINT('',(-1.62409745744832,-1.95857857428358,0.0127));
#15027=CARTESIAN_POINT('',(-1.63789628546885,-2.02373861352204,0.0127));
#15028=VECTOR('',#18044,0.0666050926601858);
#15029=CARTESIAN_POINT('',(-1.62985129843516,-1.91394723584362,0.0127));
#15030=CARTESIAN_POINT('',(-1.62409745744832,-1.95857857428358,0.0127));
#15031=VECTOR('',#18045,0.0450007006284416);
#15032=CARTESIAN_POINT('',(-1.68621700099232,-1.82111172543017,0.0127));
#15033=CARTESIAN_POINT('',(-1.62985129843516,-1.91394723584362,0.0127));
#15034=VECTOR('',#18046,0.108607202424607);
#15035=CARTESIAN_POINT('',(-1.73682886256291,-1.77290755345669,0.0127));
#15036=CARTESIAN_POINT('',(-1.68621700099232,-1.82111172543017,0.0127));
#15037=VECTOR('',#18047,0.0698942252783768);
#15038=CARTESIAN_POINT('',(-1.69772410375709,-1.73184960020523,0.0127));
#15039=CARTESIAN_POINT('',(-1.73682886256291,-1.77290755345669,0.0127));
#15040=VECTOR('',#18048,0.0567004205139182);
#15041=CARTESIAN_POINT('',(-1.64711224218676,-1.78005377217871,0.0127));
#15042=CARTESIAN_POINT('',(-1.69772410375709,-1.73184960020523,0.0127));
#15043=VECTOR('',#18049,0.0698942252783768);
#15044=CARTESIAN_POINT('',(-1.56141797052535,-1.84209581765342,0.0127));
#15045=CARTESIAN_POINT('',(-1.64711224218676,-1.78005377217871,0.0127));
#15046=VECTOR('',#18050,0.105795669109331);
#15047=CARTESIAN_POINT('',(-1.50390655014253,-1.85772010792142,0.0127));
#15048=CARTESIAN_POINT('',(-1.56141797052535,-1.84209581765342,0.0127));
#15049=VECTOR('',#18051,0.059595989133793);
#15050=CARTESIAN_POINT('',(-1.43949555725357,-1.84076450210676,0.0127));
#15051=CARTESIAN_POINT('',(-1.50390655014253,-1.85772010792142,0.0127));
#15052=VECTOR('',#18052,0.066605319408348);
#15053=CARTESIAN_POINT('',(-1.40039079844775,-1.79970654885504,0.0127));
#15054=CARTESIAN_POINT('',(-1.43949555725357,-1.84076450210676,0.0127));
#15055=VECTOR('',#18053,0.0567004205139182);
#15056=CARTESIAN_POINT('',(-1.39349152923997,-1.76712639132232,0.0127));
#15057=CARTESIAN_POINT('',(-1.40039079844775,-1.79970654885504,0.0127));
#15058=VECTOR('',#18054,0.0333026512529082);
#15059=CARTESIAN_POINT('',(-1.39924507377553,-1.72249532152088,0.0127));
#15060=CARTESIAN_POINT('',(-1.39349152923997,-1.76712639132232,0.0127));
#15061=VECTOR('',#18055,0.0450003962907978);
#15062=CARTESIAN_POINT('',(-1.41477510446369,-1.68812847139391,0.0127));
#15063=CARTESIAN_POINT('',(-1.39924507377553,-1.72249532152088,0.0127));
#15064=VECTOR('',#18056,0.0377128922364726);
#15065=CARTESIAN_POINT('',(-1.46826388652757,-1.61760863020045,0.0127));
#15066=CARTESIAN_POINT('',(-1.41477510446369,-1.68812847139391,0.0127));
#15067=VECTOR('',#18057,0.088510438981054);
#15068=CARTESIAN_POINT('',(-1.54418196848765,-1.54530209641274,0.0127));
#15069=CARTESIAN_POINT('',(-1.46826388652757,-1.61760863020045,0.0127));
#15070=VECTOR('',#18058,0.10484173785705);
#15071=CARTESIAN_POINT('',(-1.61722312995418,-1.49531123184501,0.0127));
#15072=CARTESIAN_POINT('',(-1.54418196848765,-1.54530209641274,0.0127));
#15073=VECTOR('',#18059,0.088510438981054);
#15074=CARTESIAN_POINT('',(-1.65230554004525,-1.48147335834352,0.0127));
#15075=CARTESIAN_POINT('',(-1.61722312995418,-1.49531123184501,0.0127));
#15076=VECTOR('',#18060,0.0377128922364726);
#15077=CARTESIAN_POINT('',(-1.69716385708003,-1.47790025617148,0.0127));
#15078=CARTESIAN_POINT('',(-1.65230554004525,-1.48147335834352,0.0127));
#15079=VECTOR('',#18061,0.0450003962907978);
#15080=CARTESIAN_POINT('',(-1.72936934667781,-1.48637805188997,0.0127));
#15081=CARTESIAN_POINT('',(-1.69716385708003,-1.47790025617148,0.0127));
#15082=VECTOR('',#18062,0.0333026512529082);
#15083=CARTESIAN_POINT('',(-1.79263431844301,-1.4261226990095,0.0127));
#15084=CARTESIAN_POINT('',(-1.72936934667781,-1.48637805188997,0.0127));
#15085=VECTOR('',#18063,0.0873679815677006);
#15086=CARTESIAN_POINT('',(-1.75065263229708,-1.40738040778931,0.0127));
#15087=CARTESIAN_POINT('',(-1.79263431844301,-1.4261226990095,0.0127));
#15088=VECTOR('',#18064,0.0459753787568818);
#15089=CARTESIAN_POINT('',(-1.6960181324078,-1.40068902883732,0.0127));
#15090=CARTESIAN_POINT('',(-1.75065263229708,-1.40738040778931,0.0127));
#15091=VECTOR('',#18065,0.0550427391255792);
#15092=CARTESIAN_POINT('',(-1.63850670860131,-1.41631331551096,0.0127));
#15093=CARTESIAN_POINT('',(-1.6960181324078,-1.40068902883732,0.0127));
#15094=VECTOR('',#18066,0.059595991495104);
#15095=CARTESIAN_POINT('',(-1.56834217545619,-1.44398878399024,0.0127));
#15096=CARTESIAN_POINT('',(-1.63850670860131,-1.41631331551096,0.0127));
#15097=VECTOR('',#18067,0.075425415259358);
#15098=CARTESIAN_POINT('',(-1.50795412332855,-1.48192846675233,0.0127));
#15099=CARTESIAN_POINT('',(-1.56834217545619,-1.44398878399024,0.0127));
#15100=VECTOR('',#18068,0.0713171533913668);
#15101=CARTESIAN_POINT('',(-1.40672982097872,-1.57833736235427,0.0127));
#15102=CARTESIAN_POINT('',(-1.50795412332855,-1.48192846675233,0.0127));
#15103=VECTOR('',#18069,0.139789250435723);
#15104=CARTESIAN_POINT('',(-1.3658941499657,-1.63680602353914,0.0127));
#15105=CARTESIAN_POINT('',(-1.40672982097872,-1.57833736235427,0.0127));
#15106=VECTOR('',#18070,0.0713171533913668);
#15107=CARTESIAN_POINT('',(-1.33483438076126,-1.7055394506618,0.0127));
#15108=CARTESIAN_POINT('',(-1.3658941499657,-1.63680602353914,0.0127));
#15109=VECTOR('',#18071,0.075425415259358);
#15110=CARTESIAN_POINT('',(-1.31642772260741,-1.76222169777562,0.0127));
#15111=CARTESIAN_POINT('',(-1.33483438076126,-1.7055394506618,0.0127));
#15112=VECTOR('',#18072,0.059595991495104);
#15113=CARTESIAN_POINT('',(-1.31642772260741,-1.76222169777562,0.0127));
#15114=VECTOR('',#18073,0.0550427391255792);
#15115=CARTESIAN_POINT('',(-0.587347994349414,-2.16806975578019,0.0127));
#15116=CARTESIAN_POINT('',(-0.587684262778222,-2.21404405678009,0.0127));
#15117=CARTESIAN_POINT('',(-0.587347994349414,-2.16806975578019,0.0127));
#15118=VECTOR('',#18074,0.0459755307624452);
#15119=CARTESIAN_POINT('',(-0.609617695859452,-2.2663304049001,0.0127));
#15120=CARTESIAN_POINT('',(-0.587684262778222,-2.21404405678009,0.0127));
#15121=VECTOR('',#18075,0.0567004205139182);
#15122=CARTESIAN_POINT('',(-0.647664946843792,-2.31185724057447,0.0127));
#15123=CARTESIAN_POINT('',(-0.609617695859452,-2.2663304049001,0.0127));
#15124=VECTOR('',#18076,0.0593319987356128);
#15125=CARTESIAN_POINT('',(-0.696341166880794,-2.33755355898869,0.0127));
#15126=CARTESIAN_POINT('',(-0.647664946843792,-2.31185724057447,0.0127));
#15127=VECTOR('',#18077,0.0550424852013982);
#15128=CARTESIAN_POINT('',(-0.787874721705114,-2.32990000752468,0.0127));
#15129=CARTESIAN_POINT('',(-0.696341166880794,-2.33755355898869,0.0127));
#15130=VECTOR('',#18078,0.091852972237173);
#15131=CARTESIAN_POINT('',(-0.739871768454672,-2.39615196338347,0.0127));
#15132=CARTESIAN_POINT('',(-0.787874721705114,-2.32990000752468,0.0127));
#15133=VECTOR('',#18079,0.0818144557880586);
#15134=CARTESIAN_POINT('',(-0.724094960430246,-2.44888547656647,0.0127));
#15135=CARTESIAN_POINT('',(-0.739871768454672,-2.39615196338347,0.0127));
#15136=VECTOR('',#18080,0.0550429930515128);
#15137=CARTESIAN_POINT('',(-0.729915320898468,-2.5079310460245,0.0127));
#15138=CARTESIAN_POINT('',(-0.724094960430246,-2.44888547656647,0.0127));
#15139=VECTOR('',#18081,0.0593317441896398);
#15140=CARTESIAN_POINT('',(-0.740882052800114,-2.53407425670343,0.0127));
#15141=CARTESIAN_POINT('',(-0.729915320898468,-2.5079310460245,0.0127));
#15142=VECTOR('',#18082,0.0283502499673572);
#15143=CARTESIAN_POINT('',(-0.778928558494606,-2.5796013834844,0.0127));
#15144=CARTESIAN_POINT('',(-0.740882052800114,-2.53407425670343,0.0127));
#15145=VECTOR('',#18083,0.0593317441896398);
#15146=CARTESIAN_POINT('',(-0.865315019637264,-2.60485053683664,0.0127));
#15147=CARTESIAN_POINT('',(-0.778928558494606,-2.5796013834844,0.0127));
#15148=VECTOR('',#18084,0.0900007800728322);
#15149=CARTESIAN_POINT('',(-0.940735501848576,-2.60395620671014,0.0127));
#15150=CARTESIAN_POINT('',(-0.865315019637264,-2.60485053683664,0.0127));
#15151=VECTOR('',#18085,0.0754257844729706);
#15152=CARTESIAN_POINT('',(-1.05901184362892,-2.56971262554034,0.0127));
#15153=CARTESIAN_POINT('',(-0.940735501848576,-2.60395620671014,0.0127));
#15154=VECTOR('',#18086,0.123133731675148);
#15155=CARTESIAN_POINT('',(-1.09123872646408,-2.55619387344658,0.0127));
#15156=CARTESIAN_POINT('',(-1.05901184362892,-2.56971262554034,0.0127));
#15157=VECTOR('',#18087,0.034947512578673);
#15158=CARTESIAN_POINT('',(-1.19854835170368,-2.49580711821779,0.0127));
#15159=CARTESIAN_POINT('',(-1.09123872646408,-2.55619387344658,0.0127));
#15160=VECTOR('',#18088,0.123133731675148);
#15161=CARTESIAN_POINT('',(-1.25203503202932,-2.4426265946804,0.0127));
#15162=CARTESIAN_POINT('',(-1.19854835170368,-2.49580711821779,0.0127));
#15163=VECTOR('',#18089,0.0754254138600466);
#15164=CARTESIAN_POINT('',(-1.29455462700952,-2.36330305179161,0.0127));
#15165=CARTESIAN_POINT('',(-1.25203503202932,-2.4426265946804,0.0127));
#15166=VECTOR('',#18090,0.0900007800728322);
#15167=CARTESIAN_POINT('',(-1.288734635346,-2.30425732762497,0.0127));
#15168=CARTESIAN_POINT('',(-1.29455462700952,-2.36330305179161,0.0127));
#15169=VECTOR('',#18091,0.0593318619741134);
#15170=CARTESIAN_POINT('',(-1.20816816586661,-2.33805389844038,0.0127));
#15171=CARTESIAN_POINT('',(-1.288734635346,-2.30425732762497,0.0127));
#15172=VECTOR('',#18092,0.0873679815677006);
#15173=CARTESIAN_POINT('',(-1.19239135784244,-2.39078741162339,0.0127));
#15174=CARTESIAN_POINT('',(-1.20816816586661,-2.33805389844038,0.0127));
#15175=VECTOR('',#18093,0.0550429930515128);
#15176=CARTESIAN_POINT('',(-1.1550181189345,-2.43720855911441,0.0127));
#15177=CARTESIAN_POINT('',(-1.19239135784244,-2.39078741162339,0.0127));
#15178=VECTOR('',#18094,0.059595989133793);
#15179=CARTESIAN_POINT('',(-1.07993500772561,-2.48407671695982,0.0127));
#15180=CARTESIAN_POINT('',(-1.1550181189345,-2.43720855911441,0.0127));
#15181=VECTOR('',#18095,0.088510438981054);
#15182=CARTESIAN_POINT('',(-1.01548197966419,-2.5111139117286,0.0127));
#15183=CARTESIAN_POINT('',(-1.07993500772561,-2.48407671695982,0.0127));
#15184=VECTOR('',#18096,0.0698942252783768);
#15185=CARTESIAN_POINT('',(-0.92943178311011,-2.53183905022262,0.0127));
#15186=CARTESIAN_POINT('',(-1.01548197966419,-2.5111139117286,0.0127));
#15187=VECTOR('',#18097,0.0885108337583188);
#15188=CARTESIAN_POINT('',(-0.870125111120948,-2.52597384959363,0.0127));
#15189=CARTESIAN_POINT('',(-0.92943178311011,-2.53183905022262,0.0127));
#15190=VECTOR('',#18098,0.059595989133793);
#15191=CARTESIAN_POINT('',(-0.821448153474804,-2.50027784059662,0.0127));
#15192=CARTESIAN_POINT('',(-0.870125111120948,-2.52597384959363,0.0127));
#15193=VECTOR('',#18099,0.0550429930515128);
#15194=CARTESIAN_POINT('',(-0.810481421572904,-2.47413462991769,0.0127));
#15195=CARTESIAN_POINT('',(-0.821448153474804,-2.50027784059662,0.0127));
#15196=VECTOR('',#18100,0.0283502499673572);
#15197=CARTESIAN_POINT('',(-0.820774871327086,-2.40832952970469,0.0127));
#15198=CARTESIAN_POINT('',(-0.810481421572904,-2.47413462991769,0.0127));
#15199=VECTOR('',#18101,0.0666053025058164);
#15200=CARTESIAN_POINT('',(-0.842035037621756,-2.36866760355169,0.0127));
#15201=CARTESIAN_POINT('',(-0.820774871327086,-2.40832952970469,0.0127));
#15202=VECTOR('',#18102,0.0450007006284416);
#15203=CARTESIAN_POINT('',(-0.927748231977854,-2.30196848262965,0.0127));
#15204=CARTESIAN_POINT('',(-0.842035037621756,-2.36866760355169,0.0127));
#15205=VECTOR('',#18103,0.108607202424607);
#15206=CARTESIAN_POINT('',(-0.992201260039536,-2.27493128786086,0.0127));
#15207=CARTESIAN_POINT('',(-0.927748231977854,-2.30196848262965,0.0127));
#15208=VECTOR('',#18104,0.0698942252783768);
#15209=CARTESIAN_POINT('',(-0.970267826958306,-2.22264493974085,0.0127));
#15210=CARTESIAN_POINT('',(-0.992201260039536,-2.27493128786086,0.0127));
#15211=VECTOR('',#18105,0.0567004205139182);
#15212=CARTESIAN_POINT('',(-0.905814798896624,-2.24968213450964,0.0127));
#15213=CARTESIAN_POINT('',(-0.970267826958306,-2.22264493974085,0.0127));
#15214=VECTOR('',#18106,0.0698942252783768);
#15215=CARTESIAN_POINT('',(-0.80365152972954,-2.27716649434167,0.0127));
#15216=CARTESIAN_POINT('',(-0.905814798896624,-2.24968213450964,0.0127));
#15217=VECTOR('',#18107,0.105795669109331);
#15218=CARTESIAN_POINT('',(-0.744344857740378,-2.27130129371243,0.0127));
#15219=CARTESIAN_POINT('',(-0.80365152972954,-2.27716649434167,0.0127));
#15220=VECTOR('',#18108,0.059595989133793);
#15221=CARTESIAN_POINT('',(-0.690184534143284,-2.23253367937609,0.0127));
#15222=CARTESIAN_POINT('',(-0.744344857740378,-2.27130129371243,0.0127));
#15223=VECTOR('',#18109,0.066605319408348);
#15224=CARTESIAN_POINT('',(-0.668251101062054,-2.18024733125608,0.0127));
#15225=CARTESIAN_POINT('',(-0.690184534143284,-2.23253367937609,0.0127));
#15226=VECTOR('',#18110,0.0567004205139182);
#15227=CARTESIAN_POINT('',(-0.673397457134574,-2.14734493585831,0.0127));
#15228=CARTESIAN_POINT('',(-0.668251101062054,-2.18024733125608,0.0127));
#15229=VECTOR('',#18111,0.0333024414081412);
#15230=CARTESIAN_POINT('',(-0.694657619589018,-2.10768300055038,0.0127));
#15231=CARTESIAN_POINT('',(-0.673397457134574,-2.14734493585831,0.0127));
#15232=VECTOR('',#18112,0.0450007068827852);
#15233=CARTESIAN_POINT('',(-0.721401144153932,-2.08109266142738,0.0127));
#15234=CARTESIAN_POINT('',(-0.694657619589018,-2.10768300055038,0.0127));
#15235=VECTOR('',#18113,0.0377128922364726);
#15236=CARTESIAN_POINT('',(-0.721401144153932,-2.08109266142738,0.0127));
#15237=VECTOR('',#18114,0.08851004420384);
#15238=CARTESIAN_POINT('',(-0.97921399400904,-1.97294357293478,0.0127));
#15239=CARTESIAN_POINT('',(-0.893164166259662,-1.99366855672019,0.0127));
#15240=VECTOR('',#18115,0.088510438981054);
#15241=CARTESIAN_POINT('',(-1.01692386631025,-1.97249656258039,0.0127));
#15242=CARTESIAN_POINT('',(-0.97921399400904,-1.97294357293478,0.0127));
#15243=VECTOR('',#18116,0.0377125216237264);
#15244=CARTESIAN_POINT('',(-1.06011746952638,-1.98512099370207,0.0127));
#15245=CARTESIAN_POINT('',(-1.01692386631025,-1.97249656258039,0.0127));
#15246=VECTOR('',#18117,0.0450007068827852);
#15247=CARTESIAN_POINT('',(-1.08719725868013,-2.00450494642405,0.0127));
#15248=CARTESIAN_POINT('',(-1.06011746952638,-1.98512099370207,0.0127));
#15249=VECTOR('',#18118,0.0333024414081412);
#15250=CARTESIAN_POINT('',(-1.16776409696396,-1.97070822090003,0.0127));
#15251=CARTESIAN_POINT('',(-1.08719725868013,-2.00450494642405,0.0127));
#15252=VECTOR('',#18119,0.0873683815072106);
#15253=CARTESIAN_POINT('',(-1.13520057689504,-1.93825282670173,0.0127));
#15254=CARTESIAN_POINT('',(-1.16776409696396,-1.97070822090003,0.0127));
#15255=VECTOR('',#18120,0.0459753787568818);
#15256=CARTESIAN_POINT('',(-1.08652398805334,-1.91255666299637,0.0127));
#15257=CARTESIAN_POINT('',(-1.13520057689504,-1.93825282670173,0.0127));
#15258=VECTOR('',#18121,0.0550427391255792);
#15259=CARTESIAN_POINT('',(-1.02721731414419,-1.9066914577898,0.0127));
#15260=CARTESIAN_POINT('',(-1.08652398805334,-1.91255666299637,0.0127));
#15261=VECTOR('',#18122,0.059595991495104);
#15262=CARTESIAN_POINT('',(-0.9517971992974,-1.90758562977437,0.0127));
#15263=CARTESIAN_POINT('',(-1.02721731414419,-1.9066914577898,0.0127));
#15264=VECTOR('',#18123,0.075425415259358);
#15265=CARTESIAN_POINT('',(-0.881860443680716,-1.92155139107749,0.0127));
#15266=CARTESIAN_POINT('',(-0.9517971992974,-1.90758562977437,0.0127));
#15267=VECTOR('',#18124,0.0713175453512636);
#15268=CARTESIAN_POINT('',(-0.752954018753162,-1.97562593532392,0.0127));
#15269=CARTESIAN_POINT('',(-0.881860443680716,-1.92155139107749,0.0127));
#15270=VECTOR('',#18125,0.139788850496238);
#15271=CARTESIAN_POINT('',(-0.693984349442038,-2.01573471826698,0.0127));
#15272=CARTESIAN_POINT('',(-0.752954018753162,-1.97562593532392,0.0127));
#15273=VECTOR('',#18126,0.0713171533913668);
#15274=CARTESIAN_POINT('',(-0.640497301752136,-2.06891539994629,0.0127));
#15275=CARTESIAN_POINT('',(-0.693984349442038,-2.01573471826698,0.0127));
#15276=VECTOR('',#18127,0.0754257858722566);
#15277=CARTESIAN_POINT('',(-0.603124064764444,-2.1153365520144,0.0127));
#15278=CARTESIAN_POINT('',(-0.640497301752136,-2.06891539994629,0.0127));
#15279=VECTOR('',#18128,0.059595991495104);
#15280=CARTESIAN_POINT('',(-0.603124064764444,-2.1153365520144,0.0127));
#15281=VECTOR('',#18129,0.0550424852013982);
#15282=CARTESIAN_POINT('',(-0.29088646947812,-2.43077141474768,0.0127));
#15283=CARTESIAN_POINT('',(-0.359324056015932,-2.3859394850015,0.0127));
#15284=CARTESIAN_POINT('',(-0.29088646947812,-2.43077141474768,0.0127));
#15285=VECTOR('',#18130,0.0818144557880586);
#15286=CARTESIAN_POINT('',(-0.391889168300614,-2.31393819996499,0.0127));
#15287=CARTESIAN_POINT('',(-0.359324056015932,-2.3859394850015,0.0127));
#15288=VECTOR('',#18131,0.0790232344631464);
#15289=CARTESIAN_POINT('',(-0.390471385409744,-2.27143652540615,0.0127));
#15290=CARTESIAN_POINT('',(-0.391889168300614,-2.31393819996499,0.0127));
#15291=VECTOR('',#18132,0.042525315385445);
#15292=CARTESIAN_POINT('',(-0.35318032916244,-2.20176553214695,0.0127));
#15293=CARTESIAN_POINT('',(-0.390471385409744,-2.27143652540615,0.0127));
#15294=VECTOR('',#18133,0.079023225559151);
#15295=CARTESIAN_POINT('',(-0.299370819175884,-2.16101155068454,0.0127));
#15296=CARTESIAN_POINT('',(-0.35318032916244,-2.20176553214695,0.0127));
#15297=VECTOR('',#18134,0.0675007434775928);
#15298=CARTESIAN_POINT('',(-0.210633224799307,-2.12142271138993,0.0127));
#15299=CARTESIAN_POINT('',(-0.299370819175884,-2.16101155068454,0.0127));
#15300=VECTOR('',#18135,0.0971680855654214);
#15301=CARTESIAN_POINT('',(-0.12284161853362,-2.11016829761407,0.0127));
#15302=CARTESIAN_POINT('',(-0.210633224799307,-2.12142271138993,0.0127));
#15303=VECTOR('',#18136,0.088510044402595);
#15304=CARTESIAN_POINT('',(-0.0180581646733597,-2.11366369372893,0.0127));
#15305=CARTESIAN_POINT('',(-0.12284161853362,-2.11016829761407,0.0127));
#15306=VECTOR('',#18137,0.10484173785705);
#15307=CARTESIAN_POINT('',(0.0687890523499666,-2.13074375880724,0.0127));
#15308=CARTESIAN_POINT('',(-0.0180581646733597,-2.11366369372893,0.0127));
#15309=VECTOR('',#18138,0.0885108339570484);
#15310=CARTESIAN_POINT('',(0.15469108069662,-2.17615827607175,0.0127));
#15311=CARTESIAN_POINT('',(0.0687890523499666,-2.13074375880724,0.0127));
#15312=VECTOR('',#18139,0.0971680855654214);
#15313=CARTESIAN_POINT('',(0.205665024570398,-2.22040765364901,0.0127));
#15314=CARTESIAN_POINT('',(0.15469108069662,-2.17615827607175,0.0127));
#15315=VECTOR('',#18140,0.0675007434775928);
#15316=CARTESIAN_POINT('',(0.238229337751827,-2.29240890209581,0.0127));
#15317=CARTESIAN_POINT('',(0.205665024570398,-2.22040765364901,0.0127));
#15318=VECTOR('',#18141,0.0790228718210726);
#15319=CARTESIAN_POINT('',(0.236811554860932,-2.33491057665465,0.0127));
#15320=CARTESIAN_POINT('',(0.238229337751827,-2.29240890209581,0.0127));
#15321=VECTOR('',#18142,0.042525315385445);
#15322=CARTESIAN_POINT('',(0.199521297716957,-2.40458160650357,0.0127));
#15323=CARTESIAN_POINT('',(0.236811554860932,-2.33491057665465,0.0127));
#15324=VECTOR('',#18143,0.0790228807251188);
#15325=CARTESIAN_POINT('',(0.128247345963037,-2.44475299920736,0.0127));
#15326=CARTESIAN_POINT('',(0.199521297716957,-2.40458160650357,0.0127));
#15327=VECTOR('',#18144,0.0818151391270526);
#15328=CARTESIAN_POINT('',(0.0928474666688558,-2.4577551098005,0.0127));
#15329=CARTESIAN_POINT('',(0.128247345963037,-2.44475299920736,0.0127));
#15330=VECTOR('',#18145,0.0377121510115644);
#15331=CARTESIAN_POINT('',(0.127302157369116,-2.47308744891325,0.0127));
#15332=CARTESIAN_POINT('',(0.0928474666688558,-2.4577551098005,0.0127));
#15333=VECTOR('',#18146,0.0377121510115644);
#15334=CARTESIAN_POINT('',(0.178276101408374,-2.51733682152965,0.0127));
#15335=CARTESIAN_POINT('',(0.127302157369116,-2.47308744891325,0.0127));
#15336=VECTOR('',#18147,0.0675007403503956);
#15337=CARTESIAN_POINT('',(0.211313808652056,-2.57517086186794,0.0127));
#15338=CARTESIAN_POINT('',(0.178276101408374,-2.51733682152965,0.0127));
#15339=VECTOR('',#18148,0.0666053025058164);
#15340=CARTESIAN_POINT('',(0.20989602576116,-2.61767253642754,0.0127));
#15341=CARTESIAN_POINT('',(0.211313808652056,-2.57517086186794,0.0127));
#15342=VECTOR('',#18149,0.042525315385445);
#15343=CARTESIAN_POINT('',(0.172604968520919,-2.6873435594525,0.0127));
#15344=CARTESIAN_POINT('',(0.20989602576116,-2.61767253642754,0.0127));
#15345=VECTOR('',#18150,0.079023252271188);
#15346=CARTESIAN_POINT('',(0.118795458699895,-2.72809753595556,0.0127));
#15347=CARTESIAN_POINT('',(0.172604968520919,-2.6873435594525,0.0127));
#15348=VECTOR('',#18151,0.0675007403503956);
#15349=CARTESIAN_POINT('',(0.0300586638816884,-2.767686398195,0.0127));
#15350=CARTESIAN_POINT('',(0.118795458699895,-2.72809753595556,0.0127));
#15351=VECTOR('',#18152,0.0971673647280518);
#15352=CARTESIAN_POINT('',(-0.0577337417769388,-2.77894078406312,0.0127));
#15353=CARTESIAN_POINT('',(0.0300586638816884,-2.767686398195,0.0127));
#15354=VECTOR('',#18153,0.0885108337583188);
#15355=CARTESIAN_POINT('',(-0.127589111205672,-2.77661052887604,0.0127));
#15356=CARTESIAN_POINT('',(-0.0577337417769388,-2.77894078406312,0.0127));
#15357=VECTOR('',#18154,0.0698942252783768);
#15358=CARTESIAN_POINT('',(-0.214436328270377,-2.75953046503776,0.0127));
#15359=CARTESIAN_POINT('',(-0.127589111205672,-2.77661052887604,0.0127));
#15360=VECTOR('',#18155,0.0885108337583188);
#15361=CARTESIAN_POINT('',(-0.300338356741186,-2.71411595149562,0.0127));
#15362=CARTESIAN_POINT('',(-0.214436328270377,-2.75953046503776,0.0127));
#15363=VECTOR('',#18156,0.0971680839361384);
#15364=CARTESIAN_POINT('',(-0.351312300780394,-2.66986657887948,0.0127));
#15365=CARTESIAN_POINT('',(-0.300338356741186,-2.71411595149562,0.0127));
#15366=VECTOR('',#18157,0.0675007403503956);
#15367=CARTESIAN_POINT('',(-0.383876612968886,-2.5978653006649,0.0127));
#15368=CARTESIAN_POINT('',(-0.351312300780394,-2.66986657887948,0.0127));
#15369=VECTOR('',#18158,0.0790228985332366);
#15370=CARTESIAN_POINT('',(-0.382458830078016,-2.55536362610784,0.0127));
#15371=CARTESIAN_POINT('',(-0.383876612968886,-2.5978653006649,0.0127));
#15372=VECTOR('',#18159,0.042525315385445);
#15373=CARTESIAN_POINT('',(-0.345641167893066,-2.4998598409551,0.0127));
#15374=CARTESIAN_POINT('',(-0.382458830078016,-2.55536362610784,0.0127));
#15375=VECTOR('',#18160,0.0666048828162824);
#15376=CARTESIAN_POINT('',(-0.291831658071864,-2.45910586445357,0.0127));
#15377=CARTESIAN_POINT('',(-0.345641167893066,-2.4998598409551,0.0127));
#15378=VECTOR('',#18161,0.0675007403503956);
#15379=CARTESIAN_POINT('',(-0.256430979343518,-2.44610378052815,0.0127));
#15380=CARTESIAN_POINT('',(-0.291831658071864,-2.45910586445357,0.0127));
#15381=VECTOR('',#18162,0.0377128922364726);
#15382=CARTESIAN_POINT('',(-0.256430979343518,-2.44610378052815,0.0127));
#15383=VECTOR('',#18163,0.0377128922364726);
#15384=CARTESIAN_POINT('',(-0.178068911576501,-2.19342395859645,0.0127));
#15385=CARTESIAN_POINT('',(-0.248869469599156,-2.21942815311475,0.0127));
#15386=CARTESIAN_POINT('',(-0.178068911576501,-2.19342395859645,0.0127));
#15387=VECTOR('',#18164,0.0754250432474274);
#15388=CARTESIAN_POINT('',(-0.303151574048192,-2.27434936439123,0.0127));
#15389=CARTESIAN_POINT('',(-0.248869469599156,-2.21942815311475,0.0127));
#15390=VECTOR('',#18165,0.0772197274760604);
#15391=CARTESIAN_POINT('',(-0.304569356939062,-2.31685103895007,0.0127));
#15392=CARTESIAN_POINT('',(-0.303151574048192,-2.27434936439123,0.0127));
#15393=VECTOR('',#18166,0.042525315385445);
#15394=CARTESIAN_POINT('',(-0.25406800785865,-2.37526765626342,0.0127));
#15395=CARTESIAN_POINT('',(-0.304569356939062,-2.31685103895007,0.0127));
#15396=VECTOR('',#18167,0.0772197347656318);
#15397=CARTESIAN_POINT('',(-0.185157827023839,-2.40593236115664,0.0127));
#15398=CARTESIAN_POINT('',(-0.25406800785865,-2.37526765626342,0.0127));
#15399=VECTOR('',#18168,0.0754250432474274);
#15400=CARTESIAN_POINT('',(-0.115774252457763,-2.42242986786489,0.0127));
#15401=CARTESIAN_POINT('',(-0.185157827023839,-2.40593236115664,0.0127));
#15402=VECTOR('',#18169,0.0713179370646026);
#15403=CARTESIAN_POINT('',(-0.0459188830290048,-2.42476012305222,0.0127));
#15404=CARTESIAN_POINT('',(-0.115774252457763,-2.42242986786489,0.0127));
#15405=VECTOR('',#18170,0.0698942252783768);
#15406=CARTESIAN_POINT('',(0.0244090806966864,-2.41292315338661,0.0127));
#15407=CARTESIAN_POINT('',(-0.0459188830290048,-2.42476012305222,0.0127));
#15408=VECTOR('',#18171,0.0713171531447328);
#15409=CARTESIAN_POINT('',(0.0952104381536476,-2.38691898553577,0.0127));
#15410=CARTESIAN_POINT('',(0.0244090806966864,-2.41292315338661,0.0127));
#15411=VECTOR('',#18172,0.0754257844729452);
#15412=CARTESIAN_POINT('',(0.149492542933595,-2.33199776433728,0.0127));
#15413=CARTESIAN_POINT('',(0.0952104381536476,-2.38691898553577,0.0127));
#15414=VECTOR('',#18173,0.0772197347656318);
#15415=CARTESIAN_POINT('',(0.150910325824465,-2.28949608977844,0.0127));
#15416=CARTESIAN_POINT('',(0.149492542933595,-2.33199776433728,0.0127));
#15417=VECTOR('',#18174,0.042525315385445);
#15418=CARTESIAN_POINT('',(0.100408976413167,-2.2310794823871,0.0127));
#15419=CARTESIAN_POINT('',(0.150910325824465,-2.28949608977844,0.0127));
#15420=VECTOR('',#18175,0.077219727476035);
#15421=CARTESIAN_POINT('',(0.0314979961440392,-2.20041475082616,0.0127));
#15422=CARTESIAN_POINT('',(0.100408976413167,-2.2310794823871,0.0127));
#15423=VECTOR('',#18176,0.0754257844729452);
#15424=CARTESIAN_POINT('',(-0.0378847789877454,-2.18391727078588,0.0127));
#15425=CARTESIAN_POINT('',(0.0314979961440392,-2.20041475082616,0.0127));
#15426=VECTOR('',#18177,0.0713171531447328);
#15427=CARTESIAN_POINT('',(-0.107740148416478,-2.18158701559855,0.0127));
#15428=CARTESIAN_POINT('',(-0.0378847789877454,-2.18391727078588,0.0127));
#15429=VECTOR('',#18178,0.0698942252783768);
#15430=CARTESIAN_POINT('',(-0.107740148416478,-2.18158701559855,0.0127));
#15431=VECTOR('',#18179,0.0713179370646026);
#15432=CARTESIAN_POINT('',(0.0149571934335569,-2.69626769013354,0.0127));
#15433=CARTESIAN_POINT('',(0.086231145187479,-2.65609629743102,0.0127));
#15434=CARTESIAN_POINT('',(0.0149571934335569,-2.69626769013354,0.0127));
#15435=VECTOR('',#18180,0.0818151391270526);
#15436=CARTESIAN_POINT('',(0.122576214399507,-2.61475969744246,0.0127));
#15437=CARTESIAN_POINT('',(0.086231145187479,-2.65609629743102,0.0127));
#15438=VECTOR('',#18181,0.0550425158812962);
#15439=CARTESIAN_POINT('',(0.123521402993428,-2.58642524773606,0.0127));
#15440=CARTESIAN_POINT('',(0.122576214399507,-2.61475969744246,0.0127));
#15441=VECTOR('',#18182,0.0283502102569464);
#15442=CARTESIAN_POINT('',(0.0900119008870904,-2.54275845891792,0.0127));
#15443=CARTESIAN_POINT('',(0.123521402993428,-2.58642524773606,0.0127));
#15444=VECTOR('',#18183,0.0550424852013982);
#15445=CARTESIAN_POINT('',(0.0215735149149286,-2.49792650250429,0.0127));
#15446=CARTESIAN_POINT('',(0.0900119008870904,-2.54275845891792,0.0127));
#15447=VECTOR('',#18184,0.0818151391270526);
#15448=CARTESIAN_POINT('',(-0.0478092602168484,-2.48142902246401,0.0127));
#15449=CARTESIAN_POINT('',(0.0215735149149286,-2.49792650250429,0.0127));
#15450=VECTOR('',#18185,0.0713171531447328);
#15451=CARTESIAN_POINT('',(-0.117664629645581,-2.47909876727667,0.0127));
#15452=CARTESIAN_POINT('',(-0.0478092602168484,-2.48142902246401,0.0127));
#15453=VECTOR('',#18186,0.0698942252783768);
#15454=CARTESIAN_POINT('',(-0.187993392805604,-2.49093571027432,0.0127));
#15455=CARTESIAN_POINT('',(-0.117664629645581,-2.47909876727667,0.0127));
#15456=VECTOR('',#18187,0.0713179370646026);
#15457=CARTESIAN_POINT('',(-0.259266545125258,-2.53110712964582,0.0127));
#15458=CARTESIAN_POINT('',(-0.187993392805604,-2.49093571027432,0.0127));
#15459=VECTOR('',#18188,0.0818144557880586);
#15460=CARTESIAN_POINT('',(-0.295612412447602,-2.57244366327612,0.0127));
#15461=CARTESIAN_POINT('',(-0.259266545125258,-2.53110712964582,0.0127));
#15462=VECTOR('',#18189,0.0550429930515128);
#15463=CARTESIAN_POINT('',(-0.2965576010416,-2.60077811298252,0.0127));
#15464=CARTESIAN_POINT('',(-0.295612412447602,-2.57244366327612,0.0127));
#15465=VECTOR('',#18190,0.0283502102569464);
#15466=CARTESIAN_POINT('',(-0.263047300824844,-2.64444496815816,0.0127));
#15467=CARTESIAN_POINT('',(-0.2965576010416,-2.60077811298252,0.0127));
#15468=VECTOR('',#18191,0.055043023731106);
#15469=CARTESIAN_POINT('',(-0.194609714286981,-2.68927689790484,0.0127));
#15470=CARTESIAN_POINT('',(-0.263047300824844,-2.64444496815816,0.0127));
#15471=VECTOR('',#18192,0.0818144557880586);
#15472=CARTESIAN_POINT('',(-0.12522613972088,-2.70577440461258,0.0127));
#15473=CARTESIAN_POINT('',(-0.194609714286981,-2.68927689790484,0.0127));
#15474=VECTOR('',#18193,0.0713179370646026);
#15475=CARTESIAN_POINT('',(-0.055370770292147,-2.70810465979966,0.0127));
#15476=CARTESIAN_POINT('',(-0.12522613972088,-2.70577440461258,0.0127));
#15477=VECTOR('',#18194,0.0698942252783768);
#15478=CARTESIAN_POINT('',(-0.055370770292147,-2.70810465979966,0.0127));
#15479=VECTOR('',#18195,0.0713171531447328);
#15480=CARTESIAN_POINT('',(1.02019645687453,-2.27362129783899,0.0127));
#15481=CARTESIAN_POINT('',(0.951357344629486,-2.34219733879712,0.0127));
#15482=CARTESIAN_POINT('',(1.02019645687453,-2.27362129783899,0.0127));
#15483=VECTOR('',#18196,0.0971673647280518);
#15484=CARTESIAN_POINT('',(0.873317375564194,-2.38395773775241,0.0127));
#15485=CARTESIAN_POINT('',(0.951357344629486,-2.34219733879712,0.0127));
#15486=VECTOR('',#18197,0.0885108337583188);
#15487=CARTESIAN_POINT('',(0.790677356383806,-2.41231018591938,0.0127));
#15488=CARTESIAN_POINT('',(0.873317375564194,-2.38395773775241,0.0127));
#15489=VECTOR('',#18198,0.0873683815072106);
#15490=CARTESIAN_POINT('',(0.703438043678122,-2.42725442372427,0.0127));
#15491=CARTESIAN_POINT('',(0.790677356383806,-2.41231018591938,0.0127));
#15492=VECTOR('',#18199,0.08851004420384);
#15493=CARTESIAN_POINT('',(0.585870122836786,-2.40764545454198,0.0127));
#15494=CARTESIAN_POINT('',(0.703438043678122,-2.42725442372427,0.0127));
#15495=VECTOR('',#18200,0.119191978267586);
#15496=CARTESIAN_POINT('',(0.595070223066978,-2.4344613561186,0.0127));
#15497=CARTESIAN_POINT('',(0.585870122836786,-2.40764545454198,0.0127));
#15498=VECTOR('',#18201,0.0283502102569464);
#15499=CARTESIAN_POINT('',(0.639198224958372,-2.50923867504424,0.0127));
#15500=CARTESIAN_POINT('',(0.595070223066978,-2.4344613561186,0.0127));
#15501=VECTOR('',#18202,0.086827000274405);
#15502=CARTESIAN_POINT('',(0.669526089390914,-2.54379217916696,0.0127));
#15503=CARTESIAN_POINT('',(0.639198224958372,-2.50923867504424,0.0127));
#15504=VECTOR('',#18203,0.0459752543022412);
#15505=CARTESIAN_POINT('',(0.716382398726368,-2.57267500034964,0.0127));
#15506=CARTESIAN_POINT('',(0.669526089390914,-2.54379217916696,0.0127));
#15507=VECTOR('',#18204,0.0550429930515128);
#15508=CARTESIAN_POINT('',(0.775166359147036,-2.5824794849418,0.0127));
#15509=CARTESIAN_POINT('',(0.716382398726368,-2.57267500034964,0.0127));
#15510=VECTOR('',#18205,0.059595989133793);
#15511=CARTESIAN_POINT('',(0.829350269452608,-2.57887601874514,0.0127));
#15512=CARTESIAN_POINT('',(0.775166359147036,-2.5824794849418,0.0127));
#15513=VECTOR('',#18206,0.0543036012123162);
#15514=CARTESIAN_POINT('',(0.928517989833052,-2.54485318477418,0.0127));
#15515=CARTESIAN_POINT('',(0.829350269452608,-2.57887601874514,0.0127));
#15516=VECTOR('',#18207,0.10484173785705);
#15517=CARTESIAN_POINT('',(0.973501799908178,-2.51443381699937,0.0127));
#15518=CARTESIAN_POINT('',(0.928517989833052,-2.54485318477418,0.0127));
#15519=VECTOR('',#18208,0.0543036012123162);
#15520=CARTESIAN_POINT('',(1.01388555986821,-2.47060649843752,0.0127));
#15521=CARTESIAN_POINT('',(0.973501799908178,-2.51443381699937,0.0127));
#15522=VECTOR('',#18209,0.059595989133793);
#15523=CARTESIAN_POINT('',(1.03314156851258,-2.41904161489109,0.0127));
#15524=CARTESIAN_POINT('',(1.01388555986821,-2.47060649843752,0.0127));
#15525=VECTOR('',#18210,0.0550429930515128);
#15526=CARTESIAN_POINT('',(1.11578083110342,-2.39068942629789,0.0127));
#15527=CARTESIAN_POINT('',(1.03314156851258,-2.41904161489109,0.0127));
#15528=VECTOR('',#18211,0.087367581628216);
#15529=CARTESIAN_POINT('',(1.11305328024865,-2.43658366446656,0.0127));
#15530=CARTESIAN_POINT('',(1.11578083110342,-2.39068942629789,0.0127));
#15531=VECTOR('',#18212,0.0459752175716314);
#15532=CARTESIAN_POINT('',(1.08186962051907,-2.50722688460529,0.0127));
#15533=CARTESIAN_POINT('',(1.11305328024865,-2.43658366446656,0.0127));
#15534=VECTOR('',#18213,0.0772197201864636);
#15535=CARTESIAN_POINT('',(1.01302975168448,-2.5758031851372,0.0127));
#15536=CARTESIAN_POINT('',(1.08186962051907,-2.50722688460529,0.0127));
#15537=VECTOR('',#18214,0.0971680839361384);
#15538=CARTESIAN_POINT('',(0.93499053920873,-2.61756332451744,0.0127));
#15539=CARTESIAN_POINT('',(1.01302975168448,-2.5758031851372,0.0127));
#15540=VECTOR('',#18215,0.08851004420384);
#15541=CARTESIAN_POINT('',(0.868878221228652,-2.64024538688246,0.0127));
#15542=CARTESIAN_POINT('',(0.93499053920873,-2.61756332451744,0.0127));
#15543=VECTOR('',#18216,0.069895025157346);
#15544=CARTESIAN_POINT('',(0.781638908522714,-2.6551896246876,0.0127));
#15545=CARTESIAN_POINT('',(0.868878221228652,-2.64024538688246,0.0127));
#15546=VECTOR('',#18217,0.08851004420384);
#15547=CARTESIAN_POINT('',(0.685198738996784,-2.64331822048786,0.0127));
#15548=CARTESIAN_POINT('',(0.781638908522714,-2.6551896246876,0.0127));
#15549=VECTOR('',#18218,0.0971680839361384);
#15550=CARTESIAN_POINT('',(0.617214678345924,-2.6066978343206,0.0127));
#15551=CARTESIAN_POINT('',(0.685198738996784,-2.64331822048786,0.0127));
#15552=VECTOR('',#18219,0.0772197201864636);
#15553=CARTESIAN_POINT('',(0.56115825589308,-2.55099907399876,0.0127));
#15554=CARTESIAN_POINT('',(0.617214678345924,-2.6066978343206,0.0127));
#15555=VECTOR('',#18220,0.079023252271188);
#15556=CARTESIAN_POINT('',(0.51243020388659,-2.46281380428532,0.0127));
#15557=CARTESIAN_POINT('',(0.56115825589308,-2.55099907399876,0.0127));
#15558=VECTOR('',#18221,0.100752493005863);
#15559=CARTESIAN_POINT('',(0.48022985308041,-2.36895814876739,0.0127));
#15560=CARTESIAN_POINT('',(0.51243020388659,-2.46281380428532,0.0127));
#15561=VECTOR('',#18222,0.0992257358993632);
#15562=CARTESIAN_POINT('',(0.464557197031068,-2.26943208866472,0.0127));
#15563=CARTESIAN_POINT('',(0.48022985308041,-2.36895814876739,0.0127));
#15564=VECTOR('',#18223,0.100752512560206);
#15565=CARTESIAN_POINT('',(0.47461310222351,-2.19105129415154,0.0127));
#15566=CARTESIAN_POINT('',(0.464557197031068,-2.26943208866472,0.0127));
#15567=VECTOR('',#18224,0.079023225559151);
#15568=CARTESIAN_POINT('',(0.505796760342226,-2.12040806931762,0.0127));
#15569=CARTESIAN_POINT('',(0.47461310222351,-2.19105129415154,0.0127));
#15570=VECTOR('',#18225,0.077219723831262);
#15571=CARTESIAN_POINT('',(0.574636627969048,-2.05183176526451,0.0127));
#15572=CARTESIAN_POINT('',(0.505796760342226,-2.12040806931762,0.0127));
#15573=VECTOR('',#18226,0.0971680855654214);
#15574=CARTESIAN_POINT('',(0.652675840041696,-2.01007162470926,0.0127));
#15575=CARTESIAN_POINT('',(0.574636627969048,-2.05183176526451,0.0127));
#15576=VECTOR('',#18227,0.088510044402595);
#15577=CARTESIAN_POINT('',(0.735315859222084,-1.98171917654229,0.0127));
#15578=CARTESIAN_POINT('',(0.652675840041696,-2.01007162470926,0.0127));
#15579=VECTOR('',#18228,0.0873683815072106);
#15580=CARTESIAN_POINT('',(0.822555928920412,-1.96677468033762,0.0127));
#15581=CARTESIAN_POINT('',(0.735315859222084,-1.98171917654229,0.0127));
#15582=VECTOR('',#18229,0.0885108339570484);
#15583=CARTESIAN_POINT('',(0.91899534306482,-1.97864634763056,0.0127));
#15584=CARTESIAN_POINT('',(0.822555928920412,-1.96677468033762,0.0127));
#15585=VECTOR('',#18230,0.0971673663573602);
#15586=CARTESIAN_POINT('',(0.986979405326548,-2.01526673849351,0.0127));
#15587=CARTESIAN_POINT('',(0.91899534306482,-1.97864634763056,0.0127));
#15588=VECTOR('',#18231,0.077219723831262);
#15589=CARTESIAN_POINT('',(1.04303581811418,-2.07096547064371,0.0127));
#15590=CARTESIAN_POINT('',(0.986979405326548,-2.01526673849351,0.0127));
#15591=VECTOR('',#18232,0.079023225559151);
#15592=CARTESIAN_POINT('',(1.06603607513364,-2.13800524336577,0.0127));
#15593=CARTESIAN_POINT('',(1.04303581811418,-2.07096547064371,0.0127));
#15594=VECTOR('',#18233,0.0708755454975968);
#15595=CARTESIAN_POINT('',(1.05598016671947,-2.21638602848883,0.0127));
#15596=CARTESIAN_POINT('',(1.06603607513364,-2.13800524336577,0.0127));
#15597=VECTOR('',#18234,0.0790232166551302);
#15598=CARTESIAN_POINT('',(1.05598016671947,-2.21638602848883,0.0127));
#15599=VECTOR('',#18235,0.0675007403503956);
#15600=CARTESIAN_POINT('',(0.978795999394688,-2.15294972196367,0.0127));
#15601=CARTESIAN_POINT('',(0.964995849049146,-2.11272586959899,0.0127));
#15602=CARTESIAN_POINT('',(0.978795999394688,-2.15294972196367,0.0127));
#15603=VECTOR('',#18236,0.042525315385445);
#15604=CARTESIAN_POINT('',(0.934667997503294,-2.07817240303804,0.0127));
#15605=CARTESIAN_POINT('',(0.964995849049146,-2.11272586959899,0.0127));
#15606=VECTOR('',#18237,0.0459752175716314);
#15607=CARTESIAN_POINT('',(0.887811684946104,-2.04928957246422,0.0127));
#15608=CARTESIAN_POINT('',(0.934667997503294,-2.07817240303804,0.0127));
#15609=VECTOR('',#18238,0.0550430007213984);
#15610=CARTESIAN_POINT('',(0.829027724525436,-2.03948508787308,0.0127));
#15611=CARTESIAN_POINT('',(0.887811684946104,-2.04928957246422,0.0127));
#15612=VECTOR('',#18239,0.059595989133793);
#15613=CARTESIAN_POINT('',(0.774843814219864,-2.04308855407024,0.0127));
#15614=CARTESIAN_POINT('',(0.829027724525436,-2.03948508787308,0.0127));
#15615=VECTOR('',#18240,0.0543036012123162);
#15616=CARTESIAN_POINT('',(0.65914839263911,-2.08278177384494,0.0127));
#15617=CARTESIAN_POINT('',(0.774843814219864,-2.04308855407024,0.0127));
#15618=VECTOR('',#18241,0.122315094206889);
#15619=CARTESIAN_POINT('',(0.614164582563984,-2.11320114161873,0.0127));
#15620=CARTESIAN_POINT('',(0.65914839263911,-2.08278177384494,0.0127));
#15621=VECTOR('',#18242,0.0543036012123162);
#15622=CARTESIAN_POINT('',(0.573780822604208,-2.15702846018058,0.0127));
#15623=CARTESIAN_POINT('',(0.614164582563984,-2.11320114161873,0.0127));
#15624=VECTOR('',#18243,0.059595989133793);
#15625=CARTESIAN_POINT('',(0.55452481718132,-2.20859335311739,0.0127));
#15626=CARTESIAN_POINT('',(0.573780822604208,-2.15702846018058,0.0127));
#15627=VECTOR('',#18244,0.0550430007213984);
#15628=CARTESIAN_POINT('',(0.551797266326552,-2.25448759128606,0.0127));
#15629=CARTESIAN_POINT('',(0.55452481718132,-2.20859335311739,0.0127));
#15630=VECTOR('',#18245,0.0459752175716314);
#15631=CARTESIAN_POINT('',(0.565597416672094,-2.29471144365099,0.0127));
#15632=CARTESIAN_POINT('',(0.551797266326552,-2.25448759128606,0.0127));
#15633=VECTOR('',#18246,0.042525315385445);
#15634=CARTESIAN_POINT('',(0.595925274661164,-2.3292649289927,0.0127));
#15635=CARTESIAN_POINT('',(0.565597416672094,-2.29471144365099,0.0127));
#15636=VECTOR('',#18247,0.045975235936949);
#15637=CARTESIAN_POINT('',(0.638181533881776,-2.34473979938758,0.0127));
#15638=CARTESIAN_POINT('',(0.595925274661164,-2.3292649289927,0.0127));
#15639=VECTOR('',#18248,0.0450007006284416);
#15640=CARTESIAN_POINT('',(0.69696549430219,-2.35454428397898,0.0127));
#15641=CARTESIAN_POINT('',(0.638181533881776,-2.34473979938758,0.0127));
#15642=VECTOR('',#18249,0.059595989133793);
#15643=CARTESIAN_POINT('',(0.751149404607762,-2.35094081778181,0.0127));
#15644=CARTESIAN_POINT('',(0.69696549430219,-2.35454428397898,0.0127));
#15645=VECTOR('',#18250,0.0543036012123162);
#15646=CARTESIAN_POINT('',(0.866844826188516,-2.31124759800686,0.0127));
#15647=CARTESIAN_POINT('',(0.751149404607762,-2.35094081778181,0.0127));
#15648=VECTOR('',#18251,0.122315094206889);
#15649=CARTESIAN_POINT('',(0.911828636263642,-2.28082823023332,0.0127));
#15650=CARTESIAN_POINT('',(0.866844826188516,-2.31124759800686,0.0127));
#15651=VECTOR('',#18252,0.0543036012123162);
#15652=CARTESIAN_POINT('',(0.952212396223672,-2.23700091167122,0.0127));
#15653=CARTESIAN_POINT('',(0.911828636263642,-2.28082823023332,0.0127));
#15654=VECTOR('',#18253,0.059595989133793);
#15655=CARTESIAN_POINT('',(0.976068454983392,-2.1988439789131,0.0127));
#15656=CARTESIAN_POINT('',(0.952212396223672,-2.23700091167122,0.0127));
#15657=VECTOR('',#18254,0.0450007006284416);
#15658=CARTESIAN_POINT('',(0.976068454983392,-2.1988439789131,0.0127));
#15659=VECTOR('',#18255,0.045975235936949);
#15660=CARTESIAN_POINT('',(0.673456612375928,2.61121574381156,0.0));
#15661=VECTOR('',#18256,0.0127);
#15662=CARTESIAN_POINT('',(0.991158228736728,2.51483680749413,0.0));
#15663=VECTOR('',#18257,0.0127);
#15664=CARTESIAN_POINT('',(0.933547946879798,2.32493141566813,0.0));
#15665=VECTOR('',#18258,0.0127);
#15666=CARTESIAN_POINT('',(0.615846330518998,2.42131035198455,0.0));
#15667=VECTOR('',#18259,0.0127);
#15668=CARTESIAN_POINT('',(0.569797934200684,2.45009274766551,0.0));
#15669=VECTOR('',#18260,0.0127);
#15670=CARTESIAN_POINT('',(0.5445856797876,2.48736724046436,0.0));
#15671=VECTOR('',#18261,0.0127);
#15672=CARTESIAN_POINT('',(0.540209615119122,2.53313381586829,0.0));
#15673=VECTOR('',#18262,0.0127);
#15674=CARTESIAN_POINT('',(0.548439653737752,2.56026315212792,0.0));
#15675=VECTOR('',#18263,0.0127);
#15676=CARTESIAN_POINT('',(0.577505845789148,2.59588462350866,0.0));
#15677=VECTOR('',#18264,0.0127);
#15678=CARTESIAN_POINT('',(0.619178177438984,2.61286880323086,0.0));
#15679=VECTOR('',#18265,0.0127);
#15680=CARTESIAN_POINT('',(0.453794203861644,2.24827576612934,0.0));
#15681=VECTOR('',#18266,0.0127);
#15682=CARTESIAN_POINT('',(0.466139261789462,2.2889697705207,0.0));
#15683=VECTOR('',#18267,0.0127);
#15684=CARTESIAN_POINT('',(0.495205448076836,2.32459122289944,0.0));
#15685=VECTOR('',#18268,0.0127);
#15686=CARTESIAN_POINT('',(0.536877779726926,2.34157540262215,0.0));
#15687=VECTOR('',#18269,0.0127);
#15688=CARTESIAN_POINT('',(0.591156214663616,2.33992234320209,0.0));
#15689=VECTOR('',#18270,0.0127);
#15690=CARTESIAN_POINT('',(0.908857831024416,2.24354340688567,0.0));
#15691=VECTOR('',#18271,0.0127);
#15692=CARTESIAN_POINT('',(0.847132532740436,2.04007335642907,0.0));
#15693=VECTOR('',#18272,0.0127);
#15694=CARTESIAN_POINT('',(0.529430916379382,2.13645229274549,0.0));
#15695=VECTOR('',#18273,0.0127);
#15696=CARTESIAN_POINT('',(0.483382520061068,2.16523468842671,0.0));
#15697=VECTOR('',#18274,0.0127);
#15698=CARTESIAN_POINT('',(0.458170268530122,2.20250919072541,0.0));
#15699=VECTOR('',#18275,0.0127);
#15700=CARTESIAN_POINT('',(-0.0918448317273936,2.76809075251964,0.0));
#15701=VECTOR('',#18276,0.0127);
#15702=CARTESIAN_POINT('',(-0.180133321407186,2.77435775664042,0.0));
#15703=VECTOR('',#18277,0.0127);
#15704=CARTESIAN_POINT('',(-0.319356764070564,2.76179655886472,0.0));
#15705=VECTOR('',#18278,0.0127);
#15706=CARTESIAN_POINT('',(-0.40509765240531,2.73982805078506,0.0));
#15707=VECTOR('',#18279,0.0127);
#15708=CARTESIAN_POINT('',(-0.472161921762406,2.70531192622334,0.0));
#15709=VECTOR('',#18280,0.0127);
#15710=CARTESIAN_POINT('',(-0.536678689354978,2.64256028048228,0.0));
#15711=VECTOR('',#18281,0.0127);
#15712=CARTESIAN_POINT('',(-0.56638952159639,2.58294894092186,0.0));
#15713=VECTOR('',#18282,0.0127);
#15714=CARTESIAN_POINT('',(-0.57742373129196,2.51078994532752,0.0));
#15715=VECTOR('',#18283,0.0127);
#15716=CARTESIAN_POINT('',(-0.558317466272664,2.29902351669383,0.0));
#15717=VECTOR('',#18284,0.0127);
#15718=CARTESIAN_POINT('',(-0.534545744185266,2.23000486683225,0.0));
#15719=VECTOR('',#18285,0.0127);
#15720=CARTESIAN_POINT('',(-0.494644903993202,2.17667411178023,0.0));
#15721=VECTOR('',#18286,0.0127);
#15722=CARTESIAN_POINT('',(-0.419938128896002,2.12648366785449,0.0));
#15723=VECTOR('',#18287,0.0127);
#15724=CARTESIAN_POINT('',(-0.347778855674832,2.10452874634582,0.0));
#15725=VECTOR('',#18288,0.0127);
#15726=CARTESIAN_POINT('',(-0.259490465463802,2.09826173200637,0.0));
#15727=VECTOR('',#18289,0.0127);
#15728=CARTESIAN_POINT('',(-0.120267022800551,2.11082292978258,0.0));
#15729=VECTOR('',#18290,0.0127);
#15730=CARTESIAN_POINT('',(-0.034526034996941,2.13279144808066,0.0));
#15731=VECTOR('',#18291,0.0127);
#15732=CARTESIAN_POINT('',(0.032538134445318,2.16730756736553,0.0));
#15733=VECTOR('',#18292,0.0127);
#15734=CARTESIAN_POINT('',(0.0970549015917898,2.23005921805171,0.0));
#15735=VECTOR('',#18293,0.0127);
#15736=CARTESIAN_POINT('',(0.126765782731301,2.28967057199184,0.0));
#15737=VECTOR('',#18294,0.0127);
#15738=CARTESIAN_POINT('',(0.137799946204967,2.3618295235436,0.0));
#15739=VECTOR('',#18295,0.0127);
#15740=CARTESIAN_POINT('',(0.118693681185696,2.57359595217804,0.0));
#15741=VECTOR('',#18296,0.0127);
#15742=CARTESIAN_POINT('',(0.0949220053203036,2.64261464608094,0.0));
#15743=VECTOR('',#18297,0.0127);
#15744=CARTESIAN_POINT('',(0.0550211162300138,2.69594538675224,0.0));
#15745=VECTOR('',#18298,0.0127);
#15746=CARTESIAN_POINT('',(-0.0196856584212282,2.74613582573616,0.0));
#15747=VECTOR('',#18299,0.0127);
#15748=CARTESIAN_POINT('',(-0.311714258776484,2.67708999531908,0.0));
#15749=VECTOR('',#18300,0.0127);
#15750=CARTESIAN_POINT('',(-0.172490816113131,2.68965119309732,0.0));
#15751=VECTOR('',#18301,0.0127);
#15752=CARTESIAN_POINT('',(-0.101605294108919,2.68181403588622,0.0));
#15753=VECTOR('',#18302,0.0127);
#15754=CARTESIAN_POINT('',(-0.0468489888979232,2.65828896499386,0.0));
#15755=VECTOR('',#18303,0.0127);
#15756=CARTESIAN_POINT('',(-0.00822189691185274,2.6190759408699,0.0));
#15757=VECTOR('',#18304,0.0127);
#15758=CARTESIAN_POINT('',(0.0142760742930775,2.564175051599,0.0));
#15759=VECTOR('',#18305,0.0127);
#15760=CARTESIAN_POINT('',(0.0333823393123532,2.35240862296532,0.0));
#15761=VECTOR('',#18306,0.0127);
#15762=CARTESIAN_POINT('',(0.0210743751661412,2.29436742751175,0.0));
#15763=VECTOR('',#18307,0.0127);
#15764=CARTESIAN_POINT('',(-0.00991020795758102,2.24887384854227,0.0));
#15765=VECTOR('',#18308,0.0127);
#15766=CARTESIAN_POINT('',(-0.059571508747143,2.21592786718442,0.0));
#15767=VECTOR('',#18309,0.0127);
#15768=CARTESIAN_POINT('',(-0.127909528986653,2.19552950321364,0.0));
#15769=VECTOR('',#18310,0.0127);
#15770=CARTESIAN_POINT('',(-0.26713297164993,2.18296830543744,0.0));
#15771=VECTOR('',#18311,0.0127);
#15772=CARTESIAN_POINT('',(-0.33801849365432,2.19080546264752,0.0));
#15773=VECTOR('',#18312,0.0127);
#15774=CARTESIAN_POINT('',(-0.392774799757186,2.21433054342708,0.0));
#15775=VECTOR('',#18313,0.0127);
#15776=CARTESIAN_POINT('',(-0.431401888175194,2.25354352800096,0.0));
#15777=VECTOR('',#18314,0.0127);
#15778=CARTESIAN_POINT('',(-0.453899859380076,2.30844441727211,0.0));
#15779=VECTOR('',#18315,0.0127);
#15780=CARTESIAN_POINT('',(-0.473006124399372,2.52021084590579,0.0));
#15781=VECTOR('',#18316,0.0127);
#15782=CARTESIAN_POINT('',(-0.460698160253094,2.57825204135962,0.0));
#15783=VECTOR('',#18317,0.0127);
#15784=CARTESIAN_POINT('',(-0.429713580697612,2.62374565987944,0.0));
#15785=VECTOR('',#18318,0.0127);
#15786=CARTESIAN_POINT('',(-0.380052279016096,2.6566916313483,0.0));
#15787=VECTOR('',#18319,0.0127);
#15788=CARTESIAN_POINT('',(-1.53998702473302,2.33494963784348,0.0));
#15789=VECTOR('',#18320,0.0127);
#15790=CARTESIAN_POINT('',(-1.34083336225578,1.94324175451151,0.0));
#15791=VECTOR('',#18321,0.0127);
#15792=CARTESIAN_POINT('',(-1.29313582118445,1.88798227676094,0.0));
#15793=VECTOR('',#18322,0.0127);
#15794=CARTESIAN_POINT('',(-1.23628642122054,1.85327782179356,0.0));
#15795=VECTOR('',#18323,0.0127);
#15796=CARTESIAN_POINT('',(-1.1482850495833,1.83441178034131,0.0));
#15797=VECTOR('',#18324,0.0127);
#15798=CARTESIAN_POINT('',(-1.0731321218986,1.84081730354218,0.0));
#15799=VECTOR('',#18325,0.0127);
#15800=CARTESIAN_POINT('',(-0.988827697453172,1.86777767933125,0.0));
#15801=VECTOR('',#18326,0.0127);
#15802=CARTESIAN_POINT('',(-0.926523393099622,1.8994546787691,0.0));
#15803=VECTOR('',#18327,0.0127);
#15804=CARTESIAN_POINT('',(-0.855067591422738,1.95168652968898,0.0));
#15805=VECTOR('',#18328,0.0127);
#15806=CARTESIAN_POINT('',(-0.805611910400592,2.00863500536381,0.0));
#15807=VECTOR('',#18329,0.0127);
#15808=CARTESIAN_POINT('',(-0.769005029838274,2.09085486443456,0.0));
#15809=VECTOR('',#18330,0.0127);
#15810=CARTESIAN_POINT('',(-0.763550214575714,2.15723627352543,0.0));
#15811=VECTOR('',#18331,0.0127);
#15812=CARTESIAN_POINT('',(-0.780095692597214,2.22833420568082,0.0));
#15813=VECTOR('',#18332,0.0127);
#15814=CARTESIAN_POINT('',(-0.979249355074208,2.6200420890138,0.0));
#15815=VECTOR('',#18333,0.0127);
#15816=CARTESIAN_POINT('',(-1.07270563335076,2.57252668048372,0.0));
#15817=VECTOR('',#18334,0.0127);
#15818=CARTESIAN_POINT('',(-0.873551970873768,2.18081879715251,0.0));
#15819=VECTOR('',#18335,0.0127);
#15820=CARTESIAN_POINT('',(-0.86343071454736,2.12235664677072,0.0));
#15821=VECTOR('',#18336,0.0127);
#15822=CARTESIAN_POINT('',(-0.875309934258012,2.06861093767409,0.0));
#15823=VECTOR('',#18337,0.0127);
#15824=CARTESIAN_POINT('',(-0.909189447252978,2.01958175164224,0.0));
#15825=VECTOR('',#18338,0.0127);
#15826=CARTESIAN_POINT('',(-0.965069262530716,1.97526910637362,0.0));
#15827=VECTOR('',#18339,0.0127);
#15828=CARTESIAN_POINT('',(-1.02737356688427,1.94359210693603,0.0));
#15829=VECTOR('',#18340,0.0127);
#15830=CARTESIAN_POINT('',(-1.09610200380583,1.92455093458589,0.0));
#15831=VECTOR('',#18341,0.0127);
#15832=CARTESIAN_POINT('',(-1.15567876908742,1.92606471208969,0.0));
#15833=VECTOR('',#18342,0.0127);
#15834=CARTESIAN_POINT('',(-1.20610385373006,1.94813342174822,0.0));
#15835=VECTOR('',#18343,0.0127);
#15836=CARTESIAN_POINT('',(-1.24737708397948,1.99075716303981,0.0));
#15837=VECTOR('',#18344,0.0127);
#15838=CARTESIAN_POINT('',(-1.44653074645647,2.38246504637178,0.0));
#15839=VECTOR('',#18345,0.0127);
#15840=CARTESIAN_POINT('',(-1.84566821630719,1.55248066763063,0.0));
#15841=VECTOR('',#18346,0.0127);
#15842=CARTESIAN_POINT('',(-1.6479464027196,1.77416885564452,0.0));
#15843=VECTOR('',#18347,0.0127);
#15844=CARTESIAN_POINT('',(-1.42579119030346,1.5760305069558,0.0));
#15845=VECTOR('',#18348,0.0127);
#15846=CARTESIAN_POINT('',(-1.35600698948377,1.65427343195731,0.0));
#15847=VECTOR('',#18349,0.0127);
#15848=CARTESIAN_POINT('',(-1.85321150545401,2.09772592034825,0.0));
#15849=VECTOR('',#18350,0.0127);
#15850=CARTESIAN_POINT('',(-2.13234830873326,1.78475422034142,0.0));
#15851=VECTOR('',#18351,0.0127);
#15852=CARTESIAN_POINT('',(-2.17992290245358,1.71011672412827,0.0));
#15853=VECTOR('',#18352,0.0127);
#15854=CARTESIAN_POINT('',(-2.19470933705235,1.62964920002808,0.0));
#15855=VECTOR('',#18353,0.0127);
#15856=CARTESIAN_POINT('',(-2.18728616455176,1.55278710471651,0.0));
#15857=VECTOR('',#18354,0.0127);
#15858=CARTESIAN_POINT('',(-2.16718036563797,1.51144119235338,0.0));
#15859=VECTOR('',#18355,0.0127);
#15860=CARTESIAN_POINT('',(-2.1248650630917,1.47370053311095,0.0));
#15861=VECTOR('',#18356,0.0127);
#15862=CARTESIAN_POINT('',(-2.08149795263991,1.45843549625754,0.0));
#15863=VECTOR('',#18357,0.0127);
#15864=CARTESIAN_POINT('',(-2.00429057931938,1.45981632594749,0.0));
#15865=VECTOR('',#18358,0.0127);
#15866=CARTESIAN_POINT('',(-1.93661005358241,1.4931080590342,0.0));
#15867=VECTOR('',#18359,0.0127);
#15868=CARTESIAN_POINT('',(-1.79797350594089,1.15873500643772,0.0));
#15869=VECTOR('',#18360,0.0127);
#15870=CARTESIAN_POINT('',(-1.71655864935183,1.25001836919397,0.0));
#15871=VECTOR('',#18361,0.0127);
#15872=CARTESIAN_POINT('',(-1.71141931208544,1.83077980486055,0.0));
#15873=VECTOR('',#18362,0.0127);
#15874=CARTESIAN_POINT('',(-1.93240257031388,1.58301059210075,0.0));
#15875=VECTOR('',#18363,0.0127);
#15876=CARTESIAN_POINT('',(-1.97787348895149,1.55332428780267,0.0));
#15877=VECTOR('',#18364,0.0127);
#15878=CARTESIAN_POINT('',(-2.02229257004761,1.54611357946186,0.0));
#15879=VECTOR('',#18365,0.0127);
#15880=CARTESIAN_POINT('',(-2.06565968049966,1.56137861631526,0.0));
#15881=VECTOR('',#18366,0.0127);
#15882=CARTESIAN_POINT('',(-2.09739616481828,1.58968411735515,0.0));
#15883=VECTOR('',#18367,0.0127);
#15884=CARTESIAN_POINT('',(-2.11750196373208,1.63103002971802,0.0));
#15885=VECTOR('',#18368,0.0127);
#15886=CARTESIAN_POINT('',(-2.11539815554651,1.67598137086952,0.0));
#15887=VECTOR('',#18369,0.0127);
#15888=CARTESIAN_POINT('',(-2.09108487336418,1.7245379915732,0.0));
#15889=VECTOR('',#18370,0.0127);
#15890=CARTESIAN_POINT('',(-1.87010161513549,1.972307204333,0.0));
#15891=VECTOR('',#18371,0.0127);
#15892=CARTESIAN_POINT('',(-2.45883425108341,1.12830391862844,0.0));
#15893=VECTOR('',#18372,0.0127);
#15894=CARTESIAN_POINT('',(-1.91085949246159,0.934672446724266,0.0));
#15895=VECTOR('',#18373,0.0127);
#15896=CARTESIAN_POINT('',(-1.87592938244996,1.03352424191004,0.0));
#15897=VECTOR('',#18374,0.0127);
#15898=CARTESIAN_POINT('',(-2.50409555820451,1.25549202290374,0.0));
#15899=VECTOR('',#18375,0.0127);
#15900=CARTESIAN_POINT('',(-2.55649072322118,1.10721433012495,0.0));
#15901=VECTOR('',#18376,0.0127);
#15902=CARTESIAN_POINT('',(-2.16742337961295,0.506422974072016,0.0));
#15903=VECTOR('',#18377,0.0127);
#15904=CARTESIAN_POINT('',(-2.7020328926849,0.695331724487186,0.0));
#15905=VECTOR('',#18378,0.0127);
#15906=CARTESIAN_POINT('',(-2.73696300269754,0.596479929301408,0.0));
#15907=VECTOR('',#18379,0.0127);
#15908=CARTESIAN_POINT('',(-2.108796826943,0.374512148307708,0.0));
#15909=VECTOR('',#18380,0.0127);
#15910=CARTESIAN_POINT('',(-2.05640166192556,0.522789841086502,0.0));
#15911=VECTOR('',#18381,0.0127);
#15912=CARTESIAN_POINT('',(-2.60861125043788,-0.38820280424943,0.0));
#15913=VECTOR('',#18382,0.0127);
#15914=CARTESIAN_POINT('',(-2.61331239354256,-0.283466519942636,0.0));
#15915=VECTOR('',#18383,0.0127);
#15916=CARTESIAN_POINT('',(-2.64241761797868,-0.267281573509952,0.0));
#15917=VECTOR('',#18384,0.0127);
#15918=CARTESIAN_POINT('',(-2.6723063543098,-0.233640846050647,0.0));
#15919=VECTOR('',#18385,0.0127);
#15920=CARTESIAN_POINT('',(-2.6888177731665,-0.181908320962564,0.0));
#15921=VECTOR('',#18386,0.0127);
#15922=CARTESIAN_POINT('',(-2.69351891627118,-0.0771720366557958,0.0));
#15923=VECTOR('',#18387,0.0127);
#15924=CARTESIAN_POINT('',(-2.68170864051916,-0.0241682774370772,0.0));
#15925=VECTOR('',#18388,0.0127);
#15926=CARTESIAN_POINT('',(-2.65573751746532,0.0294710988469656,0.0));
#15927=VECTOR('',#18389,0.0127);
#15928=CARTESIAN_POINT('',(-2.61403846571246,0.0488341323871152,0.0));
#15929=VECTOR('',#18390,0.0127);
#15930=CARTESIAN_POINT('',(-2.58571677110628,0.0501053665177686,0.0));
#15931=VECTOR('',#18391,0.0127);
#15932=CARTESIAN_POINT('',(-2.54245069936834,0.0345560371502208,0.0));
#15933=VECTOR('',#18392,0.0127);
#15934=CARTESIAN_POINT('',(-2.5117784332088,-0.016540870872505,0.0));
#15935=VECTOR('',#18393,0.0127);
#15936=CARTESIAN_POINT('',(-2.49526701435287,-0.0682733959605804,0.0));
#15937=VECTOR('',#18394,0.0127);
#15938=CARTESIAN_POINT('',(-2.49056587124742,-0.173009680267349,0.0));
#15939=VECTOR('',#18395,0.0127);
#15940=CARTESIAN_POINT('',(-2.47248741066756,-0.25965416694539,0.0));
#15941=VECTOR('',#18396,0.0127);
#15942=CARTESIAN_POINT('',(-2.44103161467961,-0.328207255531598,0.0));
#15943=VECTOR('',#18397,0.0127);
#15944=CARTESIAN_POINT('',(-2.38125414201813,-0.395488710450004,0.0));
#15945=VECTOR('',#18398,0.0127);
#15946=CARTESIAN_POINT('',(-2.32304367331205,-0.427858602425356,0.0));
#15947=VECTOR('',#18399,0.0127);
#15948=CARTESIAN_POINT('',(-2.25223943679507,-0.424680517098786,0.0));
#15949=VECTOR('',#18400,0.0127);
#15950=CARTESIAN_POINT('',(-2.19716309732135,-0.387225687265136,0.0));
#15951=VECTOR('',#18401,0.0127);
#15952=CARTESIAN_POINT('',(-2.14365378659673,-0.314859295601714,0.0));
#15953=VECTOR('',#18402,0.0127);
#15954=CARTESIAN_POINT('',(-2.11846618965224,-0.243763738587067,0.0));
#15955=VECTOR('',#18403,0.0127);
#15956=CARTESIAN_POINT('',(-2.10822295438564,-0.155848017722848,0.0));
#15957=VECTOR('',#18404,0.0127);
#15958=CARTESIAN_POINT('',(-2.11449115714842,-0.0161993722890011,0.0));
#15959=VECTOR('',#18405,0.0127);
#15960=CARTESIAN_POINT('',(-2.13256961896806,0.070445114333264,0.0));
#15961=VECTOR('',#18406,0.0127);
#15962=CARTESIAN_POINT('',(-2.17896977787367,0.155818366713596,0.0));
#15963=VECTOR('',#18407,0.0127);
#15964=CARTESIAN_POINT('',(-2.25212460081977,0.205008422872606,0.0));
#15965=VECTOR('',#18408,0.0127);
#15966=CARTESIAN_POINT('',(-2.30955151986181,0.21992213517484,0.0));
#15967=VECTOR('',#18409,0.0127);
#15968=CARTESIAN_POINT('',(-2.30485037675663,0.115185850868046,0.0));
#15969=VECTOR('',#18410,0.0127);
#15970=CARTESIAN_POINT('',(-2.26158430501792,0.099636521500498,0.0));
#15971=VECTOR('',#18411,0.0127);
#15972=CARTESIAN_POINT('',(-2.21675118163736,0.0491752309882542,0.0));
#15973=VECTOR('',#18412,0.0127);
#15974=CARTESIAN_POINT('',(-2.19945625088617,-0.0200130751261294,0.0));
#15975=VECTOR('',#18413,0.0127);
#15976=CARTESIAN_POINT('',(-2.19318804812364,-0.159661720559969,0.0));
#15977=VECTOR('',#18414,0.0127);
#15978=CARTESIAN_POINT('',(-2.20421481197914,-0.230121260805021,0.0));
#15979=VECTOR('',#18415,0.0127);
#15980=CARTESIAN_POINT('',(-2.23018594495091,-0.283760637534232,0.0));
#15981=VECTOR('',#18416,0.0127);
#15982=CARTESIAN_POINT('',(-2.27110142720361,-0.320579849857306,0.0));
#15983=VECTOR('',#18417,0.0127);
#15984=CARTESIAN_POINT('',(-2.31358396911389,-0.322486701053248,0.0));
#15985=VECTOR('',#18418,0.0127);
#15986=CARTESIAN_POINT('',(-2.35763359051663,-0.289481192012582,0.0));
#15987=VECTOR('',#18419,0.0127);
#15988=CARTESIAN_POINT('',(-2.38830585667591,-0.238384283989762,0.0));
#15989=VECTOR('',#18420,0.0127);
#15990=CARTESIAN_POINT('',(-2.40560078742711,-0.169195977875389,0.0));
#15991=VECTOR('',#18421,0.0127);
#15992=CARTESIAN_POINT('',(-2.41030193053255,-0.0644596935685948,0.0));
#15993=VECTOR('',#18422,0.0127);
#15994=CARTESIAN_POINT('',(-2.42759687921716,0.00472901208300086,0.0));
#15995=VECTOR('',#18423,0.0127);
#15996=CARTESIAN_POINT('',(-2.45905267520511,0.0732821006692622,0.0));
#15997=VECTOR('',#18424,0.0127);
#15998=CARTESIAN_POINT('',(-2.51883014786659,0.140563555587668,0.0));
#15999=VECTOR('',#18425,0.0127);
#16000=CARTESIAN_POINT('',(-2.57625706690914,0.155477267889877,0.0));
#16001=VECTOR('',#18426,0.0127);
#16002=CARTESIAN_POINT('',(-2.63290049579376,0.152934797847954,0.0));
#16003=VECTOR('',#18427,0.0127);
#16004=CARTESIAN_POINT('',(-2.68876035517872,0.132936149023106,0.0));
#16005=VECTOR('',#18428,0.0127);
#16006=CARTESIAN_POINT('',(-2.74226966094374,0.0605697575820612,0.0));
#16007=VECTOR('',#18429,0.0127);
#16008=CARTESIAN_POINT('',(-2.76745725416764,-0.010525799265512,0.0));
#16009=VECTOR('',#18430,0.0127);
#16010=CARTESIAN_POINT('',(-2.77848400008972,-0.080985739047756,0.0));
#16011=VECTOR('',#18431,0.0127);
#16012=CARTESIAN_POINT('',(-2.77456638681498,-0.168265842791009,0.0));
#16013=VECTOR('',#18432,0.0127);
#16014=CARTESIAN_POINT('',(-2.75648792623334,-0.254910329468898,0.0));
#16015=VECTOR('',#18433,0.0127);
#16016=CARTESIAN_POINT('',(-2.71087128294306,-0.322827800989792,0.0));
#16017=VECTOR('',#18434,0.0127);
#16018=CARTESIAN_POINT('',(-2.65187732217582,-0.37265347488206,0.0));
#16019=VECTOR('',#18435,0.0127);
#16020=CARTESIAN_POINT('',(-1.32045036092636,-1.81711724870108,0.0));
#16021=VECTOR('',#18436,0.0127);
#16022=CARTESIAN_POINT('',(-1.31642772260741,-1.76222169777562,0.0));
#16023=VECTOR('',#18437,0.0127);
#16024=CARTESIAN_POINT('',(-1.33483438076126,-1.7055394506618,0.0));
#16025=VECTOR('',#18438,0.0127);
#16026=CARTESIAN_POINT('',(-1.3658941499657,-1.63680602353914,0.0));
#16027=VECTOR('',#18439,0.0127);
#16028=CARTESIAN_POINT('',(-1.40672982097872,-1.57833736235427,0.0));
#16029=VECTOR('',#18440,0.0127);
#16030=CARTESIAN_POINT('',(-1.50795412332855,-1.48192846675233,0.0));
#16031=VECTOR('',#18441,0.0127);
#16032=CARTESIAN_POINT('',(-1.56834217545619,-1.44398878399024,0.0));
#16033=VECTOR('',#18442,0.0127);
#16034=CARTESIAN_POINT('',(-1.63850670860131,-1.41631331551096,0.0));
#16035=VECTOR('',#18443,0.0127);
#16036=CARTESIAN_POINT('',(-1.6960181324078,-1.40068902883732,0.0));
#16037=VECTOR('',#18444,0.0127);
#16038=CARTESIAN_POINT('',(-1.75065263229708,-1.40738040778931,0.0));
#16039=VECTOR('',#18445,0.0127);
#16040=CARTESIAN_POINT('',(-1.79263431844301,-1.4261226990095,0.0));
#16041=VECTOR('',#18446,0.0127);
#16042=CARTESIAN_POINT('',(-1.72936934667781,-1.48637805188997,0.0));
#16043=VECTOR('',#18447,0.0127);
#16044=CARTESIAN_POINT('',(-1.69716385708003,-1.47790025617148,0.0));
#16045=VECTOR('',#18448,0.0127);
#16046=CARTESIAN_POINT('',(-1.65230554004525,-1.48147335834352,0.0));
#16047=VECTOR('',#18449,0.0127);
#16048=CARTESIAN_POINT('',(-1.61722312995418,-1.49531123184501,0.0));
#16049=VECTOR('',#18450,0.0127);
#16050=CARTESIAN_POINT('',(-1.54418196848765,-1.54530209641274,0.0));
#16051=VECTOR('',#18451,0.0127);
#16052=CARTESIAN_POINT('',(-1.46826388652757,-1.61760863020045,0.0));
#16053=VECTOR('',#18452,0.0127);
#16054=CARTESIAN_POINT('',(-1.41477510446369,-1.68812847139391,0.0));
#16055=VECTOR('',#18453,0.0127);
#16056=CARTESIAN_POINT('',(-1.39924507377553,-1.72249532152088,0.0));
#16057=VECTOR('',#18454,0.0127);
#16058=CARTESIAN_POINT('',(-1.39349152923997,-1.76712639132232,0.0));
#16059=VECTOR('',#18455,0.0127);
#16060=CARTESIAN_POINT('',(-1.40039079844775,-1.79970654885504,0.0));
#16061=VECTOR('',#18456,0.0127);
#16062=CARTESIAN_POINT('',(-1.43949555725357,-1.84076450210676,0.0));
#16063=VECTOR('',#18457,0.0127);
#16064=CARTESIAN_POINT('',(-1.50390655014253,-1.85772010792142,0.0));
#16065=VECTOR('',#18458,0.0127);
#16066=CARTESIAN_POINT('',(-1.56141797052535,-1.84209581765342,0.0));
#16067=VECTOR('',#18459,0.0127);
#16068=CARTESIAN_POINT('',(-1.64711224218676,-1.78005377217871,0.0));
#16069=VECTOR('',#18460,0.0127);
#16070=CARTESIAN_POINT('',(-1.69772410375709,-1.73184960020523,0.0));
#16071=VECTOR('',#18461,0.0127);
#16072=CARTESIAN_POINT('',(-1.73682886256291,-1.77290755345669,0.0));
#16073=VECTOR('',#18462,0.0127);
#16074=CARTESIAN_POINT('',(-1.68621700099232,-1.82111172543017,0.0));
#16075=VECTOR('',#18463,0.0127);
#16076=CARTESIAN_POINT('',(-1.62985129843516,-1.91394723584362,0.0));
#16077=VECTOR('',#18464,0.0127);
#16078=CARTESIAN_POINT('',(-1.62409745744832,-1.95857857428358,0.0));
#16079=VECTOR('',#18465,0.0127);
#16080=CARTESIAN_POINT('',(-1.63789628546885,-2.02373861352204,0.0));
#16081=VECTOR('',#18466,0.0127);
#16082=CARTESIAN_POINT('',(-1.6574486922588,-2.04426761890286,0.0));
#16083=VECTOR('',#18467,0.0127);
#16084=CARTESIAN_POINT('',(-1.71208319214833,-2.05095899785485,0.0));
#16085=VECTOR('',#18468,0.0127);
#16086=CARTESIAN_POINT('',(-1.76959461253115,-2.0353347075866,0.0));
#16087=VECTOR('',#18469,0.0127);
#16088=CARTESIAN_POINT('',(-1.84263606360239,-1.98534356719139,0.0));
#16089=VECTOR('',#18470,0.0127);
#16090=CARTESIAN_POINT('',(-1.89324792517273,-1.93713939521816,0.0));
#16091=VECTOR('',#18471,0.0127);
#16092=CARTESIAN_POINT('',(-1.94673699684105,-1.86661927819721,0.0));
#16093=VECTOR('',#18472,0.0127);
#16094=CARTESIAN_POINT('',(-1.96514365841806,-1.80993703467749,0.0));
#16095=VECTOR('',#18473,0.0127);
#16096=CARTESIAN_POINT('',(-1.96112102009911,-1.75504148375202,0.0));
#16097=VECTOR('',#18474,0.0127);
#16098=CARTESIAN_POINT('',(-2.02438599186432,-1.69478613087156,0.0));
#16099=VECTOR('',#18475,0.0127);
#16100=CARTESIAN_POINT('',(-2.05083793007972,-1.74789498920278,0.0));
#16101=VECTOR('',#18476,0.0127);
#16102=CARTESIAN_POINT('',(-2.0393305377105,-1.83715739025521,0.0));
#16103=VECTOR('',#18477,0.0127);
#16104=CARTESIAN_POINT('',(-2.00827076593837,-1.90589081468192,0.0));
#16105=VECTOR('',#18478,0.0127);
#16106=CARTESIAN_POINT('',(-1.92947605308945,-2.00051274186212,0.0));
#16107=VECTOR('',#18479,0.0127);
#16108=CARTESIAN_POINT('',(-1.90416983269971,-2.02461510367635,0.0));
#16109=VECTOR('',#18480,0.0127);
#16110=CARTESIAN_POINT('',(-1.80582274044788,-2.09870805423082,0.0));
#16111=VECTOR('',#18481,0.0127);
#16112=CARTESIAN_POINT('',(-1.73565820987019,-2.12638352540605,0.0));
#16113=VECTOR('',#18482,0.0127);
#16114=CARTESIAN_POINT('',(-1.64594129988958,-2.1335300199553,0.0));
#16115=VECTOR('',#18483,0.0127);
#16116=CARTESIAN_POINT('',(-1.59418372049359,-2.10452297178333,0.0));
#16117=VECTOR('',#18484,0.0127);
#16118=CARTESIAN_POINT('',(-1.57463131370364,-2.08399396640251,0.0));
#16119=VECTOR('',#18485,0.0127);
#16120=CARTESIAN_POINT('',(-1.54817937548824,-2.03088510807129,0.0));
#16121=VECTOR('',#18486,0.0127);
#16122=CARTESIAN_POINT('',(-1.54415702677375,-1.97598928131859,0.0));
#16123=VECTOR('',#18487,0.0127);
#16124=CARTESIAN_POINT('',(-1.56544031923985,-1.89699164440638,0.0));
#16125=VECTOR('',#18488,0.0127);
#16126=CARTESIAN_POINT('',(-1.48262296807173,-1.93671802066111,0.0));
#16127=VECTOR('',#18489,0.0127);
#16128=CARTESIAN_POINT('',(-1.42798846818245,-1.93002664170913,0.0));
#16129=VECTOR('',#18490,0.0127);
#16130=CARTESIAN_POINT('',(-1.37623058548837,-1.90101985498723,0.0));
#16131=VECTOR('',#18491,0.0127);
#16132=CARTESIAN_POINT('',(-1.33712582668255,-1.85996190173576,0.0));
#16133=VECTOR('',#18492,0.0127);
#16134=CARTESIAN_POINT('',(-0.587347994349414,-2.16806975578019,0.0));
#16135=VECTOR('',#18493,0.0127);
#16136=CARTESIAN_POINT('',(-0.603124064764444,-2.1153365520144,0.0));
#16137=VECTOR('',#18494,0.0127);
#16138=CARTESIAN_POINT('',(-0.640497301752136,-2.06891539994629,0.0));
#16139=VECTOR('',#18495,0.0127);
#16140=CARTESIAN_POINT('',(-0.693984349442038,-2.01573471826698,0.0));
#16141=VECTOR('',#18496,0.0127);
#16142=CARTESIAN_POINT('',(-0.752954018753162,-1.97562593532392,0.0));
#16143=VECTOR('',#18497,0.0127);
#16144=CARTESIAN_POINT('',(-0.881860443680716,-1.92155139107749,0.0));
#16145=VECTOR('',#18498,0.0127);
#16146=CARTESIAN_POINT('',(-0.9517971992974,-1.90758562977437,0.0));
#16147=VECTOR('',#18499,0.0127);
#16148=CARTESIAN_POINT('',(-1.02721731414419,-1.9066914577898,0.0));
#16149=VECTOR('',#18500,0.0127);
#16150=CARTESIAN_POINT('',(-1.08652398805334,-1.91255666299637,0.0));
#16151=VECTOR('',#18501,0.0127);
#16152=CARTESIAN_POINT('',(-1.13520057689504,-1.93825282670173,0.0));
#16153=VECTOR('',#18502,0.0127);
#16154=CARTESIAN_POINT('',(-1.16776409696396,-1.97070822090003,0.0));
#16155=VECTOR('',#18503,0.0127);
#16156=CARTESIAN_POINT('',(-1.08719725868013,-2.00450494642405,0.0));
#16157=VECTOR('',#18504,0.0127);
#16158=CARTESIAN_POINT('',(-1.06011746952638,-1.98512099370207,0.0));
#16159=VECTOR('',#18505,0.0127);
#16160=CARTESIAN_POINT('',(-1.01692386631025,-1.97249656258039,0.0));
#16161=VECTOR('',#18506,0.0127);
#16162=CARTESIAN_POINT('',(-0.97921399400904,-1.97294357293478,0.0));
#16163=VECTOR('',#18507,0.0127);
#16164=CARTESIAN_POINT('',(-0.587684262778222,-2.21404405678009,0.0));
#16165=VECTOR('',#18508,0.0127);
#16166=CARTESIAN_POINT('',(-0.609617695859452,-2.2663304049001,0.0));
#16167=VECTOR('',#18509,0.0127);
#16168=CARTESIAN_POINT('',(-0.647664946843792,-2.31185724057447,0.0));
#16169=VECTOR('',#18510,0.0127);
#16170=CARTESIAN_POINT('',(-0.696341166880794,-2.33755355898869,0.0));
#16171=VECTOR('',#18511,0.0127);
#16172=CARTESIAN_POINT('',(-0.787874721705114,-2.32990000752468,0.0));
#16173=VECTOR('',#18512,0.0127);
#16174=CARTESIAN_POINT('',(-0.739871768454672,-2.39615196338347,0.0));
#16175=VECTOR('',#18513,0.0127);
#16176=CARTESIAN_POINT('',(-0.724094960430246,-2.44888547656647,0.0));
#16177=VECTOR('',#18514,0.0127);
#16178=CARTESIAN_POINT('',(-0.729915320898468,-2.5079310460245,0.0));
#16179=VECTOR('',#18515,0.0127);
#16180=CARTESIAN_POINT('',(-0.740882052800114,-2.53407425670343,0.0));
#16181=VECTOR('',#18516,0.0127);
#16182=CARTESIAN_POINT('',(-0.778928558494606,-2.5796013834844,0.0));
#16183=VECTOR('',#18517,0.0127);
#16184=CARTESIAN_POINT('',(-0.865315019637264,-2.60485053683664,0.0));
#16185=VECTOR('',#18518,0.0127);
#16186=CARTESIAN_POINT('',(-0.940735501848576,-2.60395620671014,0.0));
#16187=VECTOR('',#18519,0.0127);
#16188=CARTESIAN_POINT('',(-1.05901184362892,-2.56971262554034,0.0));
#16189=VECTOR('',#18520,0.0127);
#16190=CARTESIAN_POINT('',(-1.09123872646408,-2.55619387344658,0.0));
#16191=VECTOR('',#18521,0.0127);
#16192=CARTESIAN_POINT('',(-1.19854835170368,-2.49580711821779,0.0));
#16193=VECTOR('',#18522,0.0127);
#16194=CARTESIAN_POINT('',(-1.25203503202932,-2.4426265946804,0.0));
#16195=VECTOR('',#18523,0.0127);
#16196=CARTESIAN_POINT('',(-1.29455462700952,-2.36330305179161,0.0));
#16197=VECTOR('',#18524,0.0127);
#16198=CARTESIAN_POINT('',(-1.288734635346,-2.30425732762497,0.0));
#16199=VECTOR('',#18525,0.0127);
#16200=CARTESIAN_POINT('',(-1.20816816586661,-2.33805389844038,0.0));
#16201=VECTOR('',#18526,0.0127);
#16202=CARTESIAN_POINT('',(-1.19239135784244,-2.39078741162339,0.0));
#16203=VECTOR('',#18527,0.0127);
#16204=CARTESIAN_POINT('',(-1.1550181189345,-2.43720855911441,0.0));
#16205=VECTOR('',#18528,0.0127);
#16206=CARTESIAN_POINT('',(-1.07993500772561,-2.48407671695982,0.0));
#16207=VECTOR('',#18529,0.0127);
#16208=CARTESIAN_POINT('',(-1.01548197966419,-2.5111139117286,0.0));
#16209=VECTOR('',#18530,0.0127);
#16210=CARTESIAN_POINT('',(-0.92943178311011,-2.53183905022262,0.0));
#16211=VECTOR('',#18531,0.0127);
#16212=CARTESIAN_POINT('',(-0.870125111120948,-2.52597384959363,0.0));
#16213=VECTOR('',#18532,0.0127);
#16214=CARTESIAN_POINT('',(-0.821448153474804,-2.50027784059662,0.0));
#16215=VECTOR('',#18533,0.0127);
#16216=CARTESIAN_POINT('',(-0.810481421572904,-2.47413462991769,0.0));
#16217=VECTOR('',#18534,0.0127);
#16218=CARTESIAN_POINT('',(-0.820774871327086,-2.40832952970469,0.0));
#16219=VECTOR('',#18535,0.0127);
#16220=CARTESIAN_POINT('',(-0.842035037621756,-2.36866760355169,0.0));
#16221=VECTOR('',#18536,0.0127);
#16222=CARTESIAN_POINT('',(-0.927748231977854,-2.30196848262965,0.0));
#16223=VECTOR('',#18537,0.0127);
#16224=CARTESIAN_POINT('',(-0.992201260039536,-2.27493128786086,0.0));
#16225=VECTOR('',#18538,0.0127);
#16226=CARTESIAN_POINT('',(-0.970267826958306,-2.22264493974085,0.0));
#16227=VECTOR('',#18539,0.0127);
#16228=CARTESIAN_POINT('',(-0.905814798896624,-2.24968213450964,0.0));
#16229=VECTOR('',#18540,0.0127);
#16230=CARTESIAN_POINT('',(-0.80365152972954,-2.27716649434167,0.0));
#16231=VECTOR('',#18541,0.0127);
#16232=CARTESIAN_POINT('',(-0.744344857740378,-2.27130129371243,0.0));
#16233=VECTOR('',#18542,0.0127);
#16234=CARTESIAN_POINT('',(-0.690184534143284,-2.23253367937609,0.0));
#16235=VECTOR('',#18543,0.0127);
#16236=CARTESIAN_POINT('',(-0.668251101062054,-2.18024733125608,0.0));
#16237=VECTOR('',#18544,0.0127);
#16238=CARTESIAN_POINT('',(-0.673397457134574,-2.14734493585831,0.0));
#16239=VECTOR('',#18545,0.0127);
#16240=CARTESIAN_POINT('',(-0.694657619589018,-2.10768300055038,0.0));
#16241=VECTOR('',#18546,0.0127);
#16242=CARTESIAN_POINT('',(-0.721401144153932,-2.08109266142738,0.0));
#16243=VECTOR('',#18547,0.0127);
#16244=CARTESIAN_POINT('',(-0.29088646947812,-2.43077141474768,0.0));
#16245=VECTOR('',#18548,0.0127);
#16246=CARTESIAN_POINT('',(-0.256430979343518,-2.44610378052815,0.0));
#16247=VECTOR('',#18549,0.0127);
#16248=CARTESIAN_POINT('',(-0.291831658071864,-2.45910586445357,0.0));
#16249=VECTOR('',#18550,0.0127);
#16250=CARTESIAN_POINT('',(-0.345641167893066,-2.4998598409551,0.0));
#16251=VECTOR('',#18551,0.0127);
#16252=CARTESIAN_POINT('',(-0.382458830078016,-2.55536362610784,0.0));
#16253=VECTOR('',#18552,0.0127);
#16254=CARTESIAN_POINT('',(-0.383876612968886,-2.5978653006649,0.0));
#16255=VECTOR('',#18553,0.0127);
#16256=CARTESIAN_POINT('',(-0.351312300780394,-2.66986657887948,0.0));
#16257=VECTOR('',#18554,0.0127);
#16258=CARTESIAN_POINT('',(-0.300338356741186,-2.71411595149562,0.0));
#16259=VECTOR('',#18555,0.0127);
#16260=CARTESIAN_POINT('',(-0.214436328270377,-2.75953046503776,0.0));
#16261=VECTOR('',#18556,0.0127);
#16262=CARTESIAN_POINT('',(-0.127589111205672,-2.77661052887604,0.0));
#16263=VECTOR('',#18557,0.0127);
#16264=CARTESIAN_POINT('',(-0.0577337417769388,-2.77894078406312,0.0));
#16265=VECTOR('',#18558,0.0127);
#16266=CARTESIAN_POINT('',(0.0300586638816884,-2.767686398195,0.0));
#16267=VECTOR('',#18559,0.0127);
#16268=CARTESIAN_POINT('',(0.118795458699895,-2.72809753595556,0.0));
#16269=VECTOR('',#18560,0.0127);
#16270=CARTESIAN_POINT('',(0.172604968520919,-2.6873435594525,0.0));
#16271=VECTOR('',#18561,0.0127);
#16272=CARTESIAN_POINT('',(0.20989602576116,-2.61767253642754,0.0));
#16273=VECTOR('',#18562,0.0127);
#16274=CARTESIAN_POINT('',(0.211313808652056,-2.57517086186794,0.0));
#16275=VECTOR('',#18563,0.0127);
#16276=CARTESIAN_POINT('',(0.178276101408374,-2.51733682152965,0.0));
#16277=VECTOR('',#18564,0.0127);
#16278=CARTESIAN_POINT('',(0.127302157369116,-2.47308744891325,0.0));
#16279=VECTOR('',#18565,0.0127);
#16280=CARTESIAN_POINT('',(0.0928474666688558,-2.4577551098005,0.0));
#16281=VECTOR('',#18566,0.0127);
#16282=CARTESIAN_POINT('',(0.128247345963037,-2.44475299920736,0.0));
#16283=VECTOR('',#18567,0.0127);
#16284=CARTESIAN_POINT('',(0.199521297716957,-2.40458160650357,0.0));
#16285=VECTOR('',#18568,0.0127);
#16286=CARTESIAN_POINT('',(0.236811554860932,-2.33491057665465,0.0));
#16287=VECTOR('',#18569,0.0127);
#16288=CARTESIAN_POINT('',(0.238229337751827,-2.29240890209581,0.0));
#16289=VECTOR('',#18570,0.0127);
#16290=CARTESIAN_POINT('',(0.205665024570398,-2.22040765364901,0.0));
#16291=VECTOR('',#18571,0.0127);
#16292=CARTESIAN_POINT('',(0.15469108069662,-2.17615827607175,0.0));
#16293=VECTOR('',#18572,0.0127);
#16294=CARTESIAN_POINT('',(0.0687890523499666,-2.13074375880724,0.0));
#16295=VECTOR('',#18573,0.0127);
#16296=CARTESIAN_POINT('',(-0.0180581646733597,-2.11366369372893,0.0));
#16297=VECTOR('',#18574,0.0127);
#16298=CARTESIAN_POINT('',(-0.12284161853362,-2.11016829761407,0.0));
#16299=VECTOR('',#18575,0.0127);
#16300=CARTESIAN_POINT('',(-0.210633224799307,-2.12142271138993,0.0));
#16301=VECTOR('',#18576,0.0127);
#16302=CARTESIAN_POINT('',(-0.299370819175884,-2.16101155068454,0.0));
#16303=VECTOR('',#18577,0.0127);
#16304=CARTESIAN_POINT('',(-0.35318032916244,-2.20176553214695,0.0));
#16305=VECTOR('',#18578,0.0127);
#16306=CARTESIAN_POINT('',(-0.390471385409744,-2.27143652540615,0.0));
#16307=VECTOR('',#18579,0.0127);
#16308=CARTESIAN_POINT('',(-0.391889168300614,-2.31393819996499,0.0));
#16309=VECTOR('',#18580,0.0127);
#16310=CARTESIAN_POINT('',(-0.359324056015932,-2.3859394850015,0.0));
#16311=VECTOR('',#18581,0.0127);
#16312=CARTESIAN_POINT('',(-0.178068911576501,-2.19342395859645,0.0));
#16313=VECTOR('',#18582,0.0127);
#16314=CARTESIAN_POINT('',(-0.107740148416478,-2.18158701559855,0.0));
#16315=VECTOR('',#18583,0.0127);
#16316=CARTESIAN_POINT('',(-0.0378847789877454,-2.18391727078588,0.0));
#16317=VECTOR('',#18584,0.0127);
#16318=CARTESIAN_POINT('',(0.0314979961440392,-2.20041475082616,0.0));
#16319=VECTOR('',#18585,0.0127);
#16320=CARTESIAN_POINT('',(0.100408976413167,-2.2310794823871,0.0));
#16321=VECTOR('',#18586,0.0127);
#16322=CARTESIAN_POINT('',(0.150910325824465,-2.28949608977844,0.0));
#16323=VECTOR('',#18587,0.0127);
#16324=CARTESIAN_POINT('',(0.149492542933595,-2.33199776433728,0.0));
#16325=VECTOR('',#18588,0.0127);
#16326=CARTESIAN_POINT('',(0.0952104381536476,-2.38691898553577,0.0));
#16327=VECTOR('',#18589,0.0127);
#16328=CARTESIAN_POINT('',(0.0244090806966864,-2.41292315338661,0.0));
#16329=VECTOR('',#18590,0.0127);
#16330=CARTESIAN_POINT('',(-0.0459188830290048,-2.42476012305222,0.0));
#16331=VECTOR('',#18591,0.0127);
#16332=CARTESIAN_POINT('',(-0.115774252457763,-2.42242986786489,0.0));
#16333=VECTOR('',#18592,0.0127);
#16334=CARTESIAN_POINT('',(-0.185157827023839,-2.40593236115664,0.0));
#16335=VECTOR('',#18593,0.0127);
#16336=CARTESIAN_POINT('',(-0.25406800785865,-2.37526765626342,0.0));
#16337=VECTOR('',#18594,0.0127);
#16338=CARTESIAN_POINT('',(-0.304569356939062,-2.31685103895007,0.0));
#16339=VECTOR('',#18595,0.0127);
#16340=CARTESIAN_POINT('',(-0.303151574048192,-2.27434936439123,0.0));
#16341=VECTOR('',#18596,0.0127);
#16342=CARTESIAN_POINT('',(-0.248869469599156,-2.21942815311475,0.0));
#16343=VECTOR('',#18597,0.0127);
#16344=CARTESIAN_POINT('',(0.0149571934335569,-2.69626769013354,0.0));
#16345=VECTOR('',#18598,0.0127);
#16346=CARTESIAN_POINT('',(-0.055370770292147,-2.70810465979966,0.0));
#16347=VECTOR('',#18599,0.0127);
#16348=CARTESIAN_POINT('',(-0.12522613972088,-2.70577440461258,0.0));
#16349=VECTOR('',#18600,0.0127);
#16350=CARTESIAN_POINT('',(-0.194609714286981,-2.68927689790484,0.0));
#16351=VECTOR('',#18601,0.0127);
#16352=CARTESIAN_POINT('',(-0.263047300824844,-2.64444496815816,0.0));
#16353=VECTOR('',#18602,0.0127);
#16354=CARTESIAN_POINT('',(-0.2965576010416,-2.60077811298252,0.0));
#16355=VECTOR('',#18603,0.0127);
#16356=CARTESIAN_POINT('',(-0.295612412447602,-2.57244366327612,0.0));
#16357=VECTOR('',#18604,0.0127);
#16358=CARTESIAN_POINT('',(-0.259266545125258,-2.53110712964582,0.0));
#16359=VECTOR('',#18605,0.0127);
#16360=CARTESIAN_POINT('',(-0.187993392805604,-2.49093571027432,0.0));
#16361=VECTOR('',#18606,0.0127);
#16362=CARTESIAN_POINT('',(-0.117664629645581,-2.47909876727667,0.0));
#16363=VECTOR('',#18607,0.0127);
#16364=CARTESIAN_POINT('',(-0.0478092602168484,-2.48142902246401,0.0));
#16365=VECTOR('',#18608,0.0127);
#16366=CARTESIAN_POINT('',(0.0215735149149286,-2.49792650250429,0.0));
#16367=VECTOR('',#18609,0.0127);
#16368=CARTESIAN_POINT('',(0.0900119008870904,-2.54275845891792,0.0));
#16369=VECTOR('',#18610,0.0127);
#16370=CARTESIAN_POINT('',(0.123521402993428,-2.58642524773606,0.0));
#16371=VECTOR('',#18611,0.0127);
#16372=CARTESIAN_POINT('',(0.122576214399507,-2.61475969744246,0.0));
#16373=VECTOR('',#18612,0.0127);
#16374=CARTESIAN_POINT('',(0.086231145187479,-2.65609629743102,0.0));
#16375=VECTOR('',#18613,0.0127);
#16376=CARTESIAN_POINT('',(1.02019645687453,-2.27362129783899,0.0));
#16377=VECTOR('',#18614,0.0127);
#16378=CARTESIAN_POINT('',(1.05598016671947,-2.21638602848883,0.0));
#16379=VECTOR('',#18615,0.0127);
#16380=CARTESIAN_POINT('',(1.06603607513364,-2.13800524336577,0.0));
#16381=VECTOR('',#18616,0.0127);
#16382=CARTESIAN_POINT('',(1.04303581811418,-2.07096547064371,0.0));
#16383=VECTOR('',#18617,0.0127);
#16384=CARTESIAN_POINT('',(0.986979405326548,-2.01526673849351,0.0));
#16385=VECTOR('',#18618,0.0127);
#16386=CARTESIAN_POINT('',(0.91899534306482,-1.97864634763056,0.0));
#16387=VECTOR('',#18619,0.0127);
#16388=CARTESIAN_POINT('',(0.822555928920412,-1.96677468033762,0.0));
#16389=VECTOR('',#18620,0.0127);
#16390=CARTESIAN_POINT('',(0.735315859222084,-1.98171917654229,0.0));
#16391=VECTOR('',#18621,0.0127);
#16392=CARTESIAN_POINT('',(0.652675840041696,-2.01007162470926,0.0));
#16393=VECTOR('',#18622,0.0127);
#16394=CARTESIAN_POINT('',(0.574636627969048,-2.05183176526451,0.0));
#16395=VECTOR('',#18623,0.0127);
#16396=CARTESIAN_POINT('',(0.505796760342226,-2.12040806931762,0.0));
#16397=VECTOR('',#18624,0.0127);
#16398=CARTESIAN_POINT('',(0.47461310222351,-2.19105129415154,0.0));
#16399=VECTOR('',#18625,0.0127);
#16400=CARTESIAN_POINT('',(0.464557197031068,-2.26943208866472,0.0));
#16401=VECTOR('',#18626,0.0127);
#16402=CARTESIAN_POINT('',(0.48022985308041,-2.36895814876739,0.0));
#16403=VECTOR('',#18627,0.0127);
#16404=CARTESIAN_POINT('',(0.51243020388659,-2.46281380428532,0.0));
#16405=VECTOR('',#18628,0.0127);
#16406=CARTESIAN_POINT('',(0.56115825589308,-2.55099907399876,0.0));
#16407=VECTOR('',#18629,0.0127);
#16408=CARTESIAN_POINT('',(0.617214678345924,-2.6066978343206,0.0));
#16409=VECTOR('',#18630,0.0127);
#16410=CARTESIAN_POINT('',(0.685198738996784,-2.64331822048786,0.0));
#16411=VECTOR('',#18631,0.0127);
#16412=CARTESIAN_POINT('',(0.781638908522714,-2.6551896246876,0.0));
#16413=VECTOR('',#18632,0.0127);
#16414=CARTESIAN_POINT('',(0.868878221228652,-2.64024538688246,0.0));
#16415=VECTOR('',#18633,0.0127);
#16416=CARTESIAN_POINT('',(0.93499053920873,-2.61756332451744,0.0));
#16417=VECTOR('',#18634,0.0127);
#16418=CARTESIAN_POINT('',(1.01302975168448,-2.5758031851372,0.0));
#16419=VECTOR('',#18635,0.0127);
#16420=CARTESIAN_POINT('',(1.08186962051907,-2.50722688460529,0.0));
#16421=VECTOR('',#18636,0.0127);
#16422=CARTESIAN_POINT('',(1.11305328024865,-2.43658366446656,0.0));
#16423=VECTOR('',#18637,0.0127);
#16424=CARTESIAN_POINT('',(1.11578083110342,-2.39068942629789,0.0));
#16425=VECTOR('',#18638,0.0127);
#16426=CARTESIAN_POINT('',(1.03314156851258,-2.41904161489109,0.0));
#16427=VECTOR('',#18639,0.0127);
#16428=CARTESIAN_POINT('',(1.01388555986821,-2.47060649843752,0.0));
#16429=VECTOR('',#18640,0.0127);
#16430=CARTESIAN_POINT('',(0.973501799908178,-2.51443381699937,0.0));
#16431=VECTOR('',#18641,0.0127);
#16432=CARTESIAN_POINT('',(0.928517989833052,-2.54485318477418,0.0));
#16433=VECTOR('',#18642,0.0127);
#16434=CARTESIAN_POINT('',(0.829350269452608,-2.57887601874514,0.0));
#16435=VECTOR('',#18643,0.0127);
#16436=CARTESIAN_POINT('',(0.775166359147036,-2.5824794849418,0.0));
#16437=VECTOR('',#18644,0.0127);
#16438=CARTESIAN_POINT('',(0.716382398726368,-2.57267500034964,0.0));
#16439=VECTOR('',#18645,0.0127);
#16440=CARTESIAN_POINT('',(0.669526089390914,-2.54379217916696,0.0));
#16441=VECTOR('',#18646,0.0127);
#16442=CARTESIAN_POINT('',(0.639198224958372,-2.50923867504424,0.0));
#16443=VECTOR('',#18647,0.0127);
#16444=CARTESIAN_POINT('',(0.595070223066978,-2.4344613561186,0.0));
#16445=VECTOR('',#18648,0.0127);
#16446=CARTESIAN_POINT('',(0.585870122836786,-2.40764545454198,0.0));
#16447=VECTOR('',#18649,0.0127);
#16448=CARTESIAN_POINT('',(0.703438043678122,-2.42725442372427,0.0));
#16449=VECTOR('',#18650,0.0127);
#16450=CARTESIAN_POINT('',(0.790677356383806,-2.41231018591938,0.0));
#16451=VECTOR('',#18651,0.0127);
#16452=CARTESIAN_POINT('',(0.873317375564194,-2.38395773775241,0.0));
#16453=VECTOR('',#18652,0.0127);
#16454=CARTESIAN_POINT('',(0.951357344629486,-2.34219733879712,0.0));
#16455=VECTOR('',#18653,0.0127);
#16456=CARTESIAN_POINT('',(0.978795999394688,-2.15294972196367,0.0));
#16457=VECTOR('',#18654,0.0127);
#16458=CARTESIAN_POINT('',(0.976068454983392,-2.1988439789131,0.0));
#16459=VECTOR('',#18655,0.0127);
#16460=CARTESIAN_POINT('',(0.952212396223672,-2.23700091167122,0.0));
#16461=VECTOR('',#18656,0.0127);
#16462=CARTESIAN_POINT('',(0.911828636263642,-2.28082823023332,0.0));
#16463=VECTOR('',#18657,0.0127);
#16464=CARTESIAN_POINT('',(0.866844826188516,-2.31124759800686,0.0));
#16465=VECTOR('',#18658,0.0127);
#16466=CARTESIAN_POINT('',(0.751149404607762,-2.35094081778181,0.0));
#16467=VECTOR('',#18659,0.0127);
#16468=CARTESIAN_POINT('',(0.69696549430219,-2.35454428397898,0.0));
#16469=VECTOR('',#18660,0.0127);
#16470=CARTESIAN_POINT('',(0.638181533881776,-2.34473979938758,0.0));
#16471=VECTOR('',#18661,0.0127);
#16472=CARTESIAN_POINT('',(0.595925274661164,-2.3292649289927,0.0));
#16473=VECTOR('',#18662,0.0127);
#16474=CARTESIAN_POINT('',(0.565597416672094,-2.29471144365099,0.0));
#16475=VECTOR('',#18663,0.0127);
#16476=CARTESIAN_POINT('',(0.551797266326552,-2.25448759128606,0.0));
#16477=VECTOR('',#18664,0.0127);
#16478=CARTESIAN_POINT('',(0.55452481718132,-2.20859335311739,0.0));
#16479=VECTOR('',#18665,0.0127);
#16480=CARTESIAN_POINT('',(0.573780822604208,-2.15702846018058,0.0));
#16481=VECTOR('',#18666,0.0127);
#16482=CARTESIAN_POINT('',(0.614164582563984,-2.11320114161873,0.0));
#16483=VECTOR('',#18667,0.0127);
#16484=CARTESIAN_POINT('',(0.65914839263911,-2.08278177384494,0.0));
#16485=VECTOR('',#18668,0.0127);
#16486=CARTESIAN_POINT('',(0.774843814219864,-2.04308855407024,0.0));
#16487=VECTOR('',#18669,0.0127);
#16488=CARTESIAN_POINT('',(0.829027724525436,-2.03948508787308,0.0));
#16489=VECTOR('',#18670,0.0127);
#16490=CARTESIAN_POINT('',(0.887811684946104,-2.04928957246422,0.0));
#16491=VECTOR('',#18671,0.0127);
#16492=CARTESIAN_POINT('',(0.934667997503294,-2.07817240303804,0.0));
#16493=VECTOR('',#18672,0.0127);
#16494=CARTESIAN_POINT('',(0.964995849049146,-2.11272586959899,0.0));
#16495=VECTOR('',#18673,0.0127);
#16496=CARTESIAN_POINT('',(-2.67700418344854,-0.67344408485285,0.00508));
#16497=CARTESIAN_POINT('',(-2.67700418344854,-0.67344408485285,0.0));
#16498=VECTOR('',#18674,0.00508);
#16499=CARTESIAN_POINT('',(-2.67700418344854,-0.610994862082,0.00508));
#16500=CARTESIAN_POINT('',(-2.67700418344854,-0.610994862082,0.00508));
#16501=VECTOR('',#18675,0.062449222770723);
#16502=CARTESIAN_POINT('',(-2.67700418344854,-0.610994862082,0.0));
#16503=VECTOR('',#18676,0.00508);
#16504=CARTESIAN_POINT('',(-2.59821967880298,-0.610994862082,0.00508));
#16505=CARTESIAN_POINT('',(-2.59821967880298,-0.610994862082,0.00508));
#16506=VECTOR('',#18677,0.078784504645687);
#16507=CARTESIAN_POINT('',(-2.59821967880298,-0.610994862082,0.0));
#16508=VECTOR('',#18678,0.00508);
#16509=CARTESIAN_POINT('',(-2.59821967880298,-0.588953959309436,0.00508));
#16510=CARTESIAN_POINT('',(-2.59821967880298,-0.588953959309436,0.00508));
#16511=VECTOR('',#18679,0.0220409027726046);
#16512=CARTESIAN_POINT('',(-2.59821967880298,-0.588953959309436,0.0));
#16513=VECTOR('',#18680,0.00508);
#16514=CARTESIAN_POINT('',(-2.774546900984,-0.588953959309436,0.00508));
#16515=CARTESIAN_POINT('',(-2.774546900984,-0.588953959309436,0.00508));
#16516=VECTOR('',#18681,0.176327222180842);
#16517=CARTESIAN_POINT('',(-2.774546900984,-0.588953959309436,0.0));
#16518=VECTOR('',#18682,0.00508);
#16519=CARTESIAN_POINT('',(-2.774546900984,-0.677117570399946,0.00508));
#16520=CARTESIAN_POINT('',(-2.774546900984,-0.677117570399946,0.00508));
#16521=VECTOR('',#18683,0.0881636110904338);
#16522=CARTESIAN_POINT('',(-2.774546900984,-0.677117570399946,0.0));
#16523=VECTOR('',#18684,0.00508);
#16524=CARTESIAN_POINT('',(-2.77079525840602,-0.69548499288042,0.00508));
#16525=CARTESIAN_POINT('',(-2.77079525840602,-0.69548499288042,0.00508));
#16526=VECTOR('',#18685,0.0187466538509836);
#16527=CARTESIAN_POINT('',(-2.77079525840602,-0.69548499288042,0.0));
#16528=VECTOR('',#18686,0.00508);
#16529=CARTESIAN_POINT('',(-2.75954033067208,-0.710178924558792,0.00508));
#16530=CARTESIAN_POINT('',(-2.75954033067208,-0.710178924558792,0.00508));
#16531=VECTOR('',#18687,0.0185090525543786);
#16532=CARTESIAN_POINT('',(-2.75954033067208,-0.710178924558792,0.0));
#16533=VECTOR('',#18688,0.00508);
#16534=CARTESIAN_POINT('',(-2.74453376036016,-0.721199375945074,0.00508));
#16535=CARTESIAN_POINT('',(-2.74453376036016,-0.721199375945074,0.00508));
#16536=VECTOR('',#18689,0.0186184720445613);
#16537=CARTESIAN_POINT('',(-2.74453376036016,-0.721199375945074,0.0));
#16538=VECTOR('',#18690,0.00508);
#16539=CARTESIAN_POINT('',(-2.73327883262876,-0.724872856237164,0.00508));
#16540=CARTESIAN_POINT('',(-2.73327883262876,-0.724872856237164,0.00508));
#16541=VECTOR('',#18691,0.0118392506412786);
#16542=CARTESIAN_POINT('',(-2.73327883262876,-0.724872856237164,0.0));
#16543=VECTOR('',#18692,0.00508);
#16544=CARTESIAN_POINT('',(-2.71827225180632,-0.724872856237164,0.00508));
#16545=CARTESIAN_POINT('',(-2.71827225180632,-0.724872856237164,0.00508));
#16546=VECTOR('',#18693,0.0150065808214951);
#16547=CARTESIAN_POINT('',(-2.71827225180632,-0.724872856237164,0.0));
#16548=VECTOR('',#18694,0.00508);
#16549=CARTESIAN_POINT('',(-2.70701732407238,-0.721199375945074,0.00508));
#16550=CARTESIAN_POINT('',(-2.70701732407238,-0.721199375945074,0.00508));
#16551=VECTOR('',#18695,0.0118392506412786);
#16552=CARTESIAN_POINT('',(-2.70701732407238,-0.721199375945074,0.0));
#16553=VECTOR('',#18696,0.00508);
#16554=CARTESIAN_POINT('',(-2.69201075376046,-0.710178924558792,0.00508));
#16555=CARTESIAN_POINT('',(-2.69201075376046,-0.710178924558792,0.00508));
#16556=VECTOR('',#18697,0.0186184720445613);
#16557=CARTESIAN_POINT('',(-2.69201075376046,-0.710178924558792,0.0));
#16558=VECTOR('',#18698,0.00508);
#16559=CARTESIAN_POINT('',(-2.6845074686045,-0.69548499288042,0.00508));
#16560=CARTESIAN_POINT('',(-2.6845074686045,-0.69548499288042,0.00508));
#16561=VECTOR('',#18699,0.0164988156029276);
#16562=CARTESIAN_POINT('',(-2.6845074686045,-0.69548499288042,0.0));
#16563=VECTOR('',#18700,0.00508);
#16564=CARTESIAN_POINT('',(-2.59821967880298,-0.728546347039266,0.00508));
#16565=CARTESIAN_POINT('',(-2.59821967880298,-0.728546347039266,0.00508));
#16566=VECTOR('',#18701,0.092404739097315);
#16567=CARTESIAN_POINT('',(-2.59821967880298,-0.728546347039266,0.0));
#16568=VECTOR('',#18702,0.00508);
#16569=CARTESIAN_POINT('',(-2.59821967880298,-0.7028319534646,0.00508));
#16570=CARTESIAN_POINT('',(-2.59821967880298,-0.7028319534646,0.00508));
#16571=VECTOR('',#18703,0.025714393574666);
#16572=CARTESIAN_POINT('',(-2.59821967880298,-0.7028319534646,0.0));
#16573=VECTOR('',#18704,0.00508);
#16574=CARTESIAN_POINT('',(-2.67700418344854,-0.67344408485285,0.00508));
#16575=VECTOR('',#18705,0.0840871273966052);
#16576=CARTESIAN_POINT('',(-2.69951403891642,-0.610994862082,0.00508));
#16577=CARTESIAN_POINT('',(-2.7557886880941,-0.610994862082,0.00508));
#16578=CARTESIAN_POINT('',(-2.69951403891642,-0.610994862082,0.00508));
#16579=VECTOR('',#18706,0.056274649178315);
#16580=CARTESIAN_POINT('',(-2.7557886880941,-0.680791050692036,0.00508));
#16581=CARTESIAN_POINT('',(-2.7557886880941,-0.610994862082,0.00508));
#16582=VECTOR('',#18707,0.0697961886099344);
#16583=CARTESIAN_POINT('',(-2.75203704551612,-0.691811502078318,0.00508));
#16584=CARTESIAN_POINT('',(-2.7557886880941,-0.680791050692036,0.00508));
#16585=VECTOR('',#18708,0.0116415278546295);
#16586=CARTESIAN_POINT('',(-2.74453376036016,-0.69915847317251,0.00508));
#16587=CARTESIAN_POINT('',(-2.75203704551612,-0.691811502078318,0.00508));
#16588=VECTOR('',#18709,0.0105012986048259);
#16589=CARTESIAN_POINT('',(-2.73327883262876,-0.7028319534646,0.00508));
#16590=CARTESIAN_POINT('',(-2.74453376036016,-0.69915847317251,0.00508));
#16591=VECTOR('',#18710,0.0118392506412786);
#16592=CARTESIAN_POINT('',(-2.7220238943843,-0.7028319534646,0.00508));
#16593=CARTESIAN_POINT('',(-2.73327883262876,-0.7028319534646,0.00508));
#16594=VECTOR('',#18711,0.0112549382436015);
#16595=CARTESIAN_POINT('',(-2.71076896665036,-0.69915847317251,0.00508));
#16596=CARTESIAN_POINT('',(-2.7220238943843,-0.7028319534646,0.00508));
#16597=VECTOR('',#18712,0.0118392506412786);
#16598=CARTESIAN_POINT('',(-2.7032656814944,-0.691811502078318,0.00508));
#16599=CARTESIAN_POINT('',(-2.71076896665036,-0.69915847317251,0.00508));
#16600=VECTOR('',#18713,0.0105012986048259);
#16601=CARTESIAN_POINT('',(-2.69951403891642,-0.680791050692036,0.00508));
#16602=CARTESIAN_POINT('',(-2.7032656814944,-0.691811502078318,0.00508));
#16603=VECTOR('',#18714,0.0116415278546295);
#16604=CARTESIAN_POINT('',(-2.69951403891642,-0.680791050692036,0.00508));
#16605=VECTOR('',#18715,0.0697961886099344);
#16606=CARTESIAN_POINT('',(-2.69951403891642,-0.610994862082,0.0));
#16607=VECTOR('',#18716,0.00508);
#16608=CARTESIAN_POINT('',(-2.69951403891642,-0.680791050692036,0.0));
#16609=VECTOR('',#18717,0.00508);
#16610=CARTESIAN_POINT('',(-2.7032656814944,-0.691811502078318,0.0));
#16611=VECTOR('',#18718,0.00508);
#16612=CARTESIAN_POINT('',(-2.71076896665036,-0.69915847317251,0.0));
#16613=VECTOR('',#18719,0.00508);
#16614=CARTESIAN_POINT('',(-2.7220238943843,-0.7028319534646,0.0));
#16615=VECTOR('',#18720,0.00508);
#16616=CARTESIAN_POINT('',(-2.73327883262876,-0.7028319534646,0.0));
#16617=VECTOR('',#18721,0.00508);
#16618=CARTESIAN_POINT('',(-2.74453376036016,-0.69915847317251,0.0));
#16619=VECTOR('',#18722,0.00508);
#16620=CARTESIAN_POINT('',(-2.75203704551612,-0.691811502078318,0.0));
#16621=VECTOR('',#18723,0.00508);
#16622=CARTESIAN_POINT('',(-2.7557886880941,-0.680791050692036,0.0));
#16623=VECTOR('',#18724,0.00508);
#16624=CARTESIAN_POINT('',(-2.7557886880941,-0.610994862082,0.0));
#16625=VECTOR('',#18725,0.00508);
#16626=CARTESIAN_POINT('',(-2.68197918474312,-0.496469741025004,0.00508));
#16627=CARTESIAN_POINT('',(-2.68197918474312,-0.496469741025004,0.0));
#16628=VECTOR('',#18726,0.00508);
#16629=CARTESIAN_POINT('',(-2.68197918474312,-0.80128155847254,0.00508));
#16630=AXIS2_PLACEMENT_3D('',#18727,#18728,#18729);
#16631=CARTESIAN_POINT('',(-2.68197918474312,-0.80128155847254,0.0));
#16632=VECTOR('',#18730,0.00508);
#16633=AXIS2_PLACEMENT_3D('',#18731,#18732,#18733);
#16634=CARTESIAN_POINT('',(-2.68197918474312,-0.457617523163936,0.00508));
#16635=CARTESIAN_POINT('',(-2.68197918474312,-0.840133776333608,0.00508));
#16636=AXIS2_PLACEMENT_3D('',#18734,#18735,#18736);
#16637=AXIS2_PLACEMENT_3D('',#18737,#18738,#18739);
#16638=CARTESIAN_POINT('',(-2.68197918474312,-0.457617523163936,0.0));
#16639=VECTOR('',#18740,0.00508);
#16640=CARTESIAN_POINT('',(-2.68197918474312,-0.840133776333608,0.0));
#16641=VECTOR('',#18741,0.00508);
#16642=CARTESIAN_POINT('',(-0.381,-1.81463402370844,0.2794));
#16643=CARTESIAN_POINT('',(-0.381,-1.81463402370844,0.0762));
#16644=CARTESIAN_POINT('',(-0.381,-1.81463402370844,0.2794));
#16645=VECTOR('',#18742,0.2032);
#16646=CARTESIAN_POINT('',(-0.381,-1.81463402370844,0.5842));
#16647=CARTESIAN_POINT('',(-0.381,-1.81463402370844,0.5842));
#16648=VECTOR('',#18743,0.3048);
#16649=CARTESIAN_POINT('',(0.0,-1.8542,0.5842));
#16650=AXIS2_PLACEMENT_3D('',#18744,#18745,#18746);
#16651=CARTESIAN_POINT('',(0.0,-1.8542,0.0));
#16652=VECTOR('',#18747,0.5842);
#16653=CARTESIAN_POINT('',(0.0,1.8542,0.5842));
#16654=CARTESIAN_POINT('',(0.0,1.8542,0.0));
#16655=VECTOR('',#18748,0.5842);
#16656=CARTESIAN_POINT('',(-0.381,1.81463402370844,0.5842));
#16657=AXIS2_PLACEMENT_3D('',#18749,#18750,#18751);
#16658=CARTESIAN_POINT('',(-0.381,1.81463402370844,0.0762));
#16659=CARTESIAN_POINT('',(-0.381,1.81463402370844,0.5842));
#16660=VECTOR('',#18752,0.508);
#16661=AXIS2_PLACEMENT_3D('',#18753,#18754,#18755);
#16662=CARTESIAN_POINT('',(-0.381,-0.508,0.0762));
#16663=CARTESIAN_POINT('',(-0.381,1.81463402370844,0.0762));
#16664=VECTOR('',#18756,2.32263402370844);
#16665=CARTESIAN_POINT('',(-1.016,-0.508,0.0762));
#16666=CARTESIAN_POINT('',(-0.381,-0.508,0.0762));
#16667=VECTOR('',#18757,0.635);
#16668=CARTESIAN_POINT('',(-1.12161707636334,-0.705526825963338,0.0762));
#16669=AXIS2_PLACEMENT_3D('',#18758,#18759,#18760);
#16670=CARTESIAN_POINT('',(-1.12161707636334,-0.705526825963338,0.0762));
#16671=VECTOR('',#18761,1.33365378936603);
#16672=CARTESIAN_POINT('',(0.381,-1.81463402370844,0.0762));
#16673=CARTESIAN_POINT('',(1.12161707636334,-0.705526825963338,0.0762));
#16674=CARTESIAN_POINT('',(0.381,-1.81463402370844,0.0762));
#16675=VECTOR('',#18762,1.33365378936603);
#16676=CARTESIAN_POINT('',(1.016,-0.508,0.0762));
#16677=AXIS2_PLACEMENT_3D('',#18763,#18764,#18765);
#16678=CARTESIAN_POINT('',(0.381,-0.508,0.0762));
#16679=CARTESIAN_POINT('',(1.016,-0.508,0.0762));
#16680=VECTOR('',#18766,0.635);
#16681=CARTESIAN_POINT('',(0.381,1.81463402370844,0.0762));
#16682=CARTESIAN_POINT('',(0.381,-0.508,0.0762));
#16683=VECTOR('',#18767,2.32263402370844);
#16684=AXIS2_PLACEMENT_3D('',#18768,#18769,#18770);
#16685=CARTESIAN_POINT('',(-1.12161707636334,-0.705526825963338,0.2794));
#16686=CARTESIAN_POINT('',(-1.12161707636334,-0.705526825963338,0.2794));
#16687=VECTOR('',#18771,0.2032);
#16688=CARTESIAN_POINT('',(-1.12161707636334,-0.705526825963338,0.2794));
#16689=VECTOR('',#18772,1.33365378936603);
#16690=CARTESIAN_POINT('',(0.381,-1.81463402370844,0.2794));
#16691=CARTESIAN_POINT('',(0.381,-0.508,0.2794));
#16692=CARTESIAN_POINT('',(0.381,-1.81463402370844,0.2794));
#16693=VECTOR('',#18773,1.30663402370844);
#16694=CARTESIAN_POINT('',(1.016,-0.508,0.2794));
#16695=CARTESIAN_POINT('',(1.016,-0.508,0.2794));
#16696=VECTOR('',#18774,0.635);
#16697=CARTESIAN_POINT('',(1.12161707636334,-0.705526825963338,0.2794));
#16698=AXIS2_PLACEMENT_3D('',#18775,#18776,#18777);
#16699=CARTESIAN_POINT('',(0.381,-1.81463402370844,0.2794));
#16700=VECTOR('',#18778,1.33365378936603);
#16701=CARTESIAN_POINT('',(-0.381,-0.508,0.2794));
#16702=CARTESIAN_POINT('',(-0.381,-0.508,0.2794));
#16703=VECTOR('',#18779,1.30663402370844);
#16704=CARTESIAN_POINT('',(-1.016,-0.508,0.2794));
#16705=AXIS2_PLACEMENT_3D('',#18780,#18781,#18782);
#16706=CARTESIAN_POINT('',(-0.381,-0.508,0.2794));
#16707=VECTOR('',#18783,0.635);
#16708=CARTESIAN_POINT('',(1.12161707636334,-0.705526825963338,0.2794));
#16709=VECTOR('',#18784,0.2032);
#16710=CARTESIAN_POINT('',(0.381,-1.81463402370844,0.2794));
#16711=VECTOR('',#18785,0.2032);
#16712=CARTESIAN_POINT('',(0.381,1.81463402370844,0.5842));
#16713=CARTESIAN_POINT('',(0.381,1.81463402370844,0.0762));
#16714=VECTOR('',#18786,0.508);
#16715=AXIS2_PLACEMENT_3D('',#18787,#18788,#18789);
#16716=CARTESIAN_POINT('',(0.381,-1.81463402370844,0.5842));
#16717=AXIS2_PLACEMENT_3D('',#18790,#18791,#18792);
#16718=CARTESIAN_POINT('',(0.381,-1.81463402370844,0.5842));
#16719=VECTOR('',#18793,0.3048);
#16720=CARTESIAN_POINT('',(0.381,-1.5748,0.5842));
#16721=CARTESIAN_POINT('',(0.381,-1.81463402370844,0.5842));
#16722=VECTOR('',#18794,0.239834023708362);
#16723=CARTESIAN_POINT('',(0.381,-1.5748,0.9144));
#16724=CARTESIAN_POINT('',(0.381,-1.5748,0.9144));
#16725=VECTOR('',#18795,0.3302);
#16726=CARTESIAN_POINT('',(0.381,1.5748,0.9144));
#16727=CARTESIAN_POINT('',(0.381,-1.5748,0.9144));
#16728=VECTOR('',#18796,3.1496);
#16729=CARTESIAN_POINT('',(0.381,1.5748,0.5842));
#16730=CARTESIAN_POINT('',(0.381,1.5748,0.9144));
#16731=VECTOR('',#18797,0.3302);
#16732=CARTESIAN_POINT('',(0.381,1.5748,0.5842));
#16733=VECTOR('',#18798,0.239834023708362);
#16734=CARTESIAN_POINT('',(0.381,-0.508,0.2794));
#16735=VECTOR('',#18799,0.2032);
#16736=CARTESIAN_POINT('',(1.016,-0.508,0.2794));
#16737=VECTOR('',#18800,0.2032);
#16738=CARTESIAN_POINT('',(-0.381,1.5748,0.5842));
#16739=CARTESIAN_POINT('',(0.381,1.5748,0.5842));
#16740=VECTOR('',#18801,0.762);
#16741=CARTESIAN_POINT('',(-0.381,1.81463402370844,0.5842));
#16742=VECTOR('',#18802,0.239834023708362);
#16743=CARTESIAN_POINT('',(-0.381,-1.5748,0.5842));
#16744=CARTESIAN_POINT('',(-0.381,-1.5748,0.5842));
#16745=VECTOR('',#18803,0.762);
#16746=CARTESIAN_POINT('',(-0.381,-1.5748,0.5842));
#16747=VECTOR('',#18804,0.239834023708362);
#16748=CARTESIAN_POINT('',(-0.381,1.5748,0.9144));
#16749=CARTESIAN_POINT('',(-0.381,1.5748,0.9144));
#16750=VECTOR('',#18805,0.3302);
#16751=CARTESIAN_POINT('',(-0.381,-1.5748,0.9144));
#16752=CARTESIAN_POINT('',(-0.381,1.5748,0.9144));
#16753=VECTOR('',#18806,3.1496);
#16754=CARTESIAN_POINT('',(-0.381,-1.5748,0.9144));
#16755=VECTOR('',#18807,0.3302);
#16756=CARTESIAN_POINT('',(-0.381,-0.508,0.2794));
#16757=VECTOR('',#18808,0.2032);
#16758=CARTESIAN_POINT('',(-1.016,-0.508,0.2794));
#16759=VECTOR('',#18809,0.2032);
#16760=CARTESIAN_POINT('',(-0.381,-1.5748,0.9144));
#16761=VECTOR('',#18810,0.762);
#16762=CARTESIAN_POINT('',(0.381,1.5748,0.9144));
#16763=VECTOR('',#18811,0.762);
#16764=CARTESIAN_POINT('',(4.445,2.2479,4.17605318539026));
#16765=CARTESIAN_POINT('',(4.445,2.2479,4.572));
#16766=CARTESIAN_POINT('',(4.445,2.2479,4.17605318539026));
#16767=VECTOR('',#18812,0.395946814610248);
#16768=CARTESIAN_POINT('',(4.445,1.905,4.572));
#16769=CARTESIAN_POINT('',(4.445,2.2479,4.572));
#16770=VECTOR('',#18813,0.3429);
#16771=CARTESIAN_POINT('',(4.445,1.905,0.0));
#16772=VECTOR('',#18814,4.572);
#16773=CARTESIAN_POINT('',(4.445,3.175,4.572));
#16774=CARTESIAN_POINT('',(4.445,3.175,4.572));
#16775=VECTOR('',#18815,4.572);
#16776=CARTESIAN_POINT('',(4.445,2.8321,4.572));
#16777=CARTESIAN_POINT('',(4.445,3.175,4.572));
#16778=VECTOR('',#18816,0.3429);
#16779=CARTESIAN_POINT('',(4.445,2.8321,4.17605318539026));
#16780=CARTESIAN_POINT('',(4.445,2.8321,4.572));
#16781=VECTOR('',#18817,0.395946814610248);
#16782=CARTESIAN_POINT('',(4.445,2.8321,4.17605318539026));
#16783=VECTOR('',#18818,0.5842);
#16784=CARTESIAN_POINT('',(4.445,-0.2921,4.17605318539026));
#16785=CARTESIAN_POINT('',(3.7338,-0.2921,4.17605318539026));
#16786=CARTESIAN_POINT('',(4.445,-0.2921,4.17605318539026));
#16787=VECTOR('',#18819,0.7112);
#16788=CARTESIAN_POINT('',(4.445,0.2921,4.17605318539026));
#16789=CARTESIAN_POINT('',(4.445,0.2921,4.17605318539026));
#16790=VECTOR('',#18820,0.5842);
#16791=CARTESIAN_POINT('',(3.7338,0.2921,4.17605318539026));
#16792=CARTESIAN_POINT('',(4.445,0.2921,4.17605318539026));
#16793=VECTOR('',#18821,0.7112);
#16794=CARTESIAN_POINT('',(3.7338,2.2479,4.17605318539026));
#16795=CARTESIAN_POINT('',(3.7338,0.2921,4.17605318539026));
#16796=VECTOR('',#18822,1.9558);
#16797=CARTESIAN_POINT('',(4.445,2.2479,4.17605318539026));
#16798=VECTOR('',#18823,0.7112);
#16799=CARTESIAN_POINT('',(3.7338,2.8321,4.17605318539026));
#16800=CARTESIAN_POINT('',(4.445,2.8321,4.17605318539026));
#16801=VECTOR('',#18824,0.7112);
#16802=CARTESIAN_POINT('',(3.7338,4.1275,4.17605318539026));
#16803=CARTESIAN_POINT('',(3.7338,2.8321,4.17605318539026));
#16804=VECTOR('',#18825,1.2954);
#16805=CARTESIAN_POINT('',(-3.429,4.1275,4.17605318539026));
#16806=CARTESIAN_POINT('',(3.7338,4.1275,4.17605318539026));
#16807=VECTOR('',#18826,7.1628);
#16808=CARTESIAN_POINT('',(-3.429,-1.7145,4.17605318539026));
#16809=CARTESIAN_POINT('',(-3.429,4.1275,4.17605318539026));
#16810=VECTOR('',#18827,5.842);
#16811=CARTESIAN_POINT('',(-1.016,-4.1275,4.17605318539026));
#16812=CARTESIAN_POINT('',(-3.429,-1.7145,4.17605318539026));
#16813=VECTOR('',#18828,3.41249732600516);
#16814=CARTESIAN_POINT('',(3.7338,-4.1275,4.17605318539026));
#16815=CARTESIAN_POINT('',(-1.016,-4.1275,4.17605318539026));
#16816=VECTOR('',#18829,4.7498);
#16817=CARTESIAN_POINT('',(3.7338,-2.8321,4.17605318539026));
#16818=CARTESIAN_POINT('',(3.7338,-4.1275,4.17605318539026));
#16819=VECTOR('',#18830,1.2954);
#16820=CARTESIAN_POINT('',(4.445,-2.8321,4.17605318539026));
#16821=CARTESIAN_POINT('',(4.445,-2.8321,4.17605318539026));
#16822=VECTOR('',#18831,0.7112);
#16823=CARTESIAN_POINT('',(4.445,-2.2479,4.17605318539026));
#16824=CARTESIAN_POINT('',(4.445,-2.2479,4.17605318539026));
#16825=VECTOR('',#18832,0.5842);
#16826=CARTESIAN_POINT('',(3.7338,-2.2479,4.17605318539026));
#16827=CARTESIAN_POINT('',(4.445,-2.2479,4.17605318539026));
#16828=VECTOR('',#18833,0.7112);
#16829=CARTESIAN_POINT('',(3.7338,-2.2479,4.17605318539026));
#16830=VECTOR('',#18834,1.9558);
#16831=CARTESIAN_POINT('',(3.9624,-2.2479,4.572));
#16832=CARTESIAN_POINT('',(3.9624,-2.2479,4.572));
#16833=VECTOR('',#18835,0.4572);
#16834=CARTESIAN_POINT('',(3.9624,-0.2921,4.572));
#16835=CARTESIAN_POINT('',(3.9624,-2.2479,4.572));
#16836=VECTOR('',#18836,1.9558);
#16837=CARTESIAN_POINT('',(3.9624,-0.2921,4.572));
#16838=VECTOR('',#18837,0.4572);
#16839=CARTESIAN_POINT('',(4.445,-0.2921,4.572));
#16840=CARTESIAN_POINT('',(4.445,-0.2921,4.572));
#16841=VECTOR('',#18838,0.4826);
#16842=CARTESIAN_POINT('',(4.445,-0.2921,4.17605318539026));
#16843=VECTOR('',#18839,0.395946814610248);
#16844=CARTESIAN_POINT('',(4.445,0.635,4.572));
#16845=CARTESIAN_POINT('',(4.445,0.635,4.572));
#16846=VECTOR('',#18840,4.572);
#16847=CARTESIAN_POINT('',(4.445,0.2921,4.572));
#16848=CARTESIAN_POINT('',(4.445,0.635,4.572));
#16849=VECTOR('',#18841,0.3429);
#16850=CARTESIAN_POINT('',(4.445,0.2921,4.572));
#16851=VECTOR('',#18842,0.395946814610248);
#16852=CARTESIAN_POINT('',(4.445,-0.635,4.572));
#16853=CARTESIAN_POINT('',(4.445,-0.635,4.572));
#16854=VECTOR('',#18843,0.3429);
#16855=CARTESIAN_POINT('',(4.445,-0.635,0.0));
#16856=VECTOR('',#18844,4.572);
#16857=CARTESIAN_POINT('',(4.699,-0.635,4.572));
#16858=CARTESIAN_POINT('',(4.699,-0.635,4.572));
#16859=VECTOR('',#18845,0.254);
#16860=CARTESIAN_POINT('',(4.699,-0.635,0.0));
#16861=VECTOR('',#18846,4.572);
#16862=CARTESIAN_POINT('',(4.699,-0.4699,4.572));
#16863=CARTESIAN_POINT('',(4.699,-0.4699,4.572));
#16864=VECTOR('',#18847,0.1651);
#16865=CARTESIAN_POINT('',(4.699,-0.4699,0.0));
#16866=VECTOR('',#18848,4.572);
#16867=CARTESIAN_POINT('',(5.207,-0.4699,4.572));
#16868=CARTESIAN_POINT('',(5.1343922820839,-0.2921,4.572));
#16869=AXIS2_PLACEMENT_3D('',#18849,#18850,#18851);
#16870=CARTESIAN_POINT('',(5.207,-0.4699,0.0));
#16871=VECTOR('',#18852,4.572);
#16872=CARTESIAN_POINT('',(4.7716077179161,-0.2921,4.572));
#16873=AXIS2_PLACEMENT_3D('',#18853,#18854,#18855);
#16874=CARTESIAN_POINT('',(4.7716077179161,-0.2921,3.3782));
#16875=CARTESIAN_POINT('',(4.7716077179161,-0.2921,3.3782));
#16876=VECTOR('',#18856,1.1938);
#16877=CARTESIAN_POINT('',(5.1343922820839,-0.2921,3.3782));
#16878=AXIS2_PLACEMENT_3D('',#18857,#18858,#18859);
#16879=CARTESIAN_POINT('',(5.1343922820839,-0.2921,4.572));
#16880=VECTOR('',#18860,1.1938);
#16881=CARTESIAN_POINT('',(5.1343922820839,-0.2921,4.572));
#16882=VECTOR('',#18861,0.362784564170086);
#16883=CARTESIAN_POINT('',(5.1343922820839,-0.2921,3.3782));
#16884=VECTOR('',#18862,0.362784564170086);
#16885=CARTESIAN_POINT('',(-3.6576,4.1275,4.572));
#16886=CARTESIAN_POINT('',(-3.937,4.1275,4.572));
#16887=CARTESIAN_POINT('',(-3.6576,4.1275,4.572));
#16888=VECTOR('',#18863,0.2794);
#16889=CARTESIAN_POINT('',(-3.937,-4.1275,4.572));
#16890=CARTESIAN_POINT('',(-3.937,4.1275,4.572));
#16891=VECTOR('',#18864,8.255);
#16892=CARTESIAN_POINT('',(-2.794,-4.1275,4.572));
#16893=CARTESIAN_POINT('',(-3.937,-4.1275,4.572));
#16894=VECTOR('',#18865,1.143);
#16895=CARTESIAN_POINT('',(-2.794,-4.7879,4.572));
#16896=CARTESIAN_POINT('',(-2.794,-4.1275,4.572));
#16897=VECTOR('',#18866,0.6604);
#16898=CARTESIAN_POINT('',(4.4958,-4.7879,4.572));
#16899=CARTESIAN_POINT('',(-2.794,-4.7879,4.572));
#16900=VECTOR('',#18867,7.2898);
#16901=CARTESIAN_POINT('',(4.4958,-4.1275,4.572));
#16902=CARTESIAN_POINT('',(4.4958,-4.7879,4.572));
#16903=VECTOR('',#18868,0.6604);
#16904=CARTESIAN_POINT('',(5.207,-4.1275,4.572));
#16905=CARTESIAN_POINT('',(4.4958,-4.1275,4.572));
#16906=VECTOR('',#18869,0.7112);
#16907=CARTESIAN_POINT('',(5.207,-3.0099,4.572));
#16908=CARTESIAN_POINT('',(5.207,-3.0099,4.572));
#16909=VECTOR('',#18870,1.1176);
#16910=CARTESIAN_POINT('',(5.1343922820839,-2.8321,4.572));
#16911=AXIS2_PLACEMENT_3D('',#18871,#18872,#18873);
#16912=CARTESIAN_POINT('',(4.7716077179161,-2.8321,4.572));
#16913=CARTESIAN_POINT('',(5.1343922820839,-2.8321,4.572));
#16914=VECTOR('',#18874,0.362784564170086);
#16915=CARTESIAN_POINT('',(4.699,-3.0099,4.572));
#16916=AXIS2_PLACEMENT_3D('',#18875,#18876,#18877);
#16917=CARTESIAN_POINT('',(4.699,-3.175,4.572));
#16918=CARTESIAN_POINT('',(4.699,-3.0099,4.572));
#16919=VECTOR('',#18878,0.1651);
#16920=CARTESIAN_POINT('',(4.445,-3.175,4.572));
#16921=CARTESIAN_POINT('',(4.699,-3.175,4.572));
#16922=VECTOR('',#18879,0.254);
#16923=CARTESIAN_POINT('',(4.445,-2.8321,4.572));
#16924=CARTESIAN_POINT('',(4.445,-3.175,4.572));
#16925=VECTOR('',#18880,0.3429);
#16926=CARTESIAN_POINT('',(3.9624,-2.8321,4.572));
#16927=CARTESIAN_POINT('',(4.445,-2.8321,4.572));
#16928=VECTOR('',#18881,0.4826);
#16929=CARTESIAN_POINT('',(3.9624,-4.3561,4.572));
#16930=CARTESIAN_POINT('',(3.9624,-4.3561,4.572));
#16931=VECTOR('',#18882,1.524);
#16932=CARTESIAN_POINT('',(-1.11068922035854,-4.3561,4.572));
#16933=CARTESIAN_POINT('',(-1.11068922035854,-4.3561,4.572));
#16934=VECTOR('',#18883,5.07308922035956);
#16935=CARTESIAN_POINT('',(-3.6576,-1.80918922035854,4.572));
#16936=CARTESIAN_POINT('',(-3.6576,-1.80918922035854,4.572));
#16937=VECTOR('',#18884,3.60187576672428);
#16938=CARTESIAN_POINT('',(-3.6576,4.1275,4.572));
#16939=VECTOR('',#18885,5.93668922035956);
#16940=CARTESIAN_POINT('',(3.9624,4.3561,4.572));
#16941=CARTESIAN_POINT('',(-2.794,4.3561,4.572));
#16942=CARTESIAN_POINT('',(3.9624,4.3561,4.572));
#16943=VECTOR('',#18886,6.7564);
#16944=CARTESIAN_POINT('',(3.9624,2.8321,4.572));
#16945=CARTESIAN_POINT('',(3.9624,2.8321,4.572));
#16946=VECTOR('',#18887,1.524);
#16947=CARTESIAN_POINT('',(4.445,2.8321,4.572));
#16948=VECTOR('',#18888,0.4826);
#16949=CARTESIAN_POINT('',(4.699,3.175,4.572));
#16950=CARTESIAN_POINT('',(4.699,3.175,4.572));
#16951=VECTOR('',#18889,0.254);
#16952=CARTESIAN_POINT('',(4.699,3.0099,4.572));
#16953=CARTESIAN_POINT('',(4.699,3.0099,4.572));
#16954=VECTOR('',#18890,0.1651);
#16955=CARTESIAN_POINT('',(4.7716077179161,2.8321,4.572));
#16956=AXIS2_PLACEMENT_3D('',#18891,#18892,#18893);
#16957=CARTESIAN_POINT('',(5.1343922820839,2.8321,4.572));
#16958=CARTESIAN_POINT('',(5.1343922820839,2.8321,4.572));
#16959=VECTOR('',#18894,0.362784564170086);
#16960=CARTESIAN_POINT('',(5.207,3.0099,4.572));
#16961=AXIS2_PLACEMENT_3D('',#18895,#18896,#18897);
#16962=CARTESIAN_POINT('',(5.207,4.1275,4.572));
#16963=CARTESIAN_POINT('',(5.207,4.1275,4.572));
#16964=VECTOR('',#18898,1.1176);
#16965=CARTESIAN_POINT('',(4.4958,4.1275,4.572));
#16966=CARTESIAN_POINT('',(5.207,4.1275,4.572));
#16967=VECTOR('',#18899,0.7112);
#16968=CARTESIAN_POINT('',(4.4958,4.7879,4.572));
#16969=CARTESIAN_POINT('',(4.4958,4.1275,4.572));
#16970=VECTOR('',#18900,0.6604);
#16971=CARTESIAN_POINT('',(-2.794,4.7879,4.572));
#16972=CARTESIAN_POINT('',(4.4958,4.7879,4.572));
#16973=VECTOR('',#18901,7.2898);
#16974=CARTESIAN_POINT('',(-2.794,4.7879,4.572));
#16975=VECTOR('',#18902,0.4318);
#16976=CARTESIAN_POINT('',(4.7716077179161,2.2479,4.572));
#16977=CARTESIAN_POINT('',(4.699,2.0701,4.572));
#16978=AXIS2_PLACEMENT_3D('',#18903,#18904,#18905);
#16979=CARTESIAN_POINT('',(4.699,1.905,4.572));
#16980=CARTESIAN_POINT('',(4.699,1.905,4.572));
#16981=VECTOR('',#18906,0.1651);
#16982=CARTESIAN_POINT('',(4.445,1.905,4.572));
#16983=VECTOR('',#18907,0.254);
#16984=CARTESIAN_POINT('',(3.9624,2.2479,4.572));
#16985=CARTESIAN_POINT('',(3.9624,2.2479,4.572));
#16986=VECTOR('',#18908,0.4826);
#16987=CARTESIAN_POINT('',(3.9624,0.2921,4.572));
#16988=CARTESIAN_POINT('',(3.9624,0.2921,4.572));
#16989=VECTOR('',#18909,1.9558);
#16990=CARTESIAN_POINT('',(4.445,0.2921,4.572));
#16991=VECTOR('',#18910,0.4826);
#16992=CARTESIAN_POINT('',(4.699,0.635,4.572));
#16993=CARTESIAN_POINT('',(4.699,0.635,4.572));
#16994=VECTOR('',#18911,0.254);
#16995=CARTESIAN_POINT('',(4.699,0.4699,4.572));
#16996=CARTESIAN_POINT('',(4.699,0.4699,4.572));
#16997=VECTOR('',#18912,0.1651);
#16998=CARTESIAN_POINT('',(4.7716077179161,0.2921,4.572));
#16999=AXIS2_PLACEMENT_3D('',#18913,#18914,#18915);
#17000=CARTESIAN_POINT('',(5.1343922820839,0.2921,4.572));
#17001=CARTESIAN_POINT('',(5.1343922820839,0.2921,4.572));
#17002=VECTOR('',#18916,0.362784564170086);
#17003=CARTESIAN_POINT('',(5.207,0.4699,4.572));
#17004=AXIS2_PLACEMENT_3D('',#18917,#18918,#18919);
#17005=CARTESIAN_POINT('',(5.207,2.0701,4.572));
#17006=CARTESIAN_POINT('',(5.207,2.0701,4.572));
#17007=VECTOR('',#18920,1.6002);
#17008=CARTESIAN_POINT('',(5.1343922820839,2.2479,4.572));
#17009=AXIS2_PLACEMENT_3D('',#18921,#18922,#18923);
#17010=CARTESIAN_POINT('',(5.1343922820839,2.2479,4.572));
#17011=VECTOR('',#18924,0.362784564170086);
#17012=CARTESIAN_POINT('',(5.1343922820839,-2.2479,4.572));
#17013=CARTESIAN_POINT('',(5.207,-2.0701,4.572));
#17014=AXIS2_PLACEMENT_3D('',#18925,#18926,#18927);
#17015=CARTESIAN_POINT('',(5.207,-0.4699,4.572));
#17016=VECTOR('',#18928,1.6002);
#17017=CARTESIAN_POINT('',(4.445,-2.2479,4.572));
#17018=CARTESIAN_POINT('',(4.445,-2.2479,4.572));
#17019=VECTOR('',#18929,0.4826);
#17020=CARTESIAN_POINT('',(4.445,-1.905,4.572));
#17021=CARTESIAN_POINT('',(4.445,-1.905,4.572));
#17022=VECTOR('',#18930,0.3429);
#17023=CARTESIAN_POINT('',(4.699,-1.905,4.572));
#17024=CARTESIAN_POINT('',(4.699,-1.905,4.572));
#17025=VECTOR('',#18931,0.254);
#17026=CARTESIAN_POINT('',(4.699,-2.0701,4.572));
#17027=CARTESIAN_POINT('',(4.699,-2.0701,4.572));
#17028=VECTOR('',#18932,0.1651);
#17029=CARTESIAN_POINT('',(4.7716077179161,-2.2479,4.572));
#17030=AXIS2_PLACEMENT_3D('',#18933,#18934,#18935);
#17031=CARTESIAN_POINT('',(5.1343922820839,-2.2479,4.572));
#17032=VECTOR('',#18936,0.362784564170086);
#17033=CARTESIAN_POINT('',(-3.6576,4.3561,4.572));
#17034=CARTESIAN_POINT('',(-3.6576,4.3561,4.572));
#17035=VECTOR('',#18937,0.5111651396565);
#17036=CARTESIAN_POINT('',(-3.6576,4.3561,4.572));
#17037=VECTOR('',#18938,0.2286);
#17038=CARTESIAN_POINT('',(-3.6576,-1.80918922035854,4.572));
#17039=VECTOR('',#18939,0.466902439972272);
#17040=CARTESIAN_POINT('',(-1.11068922035854,-4.3561,4.572));
#17041=VECTOR('',#18940,0.466902439972272);
#17042=CARTESIAN_POINT('',(3.9624,-4.3561,4.572));
#17043=VECTOR('',#18941,0.5111651396565);
#17044=CARTESIAN_POINT('',(3.9624,-2.8321,4.572));
#17045=VECTOR('',#18942,0.4572);
#17046=CARTESIAN_POINT('',(4.445,-2.8321,4.17605318539026));
#17047=VECTOR('',#18943,0.395946814610248);
#17048=CARTESIAN_POINT('',(4.445,-1.905,4.572));
#17049=VECTOR('',#18944,4.572);
#17050=CARTESIAN_POINT('',(4.445,-2.2479,4.572));
#17051=VECTOR('',#18945,0.395946814610248);
#17052=CARTESIAN_POINT('',(4.445,-3.175,0.0));
#17053=VECTOR('',#18946,4.572);
#17054=CARTESIAN_POINT('',(4.699,-3.175,0.0));
#17055=VECTOR('',#18947,4.572);
#17056=CARTESIAN_POINT('',(4.699,-3.0099,0.0));
#17057=VECTOR('',#18948,4.572);
#17058=CARTESIAN_POINT('',(5.207,-3.0099,0.0));
#17059=VECTOR('',#18949,4.572);
#17060=CARTESIAN_POINT('',(4.7716077179161,-2.8321,3.3782));
#17061=CARTESIAN_POINT('',(4.7716077179161,-2.8321,3.3782));
#17062=VECTOR('',#18950,1.1938);
#17063=CARTESIAN_POINT('',(5.1343922820839,-2.8321,3.3782));
#17064=AXIS2_PLACEMENT_3D('',#18951,#18952,#18953);
#17065=CARTESIAN_POINT('',(5.1343922820839,-2.8321,4.572));
#17066=VECTOR('',#18954,1.1938);
#17067=CARTESIAN_POINT('',(5.1343922820839,-2.8321,3.3782));
#17068=VECTOR('',#18955,0.362784564170086);
#17069=CARTESIAN_POINT('',(5.207,0.4699,4.572));
#17070=VECTOR('',#18956,4.572);
#17071=CARTESIAN_POINT('',(5.207,2.0701,0.0));
#17072=VECTOR('',#18957,4.572);
#17073=CARTESIAN_POINT('',(5.207,4.1275,4.572));
#17074=VECTOR('',#18958,4.572);
#17075=CARTESIAN_POINT('',(5.207,3.0099,4.572));
#17076=VECTOR('',#18959,4.572);
#17077=CARTESIAN_POINT('',(5.207,-2.0701,4.572));
#17078=VECTOR('',#18960,4.572);
#17079=CARTESIAN_POINT('',(5.207,-4.1275,4.572));
#17080=VECTOR('',#18961,4.572);
#17081=CARTESIAN_POINT('',(5.1343922820839,2.2479,3.3782));
#17082=CARTESIAN_POINT('',(5.1343922820839,2.2479,4.572));
#17083=VECTOR('',#18962,1.1938);
#17084=CARTESIAN_POINT('',(4.699,2.0701,0.0));
#17085=VECTOR('',#18963,4.572);
#17086=CARTESIAN_POINT('',(4.7716077179161,2.2479,3.3782));
#17087=CARTESIAN_POINT('',(4.7716077179161,2.2479,4.572));
#17088=VECTOR('',#18964,1.1938);
#17089=AXIS2_PLACEMENT_3D('',#18965,#18966,#18967);
#17090=CARTESIAN_POINT('',(5.1343922820839,2.2479,3.3782));
#17091=VECTOR('',#18968,0.362784564170086);
#17092=CARTESIAN_POINT('',(4.699,1.905,0.0));
#17093=VECTOR('',#18969,4.572);
#17094=CARTESIAN_POINT('',(4.7716077179161,0.2921,3.3782));
#17095=CARTESIAN_POINT('',(4.7716077179161,0.2921,3.3782));
#17096=VECTOR('',#18970,1.1938);
#17097=CARTESIAN_POINT('',(4.699,0.4699,4.572));
#17098=VECTOR('',#18971,4.572);
#17099=CARTESIAN_POINT('',(5.1343922820839,0.2921,3.3782));
#17100=CARTESIAN_POINT('',(5.1343922820839,0.2921,3.3782));
#17101=VECTOR('',#18972,1.1938);
#17102=AXIS2_PLACEMENT_3D('',#18973,#18974,#18975);
#17103=CARTESIAN_POINT('',(5.1343922820839,0.2921,3.3782));
#17104=VECTOR('',#18976,0.362784564170086);
#17105=CARTESIAN_POINT('',(4.699,0.635,4.572));
#17106=VECTOR('',#18977,4.572);
#17107=CARTESIAN_POINT('',(4.699,3.0099,4.572));
#17108=VECTOR('',#18978,4.572);
#17109=CARTESIAN_POINT('',(5.1343922820839,2.8321,3.3782));
#17110=CARTESIAN_POINT('',(5.1343922820839,2.8321,3.3782));
#17111=VECTOR('',#18979,1.1938);
#17112=CARTESIAN_POINT('',(4.7716077179161,2.8321,3.3782));
#17113=AXIS2_PLACEMENT_3D('',#18980,#18981,#18982);
#17114=CARTESIAN_POINT('',(4.7716077179161,2.8321,4.572));
#17115=VECTOR('',#18983,1.1938);
#17116=CARTESIAN_POINT('',(5.1343922820839,2.8321,3.3782));
#17117=VECTOR('',#18984,0.362784564170086);
#17118=CARTESIAN_POINT('',(4.699,3.175,4.572));
#17119=VECTOR('',#18985,4.572);
#17120=CARTESIAN_POINT('',(5.6388,4.1275,4.953));
#17121=CARTESIAN_POINT('',(4.4958,4.1275,4.953));
#17122=CARTESIAN_POINT('',(5.6388,4.1275,4.953));
#17123=VECTOR('',#18986,1.143);
#17124=CARTESIAN_POINT('',(4.4958,4.1275,4.953));
#17125=VECTOR('',#18987,0.381);
#17126=CARTESIAN_POINT('',(5.6388,4.1275,4.953));
#17127=VECTOR('',#18988,4.953);
#17128=CARTESIAN_POINT('',(5.6388,4.7879,4.953));
#17129=CARTESIAN_POINT('',(5.6388,4.7879,0.0));
#17130=VECTOR('',#18989,4.953);
#17131=CARTESIAN_POINT('',(5.6388,4.1275,4.953));
#17132=VECTOR('',#18990,0.6604);
#17133=CARTESIAN_POINT('',(5.6388,-4.7879,4.953));
#17134=CARTESIAN_POINT('',(5.6388,-4.1275,4.953));
#17135=CARTESIAN_POINT('',(5.6388,-4.7879,4.953));
#17136=VECTOR('',#18991,0.6604);
#17137=CARTESIAN_POINT('',(5.6388,-4.7879,0.0));
#17138=VECTOR('',#18992,4.953);
#17139=CARTESIAN_POINT('',(5.6388,-4.1275,0.0));
#17140=VECTOR('',#18993,4.953);
#17141=CARTESIAN_POINT('',(4.4958,4.7879,4.953));
#17142=CARTESIAN_POINT('',(5.6388,4.7879,4.953));
#17143=VECTOR('',#18994,1.143);
#17144=CARTESIAN_POINT('',(4.4958,4.7879,4.953));
#17145=VECTOR('',#18995,0.6604);
#17146=CARTESIAN_POINT('',(-3.937,-4.1275,4.953));
#17147=CARTESIAN_POINT('',(-3.937,-4.7879,4.953));
#17148=CARTESIAN_POINT('',(-3.937,-4.1275,4.953));
#17149=VECTOR('',#18996,0.6604);
#17150=CARTESIAN_POINT('',(-2.794,-4.7879,4.953));
#17151=CARTESIAN_POINT('',(-3.937,-4.7879,4.953));
#17152=VECTOR('',#18997,1.143);
#17153=CARTESIAN_POINT('',(-2.794,-4.1275,4.953));
#17154=CARTESIAN_POINT('',(-2.794,-4.7879,4.953));
#17155=VECTOR('',#18998,0.6604);
#17156=CARTESIAN_POINT('',(-3.937,-4.1275,4.953));
#17157=VECTOR('',#18999,1.143);
#17158=CARTESIAN_POINT('',(4.4958,-4.7879,4.953));
#17159=CARTESIAN_POINT('',(4.4958,-4.7879,4.953));
#17160=VECTOR('',#19000,1.143);
#17161=CARTESIAN_POINT('',(4.4958,-4.1275,4.953));
#17162=CARTESIAN_POINT('',(5.6388,-4.1275,4.953));
#17163=VECTOR('',#19001,1.143);
#17164=CARTESIAN_POINT('',(4.4958,-4.7879,4.953));
#17165=VECTOR('',#19002,0.6604);
#17166=CARTESIAN_POINT('',(-2.794,4.7879,4.953));
#17167=CARTESIAN_POINT('',(-2.794,4.3561,4.953));
#17168=CARTESIAN_POINT('',(-2.794,4.7879,4.953));
#17169=VECTOR('',#19003,0.4318);
#17170=CARTESIAN_POINT('',(-3.937,4.7879,4.953));
#17171=CARTESIAN_POINT('',(-2.794,4.7879,4.953));
#17172=VECTOR('',#19004,1.143);
#17173=CARTESIAN_POINT('',(-3.937,4.1275,4.953));
#17174=CARTESIAN_POINT('',(-3.937,4.7879,4.953));
#17175=VECTOR('',#19005,0.6604);
#17176=CARTESIAN_POINT('',(-3.6576,4.1275,4.953));
#17177=CARTESIAN_POINT('',(-3.937,4.1275,4.953));
#17178=VECTOR('',#19006,0.2794);
#17179=CARTESIAN_POINT('',(-3.6576,4.3561,4.953));
#17180=CARTESIAN_POINT('',(-3.6576,4.3561,4.953));
#17181=VECTOR('',#19007,0.2286);
#17182=CARTESIAN_POINT('',(-2.794,4.3561,4.953));
#17183=VECTOR('',#19008,0.8636);
#17184=CARTESIAN_POINT('',(4.4958,4.7879,4.953));
#17185=VECTOR('',#19009,0.381);
#17186=CARTESIAN_POINT('',(-3.937,4.7879,0.0));
#17187=VECTOR('',#19010,4.953);
#17188=CARTESIAN_POINT('',(-2.794,4.7879,4.953));
#17189=VECTOR('',#19011,0.381);
#17190=CARTESIAN_POINT('',(-2.794,4.3561,4.572));
#17191=VECTOR('',#19012,0.381);
#17192=CARTESIAN_POINT('',(-3.6576,4.3561,4.953));
#17193=VECTOR('',#19013,0.381);
#17194=CARTESIAN_POINT('',(-2.794,4.3561,4.572));
#17195=VECTOR('',#19014,0.8636);
#17196=CARTESIAN_POINT('',(3.9624,4.3561,4.572));
#17197=VECTOR('',#19015,0.5111651396565);
#17198=CARTESIAN_POINT('',(3.9624,2.8321,4.572));
#17199=VECTOR('',#19016,0.4572);
#17200=CARTESIAN_POINT('',(-3.6576,4.1275,4.953));
#17201=VECTOR('',#19017,0.381);
#17202=CARTESIAN_POINT('',(-3.937,4.1275,4.953));
#17203=VECTOR('',#19018,0.381);
#17204=CARTESIAN_POINT('',(-3.937,-4.7879,0.0));
#17205=VECTOR('',#19019,4.953);
#17206=CARTESIAN_POINT('',(-3.937,-4.1275,4.953));
#17207=VECTOR('',#19020,0.381);
#17208=CARTESIAN_POINT('',(-2.794,-4.1275,4.953));
#17209=VECTOR('',#19021,0.381);
#17210=CARTESIAN_POINT('',(-2.794,-4.7879,4.953));
#17211=VECTOR('',#19022,0.381);
#17212=CARTESIAN_POINT('',(4.4958,-4.7879,4.953));
#17213=VECTOR('',#19023,0.381);
#17214=CARTESIAN_POINT('',(4.4958,-4.1275,4.953));
#17215=VECTOR('',#19024,0.381);
#17216=CARTESIAN_POINT('',(4.7716077179161,-2.2479,3.3782));
#17217=CARTESIAN_POINT('',(4.7716077179161,-2.2479,3.3782));
#17218=VECTOR('',#19025,1.1938);
#17219=CARTESIAN_POINT('',(4.699,-2.0701,4.572));
#17220=VECTOR('',#19026,4.572);
#17221=CARTESIAN_POINT('',(5.1343922820839,-2.2479,3.3782));
#17222=CARTESIAN_POINT('',(5.1343922820839,-2.2479,3.3782));
#17223=VECTOR('',#19027,1.1938);
#17224=AXIS2_PLACEMENT_3D('',#19028,#19029,#19030);
#17225=CARTESIAN_POINT('',(5.1343922820839,-2.2479,3.3782));
#17226=VECTOR('',#19031,0.362784564170086);
#17227=CARTESIAN_POINT('',(4.699,-1.905,4.572));
#17228=VECTOR('',#19032,4.572);
#17229=CARTESIAN_POINT('',(3.9624,0.2921,4.572));
#17230=VECTOR('',#19033,0.4572);
#17231=CARTESIAN_POINT('',(3.9624,2.2479,4.572));
#17232=VECTOR('',#19034,0.4572);
#17233=CARTESIAN_POINT('',(-1.6764,2.286,4.2672));
#17234=CARTESIAN_POINT('',(-1.6764,2.794,4.2672));
#17235=AXIS2_PLACEMENT_3D('',#19035,#19036,#19037);
#17236=AXIS2_PLACEMENT_3D('',#19038,#19039,#19040);
#17237=CARTESIAN_POINT('',(-1.6764,2.286,10.922));
#17238=CARTESIAN_POINT('',(-1.6764,2.286,4.2672));
#17239=VECTOR('',#19041,6.6548);
#17240=CARTESIAN_POINT('',(-1.6764,2.794,10.922));
#17241=AXIS2_PLACEMENT_3D('',#19042,#19043,#19044);
#17242=CARTESIAN_POINT('',(-1.6764,2.794,4.2672));
#17243=VECTOR('',#19045,6.6548);
#17244=AXIS2_PLACEMENT_3D('',#19046,#19047,#19048);
#17245=CARTESIAN_POINT('',(-1.6764,-2.794,4.2672));
#17246=CARTESIAN_POINT('',(-1.6764,-2.286,4.2672));
#17247=AXIS2_PLACEMENT_3D('',#19049,#19050,#19051);
#17248=AXIS2_PLACEMENT_3D('',#19052,#19053,#19054);
#17249=CARTESIAN_POINT('',(-1.6764,-2.794,10.922));
#17250=CARTESIAN_POINT('',(-1.6764,-2.794,4.2672));
#17251=VECTOR('',#19055,6.6548);
#17252=CARTESIAN_POINT('',(-1.6764,-2.286,10.922));
#17253=AXIS2_PLACEMENT_3D('',#19056,#19057,#19058);
#17254=CARTESIAN_POINT('',(-1.6764,-2.286,4.2672));
#17255=VECTOR('',#19059,6.6548);
#17256=AXIS2_PLACEMENT_3D('',#19060,#19061,#19062);
#17257=CARTESIAN_POINT('',(3.4036,-0.254,4.2672));
#17258=CARTESIAN_POINT('',(3.4036,0.254,4.2672));
#17259=AXIS2_PLACEMENT_3D('',#19063,#19064,#19065);
#17260=AXIS2_PLACEMENT_3D('',#19066,#19067,#19068);
#17261=CARTESIAN_POINT('',(3.4036,-0.254,10.922));
#17262=CARTESIAN_POINT('',(3.4036,-0.254,4.2672));
#17263=VECTOR('',#19069,6.6548);
#17264=CARTESIAN_POINT('',(3.4036,0.254,10.922));
#17265=AXIS2_PLACEMENT_3D('',#19070,#19071,#19072);
#17266=CARTESIAN_POINT('',(3.4036,0.254,4.2672));
#17267=VECTOR('',#19073,6.6548);
#17268=AXIS2_PLACEMENT_3D('',#19074,#19075,#19076);
#17269=DIRECTION('',(0.0,0.0,1.0));
#17270=DIRECTION('',(-0.922150976061222,0.386830166028109,0.0));
#17271=DIRECTION('',(0.0,0.0,1.0));
#17272=DIRECTION('',(-0.922150976061222,0.386830166028109,0.0));
#17273=DIRECTION('',(0.290299032840896,0.956935980895086,0.0));
#17274=DIRECTION('',(0.956935980895086,-0.290299032840896,0.0));
#17275=DIRECTION('',(0.847980525973689,-0.530027383791993,0.0));
#17276=DIRECTION('',(0.560266014082614,-0.828312738924121,0.0));
#17277=DIRECTION('',(0.0951829236916411,-0.995459798805312,0.0));
#17278=DIRECTION('',(-0.290299032840896,-0.956935980895086,0.0));
#17279=DIRECTION('',(-0.632212533278699,-0.774795013384399,0.0));
#17280=DIRECTION('',(-0.926041391162912,-0.377421967899405,0.0));
#17281=DIRECTION('',(-0.999536563413168,0.030441064373549,0.0));
#17282=DIRECTION('',(-0.956935980895086,0.290299032840896,0.0));
#17283=DIRECTION('',(-0.632212660451386,-0.774794909614783,0.0));
#17284=DIRECTION('',(-0.926041391162912,-0.377421967899405,0.0));
#17285=DIRECTION('',(-0.999536563413168,0.030441064373539,0.0));
#17286=DIRECTION('',(-0.956935980895086,0.290299032840896,0.0));
#17287=DIRECTION('',(0.290299032840896,0.956935980895086,0.0));
#17288=DIRECTION('',(0.956935980895086,-0.290299032840896,0.0));
#17289=DIRECTION('',(0.847980525973689,-0.530027383791993,0.0));
#17290=DIRECTION('',(0.560265872171304,-0.828312834912105,0.0));
#17291=DIRECTION('',(0.0951829236916411,-0.995459798805312,0.0));
#17292=DIRECTION('',(-0.290299032840896,-0.956935980895086,0.0));
#17293=DIRECTION('',(-0.993943626308946,0.109891163065205,0.0));
#17294=DIRECTION('',(-0.918791784595803,0.394742519320201,0.0));
#17295=DIRECTION('',(-0.701764238496485,0.712409259883284,0.0));
#17296=DIRECTION('',(-0.379188881354792,0.92531929205918,0.0));
#17297=DIRECTION('',(-0.0898583023403191,0.99595455995769,0.0));
#17298=DIRECTION('',(0.2074428451278,0.978247139533402,0.0));
#17299=DIRECTION('',(0.562917977578296,0.826512764885794,0.0));
#17300=DIRECTION('',(0.833299313863188,0.552822081247792,0.0));
#17301=DIRECTION('',(0.958223029628216,0.286022071683505,0.0));
#17302=DIRECTION('',(0.995954559957689,0.089858302340329,0.0));
#17303=DIRECTION('',(0.993943626308946,-0.109891163065205,0.0));
#17304=DIRECTION('',(0.918791726755788,-0.394742653946995,0.0));
#17305=DIRECTION('',(0.701764564817501,-0.712408938438102,0.0));
#17306=DIRECTION('',(0.379188881354792,-0.92531929205918,0.0));
#17307=DIRECTION('',(0.0898583023403191,-0.99595455995769,0.0));
#17308=DIRECTION('',(-0.2074428451278,-0.978247139533402,0.0));
#17309=DIRECTION('',(-0.562917598991814,-0.826513022731821,0.0));
#17310=DIRECTION('',(-0.833299394865901,-0.552821959147901,0.0));
#17311=DIRECTION('',(-0.958223029628216,-0.286022071683505,0.0));
#17312=DIRECTION('',(-0.99595455995769,-0.0898583023403191,0.0));
#17313=DIRECTION('',(0.837346283164085,0.54667284738799,0.0));
#17314=DIRECTION('',(0.987078729117303,0.160236021306601,0.0));
#17315=DIRECTION('',(0.943269897417368,-0.332026957679989,0.0));
#17316=DIRECTION('',(0.746295574653668,-0.665614689781071,0.0));
#17317=DIRECTION('',(0.437317466654705,-0.899307196323209,0.0));
#17318=DIRECTION('',(-0.0467507264651005,-0.998906587011511,0.0));
#17319=DIRECTION('',(-0.44772872589472,-0.89416944032364,0.0));
#17320=DIRECTION('',(-0.665614689781071,-0.746295574653668,0.0));
#17321=DIRECTION('',(-0.746295574653668,0.665614689781071,0.0));
#17322=DIRECTION('',(0.665614689781071,0.746295574653668,0.0));
#17323=DIRECTION('',(-0.999444076395751,0.0333397384129584,0.0));
#17324=DIRECTION('',(-0.972876398907656,0.231325555113289,0.0));
#17325=DIRECTION('',(-0.913626298362708,0.406555023262603,0.0));
#17326=DIRECTION('',(-0.653995436942893,0.756498492039392,0.0));
#17327=DIRECTION('',(0.0333397384129683,0.999444076395751,0.0));
#17328=DIRECTION('',(0.702956374360715,0.711232968685815,0.0));
#17329=DIRECTION('',(0.938689043166049,0.344764963765181,0.0));
#17330=DIRECTION('',(0.98612971248287,0.165976474713895,0.0));
#17331=DIRECTION('',(0.999444076395751,-0.0333397384129584,0.0));
#17332=DIRECTION('',(0.972876914586569,-0.231323386332893,0.0));
#17333=DIRECTION('',(0.913624677797748,-0.406558665039821,0.0));
#17334=DIRECTION('',(0.653995370919194,-0.756498549117093,0.0));
#17335=DIRECTION('',(-0.0333397384129683,-0.999444076395751,0.0));
#17336=DIRECTION('',(-0.702956436433834,-0.711232907335034,0.0));
#17337=DIRECTION('',(-0.938687668900529,-0.344768705444811,0.0));
#17338=DIRECTION('',(-0.986130082482656,-0.165974276388693,0.0));
#17339=DIRECTION('',(0.999444076395751,-0.0333397384129584,0.0));
#17340=DIRECTION('',(0.972876914586569,-0.231323386332893,0.0));
#17341=DIRECTION('',(0.836497485421821,-0.547970762799413,0.0));
#17342=DIRECTION('',(0.608801950641492,-0.793322245304589,0.0));
#17343=DIRECTION('',(-0.0333397384129684,-0.999444076395751,0.0));
#17344=DIRECTION('',(-0.660317786287495,-0.750986298884595,0.0));
#17345=DIRECTION('',(-0.871155978892804,-0.491006375151402,0.0));
#17346=DIRECTION('',(-0.986130082482656,-0.165974276388693,0.0));
#17347=DIRECTION('',(-0.999444076395751,0.0333397384129584,0.0));
#17348=DIRECTION('',(-0.97287639890765,0.231325555113312,0.0));
#17349=DIRECTION('',(-0.836500270028195,0.547966511971997,0.0));
#17350=DIRECTION('',(-0.608793407196759,0.793328801540547,0.0));
#17351=DIRECTION('',(0.0333397384129684,0.999444076395751,0.0));
#17352=DIRECTION('',(0.660309010772886,0.750994014817784,0.0));
#17353=DIRECTION('',(0.871158474023376,0.491001948201087,0.0));
#17354=DIRECTION('',(0.986129712482886,0.165976474713798,0.0));
#17355=DIRECTION('',(0.530126385290904,0.847918637381206,0.0));
#17356=DIRECTION('',(0.677625466862524,0.735407184258726,0.0));
#17357=DIRECTION('',(0.828376186309218,0.560172200270412,0.0));
#17358=DIRECTION('',(0.945880165738858,0.324516119879785,0.0));
#17359=DIRECTION('',(0.997795893749907,0.0663577758505004,0.0));
#17360=DIRECTION('',(0.986374440210762,-0.164515846345894,0.0));
#17361=DIRECTION('',(0.939013362688355,-0.343880654722984,0.0));
#17362=DIRECTION('',(0.659656386118013,-0.751567330485914,0.0));
#17363=DIRECTION('',(0.324516119879816,-0.945880165738847,0.0));
#17364=DIRECTION('',(-0.059326545881198,-0.998238629263467,0.0));
#17365=DIRECTION('',(-0.349835677025108,-0.936811079716922,0.0));
#17366=DIRECTION('',(-0.677625466862578,-0.735407184258676,0.0));
#17367=DIRECTION('',(-0.828376186309218,-0.560172200270412,0.0));
#17368=DIRECTION('',(-0.945880165738858,-0.324516119879785,0.0));
#17369=DIRECTION('',(-0.997795893749907,-0.0663577758505004,0.0));
#17370=DIRECTION('',(-0.986374440210746,0.164515846345991,0.0));
#17371=DIRECTION('',(-0.851267408084295,0.524732122071297,0.0));
#17372=DIRECTION('',(-0.659656509476986,0.751567222212783,0.0));
#17373=DIRECTION('',(-0.324516119879816,0.945880165738847,0.0));
#17374=DIRECTION('',(0.0593263820346374,0.998238639001056,0.0));
#17375=DIRECTION('',(0.322263763377203,0.946649917770008,0.0));
#17376=DIRECTION('',(0.714510218035262,0.699625005501663,0.0));
#17377=DIRECTION('',(0.950645279392878,0.310279797550593,0.0));
#17378=DIRECTION('',(1.0,0.0,0.0));
#17379=DIRECTION('',(0.950645279392878,-0.310279797550593,0.0));
#17380=DIRECTION('',(0.714510218035262,-0.699625005501663,0.0));
#17381=DIRECTION('',(0.322263763377203,-0.946649917770008,0.0));
#17382=DIRECTION('',(0.0,-1.0,0.0));
#17383=DIRECTION('',(-1.0,0.0,0.0));
#17384=DIRECTION('',(0.0,1.0,0.0));
#17385=CARTESIAN_POINT('',(-2.68197918474312,-0.648875649748772,0.0));
#17386=DIRECTION('',(0.0,0.0,-1.0));
#17387=DIRECTION('',(0.0,-1.0,0.0));
#17388=CARTESIAN_POINT('',(-2.68197918474312,-0.648875649748772,0.0));
#17389=DIRECTION('',(0.0,0.0,-1.0));
#17390=DIRECTION('',(0.0,1.0,0.0));
#17391=DIRECTION('',(-1.0,0.0,0.0));
#17392=DIRECTION('',(0.0,-1.0,0.0));
#17393=DIRECTION('',(1.0,0.0,0.0));
#17394=DIRECTION('',(0.0,1.0,0.0));
#17395=DIRECTION('',(-0.200123318418006,0.979770716762532,0.0));
#17396=DIRECTION('',(-0.608076923473769,0.793878111008659,0.0));
#17397=DIRECTION('',(-0.806004395831095,0.591909548749597,0.0));
#17398=DIRECTION('',(-0.950645279392878,0.310279797550593,0.0));
#17399=DIRECTION('',(-1.0,0.0,0.0));
#17400=DIRECTION('',(-0.950645279392878,-0.310279797550593,0.0));
#17401=DIRECTION('',(-0.806004395831095,-0.591909548749597,0.0));
#17402=DIRECTION('',(-0.454777199549714,-0.890605242949827,0.0));
#17403=DIRECTION('',(-0.933802645236583,0.357788512600894,0.0));
#17404=DIRECTION('',(0.0,-1.0,0.0));
#17405=DIRECTION('',(0.936938947552565,-0.349493073692587,0.0));
#17406=DIRECTION('',(0.0,-1.0,0.0));
#17407=DIRECTION('',(-1.0,0.0,0.0));
#17408=DIRECTION('',(0.0,-1.0,0.0));
#17409=CARTESIAN_POINT('',(4.953,2.0701,0.0));
#17410=DIRECTION('',(-0.0,0.0,-1.0));
#17411=DIRECTION('',(-1.0,-7.771561172376E-14,0.0));
#17412=DIRECTION('',(0.0,-1.0,0.0));
#17413=CARTESIAN_POINT('',(4.953,0.4699,0.0));
#17414=DIRECTION('',(0.0,0.0,1.0));
#17415=DIRECTION('',(-1.0,3.851086116669E-14,0.0));
#17416=DIRECTION('',(0.0,1.0,0.0));
#17417=DIRECTION('',(-1.0,0.0,0.0));
#17418=DIRECTION('',(0.0,1.0,0.0));
#17419=DIRECTION('',(-1.0,0.0,0.0));
#17420=DIRECTION('',(0.0,-1.0,0.0));
#17421=CARTESIAN_POINT('',(4.953,-0.4699,0.0));
#17422=DIRECTION('',(-0.0,0.0,-1.0));
#17423=DIRECTION('',(-1.0,-7.702172233337E-14,0.0));
#17424=DIRECTION('',(0.0,-1.0,0.0));
#17425=CARTESIAN_POINT('',(4.953,-2.0701,0.0));
#17426=DIRECTION('',(0.0,0.0,1.0));
#17427=DIRECTION('',(-1.0,3.885780586188E-14,0.0));
#17428=DIRECTION('',(0.0,1.0,0.0));
#17429=DIRECTION('',(-1.0,0.0,0.0));
#17430=DIRECTION('',(0.0,1.0,0.0));
#17431=DIRECTION('',(-1.0,0.0,0.0));
#17432=DIRECTION('',(0.0,-1.0,0.0));
#17433=CARTESIAN_POINT('',(4.953,-3.0099,0.0));
#17434=DIRECTION('',(-0.0,0.0,-1.0));
#17435=DIRECTION('',(-1.0,-7.771561172376E-14,0.0));
#17436=DIRECTION('',(0.0,-1.0,0.0));
#17437=DIRECTION('',(-1.0,0.0,0.0));
#17438=DIRECTION('',(0.0,1.0,0.0));
#17439=DIRECTION('',(1.0,0.0,0.0));
#17440=DIRECTION('',(0.0,-1.0,0.0));
#17441=DIRECTION('',(-1.0,0.0,0.0));
#17442=DIRECTION('',(0.0,1.0,0.0));
#17443=DIRECTION('',(-1.0,0.0,0.0));
#17444=DIRECTION('',(0.0,-1.0,0.0));
#17445=CARTESIAN_POINT('',(4.953,3.0099,0.0));
#17446=DIRECTION('',(0.0,0.0,1.0));
#17447=DIRECTION('',(-1.0,3.885780586188E-14,0.0));
#17448=DIRECTION('',(0.0,1.0,0.0));
#17449=DIRECTION('',(-1.0,0.0,0.0));
#17450=DIRECTION('',(0.0,1.0,0.0));
#17451=DIRECTION('',(0.995880739777635,0.0906727750758231,0.0));
#17452=DIRECTION('',(0.862778221722013,0.505582574978807,0.0));
#17453=DIRECTION('',(0.632212660451386,0.774794909614783,0.0));
#17454=DIRECTION('',(0.290299032840896,0.956935980895086,0.0));
#17455=DIRECTION('',(-0.0951828419955941,0.995459806616843,0.0));
#17456=DIRECTION('',(-0.436460210907909,0.899723559930618,0.0));
#17457=DIRECTION('',(-0.666622237441402,0.745395728823702,0.0));
#17458=DIRECTION('',(-0.898092437132154,0.439806746612677,0.0));
#17459=DIRECTION('',(-0.956935980895086,0.290299032840896,0.0));
#17460=DIRECTION('',(-0.290299032840896,-0.956935980895086,0.0));
#17461=DIRECTION('',(0.956935980895086,-0.290299032840896,0.0));
#17462=DIRECTION('',(0.991076106476386,-0.133297228671898,0.0));
#17463=DIRECTION('',(0.968403304672914,0.249389333169204,0.0));
#17464=DIRECTION('',(0.862778221722013,0.505582574978807,0.0));
#17465=DIRECTION('',(0.632212787624106,0.774794805845107,0.0));
#17466=DIRECTION('',(0.290299032840896,0.956935980895086,0.0));
#17467=DIRECTION('',(-0.0951829236916411,0.995459798805312,0.0));
#17468=DIRECTION('',(-0.436460250169794,0.899723540884488,0.0));
#17469=DIRECTION('',(-0.777650615285119,0.628696684058915,0.0));
#17470=DIRECTION('',(0.995954559957689,0.089858302340329,0.0));
#17471=DIRECTION('',(0.968708253125594,0.248202176312698,0.0));
#17472=DIRECTION('',(0.889147945068193,0.457619855099196,0.0));
#17473=DIRECTION('',(0.716844904630886,0.697232660382986,0.0));
#17474=DIRECTION('',(0.446074131168319,0.894996016472939,0.0));
#17475=DIRECTION('',(0.151158174991701,0.98850958828591,0.0));
#17476=DIRECTION('',(-0.0898583023403191,0.99595455995769,0.0));
#17477=DIRECTION('',(-0.325650148417507,0.94549033883782,0.0));
#17478=DIRECTION('',(-0.599065358337821,0.800700128911928,0.0));
#17479=DIRECTION('',(-0.830065907011456,0.557665302862971,0.0));
#17480=DIRECTION('',(-0.956698237776899,0.2910815724751,0.0));
#17481=DIRECTION('',(-0.997490155765175,0.0708052904207482,0.0));
#17482=DIRECTION('',(-0.995954559957689,-0.089858302340329,0.0));
#17483=DIRECTION('',(-0.96870829459364,-0.24820201446701,0.0));
#17484=DIRECTION('',(-0.889147696123016,-0.457620338795308,0.0));
#17485=DIRECTION('',(-0.716844874767396,-0.697232691086496,0.0));
#17486=DIRECTION('',(-0.446074633042188,-0.894995766334276,0.0));
#17487=DIRECTION('',(-0.151157646414105,-0.988509669113332,0.0));
#17488=DIRECTION('',(0.089858302340329,-0.995954559957689,0.0));
#17489=DIRECTION('',(0.325649396604797,-0.945490597780291,0.0));
#17490=DIRECTION('',(0.599065932574136,-0.800699699281248,0.0));
#17491=DIRECTION('',(0.830065930897052,-0.557665267310068,0.0));
#17492=DIRECTION('',(0.95669810605595,-0.291082005402185,0.0));
#17493=DIRECTION('',(0.997490169554668,-0.0708050961569877,0.0));
#17494=DIRECTION('',(-0.653411493062784,0.757002919897581,0.0));
#17495=DIRECTION('',(-0.853527874905823,0.521047182852714,0.0));
#17496=DIRECTION('',(-0.977782822136031,0.209620496936007,0.0));
#17497=DIRECTION('',(-0.996387324169216,-0.0849252626425714,0.0));
#17498=DIRECTION('',(-0.95248001509032,-0.304601084787207,0.0));
#17499=DIRECTION('',(-0.891403368416816,-0.453210806110308,0.0));
#17500=DIRECTION('',(-0.807314960122343,-0.590120797093832,0.0));
#17501=DIRECTION('',(-0.655689873926286,-0.755030323384784,0.0));
#17502=DIRECTION('',(-0.406738875993999,-0.913544463480097,0.0));
#17503=DIRECTION('',(-0.0818977957420239,-0.996640733189547,0.0));
#17504=DIRECTION('',(0.2266574274075,-0.973974543097002,0.0));
#17505=DIRECTION('',(0.453210806110308,-0.891403368416816,0.0));
#17506=DIRECTION('',(0.891403368416815,0.453210806110308,0.0));
#17507=DIRECTION('',(-0.453210806110308,0.891403368416816,0.0));
#17508=DIRECTION('',(-0.170587371371209,0.98534255400275,0.0));
#17509=DIRECTION('',(0.215817608256906,0.976433694608225,0.0));
#17510=DIRECTION('',(0.568486416664109,0.822692648604812,0.0));
#17511=DIRECTION('',(0.783537469684701,0.621344536952001,0.0));
#17512=DIRECTION('',(0.891403368416816,0.453210806110308,0.0));
#17513=DIRECTION('',(0.963698703965782,0.266992149649895,0.0));
#17514=DIRECTION('',(0.999677351216005,-0.0254006587661201,0.0));
#17515=DIRECTION('',(0.916105723160033,-0.400936783038714,0.0));
#17516=DIRECTION('',(0.695634181093016,-0.718396190200817,0.0));
#17517=DIRECTION('',(0.453210806110308,-0.891403368416816,0.0));
#17518=DIRECTION('',(0.891403368416815,0.453210806110308,0.0));
#17519=DIRECTION('',(-0.453210806110308,0.891403368416816,0.0));
#17520=DIRECTION('',(-0.746295574653668,0.665614689781071,0.0));
#17521=DIRECTION('',(-0.665614689781121,-0.746295574653624,0.0));
#17522=DIRECTION('',(0.746295574653668,-0.665614689781071,0.0));
#17523=DIRECTION('',(0.665614689781071,0.746295574653668,0.0));
#17524=DIRECTION('',(0.537502629837107,0.843262072500711,0.0));
#17525=DIRECTION('',(0.180730565354908,0.983532644474242,0.0));
#17526=DIRECTION('',(-0.0961305283507507,0.995368736458507,0.0));
#17527=DIRECTION('',(-0.437317466654705,0.899307196323209,0.0));
#17528=DIRECTION('',(-0.746295574653668,0.665614689781072,0.0));
#17529=DIRECTION('',(-0.943269897417368,0.332026957679989,0.0));
#17530=DIRECTION('',(-0.999840107345807,-0.0178818271640401,0.0));
#17531=DIRECTION('',(-0.897317260500602,-0.441386150675001,0.0));
#17532=DIRECTION('',(-0.383001025711008,0.923747917077119,0.0));
#17533=DIRECTION('',(-0.665614689781071,-0.746295574653668,0.0));
#17534=DIRECTION('',(0.392590419169795,-0.919713413393588,0.0));
#17535=DIRECTION('',(-0.665614689781071,-0.746295574653668,0.0));
#17536=DIRECTION('',(-0.333169887542205,-0.942866812458215,0.0));
#17537=DIRECTION('',(0.942866812458215,-0.333169887542205,0.0));
#17538=DIRECTION('',(0.333169887542205,0.942866812458215,0.0));
#17539=DIRECTION('',(-0.543566366991807,0.839366192239911,0.0));
#17540=DIRECTION('',(0.942866812458215,-0.333169887542205,0.0));
#17541=DIRECTION('',(0.333169887542205,0.942866812458215,0.0));
#17542=DIRECTION('',(-0.942866812458215,0.333169887542205,0.0));
#17543=DIRECTION('',(-0.333169887542205,-0.942866812458215,0.0));
#17544=DIRECTION('',(0.553515588571526,-0.83283881586314,0.0));
#17545=DIRECTION('',(-0.942866812458215,0.333169887542205,0.0));
#17546=DIRECTION('',(0.873961181481117,-0.485995733792109,0.0));
#17547=DIRECTION('',(0.664188383845238,-0.747565241811743,0.0));
#17548=DIRECTION('',(0.304057530023511,-0.952653671822033,0.0));
#17549=DIRECTION('',(0.0448403775187092,-0.998994164419382,0.0));
#17550=DIRECTION('',(-0.217486050411202,-0.976063429228109,0.0));
#17551=DIRECTION('',(-0.435786425087186,-0.900050105110671,0.0));
#17552=DIRECTION('',(-0.906986041091672,-0.421160683427187,0.0));
#17553=DIRECTION('',(-0.998994164419383,-0.0448403775186992,0.0));
#17554=DIRECTION('',(-0.941070667609157,0.338209991818184,0.0));
#17555=DIRECTION('',(-0.514669973687618,0.85738837068413,0.0));
#17556=DIRECTION('',(-0.304057530023511,0.952653671822033,0.0));
#17557=DIRECTION('',(-0.0448403775187092,0.998994164419382,0.0));
#17558=DIRECTION('',(-0.204252298237892,0.97891827987046,0.0));
#17559=DIRECTION('',(-0.417045056543276,0.908885812857048,0.0));
#17560=DIRECTION('',(-0.664188383845238,0.747565241811743,0.0));
#17561=DIRECTION('',(-0.873961257497173,0.485995597093185,0.0));
#17562=DIRECTION('',(-0.998994164419383,-0.0448403775186992,0.0));
#17563=DIRECTION('',(-0.826906123285906,-0.562339989038904,0.0));
#17564=DIRECTION('',(-0.594542723095592,-0.804064021340389,0.0));
#17565=DIRECTION('',(-0.333940447765012,-0.942594174258733,0.0));
#17566=DIRECTION('',(-0.115729120332698,-0.993280811607181,0.0));
#17567=DIRECTION('',(0.0448403775187092,-0.998994164419382,0.0));
#17568=DIRECTION('',(0.204252311785507,-0.978918277043736,0.0));
#17569=DIRECTION('',(0.477526446634198,-0.878617375633396,0.0));
#17570=DIRECTION('',(0.829843913076579,-0.557995591317486,0.0));
#17571=DIRECTION('',(0.96789342406405,-0.251360935018887,0.0));
#17572=DIRECTION('',(-0.0448403775186992,0.998994164419383,0.0));
#17573=DIRECTION('',(-0.941070667609157,0.338209991818184,0.0));
#17574=DIRECTION('',(-0.664187074002012,0.747566405564513,0.0));
#17575=DIRECTION('',(-0.242507306988892,0.970149579218068,0.0));
#17576=DIRECTION('',(-0.0448403775187092,0.998994164419382,0.0));
#17577=DIRECTION('',(0.154615872469603,0.987974661608517,0.0));
#17578=DIRECTION('',(0.435786556967792,0.900050041256683,0.0));
#17579=DIRECTION('',(0.743336798827294,0.668917336828095,0.0));
#17580=DIRECTION('',(0.998994164419382,0.0448403775187092,0.0));
#17581=DIRECTION('',(0.800276414573686,-0.599631270262889,0.0));
#17582=DIRECTION('',(0.514669973687618,-0.85738837068413,0.0));
#17583=DIRECTION('',(0.242507306988892,-0.970149579218068,0.0));
#17584=DIRECTION('',(0.0448403775186992,-0.998994164419383,0.0));
#17585=DIRECTION('',(0.242506225632309,-0.970149849523037,0.0));
#17586=DIRECTION('',(0.417045056543276,-0.908885812857048,0.0));
#17587=DIRECTION('',(0.664188383845238,-0.747565241811743,0.0));
#17588=DIRECTION('',(0.96789342406405,-0.251360935018887,0.0));
#17589=DIRECTION('',(0.998994164419382,0.0448403775187192,0.0));
#17590=DIRECTION('',(0.94148165127909,0.337064237653296,0.0));
#17591=DIRECTION('',(0.594542688656282,0.804064046805576,0.0));
#17592=DIRECTION('',(0.333940404652009,0.942594189532724,0.0));
#17593=DIRECTION('',(0.154614771244696,0.987974833947176,0.0));
#17594=DIRECTION('',(-0.0448403775187092,0.998994164419382,0.0));
#17595=DIRECTION('',(-0.204252298237892,0.97891827987046,0.0));
#17596=DIRECTION('',(-0.557559814473191,0.830136767818786,0.0));
#17597=DIRECTION('',(-0.763975324226556,0.645245460249763,0.0));
#17598=DIRECTION('',(-0.941070667609157,0.338209991818184,0.0));
#17599=DIRECTION('',(0.0448403775186992,-0.998994164419383,0.0));
#17600=DIRECTION('',(0.308857318957714,-0.951108383164744,0.0));
#17601=DIRECTION('',(0.411794474020404,-0.91127674784681,0.0));
#17602=DIRECTION('',(0.572592554122527,-0.819840086214038,0.0));
#17603=DIRECTION('',(0.724120789218295,-0.689673170872895,0.0));
#17604=DIRECTION('',(0.846753540431519,-0.531985377399312,0.0));
#17605=DIRECTION('',(0.930250538283292,-0.366924973289697,0.0));
#17606=DIRECTION('',(0.965021679536676,-0.262170093687693,0.0));
#17607=DIRECTION('',(0.992583231818851,0.121566968836294,0.0));
#17608=DIRECTION('',(0.913134100925739,0.407659310854717,0.0));
#17609=DIRECTION('',(-0.724120789218295,0.689673170872895,0.0));
#17610=DIRECTION('',(-0.967054825548138,-0.25456819201161,0.0));
#17611=DIRECTION('',(-0.996842711004969,0.0794015712455575,0.0));
#17612=DIRECTION('',(-0.930249790207548,0.366926869851219,0.0));
#17613=DIRECTION('',(-0.82522651912583,0.56480190521232,0.0));
#17614=DIRECTION('',(-0.724120789218295,0.689673170872895,0.0));
#17615=DIRECTION('',(-0.604321735148737,0.796740384583849,0.0));
#17616=DIRECTION('',(-0.411796331898719,0.911275908292741,0.0));
#17617=DIRECTION('',(-0.127855419280798,0.991792816953486,0.0));
#17618=DIRECTION('',(0.207168767302911,0.978305219169453,0.0));
#17619=DIRECTION('',(0.689673170872895,0.724120789218295,0.0));
#17620=DIRECTION('',(0.967054785730368,0.254568343271492,0.0));
#17621=DIRECTION('',(0.965021660329324,-0.262170164388007,0.0));
#17622=DIRECTION('',(0.809997917522779,-0.586432752844485,0.0));
#17623=DIRECTION('',(0.724120789218295,-0.689673170872895,0.0));
#17624=DIRECTION('',(0.689673170872895,0.724120789218295,0.0));
#17625=DIRECTION('',(-0.724120789218295,0.689673170872895,0.0));
#17626=DIRECTION('',(-0.518986782634108,0.854782264352213,0.0));
#17627=DIRECTION('',(-0.127861142304605,0.99179207916204,0.0));
#17628=DIRECTION('',(0.207173768091101,0.978304160174603,0.0));
#17629=DIRECTION('',(0.689673170872895,0.724120789218295,0.0));
#17630=DIRECTION('',(0.992583231818863,0.121566968836195,0.0));
#17631=DIRECTION('',(0.965021660329324,-0.262170164388007,0.0));
#17632=DIRECTION('',(0.825226110405712,-0.564802502388808,0.0));
#17633=DIRECTION('',(0.724120789218295,-0.689673170872895,0.0));
#17634=DIRECTION('',(0.604322311711211,-0.796739947265115,0.0));
#17635=DIRECTION('',(0.308857388638714,-0.951108360536944,0.0));
#17636=DIRECTION('',(-0.073082088263738,-0.997325928859273,0.0));
#17637=DIRECTION('',(0.724120789218295,-0.689673170872895,0.0));
#17638=DIRECTION('',(0.445831124242203,0.895117092148806,0.0));
#17639=DIRECTION('',(-0.127858365762606,0.991792437107944,0.0));
#17640=DIRECTION('',(-0.41179451570111,0.911276729011823,0.0));
#17641=DIRECTION('',(-0.63991167795417,0.768448465687764,0.0));
#17642=DIRECTION('',(-0.724120789218295,0.689673170872895,0.0));
#17643=DIRECTION('',(-0.79870146802091,0.601727483983608,0.0));
#17644=DIRECTION('',(-0.930250521500599,0.3669250158382,0.0));
#17645=DIRECTION('',(-0.996842475109229,0.0794045327302323,0.0));
#17646=DIRECTION('',(-0.872342118084045,-0.488895928615325,0.0));
#17647=DIRECTION('',(-0.689673170872895,-0.724120789218295,0.0));
#17648=DIRECTION('',(-0.445831124242203,-0.895117092148806,0.0));
#17649=DIRECTION('',(-0.0730764896958066,-0.997326339095553,0.0));
#17650=DIRECTION('',(0.260140977057597,-0.965570645812889,0.0));
#17651=DIRECTION('',(-0.901633253055376,0.432501418477188,0.0));
#17652=DIRECTION('',(-0.992583231818863,-0.121566968836195,0.0));
#17653=DIRECTION('',(-0.872345219239704,-0.488890395149702,0.0));
#17654=DIRECTION('',(-0.689673170872895,-0.724120789218295,0.0));
#17655=DIRECTION('',(-0.362704260564713,-0.931904297322533,0.0));
#17656=DIRECTION('',(-0.0730820882637579,-0.997325928859271,0.0));
#17657=DIRECTION('',(0.627109912093796,-0.778930778794696,0.0));
#17658=DIRECTION('',(0.709134774949826,-0.705072954350725,0.0));
#17659=DIRECTION('',(0.826865158057175,-0.562400222609383,0.0));
#17660=DIRECTION('',(0.922150976061222,-0.386830166028109,0.0));
#17661=DIRECTION('',(0.980638849415981,-0.195825041851396,0.0));
#17662=DIRECTION('',(0.999929726438875,-0.0118550488770297,0.0));
#17663=DIRECTION('',(0.995145351580632,0.0984161024805431,0.0));
#17664=DIRECTION('',(0.884341688204044,0.466840206606523,0.0));
#17665=DIRECTION('',(0.708281714025786,0.705929892819886,0.0));
#17666=DIRECTION('',(-0.922150976061222,0.386830166028109,0.0));
#17667=DIRECTION('',(-0.813147265145811,-0.582058008437208,0.0));
#17668=DIRECTION('',(-0.959842771554203,-0.280538506973901,0.0));
#17669=DIRECTION('',(-0.999929749522401,0.01185310170665,0.0));
#17670=DIRECTION('',(-0.972199762424589,0.234152988325097,0.0));
#17671=DIRECTION('',(-0.848296293145408,0.529521858883805,0.0));
#17672=DIRECTION('',(-0.709134807198784,0.705072921915984,0.0));
#17673=DIRECTION('',(-0.472440633205888,0.881362495285578,0.0));
#17674=DIRECTION('',(-0.1545338976616,0.9879874870025,0.0));
#17675=DIRECTION('',(0.386830166028109,0.922150976061223,0.0));
#17676=DIRECTION('',(0.81315312467966,0.582049822458271,0.0));
#17677=DIRECTION('',(0.995145358790882,0.0984160295732682,0.0));
#17678=DIRECTION('',(0.965665891876703,-0.259787192267001,0.0));
#17679=DIRECTION('',(0.922150976061223,-0.386830166028109,0.0));
#17680=DIRECTION('',(0.386830166028109,0.922150976061223,0.0));
#17681=DIRECTION('',(-0.922150976061223,0.386830166028109,0.0));
#17682=DIRECTION('',(-0.789203592788478,0.614131654557683,0.0));
#17683=DIRECTION('',(-0.472440784205804,0.881362414344408,0.0));
#17684=DIRECTION('',(-0.154543998252697,0.987985907087783,0.0));
#17685=DIRECTION('',(0.386830166028109,0.922150976061222,0.0));
#17686=DIRECTION('',(0.884344308833986,0.466835242278193,0.0));
#17687=DIRECTION('',(0.995145358790882,0.0984160295732682,0.0));
#17688=DIRECTION('',(0.972199592979113,-0.234153691859103,0.0));
#17689=DIRECTION('',(0.922150976061223,-0.386830166028109,0.0));
#17690=DIRECTION('',(0.848296676338014,-0.529521245007109,0.0));
#17691=DIRECTION('',(0.627109969160571,-0.778930732850764,0.0));
#17692=DIRECTION('',(0.286627000999591,-0.95804225496477,0.0));
#17693=DIRECTION('',(0.922150976061222,-0.386830166028109,0.0));
#17694=DIRECTION('',(0.098092179647592,0.99517733308792,0.0));
#17695=DIRECTION('',(-0.472435849398491,0.881365059554284,0.0));
#17696=DIRECTION('',(-0.709133401968502,0.705074335238902,0.0));
#17697=DIRECTION('',(-0.871488452268381,0.490416024985789,0.0));
#17698=DIRECTION('',(-0.922150976061222,0.386830166028109,0.0));
#17699=DIRECTION('',(-0.960551915150867,0.27810073408749,0.0));
#17700=DIRECTION('',(-0.999929702267138,0.0118570874987804,0.0));
#17701=DIRECTION('',(-0.959841248851882,-0.280543716740295,0.0));
#17702=DIRECTION('',(-0.641250416855083,-0.76733167723168,0.0));
#17703=DIRECTION('',(-0.386830166028109,-0.922150976061222,0.0));
#17704=DIRECTION('',(-0.0980985903528833,-0.995176701179633,0.0));
#17705=DIRECTION('',(0.286627000999591,-0.95804225496477,0.0));
#17706=DIRECTION('',(0.586729481827903,-0.809783004979704,0.0));
#17707=DIRECTION('',(-0.996522514133183,0.0833239390912286,0.0));
#17708=DIRECTION('',(-0.884339067522083,-0.466845170965891,0.0));
#17709=DIRECTION('',(-0.641260227110505,-0.767323478805506,0.0));
#17710=DIRECTION('',(-0.386830166028109,-0.922150976061223,0.0));
#17711=DIRECTION('',(-0.00731407388673069,-0.999973251803857,0.0));
#17712=DIRECTION('',(0.286616244842304,-0.958045472925214,0.0));
#17713=DIRECTION('',(0.938689043166049,0.344764963765181,0.0));
#17714=DIRECTION('',(0.797169179799801,0.603755992746501,0.0));
#17715=DIRECTION('',(0.552777223354783,0.833329071459874,0.0));
#17716=DIRECTION('',(0.0333397384129683,0.999444076395751,0.0));
#17717=DIRECTION('',(-0.41208703797148,0.911144485323756,0.0));
#17718=DIRECTION('',(-0.755161258597185,0.655539070928587,0.0));
#17719=DIRECTION('',(-0.884056008835613,0.467380972271707,0.0));
#17720=DIRECTION('',(-0.981204372131918,0.192971448948304,0.0));
#17721=DIRECTION('',(-0.999444076395751,0.0333397384129584,0.0));
#17722=DIRECTION('',(-0.991883161990581,-0.127152636463298,0.0));
#17723=DIRECTION('',(-0.913236610528395,-0.407429617468598,0.0));
#17724=DIRECTION('',(-0.797169179799801,-0.603755992746501,0.0));
#17725=DIRECTION('',(-0.471899803772709,-0.881652184934217,0.0));
#17726=DIRECTION('',(-0.0333397384129683,-0.999444076395751,0.0));
#17727=DIRECTION('',(0.49602217842641,-0.868309851671118,0.0));
#17728=DIRECTION('',(0.755161258597185,-0.655539070928587,0.0));
#17729=DIRECTION('',(0.913623057186437,-0.406562306882117,0.0));
#17730=DIRECTION('',(-0.938686294593118,-0.344772447192407,0.0));
#17731=DIRECTION('',(-0.871158474023376,-0.491001948201087,0.0));
#17732=DIRECTION('',(-0.471891897660486,-0.881656416594574,0.0));
#17733=DIRECTION('',(-0.0333397384129683,-0.999444076395751,0.0));
#17734=DIRECTION('',(0.412087189835002,-0.911144416639805,0.0));
#17735=DIRECTION('',(0.755161221160274,-0.655539114054778,0.0));
#17736=DIRECTION('',(0.884055992734576,-0.467381002726987,0.0));
#17737=DIRECTION('',(0.981204369461325,-0.192971462527505,0.0));
#17738=DIRECTION('',(0.999444076395751,-0.0333397384129484,0.0));
#17739=DIRECTION('',(0.991882976200504,0.1271540857528,0.0));
#17740=DIRECTION('',(0.913238064332406,0.407426358811503,0.0));
#17741=DIRECTION('',(0.797169145320169,0.603756038271677,0.0));
#17742=DIRECTION('',(0.471899950722689,0.881652106279979,0.0));
#17743=DIRECTION('',(0.0333397384129683,0.999444076395751,0.0));
#17744=DIRECTION('',(-0.41209541100151,0.911140698372922,0.0));
#17745=DIRECTION('',(-0.836497485421821,0.547970762799413,0.0));
#17746=DIRECTION('',(-0.913626298362708,0.406555023262603,0.0));
#17747=DIRECTION('',(-0.127252582719499,-0.991870344445894,0.0));
#17748=DIRECTION('',(0.324516119879785,-0.945880165738858,0.0));
#17749=DIRECTION('',(0.709366295681093,-0.704840023375293,0.0));
#17750=DIRECTION('',(0.88039763532969,-0.474236231962395,0.0));
#17751=DIRECTION('',(0.99250826444851,-0.122177514303601,0.0));
#17752=DIRECTION('',(0.985642839390606,0.168843694457401,0.0));
#17753=DIRECTION('',(0.945880165738858,0.324516119879785,0.0));
#17754=DIRECTION('',(0.881698937104273,0.471812446115186,0.0));
#17755=DIRECTION('',(0.708461705570396,0.705749255571896,0.0));
#17756=DIRECTION('',(0.403830220720096,0.914833948229491,0.0));
#17757=DIRECTION('',(0.127252527612596,0.991870351515865,0.0));
#17758=DIRECTION('',(-0.155555982189895,0.987827078189769,0.0));
#17759=DIRECTION('',(-0.324516119879785,0.945880165738858,0.0));
#17760=DIRECTION('',(-0.483641154205992,0.875266378857486,0.0));
#17761=DIRECTION('',(-0.709366178201393,0.704840141609393,0.0));
#17762=DIRECTION('',(-0.880397656024261,0.474236193543879,0.0));
#17763=DIRECTION('',(-0.992508708819504,0.122173904404501,0.0));
#17764=DIRECTION('',(-0.985643081422082,-0.168842281567097,0.0));
#17765=DIRECTION('',(-0.945880165738847,-0.324516119879816,0.0));
#17766=DIRECTION('',(-0.88169894363388,-0.47181243391299,0.0));
#17767=DIRECTION('',(-0.708461729883124,-0.705749231165724,0.0));
#17768=DIRECTION('',(-0.403830260641416,-0.914833930607236,0.0));
#17769=DIRECTION('',(-0.059326545881198,-0.998238629263467,0.0));
#17770=DIRECTION('',(0.945880165738858,0.324516119879786,0.0));
#17771=DIRECTION('',(0.349835784302605,0.936811039656014,0.0));
#17772=DIRECTION('',(0.677625466862524,0.735407184258726,0.0));
#17773=DIRECTION('',(0.828376186309218,0.560172200270412,0.0));
#17774=DIRECTION('',(0.945880165738858,0.324516119879785,0.0));
#17775=DIRECTION('',(0.997795893749906,0.0663577758505104,0.0));
#17776=DIRECTION('',(0.986374440210762,-0.164515846345894,0.0));
#17777=DIRECTION('',(0.851267468173193,-0.524732024589696,0.0));
#17778=DIRECTION('',(0.659656262759184,-0.751567438758882,0.0));
#17779=DIRECTION('',(0.508229027282281,-0.861221955031168,0.0));
#17780=DIRECTION('',(0.324516119879785,-0.945880165738858,0.0));
#17781=DIRECTION('',(-0.986374440210746,0.164515846345991,0.0));
#17782=DIRECTION('',(-0.985643081422082,-0.168842281567097,0.0));
#17783=DIRECTION('',(-0.945880165738858,-0.324516119879785,0.0));
#17784=DIRECTION('',(-0.881699626491849,-0.471811157820726,0.0));
#17785=DIRECTION('',(-0.708459187277741,-0.705751783534241,0.0));
#17786=DIRECTION('',(-0.530123220263729,-0.847920616176546,0.0));
#17787=CARTESIAN_POINT('',(-2.68197918474312,-0.648875649748772,0.0));
#17788=DIRECTION('',(0.0,0.0,-1.0));
#17789=DIRECTION('',(0.0,1.0,0.0));
#17790=CARTESIAN_POINT('',(-2.68197918474312,-0.648875649748772,0.0));
#17791=DIRECTION('',(0.0,0.0,-1.0));
#17792=DIRECTION('',(0.0,-1.0,0.0));
#17793=CARTESIAN_POINT('',(0.0,0.0,0.0));
#17794=DIRECTION('',(0.0,0.0,-1.0));
#17795=DIRECTION('',(0.0,1.0,0.0));
#17796=CARTESIAN_POINT('',(0.0,0.0,0.0));
#17797=DIRECTION('',(0.0,0.0,-1.0));
#17798=DIRECTION('',(0.0,-1.0,0.0));
#17799=DIRECTION('',(0.0,0.0,1.0));
#17800=DIRECTION('',(-0.777650615285119,0.628696684058915,0.0));
#17801=DIRECTION('',(0.0,0.0,1.0));
#17802=DIRECTION('',(0.995880739777635,0.0906727750758231,0.0));
#17803=DIRECTION('',(0.0,0.0,1.0));
#17804=DIRECTION('',(0.862778221722013,0.505582574978807,0.0));
#17805=DIRECTION('',(0.0,0.0,1.0));
#17806=DIRECTION('',(0.632212660451386,0.774794909614783,0.0));
#17807=DIRECTION('',(0.0,2.775557561563E-14,1.0));
#17808=DIRECTION('',(0.290299032840896,0.956935980895086,0.0));
#17809=DIRECTION('',(0.0,0.0,1.0));
#17810=DIRECTION('',(-0.0951828419955941,0.995459806616843,0.0));
#17811=DIRECTION('',(0.0,0.0,1.0));
#17812=DIRECTION('',(-0.436460210907909,0.899723559930618,0.0));
#17813=DIRECTION('',(1.040834085586E-14,-2.775557561563E-14,1.0));
#17814=DIRECTION('',(-0.666622237441402,0.745395728823702,0.0));
#17815=DIRECTION('',(0.0,0.0,1.0));
#17816=DIRECTION('',(-0.898092437132154,0.439806746612677,0.0));
#17817=DIRECTION('',(1.387778780781E-14,0.0,1.0));
#17818=DIRECTION('',(-0.956935980895086,0.290299032840896,0.0));
#17819=DIRECTION('',(0.0,0.0,1.0));
#17820=DIRECTION('',(-0.290299032840896,-0.956935980895086,0.0));
#17821=DIRECTION('',(0.0,0.0,1.0));
#17822=DIRECTION('',(0.956935980895086,-0.290299032840896,0.0));
#17823=DIRECTION('',(1.387778780781E-14,0.0,1.0));
#17824=DIRECTION('',(0.991076106476386,-0.133297228671898,0.0));
#17825=DIRECTION('',(0.0,0.0,1.0));
#17826=DIRECTION('',(0.968403304672914,0.249389333169204,0.0));
#17827=DIRECTION('',(0.0,0.0,1.0));
#17828=DIRECTION('',(0.862778221722013,0.505582574978807,0.0));
#17829=DIRECTION('',(0.0,0.0,1.0));
#17830=DIRECTION('',(0.632212787624106,0.774794805845107,0.0));
#17831=DIRECTION('',(0.0,0.0,1.0));
#17832=DIRECTION('',(0.290299032840896,0.956935980895086,0.0));
#17833=DIRECTION('',(0.0,0.0,1.0));
#17834=DIRECTION('',(-0.0951829236916411,0.995459798805312,0.0));
#17835=DIRECTION('',(0.0,0.0,1.0));
#17836=DIRECTION('',(-0.436460250169794,0.899723540884488,0.0));
#17837=DIRECTION('',(-0.999536563413168,0.030441064373549,0.0));
#17838=DIRECTION('',(-0.926041391162912,-0.377421967899405,0.0));
#17839=DIRECTION('',(-0.632212533278699,-0.774795013384399,0.0));
#17840=DIRECTION('',(-0.290299032840896,-0.956935980895086,0.0));
#17841=DIRECTION('',(0.0951829236916411,-0.995459798805312,0.0));
#17842=DIRECTION('',(0.560266014082614,-0.828312738924121,0.0));
#17843=DIRECTION('',(0.847980525973689,-0.530027383791993,0.0));
#17844=DIRECTION('',(0.956935980895086,-0.290299032840896,0.0));
#17845=DIRECTION('',(0.290299032840896,0.956935980895086,0.0));
#17846=DIRECTION('',(-0.956935980895086,0.290299032840896,0.0));
#17847=DIRECTION('',(0.0951829236916411,-0.995459798805312,0.0));
#17848=DIRECTION('',(0.560265872171304,-0.828312834912105,0.0));
#17849=DIRECTION('',(0.847980525973689,-0.530027383791993,0.0));
#17850=DIRECTION('',(0.956935980895086,-0.290299032840896,0.0));
#17851=DIRECTION('',(0.290299032840896,0.956935980895086,0.0));
#17852=DIRECTION('',(-0.956935980895086,0.290299032840896,0.0));
#17853=DIRECTION('',(-0.999536563413168,0.030441064373539,0.0));
#17854=DIRECTION('',(-0.926041391162912,-0.377421967899405,0.0));
#17855=DIRECTION('',(-0.632212660451386,-0.774794909614783,0.0));
#17856=DIRECTION('',(-0.290299032840896,-0.956935980895086,0.0));
#17857=DIRECTION('',(0.95669810605595,-0.291082005402185,0.0));
#17858=DIRECTION('',(0.830065930897052,-0.557665267310068,0.0));
#17859=DIRECTION('',(0.599065932574136,-0.800699699281248,0.0));
#17860=DIRECTION('',(0.325649396604797,-0.945490597780291,0.0));
#17861=DIRECTION('',(0.089858302340329,-0.995954559957689,0.0));
#17862=DIRECTION('',(-0.151157646414105,-0.988509669113332,0.0));
#17863=DIRECTION('',(-0.446074633042188,-0.894995766334276,0.0));
#17864=DIRECTION('',(-0.716844874767396,-0.697232691086496,0.0));
#17865=DIRECTION('',(-0.889147696123016,-0.457620338795308,0.0));
#17866=DIRECTION('',(-0.96870829459364,-0.24820201446701,0.0));
#17867=DIRECTION('',(-0.995954559957689,-0.089858302340329,0.0));
#17868=DIRECTION('',(-0.997490155765175,0.0708052904207482,0.0));
#17869=DIRECTION('',(-0.956698237776899,0.2910815724751,0.0));
#17870=DIRECTION('',(-0.830065907011456,0.557665302862971,0.0));
#17871=DIRECTION('',(-0.599065358337821,0.800700128911928,0.0));
#17872=DIRECTION('',(-0.325650148417507,0.94549033883782,0.0));
#17873=DIRECTION('',(-0.0898583023403191,0.99595455995769,0.0));
#17874=DIRECTION('',(0.151158174991701,0.98850958828591,0.0));
#17875=DIRECTION('',(0.446074131168319,0.894996016472939,0.0));
#17876=DIRECTION('',(0.716844904630886,0.697232660382986,0.0));
#17877=DIRECTION('',(0.889147945068193,0.457619855099196,0.0));
#17878=DIRECTION('',(0.968708253125594,0.248202176312698,0.0));
#17879=DIRECTION('',(0.995954559957689,0.089858302340329,0.0));
#17880=DIRECTION('',(0.997490169554668,-0.0708050961569877,0.0));
#17881=DIRECTION('',(-0.958223029628216,-0.286022071683505,0.0));
#17882=DIRECTION('',(-0.833299394865901,-0.552821959147901,0.0));
#17883=DIRECTION('',(-0.562917598991814,-0.826513022731821,0.0));
#17884=DIRECTION('',(-0.2074428451278,-0.978247139533402,0.0));
#17885=DIRECTION('',(0.0898583023403191,-0.99595455995769,0.0));
#17886=DIRECTION('',(0.379188881354792,-0.92531929205918,0.0));
#17887=DIRECTION('',(0.701764564817501,-0.712408938438102,0.0));
#17888=DIRECTION('',(0.918791726755788,-0.394742653946995,0.0));
#17889=DIRECTION('',(0.993943626308946,-0.109891163065205,0.0));
#17890=DIRECTION('',(0.995954559957689,0.089858302340329,0.0));
#17891=DIRECTION('',(0.958223029628216,0.286022071683505,0.0));
#17892=DIRECTION('',(0.833299313863188,0.552822081247792,0.0));
#17893=DIRECTION('',(0.562917977578296,0.826512764885794,0.0));
#17894=DIRECTION('',(0.2074428451278,0.978247139533402,0.0));
#17895=DIRECTION('',(-0.0898583023403191,0.99595455995769,0.0));
#17896=DIRECTION('',(-0.379188881354792,0.92531929205918,0.0));
#17897=DIRECTION('',(-0.701764238496485,0.712409259883284,0.0));
#17898=DIRECTION('',(-0.918791784595803,0.394742519320201,0.0));
#17899=DIRECTION('',(-0.993943626308946,0.109891163065205,0.0));
#17900=DIRECTION('',(-0.99595455995769,-0.0898583023403191,0.0));
#17901=DIRECTION('',(0.891403368416815,0.453210806110308,0.0));
#17902=DIRECTION('',(0.453210806110308,-0.891403368416816,0.0));
#17903=DIRECTION('',(0.695634181093016,-0.718396190200817,0.0));
#17904=DIRECTION('',(0.916105723160033,-0.400936783038714,0.0));
#17905=DIRECTION('',(0.999677351216005,-0.0254006587661201,0.0));
#17906=DIRECTION('',(0.963698703965782,0.266992149649895,0.0));
#17907=DIRECTION('',(0.891403368416816,0.453210806110308,0.0));
#17908=DIRECTION('',(0.783537469684701,0.621344536952001,0.0));
#17909=DIRECTION('',(0.568486416664109,0.822692648604812,0.0));
#17910=DIRECTION('',(0.215817608256906,0.976433694608225,0.0));
#17911=DIRECTION('',(-0.170587371371209,0.98534255400275,0.0));
#17912=DIRECTION('',(-0.453210806110308,0.891403368416816,0.0));
#17913=DIRECTION('',(0.891403368416815,0.453210806110308,0.0));
#17914=DIRECTION('',(0.453210806110308,-0.891403368416816,0.0));
#17915=DIRECTION('',(0.2266574274075,-0.973974543097002,0.0));
#17916=DIRECTION('',(-0.0818977957420239,-0.996640733189547,0.0));
#17917=DIRECTION('',(-0.406738875993999,-0.913544463480097,0.0));
#17918=DIRECTION('',(-0.655689873926286,-0.755030323384784,0.0));
#17919=DIRECTION('',(-0.807314960122343,-0.590120797093832,0.0));
#17920=DIRECTION('',(-0.891403368416816,-0.453210806110308,0.0));
#17921=DIRECTION('',(-0.95248001509032,-0.304601084787207,0.0));
#17922=DIRECTION('',(-0.996387324169216,-0.0849252626425714,0.0));
#17923=DIRECTION('',(-0.977782822136031,0.209620496936007,0.0));
#17924=DIRECTION('',(-0.853527874905823,0.521047182852714,0.0));
#17925=DIRECTION('',(-0.653411493062784,0.757002919897581,0.0));
#17926=DIRECTION('',(-0.453210806110308,0.891403368416816,0.0));
#17927=DIRECTION('',(0.392590419169795,-0.919713413393588,0.0));
#17928=DIRECTION('',(-0.665614689781071,-0.746295574653668,0.0));
#17929=DIRECTION('',(-0.383001025711008,0.923747917077119,0.0));
#17930=DIRECTION('',(-0.897317260500602,-0.441386150675001,0.0));
#17931=DIRECTION('',(-0.999840107345807,-0.0178818271640401,0.0));
#17932=DIRECTION('',(-0.943269897417368,0.332026957679989,0.0));
#17933=DIRECTION('',(-0.746295574653668,0.665614689781072,0.0));
#17934=DIRECTION('',(-0.437317466654705,0.899307196323209,0.0));
#17935=DIRECTION('',(-0.0961305283507507,0.995368736458507,0.0));
#17936=DIRECTION('',(0.180730565354908,0.983532644474242,0.0));
#17937=DIRECTION('',(0.537502629837107,0.843262072500711,0.0));
#17938=DIRECTION('',(0.665614689781071,0.746295574653668,0.0));
#17939=DIRECTION('',(0.746295574653668,-0.665614689781071,0.0));
#17940=DIRECTION('',(-0.665614689781121,-0.746295574653624,0.0));
#17941=DIRECTION('',(-0.746295574653668,0.665614689781071,0.0));
#17942=DIRECTION('',(-0.665614689781071,-0.746295574653668,0.0));
#17943=DIRECTION('',(-0.746295574653668,0.665614689781071,0.0));
#17944=DIRECTION('',(-0.665614689781071,-0.746295574653668,0.0));
#17945=DIRECTION('',(-0.44772872589472,-0.89416944032364,0.0));
#17946=DIRECTION('',(-0.0467507264651005,-0.998906587011511,0.0));
#17947=DIRECTION('',(0.437317466654705,-0.899307196323209,0.0));
#17948=DIRECTION('',(0.746295574653668,-0.665614689781071,0.0));
#17949=DIRECTION('',(0.943269897417368,-0.332026957679989,0.0));
#17950=DIRECTION('',(0.987078729117303,0.160236021306601,0.0));
#17951=DIRECTION('',(0.837346283164085,0.54667284738799,0.0));
#17952=DIRECTION('',(0.665614689781071,0.746295574653668,0.0));
#17953=DIRECTION('',(0.553515588571526,-0.83283881586314,0.0));
#17954=DIRECTION('',(-0.333169887542205,-0.942866812458215,0.0));
#17955=DIRECTION('',(-0.942866812458215,0.333169887542205,0.0));
#17956=DIRECTION('',(0.333169887542205,0.942866812458215,0.0));
#17957=DIRECTION('',(0.942866812458215,-0.333169887542205,0.0));
#17958=DIRECTION('',(-0.543566366991807,0.839366192239911,0.0));
#17959=DIRECTION('',(0.333169887542205,0.942866812458215,0.0));
#17960=DIRECTION('',(0.942866812458215,-0.333169887542205,0.0));
#17961=DIRECTION('',(-0.333169887542205,-0.942866812458215,0.0));
#17962=DIRECTION('',(-0.942866812458215,0.333169887542205,0.0));
#17963=DIRECTION('',(-0.941070667609157,0.338209991818184,0.0));
#17964=DIRECTION('',(-0.763975324226556,0.645245460249763,0.0));
#17965=DIRECTION('',(-0.557559814473191,0.830136767818786,0.0));
#17966=DIRECTION('',(-0.204252298237892,0.97891827987046,0.0));
#17967=DIRECTION('',(-0.0448403775187092,0.998994164419382,0.0));
#17968=DIRECTION('',(0.154614771244696,0.987974833947176,0.0));
#17969=DIRECTION('',(0.333940404652009,0.942594189532724,0.0));
#17970=DIRECTION('',(0.594542688656282,0.804064046805576,0.0));
#17971=DIRECTION('',(0.94148165127909,0.337064237653296,0.0));
#17972=DIRECTION('',(0.998994164419382,0.0448403775187192,0.0));
#17973=DIRECTION('',(0.96789342406405,-0.251360935018887,0.0));
#17974=DIRECTION('',(0.664188383845238,-0.747565241811743,0.0));
#17975=DIRECTION('',(0.417045056543276,-0.908885812857048,0.0));
#17976=DIRECTION('',(0.242506225632309,-0.970149849523037,0.0));
#17977=DIRECTION('',(0.0448403775186992,-0.998994164419383,0.0));
#17978=DIRECTION('',(0.242507306988892,-0.970149579218068,0.0));
#17979=DIRECTION('',(0.514669973687618,-0.85738837068413,0.0));
#17980=DIRECTION('',(0.800276414573686,-0.599631270262889,0.0));
#17981=DIRECTION('',(0.998994164419382,0.0448403775187092,0.0));
#17982=DIRECTION('',(0.743336798827294,0.668917336828095,0.0));
#17983=DIRECTION('',(0.435786556967792,0.900050041256683,0.0));
#17984=DIRECTION('',(0.154615872469603,0.987974661608517,0.0));
#17985=DIRECTION('',(-0.0448403775187092,0.998994164419382,0.0));
#17986=DIRECTION('',(-0.242507306988892,0.970149579218068,0.0));
#17987=DIRECTION('',(-0.664187074002012,0.747566405564513,0.0));
#17988=DIRECTION('',(-0.941070667609157,0.338209991818184,0.0));
#17989=DIRECTION('',(-0.0448403775186992,0.998994164419383,0.0));
#17990=DIRECTION('',(0.96789342406405,-0.251360935018887,0.0));
#17991=DIRECTION('',(0.829843913076579,-0.557995591317486,0.0));
#17992=DIRECTION('',(0.477526446634198,-0.878617375633396,0.0));
#17993=DIRECTION('',(0.204252311785507,-0.978918277043736,0.0));
#17994=DIRECTION('',(0.0448403775187092,-0.998994164419382,0.0));
#17995=DIRECTION('',(-0.115729120332698,-0.993280811607181,0.0));
#17996=DIRECTION('',(-0.333940447765012,-0.942594174258733,0.0));
#17997=DIRECTION('',(-0.594542723095592,-0.804064021340389,0.0));
#17998=DIRECTION('',(-0.826906123285906,-0.562339989038904,0.0));
#17999=DIRECTION('',(-0.998994164419383,-0.0448403775186992,0.0));
#18000=DIRECTION('',(-0.873961257497173,0.485995597093185,0.0));
#18001=DIRECTION('',(-0.664188383845238,0.747565241811743,0.0));
#18002=DIRECTION('',(-0.417045056543276,0.908885812857048,0.0));
#18003=DIRECTION('',(-0.204252298237892,0.97891827987046,0.0));
#18004=DIRECTION('',(-0.0448403775187092,0.998994164419382,0.0));
#18005=DIRECTION('',(-0.304057530023511,0.952653671822033,0.0));
#18006=DIRECTION('',(-0.514669973687618,0.85738837068413,0.0));
#18007=DIRECTION('',(-0.941070667609157,0.338209991818184,0.0));
#18008=DIRECTION('',(-0.998994164419383,-0.0448403775186992,0.0));
#18009=DIRECTION('',(-0.906986041091672,-0.421160683427187,0.0));
#18010=DIRECTION('',(-0.435786425087186,-0.900050105110671,0.0));
#18011=DIRECTION('',(-0.217486050411202,-0.976063429228109,0.0));
#18012=DIRECTION('',(0.0448403775187092,-0.998994164419382,0.0));
#18013=DIRECTION('',(0.304057530023511,-0.952653671822033,0.0));
#18014=DIRECTION('',(0.664188383845238,-0.747565241811743,0.0));
#18015=DIRECTION('',(0.873961181481117,-0.485995733792109,0.0));
#18016=DIRECTION('',(0.0448403775186992,-0.998994164419383,0.0));
#18017=DIRECTION('',(-0.362704260564713,-0.931904297322533,0.0));
#18018=DIRECTION('',(-0.689673170872895,-0.724120789218295,0.0));
#18019=DIRECTION('',(-0.872345219239704,-0.488890395149702,0.0));
#18020=DIRECTION('',(-0.992583231818863,-0.121566968836195,0.0));
#18021=DIRECTION('',(-0.901633253055376,0.432501418477188,0.0));
#18022=DIRECTION('',(0.260140977057597,-0.965570645812889,0.0));
#18023=DIRECTION('',(-0.0730764896958066,-0.997326339095553,0.0));
#18024=DIRECTION('',(-0.445831124242203,-0.895117092148806,0.0));
#18025=DIRECTION('',(-0.689673170872895,-0.724120789218295,0.0));
#18026=DIRECTION('',(-0.872342118084045,-0.488895928615325,0.0));
#18027=DIRECTION('',(-0.996842475109229,0.0794045327302323,0.0));
#18028=DIRECTION('',(-0.930250521500599,0.3669250158382,0.0));
#18029=DIRECTION('',(-0.79870146802091,0.601727483983608,0.0));
#18030=DIRECTION('',(-0.724120789218295,0.689673170872895,0.0));
#18031=DIRECTION('',(-0.63991167795417,0.768448465687764,0.0));
#18032=DIRECTION('',(-0.41179451570111,0.911276729011823,0.0));
#18033=DIRECTION('',(-0.127858365762606,0.991792437107944,0.0));
#18034=DIRECTION('',(0.445831124242203,0.895117092148806,0.0));
#18035=DIRECTION('',(0.724120789218295,-0.689673170872895,0.0));
#18036=DIRECTION('',(-0.073082088263738,-0.997325928859273,0.0));
#18037=DIRECTION('',(0.308857388638714,-0.951108360536944,0.0));
#18038=DIRECTION('',(0.604322311711211,-0.796739947265115,0.0));
#18039=DIRECTION('',(0.724120789218295,-0.689673170872895,0.0));
#18040=DIRECTION('',(0.825226110405712,-0.564802502388808,0.0));
#18041=DIRECTION('',(0.965021660329324,-0.262170164388007,0.0));
#18042=DIRECTION('',(0.992583231818863,0.121566968836195,0.0));
#18043=DIRECTION('',(0.689673170872895,0.724120789218295,0.0));
#18044=DIRECTION('',(0.207173768091101,0.978304160174603,0.0));
#18045=DIRECTION('',(-0.127861142304605,0.99179207916204,0.0));
#18046=DIRECTION('',(-0.518986782634108,0.854782264352213,0.0));
#18047=DIRECTION('',(-0.724120789218295,0.689673170872895,0.0));
#18048=DIRECTION('',(0.689673170872895,0.724120789218295,0.0));
#18049=DIRECTION('',(0.724120789218295,-0.689673170872895,0.0));
#18050=DIRECTION('',(0.809997917522779,-0.586432752844485,0.0));
#18051=DIRECTION('',(0.965021660329324,-0.262170164388007,0.0));
#18052=DIRECTION('',(0.967054785730368,0.254568343271492,0.0));
#18053=DIRECTION('',(0.689673170872895,0.724120789218295,0.0));
#18054=DIRECTION('',(0.207168767302911,0.978305219169453,0.0));
#18055=DIRECTION('',(-0.127855419280798,0.991792816953486,0.0));
#18056=DIRECTION('',(-0.411796331898719,0.911275908292741,0.0));
#18057=DIRECTION('',(-0.604321735148737,0.796740384583849,0.0));
#18058=DIRECTION('',(-0.724120789218295,0.689673170872895,0.0));
#18059=DIRECTION('',(-0.82522651912583,0.56480190521232,0.0));
#18060=DIRECTION('',(-0.930249790207548,0.366926869851219,0.0));
#18061=DIRECTION('',(-0.996842711004969,0.0794015712455575,0.0));
#18062=DIRECTION('',(-0.967054825548138,-0.25456819201161,0.0));
#18063=DIRECTION('',(-0.724120789218295,0.689673170872895,0.0));
#18064=DIRECTION('',(0.913134100925739,0.407659310854717,0.0));
#18065=DIRECTION('',(0.992583231818851,0.121566968836294,0.0));
#18066=DIRECTION('',(0.965021679536676,-0.262170093687693,0.0));
#18067=DIRECTION('',(0.930250538283292,-0.366924973289697,0.0));
#18068=DIRECTION('',(0.846753540431519,-0.531985377399312,0.0));
#18069=DIRECTION('',(0.724120789218295,-0.689673170872895,0.0));
#18070=DIRECTION('',(0.572592554122527,-0.819840086214038,0.0));
#18071=DIRECTION('',(0.411794474020404,-0.91127674784681,0.0));
#18072=DIRECTION('',(0.308857318957714,-0.951108383164744,0.0));
#18073=DIRECTION('',(-0.0730820882637579,-0.997325928859271,0.0));
#18074=DIRECTION('',(-0.00731407388673069,-0.999973251803857,0.0));
#18075=DIRECTION('',(-0.386830166028109,-0.922150976061223,0.0));
#18076=DIRECTION('',(-0.641260227110505,-0.767323478805506,0.0));
#18077=DIRECTION('',(-0.884339067522083,-0.466845170965891,0.0));
#18078=DIRECTION('',(-0.996522514133183,0.0833239390912286,0.0));
#18079=DIRECTION('',(0.586729481827903,-0.809783004979704,0.0));
#18080=DIRECTION('',(0.286627000999591,-0.95804225496477,0.0));
#18081=DIRECTION('',(-0.0980985903528833,-0.995176701179633,0.0));
#18082=DIRECTION('',(-0.386830166028109,-0.922150976061222,0.0));
#18083=DIRECTION('',(-0.641250416855083,-0.76733167723168,0.0));
#18084=DIRECTION('',(-0.959841248851882,-0.280543716740295,0.0));
#18085=DIRECTION('',(-0.999929702267138,0.0118570874987804,0.0));
#18086=DIRECTION('',(-0.960551915150867,0.27810073408749,0.0));
#18087=DIRECTION('',(-0.922150976061222,0.386830166028109,0.0));
#18088=DIRECTION('',(-0.871488452268381,0.490416024985789,0.0));
#18089=DIRECTION('',(-0.709133401968502,0.705074335238902,0.0));
#18090=DIRECTION('',(-0.472435849398491,0.881365059554284,0.0));
#18091=DIRECTION('',(0.098092179647592,0.99517733308792,0.0));
#18092=DIRECTION('',(0.922150976061222,-0.386830166028109,0.0));
#18093=DIRECTION('',(0.286627000999591,-0.95804225496477,0.0));
#18094=DIRECTION('',(0.627109969160571,-0.778930732850764,0.0));
#18095=DIRECTION('',(0.848296676338014,-0.529521245007109,0.0));
#18096=DIRECTION('',(0.922150976061223,-0.386830166028109,0.0));
#18097=DIRECTION('',(0.972199592979113,-0.234153691859103,0.0));
#18098=DIRECTION('',(0.995145358790882,0.0984160295732682,0.0));
#18099=DIRECTION('',(0.884344308833986,0.466835242278193,0.0));
#18100=DIRECTION('',(0.386830166028109,0.922150976061222,0.0));
#18101=DIRECTION('',(-0.154543998252697,0.987985907087783,0.0));
#18102=DIRECTION('',(-0.472440784205804,0.881362414344408,0.0));
#18103=DIRECTION('',(-0.789203592788478,0.614131654557683,0.0));
#18104=DIRECTION('',(-0.922150976061223,0.386830166028109,0.0));
#18105=DIRECTION('',(0.386830166028109,0.922150976061223,0.0));
#18106=DIRECTION('',(0.922150976061223,-0.386830166028109,0.0));
#18107=DIRECTION('',(0.965665891876703,-0.259787192267001,0.0));
#18108=DIRECTION('',(0.995145358790882,0.0984160295732682,0.0));
#18109=DIRECTION('',(0.81315312467966,0.582049822458271,0.0));
#18110=DIRECTION('',(0.386830166028109,0.922150976061223,0.0));
#18111=DIRECTION('',(-0.1545338976616,0.9879874870025,0.0));
#18112=DIRECTION('',(-0.472440633205888,0.881362495285578,0.0));
#18113=DIRECTION('',(-0.709134807198784,0.705072921915984,0.0));
#18114=DIRECTION('',(-0.848296293145408,0.529521858883805,0.0));
#18115=DIRECTION('',(-0.972199762424589,0.234152988325097,0.0));
#18116=DIRECTION('',(-0.999929749522401,0.01185310170665,0.0));
#18117=DIRECTION('',(-0.959842771554203,-0.280538506973901,0.0));
#18118=DIRECTION('',(-0.813147265145811,-0.582058008437208,0.0));
#18119=DIRECTION('',(-0.922150976061222,0.386830166028109,0.0));
#18120=DIRECTION('',(0.708281714025786,0.705929892819886,0.0));
#18121=DIRECTION('',(0.884341688204044,0.466840206606523,0.0));
#18122=DIRECTION('',(0.995145351580632,0.0984161024805431,0.0));
#18123=DIRECTION('',(0.999929726438875,-0.0118550488770297,0.0));
#18124=DIRECTION('',(0.980638849415981,-0.195825041851396,0.0));
#18125=DIRECTION('',(0.922150976061222,-0.386830166028109,0.0));
#18126=DIRECTION('',(0.826865158057175,-0.562400222609383,0.0));
#18127=DIRECTION('',(0.709134774949826,-0.705072954350725,0.0));
#18128=DIRECTION('',(0.627109912093796,-0.778930778794696,0.0));
#18129=DIRECTION('',(0.286616244842304,-0.958045472925214,0.0));
#18130=DIRECTION('',(-0.836497485421821,0.547970762799413,0.0));
#18131=DIRECTION('',(-0.41209541100151,0.911140698372922,0.0));
#18132=DIRECTION('',(0.0333397384129683,0.999444076395751,0.0));
#18133=DIRECTION('',(0.471899950722689,0.881652106279979,0.0));
#18134=DIRECTION('',(0.797169145320169,0.603756038271677,0.0));
#18135=DIRECTION('',(0.913238064332406,0.407426358811503,0.0));
#18136=DIRECTION('',(0.991882976200504,0.1271540857528,0.0));
#18137=DIRECTION('',(0.999444076395751,-0.0333397384129484,0.0));
#18138=DIRECTION('',(0.981204369461325,-0.192971462527505,0.0));
#18139=DIRECTION('',(0.884055992734576,-0.467381002726987,0.0));
#18140=DIRECTION('',(0.755161221160274,-0.655539114054778,0.0));
#18141=DIRECTION('',(0.412087189835002,-0.911144416639805,0.0));
#18142=DIRECTION('',(-0.0333397384129683,-0.999444076395751,0.0));
#18143=DIRECTION('',(-0.471891897660486,-0.881656416594574,0.0));
#18144=DIRECTION('',(-0.871158474023376,-0.491001948201087,0.0));
#18145=DIRECTION('',(-0.938686294593118,-0.344772447192407,0.0));
#18146=DIRECTION('',(0.913623057186437,-0.406562306882117,0.0));
#18147=DIRECTION('',(0.755161258597185,-0.655539070928587,0.0));
#18148=DIRECTION('',(0.49602217842641,-0.868309851671118,0.0));
#18149=DIRECTION('',(-0.0333397384129683,-0.999444076395751,0.0));
#18150=DIRECTION('',(-0.471899803772709,-0.881652184934217,0.0));
#18151=DIRECTION('',(-0.797169179799801,-0.603755992746501,0.0));
#18152=DIRECTION('',(-0.913236610528395,-0.407429617468598,0.0));
#18153=DIRECTION('',(-0.991883161990581,-0.127152636463298,0.0));
#18154=DIRECTION('',(-0.999444076395751,0.0333397384129584,0.0));
#18155=DIRECTION('',(-0.981204372131918,0.192971448948304,0.0));
#18156=DIRECTION('',(-0.884056008835613,0.467380972271707,0.0));
#18157=DIRECTION('',(-0.755161258597185,0.655539070928587,0.0));
#18158=DIRECTION('',(-0.41208703797148,0.911144485323756,0.0));
#18159=DIRECTION('',(0.0333397384129683,0.999444076395751,0.0));
#18160=DIRECTION('',(0.552777223354783,0.833329071459874,0.0));
#18161=DIRECTION('',(0.797169179799801,0.603755992746501,0.0));
#18162=DIRECTION('',(0.938689043166049,0.344764963765181,0.0));
#18163=DIRECTION('',(-0.913626298362708,0.406555023262603,0.0));
#18164=DIRECTION('',(-0.938687668900529,-0.344768705444811,0.0));
#18165=DIRECTION('',(-0.702956436433834,-0.711232907335034,0.0));
#18166=DIRECTION('',(-0.0333397384129683,-0.999444076395751,0.0));
#18167=DIRECTION('',(0.653995370919194,-0.756498549117093,0.0));
#18168=DIRECTION('',(0.913624677797748,-0.406558665039821,0.0));
#18169=DIRECTION('',(0.972876914586569,-0.231323386332893,0.0));
#18170=DIRECTION('',(0.999444076395751,-0.0333397384129584,0.0));
#18171=DIRECTION('',(0.98612971248287,0.165976474713895,0.0));
#18172=DIRECTION('',(0.938689043166049,0.344764963765181,0.0));
#18173=DIRECTION('',(0.702956374360715,0.711232968685815,0.0));
#18174=DIRECTION('',(0.0333397384129683,0.999444076395751,0.0));
#18175=DIRECTION('',(-0.653995436942893,0.756498492039392,0.0));
#18176=DIRECTION('',(-0.913626298362708,0.406555023262603,0.0));
#18177=DIRECTION('',(-0.972876398907656,0.231325555113289,0.0));
#18178=DIRECTION('',(-0.999444076395751,0.0333397384129584,0.0));
#18179=DIRECTION('',(-0.986130082482656,-0.165974276388693,0.0));
#18180=DIRECTION('',(0.871158474023376,0.491001948201087,0.0));
#18181=DIRECTION('',(0.660309010772886,0.750994014817784,0.0));
#18182=DIRECTION('',(0.0333397384129684,0.999444076395751,0.0));
#18183=DIRECTION('',(-0.608793407196759,0.793328801540547,0.0));
#18184=DIRECTION('',(-0.836500270028195,0.547966511971997,0.0));
#18185=DIRECTION('',(-0.97287639890765,0.231325555113312,0.0));
#18186=DIRECTION('',(-0.999444076395751,0.0333397384129584,0.0));
#18187=DIRECTION('',(-0.986130082482656,-0.165974276388693,0.0));
#18188=DIRECTION('',(-0.871155978892804,-0.491006375151402,0.0));
#18189=DIRECTION('',(-0.660317786287495,-0.750986298884595,0.0));
#18190=DIRECTION('',(-0.0333397384129684,-0.999444076395751,0.0));
#18191=DIRECTION('',(0.608801950641492,-0.793322245304589,0.0));
#18192=DIRECTION('',(0.836497485421821,-0.547970762799413,0.0));
#18193=DIRECTION('',(0.972876914586569,-0.231323386332893,0.0));
#18194=DIRECTION('',(0.999444076395751,-0.0333397384129584,0.0));
#18195=DIRECTION('',(0.986129712482886,0.165976474713798,0.0));
#18196=DIRECTION('',(-0.708459187277741,-0.705751783534241,0.0));
#18197=DIRECTION('',(-0.881699626491849,-0.471811157820726,0.0));
#18198=DIRECTION('',(-0.945880165738858,-0.324516119879785,0.0));
#18199=DIRECTION('',(-0.985643081422082,-0.168842281567097,0.0));
#18200=DIRECTION('',(-0.986374440210746,0.164515846345991,0.0));
#18201=DIRECTION('',(0.324516119879785,-0.945880165738858,0.0));
#18202=DIRECTION('',(0.508229027282281,-0.861221955031168,0.0));
#18203=DIRECTION('',(0.659656262759184,-0.751567438758882,0.0));
#18204=DIRECTION('',(0.851267468173193,-0.524732024589696,0.0));
#18205=DIRECTION('',(0.986374440210762,-0.164515846345894,0.0));
#18206=DIRECTION('',(0.997795893749907,0.0663577758505004,0.0));
#18207=DIRECTION('',(0.945880165738858,0.324516119879785,0.0));
#18208=DIRECTION('',(0.828376186309218,0.560172200270412,0.0));
#18209=DIRECTION('',(0.677625466862524,0.735407184258726,0.0));
#18210=DIRECTION('',(0.349835784302605,0.936811039656014,0.0));
#18211=DIRECTION('',(0.945880165738858,0.324516119879786,0.0));
#18212=DIRECTION('',(-0.059326545881198,-0.998238629263467,0.0));
#18213=DIRECTION('',(-0.403830260641416,-0.914833930607236,0.0));
#18214=DIRECTION('',(-0.708461729883124,-0.705749231165724,0.0));
#18215=DIRECTION('',(-0.88169894363388,-0.47181243391299,0.0));
#18216=DIRECTION('',(-0.945880165738847,-0.324516119879816,0.0));
#18217=DIRECTION('',(-0.985643081422082,-0.168842281567097,0.0));
#18218=DIRECTION('',(-0.992508708819504,0.122173904404501,0.0));
#18219=DIRECTION('',(-0.880397656024261,0.474236193543879,0.0));
#18220=DIRECTION('',(-0.709366178201393,0.704840141609393,0.0));
#18221=DIRECTION('',(-0.483641154205992,0.875266378857486,0.0));
#18222=DIRECTION('',(-0.324516119879785,0.945880165738858,0.0));
#18223=DIRECTION('',(-0.155555982189895,0.987827078189769,0.0));
#18224=DIRECTION('',(0.127252527612596,0.991870351515865,0.0));
#18225=DIRECTION('',(0.403830220720096,0.914833948229491,0.0));
#18226=DIRECTION('',(0.708461705570396,0.705749255571896,0.0));
#18227=DIRECTION('',(0.881698937104273,0.471812446115186,0.0));
#18228=DIRECTION('',(0.945880165738858,0.324516119879785,0.0));
#18229=DIRECTION('',(0.985642839390606,0.168843694457401,0.0));
#18230=DIRECTION('',(0.99250826444851,-0.122177514303601,0.0));
#18231=DIRECTION('',(0.88039763532969,-0.474236231962395,0.0));
#18232=DIRECTION('',(0.709366295681093,-0.704840023375293,0.0));
#18233=DIRECTION('',(0.324516119879785,-0.945880165738858,0.0));
#18234=DIRECTION('',(-0.127252582719499,-0.991870344445894,0.0));
#18235=DIRECTION('',(-0.530123220263729,-0.847920616176546,0.0));
#18236=DIRECTION('',(-0.324516119879816,0.945880165738847,0.0));
#18237=DIRECTION('',(-0.659656509476986,0.751567222212783,0.0));
#18238=DIRECTION('',(-0.851267408084295,0.524732122071297,0.0));
#18239=DIRECTION('',(-0.986374440210746,0.164515846345991,0.0));
#18240=DIRECTION('',(-0.997795893749907,-0.0663577758505004,0.0));
#18241=DIRECTION('',(-0.945880165738858,-0.324516119879785,0.0));
#18242=DIRECTION('',(-0.828376186309218,-0.560172200270412,0.0));
#18243=DIRECTION('',(-0.677625466862578,-0.735407184258676,0.0));
#18244=DIRECTION('',(-0.349835677025108,-0.936811079716922,0.0));
#18245=DIRECTION('',(-0.059326545881198,-0.998238629263467,0.0));
#18246=DIRECTION('',(0.324516119879816,-0.945880165738847,0.0));
#18247=DIRECTION('',(0.659656386118013,-0.751567330485914,0.0));
#18248=DIRECTION('',(0.939013362688355,-0.343880654722984,0.0));
#18249=DIRECTION('',(0.986374440210762,-0.164515846345894,0.0));
#18250=DIRECTION('',(0.997795893749907,0.0663577758505004,0.0));
#18251=DIRECTION('',(0.945880165738858,0.324516119879785,0.0));
#18252=DIRECTION('',(0.828376186309218,0.560172200270412,0.0));
#18253=DIRECTION('',(0.677625466862524,0.735407184258726,0.0));
#18254=DIRECTION('',(0.530126385290904,0.847918637381206,0.0));
#18255=DIRECTION('',(0.0593263820346374,0.998238639001056,0.0));
#18256=DIRECTION('',(0.0,0.0,1.0));
#18257=DIRECTION('',(0.0,0.0,1.0));
#18258=DIRECTION('',(0.0,0.0,1.0));
#18259=DIRECTION('',(4.163336342344E-14,-5.551115123126E-14,1.0));
#18260=DIRECTION('',(0.0,0.0,1.0));
#18261=DIRECTION('',(0.0,0.0,1.0));
#18262=DIRECTION('',(0.0,0.0,1.0));
#18263=DIRECTION('',(0.0,0.0,1.0));
#18264=DIRECTION('',(0.0,0.0,1.0));
#18265=DIRECTION('',(0.0,0.0,1.0));
#18266=DIRECTION('',(0.0,0.0,1.0));
#18267=DIRECTION('',(0.0,0.0,1.0));
#18268=DIRECTION('',(0.0,0.0,1.0));
#18269=DIRECTION('',(0.0,0.0,1.0));
#18270=DIRECTION('',(0.0,0.0,1.0));
#18271=DIRECTION('',(0.0,0.0,1.0));
#18272=DIRECTION('',(0.0,0.0,1.0));
#18273=DIRECTION('',(1.387778780781E-14,0.0,1.0));
#18274=DIRECTION('',(0.0,0.0,1.0));
#18275=DIRECTION('',(0.0,0.0,1.0));
#18276=DIRECTION('',(0.0,0.0,1.0));
#18277=DIRECTION('',(0.0,0.0,1.0));
#18278=DIRECTION('',(0.0,0.0,1.0));
#18279=DIRECTION('',(0.0,0.0,1.0));
#18280=DIRECTION('',(0.0,0.0,1.0));
#18281=DIRECTION('',(0.0,0.0,1.0));
#18282=DIRECTION('',(0.0,0.0,1.0));
#18283=DIRECTION('',(0.0,0.0,1.0));
#18284=DIRECTION('',(0.0,0.0,1.0));
#18285=DIRECTION('',(0.0,0.0,1.0));
#18286=DIRECTION('',(0.0,0.0,1.0));
#18287=DIRECTION('',(0.0,0.0,1.0));
#18288=DIRECTION('',(0.0,0.0,1.0));
#18289=DIRECTION('',(0.0,0.0,1.0));
#18290=DIRECTION('',(0.0,0.0,1.0));
#18291=DIRECTION('',(2.168404344971E-14,0.0,1.0));
#18292=DIRECTION('',(0.0,0.0,1.0));
#18293=DIRECTION('',(0.0,0.0,1.0));
#18294=DIRECTION('',(0.0,0.0,1.0));
#18295=DIRECTION('',(0.0,0.0,1.0));
#18296=DIRECTION('',(0.0,0.0,1.0));
#18297=DIRECTION('',(0.0,0.0,1.0));
#18298=DIRECTION('',(0.0,0.0,1.0));
#18299=DIRECTION('',(0.0,0.0,1.0));
#18300=DIRECTION('',(0.0,0.0,1.0));
#18301=DIRECTION('',(0.0,0.0,1.0));
#18302=DIRECTION('',(0.0,0.0,1.0));
#18303=DIRECTION('',(0.0,0.0,1.0));
#18304=DIRECTION('',(0.0,0.0,1.0));
#18305=DIRECTION('',(0.0,0.0,1.0));
#18306=DIRECTION('',(0.0,0.0,1.0));
#18307=DIRECTION('',(0.0,0.0,1.0));
#18308=DIRECTION('',(0.0,0.0,1.0));
#18309=DIRECTION('',(0.0,0.0,1.0));
#18310=DIRECTION('',(0.0,0.0,1.0));
#18311=DIRECTION('',(0.0,0.0,1.0));
#18312=DIRECTION('',(0.0,0.0,1.0));
#18313=DIRECTION('',(0.0,0.0,1.0));
#18314=DIRECTION('',(0.0,-5.551115123126E-14,1.0));
#18315=DIRECTION('',(0.0,0.0,1.0));
#18316=DIRECTION('',(0.0,0.0,1.0));
#18317=DIRECTION('',(0.0,0.0,1.0));
#18318=DIRECTION('',(0.0,0.0,1.0));
#18319=DIRECTION('',(0.0,0.0,1.0));
#18320=DIRECTION('',(0.0,0.0,1.0));
#18321=DIRECTION('',(0.0,0.0,1.0));
#18322=DIRECTION('',(0.0,0.0,1.0));
#18323=DIRECTION('',(0.0,0.0,1.0));
#18324=DIRECTION('',(0.0,0.0,1.0));
#18325=DIRECTION('',(0.0,0.0,1.0));
#18326=DIRECTION('',(0.0,0.0,1.0));
#18327=DIRECTION('',(0.0,0.0,1.0));
#18328=DIRECTION('',(0.0,0.0,1.0));
#18329=DIRECTION('',(0.0,0.0,1.0));
#18330=DIRECTION('',(0.0,0.0,1.0));
#18331=DIRECTION('',(0.0,0.0,1.0));
#18332=DIRECTION('',(0.0,0.0,1.0));
#18333=DIRECTION('',(0.0,0.0,1.0));
#18334=DIRECTION('',(0.0,0.0,1.0));
#18335=DIRECTION('',(0.0,0.0,1.0));
#18336=DIRECTION('',(0.0,0.0,1.0));
#18337=DIRECTION('',(0.0,0.0,1.0));
#18338=DIRECTION('',(0.0,0.0,1.0));
#18339=DIRECTION('',(0.0,0.0,1.0));
#18340=DIRECTION('',(0.0,0.0,1.0));
#18341=DIRECTION('',(0.0,0.0,1.0));
#18342=DIRECTION('',(0.0,0.0,1.0));
#18343=DIRECTION('',(0.0,0.0,1.0));
#18344=DIRECTION('',(0.0,0.0,1.0));
#18345=DIRECTION('',(0.0,0.0,1.0));
#18346=DIRECTION('',(0.0,0.0,1.0));
#18347=DIRECTION('',(0.0,0.0,1.0));
#18348=DIRECTION('',(0.0,0.0,1.0));
#18349=DIRECTION('',(0.0,0.0,1.0));
#18350=DIRECTION('',(0.0,0.0,1.0));
#18351=DIRECTION('',(0.0,0.0,1.0));
#18352=DIRECTION('',(0.0,0.0,1.0));
#18353=DIRECTION('',(0.0,0.0,1.0));
#18354=DIRECTION('',(0.0,0.0,1.0));
#18355=DIRECTION('',(0.0,0.0,1.0));
#18356=DIRECTION('',(0.0,0.0,1.0));
#18357=DIRECTION('',(0.0,0.0,1.0));
#18358=DIRECTION('',(0.0,0.0,1.0));
#18359=DIRECTION('',(0.0,0.0,1.0));
#18360=DIRECTION('',(0.0,0.0,1.0));
#18361=DIRECTION('',(0.0,0.0,1.0));
#18362=DIRECTION('',(0.0,0.0,1.0));
#18363=DIRECTION('',(0.0,0.0,1.0));
#18364=DIRECTION('',(0.0,0.0,1.0));
#18365=DIRECTION('',(0.0,0.0,1.0));
#18366=DIRECTION('',(0.0,0.0,1.0));
#18367=DIRECTION('',(0.0,0.0,1.0));
#18368=DIRECTION('',(0.0,0.0,1.0));
#18369=DIRECTION('',(0.0,-2.775557561563E-14,1.0));
#18370=DIRECTION('',(0.0,0.0,1.0));
#18371=DIRECTION('',(0.0,0.0,1.0));
#18372=DIRECTION('',(0.0,0.0,1.0));
#18373=DIRECTION('',(0.0,0.0,1.0));
#18374=DIRECTION('',(0.0,0.0,1.0));
#18375=DIRECTION('',(0.0,0.0,1.0));
#18376=DIRECTION('',(0.0,0.0,1.0));
#18377=DIRECTION('',(0.0,0.0,1.0));
#18378=DIRECTION('',(0.0,0.0,1.0));
#18379=DIRECTION('',(0.0,0.0,1.0));
#18380=DIRECTION('',(0.0,0.0,1.0));
#18381=DIRECTION('',(0.0,0.0,1.0));
#18382=DIRECTION('',(0.0,0.0,1.0));
#18383=DIRECTION('',(0.0,0.0,1.0));
#18384=DIRECTION('',(0.0,0.0,1.0));
#18385=DIRECTION('',(0.0,0.0,1.0));
#18386=DIRECTION('',(0.0,0.0,1.0));
#18387=DIRECTION('',(0.0,0.0,1.0));
#18388=DIRECTION('',(0.0,0.0,1.0));
#18389=DIRECTION('',(0.0,0.0,1.0));
#18390=DIRECTION('',(0.0,0.0,1.0));
#18391=DIRECTION('',(0.0,0.0,1.0));
#18392=DIRECTION('',(0.0,0.0,1.0));
#18393=DIRECTION('',(0.0,1.322726650432E-14,1.0));
#18394=DIRECTION('',(0.0,0.0,1.0));
#18395=DIRECTION('',(0.0,0.0,1.0));
#18396=DIRECTION('',(-2.775557561563E-14,4.163336342344E-14,1.0));
#18397=DIRECTION('',(0.0,-2.081668171172E-14,1.0));
#18398=DIRECTION('',(0.0,0.0,1.0));
#18399=DIRECTION('',(0.0,0.0,1.0));
#18400=DIRECTION('',(0.0,0.0,1.0));
#18401=DIRECTION('',(0.0,0.0,1.0));
#18402=DIRECTION('',(0.0,0.0,1.0));
#18403=DIRECTION('',(0.0,0.0,1.0));
#18404=DIRECTION('',(0.0,0.0,1.0));
#18405=DIRECTION('',(0.0,0.0,1.0));
#18406=DIRECTION('',(0.0,0.0,1.0));
#18407=DIRECTION('',(0.0,0.0,1.0));
#18408=DIRECTION('',(0.0,0.0,1.0));
#18409=DIRECTION('',(0.0,0.0,1.0));
#18410=DIRECTION('',(0.0,0.0,1.0));
#18411=DIRECTION('',(5.551115123126E-14,0.0,1.0));
#18412=DIRECTION('',(0.0,0.0,1.0));
#18413=DIRECTION('',(0.0,0.0,1.0));
#18414=DIRECTION('',(0.0,0.0,1.0));
#18415=DIRECTION('',(0.0,0.0,1.0));
#18416=DIRECTION('',(0.0,-1.040834085586E-14,1.0));
#18417=DIRECTION('',(0.0,0.0,1.0));
#18418=DIRECTION('',(0.0,0.0,1.0));
#18419=DIRECTION('',(0.0,0.0,1.0));
#18420=DIRECTION('',(8.326672684689E-14,-5.551115123126E-14,1.0));
#18421=DIRECTION('',(0.0,0.0,1.0));
#18422=DIRECTION('',(0.0,0.0,1.0));
#18423=DIRECTION('',(2.775557561563E-14,-7.573152174811E-14,1.0));
#18424=DIRECTION('',(0.0,0.0,1.0));
#18425=DIRECTION('',(0.0,0.0,1.0));
#18426=DIRECTION('',(0.0,0.0,1.0));
#18427=DIRECTION('',(0.0,0.0,1.0));
#18428=DIRECTION('',(0.0,0.0,1.0));
#18429=DIRECTION('',(0.0,0.0,1.0));
#18430=DIRECTION('',(0.0,0.0,1.0));
#18431=DIRECTION('',(0.0,0.0,1.0));
#18432=DIRECTION('',(0.0,0.0,1.0));
#18433=DIRECTION('',(0.0,2.775557561563E-14,1.0));
#18434=DIRECTION('',(5.551115123126E-14,-3.816391647149E-14,1.0));
#18435=DIRECTION('',(0.0,0.0,1.0));
#18436=DIRECTION('',(0.0,0.0,1.0));
#18437=DIRECTION('',(0.0,0.0,1.0));
#18438=DIRECTION('',(0.0,0.0,1.0));
#18439=DIRECTION('',(0.0,0.0,1.0));
#18440=DIRECTION('',(0.0,0.0,1.0));
#18441=DIRECTION('',(0.0,0.0,1.0));
#18442=DIRECTION('',(0.0,0.0,1.0));
#18443=DIRECTION('',(0.0,0.0,1.0));
#18444=DIRECTION('',(0.0,0.0,1.0));
#18445=DIRECTION('',(0.0,0.0,1.0));
#18446=DIRECTION('',(0.0,0.0,1.0));
#18447=DIRECTION('',(0.0,0.0,1.0));
#18448=DIRECTION('',(0.0,0.0,1.0));
#18449=DIRECTION('',(0.0,0.0,1.0));
#18450=DIRECTION('',(0.0,0.0,1.0));
#18451=DIRECTION('',(0.0,0.0,1.0));
#18452=DIRECTION('',(0.0,0.0,1.0));
#18453=DIRECTION('',(0.0,0.0,1.0));
#18454=DIRECTION('',(0.0,0.0,1.0));
#18455=DIRECTION('',(0.0,0.0,1.0));
#18456=DIRECTION('',(0.0,0.0,1.0));
#18457=DIRECTION('',(0.0,0.0,1.0));
#18458=DIRECTION('',(0.0,0.0,1.0));
#18459=DIRECTION('',(0.0,0.0,1.0));
#18460=DIRECTION('',(0.0,0.0,1.0));
#18461=DIRECTION('',(0.0,0.0,1.0));
#18462=DIRECTION('',(0.0,0.0,1.0));
#18463=DIRECTION('',(0.0,0.0,1.0));
#18464=DIRECTION('',(0.0,0.0,1.0));
#18465=DIRECTION('',(0.0,0.0,1.0));
#18466=DIRECTION('',(0.0,0.0,1.0));
#18467=DIRECTION('',(0.0,0.0,1.0));
#18468=DIRECTION('',(0.0,0.0,1.0));
#18469=DIRECTION('',(0.0,0.0,1.0));
#18470=DIRECTION('',(0.0,0.0,1.0));
#18471=DIRECTION('',(0.0,0.0,1.0));
#18472=DIRECTION('',(0.0,0.0,1.0));
#18473=DIRECTION('',(0.0,0.0,1.0));
#18474=DIRECTION('',(0.0,0.0,1.0));
#18475=DIRECTION('',(0.0,0.0,1.0));
#18476=DIRECTION('',(0.0,0.0,1.0));
#18477=DIRECTION('',(0.0,0.0,1.0));
#18478=DIRECTION('',(0.0,0.0,1.0));
#18479=DIRECTION('',(0.0,0.0,1.0));
#18480=DIRECTION('',(0.0,0.0,1.0));
#18481=DIRECTION('',(0.0,0.0,1.0));
#18482=DIRECTION('',(0.0,0.0,1.0));
#18483=DIRECTION('',(0.0,0.0,1.0));
#18484=DIRECTION('',(0.0,0.0,1.0));
#18485=DIRECTION('',(0.0,0.0,1.0));
#18486=DIRECTION('',(0.0,0.0,1.0));
#18487=DIRECTION('',(0.0,0.0,1.0));
#18488=DIRECTION('',(0.0,0.0,1.0));
#18489=DIRECTION('',(0.0,0.0,1.0));
#18490=DIRECTION('',(0.0,0.0,1.0));
#18491=DIRECTION('',(0.0,0.0,1.0));
#18492=DIRECTION('',(0.0,0.0,1.0));
#18493=DIRECTION('',(0.0,0.0,1.0));
#18494=DIRECTION('',(0.0,0.0,1.0));
#18495=DIRECTION('',(0.0,0.0,1.0));
#18496=DIRECTION('',(0.0,0.0,1.0));
#18497=DIRECTION('',(0.0,0.0,1.0));
#18498=DIRECTION('',(0.0,0.0,1.0));
#18499=DIRECTION('',(0.0,0.0,1.0));
#18500=DIRECTION('',(0.0,0.0,1.0));
#18501=DIRECTION('',(0.0,0.0,1.0));
#18502=DIRECTION('',(0.0,0.0,1.0));
#18503=DIRECTION('',(0.0,0.0,1.0));
#18504=DIRECTION('',(0.0,0.0,1.0));
#18505=DIRECTION('',(0.0,0.0,1.0));
#18506=DIRECTION('',(0.0,0.0,1.0));
#18507=DIRECTION('',(0.0,0.0,1.0));
#18508=DIRECTION('',(0.0,0.0,1.0));
#18509=DIRECTION('',(0.0,0.0,1.0));
#18510=DIRECTION('',(0.0,0.0,1.0));
#18511=DIRECTION('',(0.0,0.0,1.0));
#18512=DIRECTION('',(0.0,0.0,1.0));
#18513=DIRECTION('',(0.0,0.0,1.0));
#18514=DIRECTION('',(0.0,0.0,1.0));
#18515=DIRECTION('',(0.0,0.0,1.0));
#18516=DIRECTION('',(0.0,0.0,1.0));
#18517=DIRECTION('',(0.0,0.0,1.0));
#18518=DIRECTION('',(0.0,0.0,1.0));
#18519=DIRECTION('',(0.0,0.0,1.0));
#18520=DIRECTION('',(0.0,0.0,1.0));
#18521=DIRECTION('',(0.0,0.0,1.0));
#18522=DIRECTION('',(0.0,0.0,1.0));
#18523=DIRECTION('',(0.0,0.0,1.0));
#18524=DIRECTION('',(0.0,0.0,1.0));
#18525=DIRECTION('',(0.0,0.0,1.0));
#18526=DIRECTION('',(0.0,0.0,1.0));
#18527=DIRECTION('',(0.0,0.0,1.0));
#18528=DIRECTION('',(0.0,0.0,1.0));
#18529=DIRECTION('',(0.0,0.0,1.0));
#18530=DIRECTION('',(0.0,0.0,1.0));
#18531=DIRECTION('',(0.0,0.0,1.0));
#18532=DIRECTION('',(0.0,0.0,1.0));
#18533=DIRECTION('',(0.0,0.0,1.0));
#18534=DIRECTION('',(0.0,0.0,1.0));
#18535=DIRECTION('',(0.0,0.0,1.0));
#18536=DIRECTION('',(0.0,0.0,1.0));
#18537=DIRECTION('',(0.0,0.0,1.0));
#18538=DIRECTION('',(0.0,0.0,1.0));
#18539=DIRECTION('',(0.0,0.0,1.0));
#18540=DIRECTION('',(0.0,0.0,1.0));
#18541=DIRECTION('',(0.0,0.0,1.0));
#18542=DIRECTION('',(0.0,0.0,1.0));
#18543=DIRECTION('',(0.0,0.0,1.0));
#18544=DIRECTION('',(0.0,0.0,1.0));
#18545=DIRECTION('',(0.0,0.0,1.0));
#18546=DIRECTION('',(0.0,0.0,1.0));
#18547=DIRECTION('',(0.0,0.0,1.0));
#18548=DIRECTION('',(0.0,0.0,1.0));
#18549=DIRECTION('',(0.0,0.0,1.0));
#18550=DIRECTION('',(0.0,0.0,1.0));
#18551=DIRECTION('',(0.0,0.0,1.0));
#18552=DIRECTION('',(0.0,0.0,1.0));
#18553=DIRECTION('',(0.0,0.0,1.0));
#18554=DIRECTION('',(0.0,0.0,1.0));
#18555=DIRECTION('',(0.0,0.0,1.0));
#18556=DIRECTION('',(0.0,0.0,1.0));
#18557=DIRECTION('',(0.0,0.0,1.0));
#18558=DIRECTION('',(0.0,0.0,1.0));
#18559=DIRECTION('',(0.0,0.0,1.0));
#18560=DIRECTION('',(0.0,0.0,1.0));
#18561=DIRECTION('',(0.0,0.0,1.0));
#18562=DIRECTION('',(0.0,0.0,1.0));
#18563=DIRECTION('',(0.0,0.0,1.0));
#18564=DIRECTION('',(0.0,0.0,1.0));
#18565=DIRECTION('',(0.0,0.0,1.0));
#18566=DIRECTION('',(0.0,0.0,1.0));
#18567=DIRECTION('',(0.0,0.0,1.0));
#18568=DIRECTION('',(0.0,0.0,1.0));
#18569=DIRECTION('',(0.0,0.0,1.0));
#18570=DIRECTION('',(0.0,0.0,1.0));
#18571=DIRECTION('',(0.0,0.0,1.0));
#18572=DIRECTION('',(0.0,0.0,1.0));
#18573=DIRECTION('',(0.0,0.0,1.0));
#18574=DIRECTION('',(0.0,0.0,1.0));
#18575=DIRECTION('',(0.0,0.0,1.0));
#18576=DIRECTION('',(0.0,0.0,1.0));
#18577=DIRECTION('',(0.0,0.0,1.0));
#18578=DIRECTION('',(0.0,0.0,1.0));
#18579=DIRECTION('',(0.0,0.0,1.0));
#18580=DIRECTION('',(0.0,0.0,1.0));
#18581=DIRECTION('',(0.0,0.0,1.0));
#18582=DIRECTION('',(0.0,0.0,1.0));
#18583=DIRECTION('',(0.0,0.0,1.0));
#18584=DIRECTION('',(0.0,0.0,1.0));
#18585=DIRECTION('',(0.0,0.0,1.0));
#18586=DIRECTION('',(0.0,0.0,1.0));
#18587=DIRECTION('',(0.0,0.0,1.0));
#18588=DIRECTION('',(0.0,0.0,1.0));
#18589=DIRECTION('',(0.0,0.0,1.0));
#18590=DIRECTION('',(0.0,0.0,1.0));
#18591=DIRECTION('',(0.0,0.0,1.0));
#18592=DIRECTION('',(0.0,0.0,1.0));
#18593=DIRECTION('',(-1.040834085586E-14,0.0,1.0));
#18594=DIRECTION('',(0.0,0.0,1.0));
#18595=DIRECTION('',(0.0,0.0,1.0));
#18596=DIRECTION('',(0.0,0.0,1.0));
#18597=DIRECTION('',(0.0,0.0,1.0));
#18598=DIRECTION('',(0.0,0.0,1.0));
#18599=DIRECTION('',(0.0,0.0,1.0));
#18600=DIRECTION('',(0.0,0.0,1.0));
#18601=DIRECTION('',(0.0,0.0,1.0));
#18602=DIRECTION('',(0.0,0.0,1.0));
#18603=DIRECTION('',(0.0,0.0,1.0));
#18604=DIRECTION('',(0.0,0.0,1.0));
#18605=DIRECTION('',(-1.040834085586E-14,0.0,1.0));
#18606=DIRECTION('',(0.0,0.0,1.0));
#18607=DIRECTION('',(0.0,0.0,1.0));
#18608=DIRECTION('',(0.0,0.0,1.0));
#18609=DIRECTION('',(0.0,0.0,1.0));
#18610=DIRECTION('',(0.0,0.0,1.0));
#18611=DIRECTION('',(0.0,0.0,1.0));
#18612=DIRECTION('',(0.0,0.0,1.0));
#18613=DIRECTION('',(0.0,0.0,1.0));
#18614=DIRECTION('',(0.0,0.0,1.0));
#18615=DIRECTION('',(0.0,0.0,1.0));
#18616=DIRECTION('',(0.0,0.0,1.0));
#18617=DIRECTION('',(0.0,0.0,1.0));
#18618=DIRECTION('',(0.0,0.0,1.0));
#18619=DIRECTION('',(0.0,0.0,1.0));
#18620=DIRECTION('',(0.0,0.0,1.0));
#18621=DIRECTION('',(0.0,0.0,1.0));
#18622=DIRECTION('',(0.0,0.0,1.0));
#18623=DIRECTION('',(1.387778780781E-14,0.0,1.0));
#18624=DIRECTION('',(0.0,0.0,1.0));
#18625=DIRECTION('',(0.0,0.0,1.0));
#18626=DIRECTION('',(0.0,0.0,1.0));
#18627=DIRECTION('',(0.0,0.0,1.0));
#18628=DIRECTION('',(0.0,0.0,1.0));
#18629=DIRECTION('',(0.0,0.0,1.0));
#18630=DIRECTION('',(0.0,0.0,1.0));
#18631=DIRECTION('',(0.0,0.0,1.0));
#18632=DIRECTION('',(0.0,0.0,1.0));
#18633=DIRECTION('',(0.0,0.0,1.0));
#18634=DIRECTION('',(0.0,0.0,1.0));
#18635=DIRECTION('',(0.0,0.0,1.0));
#18636=DIRECTION('',(0.0,0.0,1.0));
#18637=DIRECTION('',(0.0,0.0,1.0));
#18638=DIRECTION('',(0.0,0.0,1.0));
#18639=DIRECTION('',(0.0,0.0,1.0));
#18640=DIRECTION('',(0.0,0.0,1.0));
#18641=DIRECTION('',(0.0,0.0,1.0));
#18642=DIRECTION('',(0.0,0.0,1.0));
#18643=DIRECTION('',(0.0,0.0,1.0));
#18644=DIRECTION('',(0.0,0.0,1.0));
#18645=DIRECTION('',(0.0,0.0,1.0));
#18646=DIRECTION('',(0.0,0.0,1.0));
#18647=DIRECTION('',(0.0,0.0,1.0));
#18648=DIRECTION('',(0.0,0.0,1.0));
#18649=DIRECTION('',(0.0,0.0,1.0));
#18650=DIRECTION('',(0.0,0.0,1.0));
#18651=DIRECTION('',(0.0,0.0,1.0));
#18652=DIRECTION('',(0.0,0.0,1.0));
#18653=DIRECTION('',(0.0,0.0,1.0));
#18654=DIRECTION('',(0.0,0.0,1.0));
#18655=DIRECTION('',(0.0,0.0,1.0));
#18656=DIRECTION('',(0.0,0.0,1.0));
#18657=DIRECTION('',(0.0,0.0,1.0));
#18658=DIRECTION('',(0.0,0.0,1.0));
#18659=DIRECTION('',(0.0,0.0,1.0));
#18660=DIRECTION('',(0.0,0.0,1.0));
#18661=DIRECTION('',(0.0,0.0,1.0));
#18662=DIRECTION('',(0.0,0.0,1.0));
#18663=DIRECTION('',(0.0,0.0,1.0));
#18664=DIRECTION('',(0.0,0.0,1.0));
#18665=DIRECTION('',(0.0,0.0,1.0));
#18666=DIRECTION('',(0.0,0.0,1.0));
#18667=DIRECTION('',(0.0,0.0,1.0));
#18668=DIRECTION('',(0.0,0.0,1.0));
#18669=DIRECTION('',(0.0,0.0,1.0));
#18670=DIRECTION('',(0.0,0.0,1.0));
#18671=DIRECTION('',(0.0,0.0,1.0));
#18672=DIRECTION('',(0.0,0.0,1.0));
#18673=DIRECTION('',(0.0,0.0,1.0));
#18674=DIRECTION('',(0.0,0.0,1.0));
#18675=DIRECTION('',(0.0,-1.0,0.0));
#18676=DIRECTION('',(0.0,0.0,1.0));
#18677=DIRECTION('',(-1.0,0.0,0.0));
#18678=DIRECTION('',(0.0,0.0,1.0));
#18679=DIRECTION('',(0.0,-1.0,0.0));
#18680=DIRECTION('',(0.0,0.0,1.0));
#18681=DIRECTION('',(1.0,0.0,0.0));
#18682=DIRECTION('',(0.0,0.0,1.0));
#18683=DIRECTION('',(0.0,1.0,0.0));
#18684=DIRECTION('',(0.0,0.0,1.0));
#18685=DIRECTION('',(-0.200123318418006,0.979770716762532,0.0));
#18686=DIRECTION('',(0.0,0.0,1.0));
#18687=DIRECTION('',(-0.608076923473769,0.793878111008659,0.0));
#18688=DIRECTION('',(-6.938893903907E-14,8.673617379884E-14,1.0));
#18689=DIRECTION('',(-0.806004395831095,0.591909548749597,0.0));
#18690=DIRECTION('',(0.0,0.0,1.0));
#18691=DIRECTION('',(-0.950645279392878,0.310279797550593,0.0));
#18692=DIRECTION('',(0.0,0.0,1.0));
#18693=DIRECTION('',(-1.0,0.0,0.0));
#18694=DIRECTION('',(0.0,0.0,1.0));
#18695=DIRECTION('',(-0.950645279392878,-0.310279797550593,0.0));
#18696=DIRECTION('',(0.0,0.0,1.0));
#18697=DIRECTION('',(-0.806004395831095,-0.591909548749597,0.0));
#18698=DIRECTION('',(-6.938893903907E-14,-5.20417042793E-14,1.0));
#18699=DIRECTION('',(-0.454777199549714,-0.890605242949827,0.0));
#18700=DIRECTION('',(0.0,0.0,1.0));
#18701=DIRECTION('',(-0.933802645236583,0.357788512600894,0.0));
#18702=DIRECTION('',(0.0,0.0,1.0));
#18703=DIRECTION('',(0.0,-1.0,0.0));
#18704=DIRECTION('',(0.0,0.0,1.0));
#18705=DIRECTION('',(0.936938947552565,-0.349493073692587,0.0));
#18706=DIRECTION('',(-1.0,0.0,0.0));
#18707=DIRECTION('',(0.0,-1.0,0.0));
#18708=DIRECTION('',(0.322263763377203,-0.946649917770008,0.0));
#18709=DIRECTION('',(0.714510218035262,-0.699625005501663,0.0));
#18710=DIRECTION('',(0.950645279392878,-0.310279797550593,0.0));
#18711=DIRECTION('',(1.0,0.0,0.0));
#18712=DIRECTION('',(0.950645279392878,0.310279797550593,0.0));
#18713=DIRECTION('',(0.714510218035312,0.699625005501612,0.0));
#18714=DIRECTION('',(0.322263763377203,0.946649917770008,0.0));
#18715=DIRECTION('',(0.0,1.0,0.0));
#18716=DIRECTION('',(0.0,0.0,1.0));
#18717=DIRECTION('',(0.0,1.387778780781E-13,1.0));
#18718=DIRECTION('',(0.0,-5.20417042793E-14,1.0));
#18719=DIRECTION('',(0.0,0.0,1.0));
#18720=DIRECTION('',(0.0,0.0,1.0));
#18721=DIRECTION('',(0.0,0.0,1.0));
#18722=DIRECTION('',(0.0,0.0,1.0));
#18723=DIRECTION('',(0.0,0.0,1.0));
#18724=DIRECTION('',(0.0,0.0,1.0));
#18725=DIRECTION('',(0.0,0.0,1.0));
#18726=DIRECTION('',(0.0,-1.734723475977E-14,1.0));
#18727=CARTESIAN_POINT('',(-2.68197918474312,-0.648875649748772,0.00508));
#18728=DIRECTION('',(0.0,0.0,1.0));
#18729=DIRECTION('',(0.0,-1.0,0.0));
#18730=DIRECTION('',(0.0,3.469446951954E-14,1.0));
#18731=CARTESIAN_POINT('',(-2.68197918474312,-0.648875649748772,0.00508));
#18732=DIRECTION('',(0.0,-0.0,1.0));
#18733=DIRECTION('',(0.0,1.0,0.0));
#18734=CARTESIAN_POINT('',(-2.68197918474312,-0.648875649748772,0.00508));
#18735=DIRECTION('',(0.0,0.0,-1.0));
#18736=DIRECTION('',(0.0,1.0,0.0));
#18737=CARTESIAN_POINT('',(-2.68197918474312,-0.648875649748772,0.00508));
#18738=DIRECTION('',(0.0,0.0,-1.0));
#18739=DIRECTION('',(0.0,-1.0,0.0));
#18740=DIRECTION('',(0.0,3.469446951954E-14,1.0));
#18741=DIRECTION('',(0.0,-6.938893903907E-14,1.0));
#18742=DIRECTION('',(0.0,0.0,-1.0));
#18743=DIRECTION('',(0.0,0.0,-1.0));
#18744=CARTESIAN_POINT('',(0.0,0.0,0.5842));
#18745=DIRECTION('',(0.0,0.0,-1.0));
#18746=DIRECTION('',(0.0,-1.0,0.0));
#18747=DIRECTION('',(0.0,0.0,1.0));
#18748=DIRECTION('',(0.0,0.0,1.0));
#18749=CARTESIAN_POINT('',(0.0,0.0,0.5842));
#18750=DIRECTION('',(0.0,0.0,-1.0));
#18751=DIRECTION('',(-0.205479452054807,0.978661430109134,0.0));
#18752=DIRECTION('',(0.0,0.0,-1.0));
#18753=CARTESIAN_POINT('',(0.0,0.0,0.0762));
#18754=DIRECTION('',(-0.0,0.0,-1.0));
#18755=DIRECTION('',(-0.205479452054807,-0.978661430109134,0.0));
#18756=DIRECTION('',(0.0,-1.0,0.0));
#18757=DIRECTION('',(-1.0,0.0,0.0));
#18758=CARTESIAN_POINT('',(-1.016,-0.635,0.0762));
#18759=DIRECTION('',(0.0,-0.0,1.0));
#18760=DIRECTION('',(0.0,1.0,0.0));
#18761=DIRECTION('',(0.55532933829501,-0.831630522545215,0.0));
#18762=DIRECTION('',(0.55532933829501,0.831630522545215,0.0));
#18763=CARTESIAN_POINT('',(1.016,-0.635,0.0762));
#18764=DIRECTION('',(0.0,0.0,1.0));
#18765=DIRECTION('',(0.831630522545215,-0.55532933829501,0.0));
#18766=DIRECTION('',(-1.0,0.0,0.0));
#18767=DIRECTION('',(0.0,1.0,0.0));
#18768=CARTESIAN_POINT('',(0.0,0.0,0.0762));
#18769=DIRECTION('',(0.0,0.0,-1.0));
#18770=DIRECTION('',(0.205479452054807,0.978661430109134,0.0));
#18771=DIRECTION('',(0.0,0.0,-1.0));
#18772=DIRECTION('',(0.55532933829501,-0.831630522545215,0.0));
#18773=DIRECTION('',(0.0,1.0,0.0));
#18774=DIRECTION('',(-1.0,0.0,0.0));
#18775=CARTESIAN_POINT('',(1.016,-0.635,0.2794));
#18776=DIRECTION('',(0.0,0.0,-1.0));
#18777=DIRECTION('',(1.387778780781E-14,1.0,0.0));
#18778=DIRECTION('',(0.55532933829501,0.831630522545215,0.0));
#18779=DIRECTION('',(0.0,-1.0,0.0));
#18780=CARTESIAN_POINT('',(-1.016,-0.635,0.2794));
#18781=DIRECTION('',(-0.0,0.0,-1.0));
#18782=DIRECTION('',(-0.831630522545215,-0.55532933829501,0.0));
#18783=DIRECTION('',(-1.0,0.0,0.0));
#18784=DIRECTION('',(0.0,0.0,-1.0));
#18785=DIRECTION('',(0.0,0.0,-1.0));
#18786=DIRECTION('',(0.0,0.0,1.0));
#18787=CARTESIAN_POINT('',(0.0,0.0,0.5842));
#18788=DIRECTION('',(0.0,0.0,-1.0));
#18789=DIRECTION('',(0.0,1.0,0.0));
#18790=CARTESIAN_POINT('',(0.0,0.0,0.5842));
#18791=DIRECTION('',(0.0,0.0,-1.0));
#18792=DIRECTION('',(0.205479452054807,-0.978661430109134,0.0));
#18793=DIRECTION('',(0.0,0.0,-1.0));
#18794=DIRECTION('',(0.0,1.0,0.0));
#18795=DIRECTION('',(0.0,0.0,-1.0));
#18796=DIRECTION('',(0.0,1.0,0.0));
#18797=DIRECTION('',(0.0,0.0,-1.0));
#18798=DIRECTION('',(0.0,1.0,0.0));
#18799=DIRECTION('',(0.0,0.0,-1.0));
#18800=DIRECTION('',(0.0,0.0,-1.0));
#18801=DIRECTION('',(-1.0,0.0,0.0));
#18802=DIRECTION('',(0.0,-1.0,0.0));
#18803=DIRECTION('',(1.0,0.0,0.0));
#18804=DIRECTION('',(0.0,-1.0,0.0));
#18805=DIRECTION('',(0.0,0.0,-1.0));
#18806=DIRECTION('',(0.0,-1.0,0.0));
#18807=DIRECTION('',(0.0,0.0,-1.0));
#18808=DIRECTION('',(0.0,0.0,-1.0));
#18809=DIRECTION('',(0.0,0.0,-1.0));
#18810=DIRECTION('',(1.0,0.0,0.0));
#18811=DIRECTION('',(-1.0,0.0,0.0));
#18812=DIRECTION('',(0.0,0.0,1.0));
#18813=DIRECTION('',(0.0,-1.0,0.0));
#18814=DIRECTION('',(0.0,0.0,1.0));
#18815=DIRECTION('',(0.0,0.0,-1.0));
#18816=DIRECTION('',(0.0,-1.0,0.0));
#18817=DIRECTION('',(0.0,0.0,-1.0));
#18818=DIRECTION('',(0.0,-1.0,0.0));
#18819=DIRECTION('',(-1.0,0.0,0.0));
#18820=DIRECTION('',(0.0,-1.0,0.0));
#18821=DIRECTION('',(-1.0,0.0,0.0));
#18822=DIRECTION('',(0.0,1.0,0.0));
#18823=DIRECTION('',(-1.0,0.0,0.0));
#18824=DIRECTION('',(-1.0,0.0,0.0));
#18825=DIRECTION('',(0.0,1.0,0.0));
#18826=DIRECTION('',(-1.0,0.0,0.0));
#18827=DIRECTION('',(0.0,-1.0,0.0));
#18828=DIRECTION('',(0.707106781186547,-0.707106781186547,0.0));
#18829=DIRECTION('',(1.0,0.0,0.0));
#18830=DIRECTION('',(0.0,1.0,0.0));
#18831=DIRECTION('',(-1.0,0.0,0.0));
#18832=DIRECTION('',(0.0,-1.0,0.0));
#18833=DIRECTION('',(-1.0,0.0,0.0));
#18834=DIRECTION('',(0.0,1.0,0.0));
#18835=DIRECTION('',(-0.500000000000017,0.0,-0.866025403784429));
#18836=DIRECTION('',(0.0,1.0,0.0));
#18837=DIRECTION('',(-0.500000000000017,0.0,-0.866025403784429));
#18838=DIRECTION('',(-1.0,0.0,0.0));
#18839=DIRECTION('',(0.0,0.0,1.0));
#18840=DIRECTION('',(0.0,0.0,-1.0));
#18841=DIRECTION('',(0.0,-1.0,0.0));
#18842=DIRECTION('',(0.0,0.0,-1.0));
#18843=DIRECTION('',(0.0,1.0,0.0));
#18844=DIRECTION('',(0.0,0.0,1.0));
#18845=DIRECTION('',(-1.0,0.0,0.0));
#18846=DIRECTION('',(0.0,0.0,1.0));
#18847=DIRECTION('',(0.0,-1.0,0.0));
#18848=DIRECTION('',(0.0,0.0,1.0));
#18849=CARTESIAN_POINT('',(4.953,-0.4699,4.572));
#18850=DIRECTION('',(0.0,0.0,1.0));
#18851=DIRECTION('',(1.0,0.0,0.0));
#18852=DIRECTION('',(0.0,0.0,1.0));
#18853=CARTESIAN_POINT('',(4.953,-0.4699,4.572));
#18854=DIRECTION('',(0.0,0.0,1.0));
#18855=DIRECTION('',(-0.714142842854292,0.699999999999993,0.0));
#18856=DIRECTION('',(0.0,0.0,1.0));
#18857=CARTESIAN_POINT('',(4.953,-0.4699,3.3782));
#18858=DIRECTION('',(0.0,0.0,-1.0));
#18859=DIRECTION('',(-0.714142842854292,0.699999999999993,0.0));
#18860=DIRECTION('',(0.0,0.0,-1.0));
#18861=DIRECTION('',(-1.0,0.0,0.0));
#18862=DIRECTION('',(-1.0,0.0,0.0));
#18863=DIRECTION('',(-1.0,0.0,0.0));
#18864=DIRECTION('',(0.0,-1.0,0.0));
#18865=DIRECTION('',(1.0,0.0,0.0));
#18866=DIRECTION('',(0.0,-1.0,0.0));
#18867=DIRECTION('',(1.0,0.0,0.0));
#18868=DIRECTION('',(0.0,1.0,0.0));
#18869=DIRECTION('',(1.0,0.0,0.0));
#18870=DIRECTION('',(0.0,-1.0,0.0));
#18871=CARTESIAN_POINT('',(4.953,-3.0099,4.572));
#18872=DIRECTION('',(0.0,0.0,-1.0));
#18873=DIRECTION('',(0.714142842854292,0.699999999999993,0.0));
#18874=DIRECTION('',(-1.0,0.0,0.0));
#18875=CARTESIAN_POINT('',(4.953,-3.0099,4.572));
#18876=DIRECTION('',(-0.0,0.0,-1.0));
#18877=DIRECTION('',(-1.0,-3.885780586188E-14,0.0));
#18878=DIRECTION('',(0.0,-1.0,0.0));
#18879=DIRECTION('',(-1.0,0.0,0.0));
#18880=DIRECTION('',(0.0,1.0,0.0));
#18881=DIRECTION('',(-1.0,0.0,0.0));
#18882=DIRECTION('',(0.0,1.0,0.0));
#18883=DIRECTION('',(1.0,0.0,0.0));
#18884=DIRECTION('',(0.707106781186548,-0.707106781186548,0.0));
#18885=DIRECTION('',(0.0,-1.0,0.0));
#18886=DIRECTION('',(-1.0,0.0,0.0));
#18887=DIRECTION('',(0.0,1.0,0.0));
#18888=DIRECTION('',(-1.0,0.0,0.0));
#18889=DIRECTION('',(-1.0,0.0,0.0));
#18890=DIRECTION('',(0.0,1.0,0.0));
#18891=CARTESIAN_POINT('',(4.953,3.0099,4.572));
#18892=DIRECTION('',(0.0,0.0,1.0));
#18893=DIRECTION('',(-1.0,3.885780586188E-14,0.0));
#18894=DIRECTION('',(-1.0,0.0,0.0));
#18895=CARTESIAN_POINT('',(4.953,3.0099,4.572));
#18896=DIRECTION('',(0.0,0.0,1.0));
#18897=DIRECTION('',(0.714142842854292,-0.699999999999993,0.0));
#18898=DIRECTION('',(0.0,-1.0,0.0));
#18899=DIRECTION('',(-1.0,0.0,0.0));
#18900=DIRECTION('',(0.0,1.0,0.0));
#18901=DIRECTION('',(-1.0,0.0,0.0));
#18902=DIRECTION('',(0.0,-1.0,0.0));
#18903=CARTESIAN_POINT('',(4.953,2.0701,4.572));
#18904=DIRECTION('',(0.0,0.0,1.0));
#18905=DIRECTION('',(-0.714142842854292,0.699999999999993,0.0));
#18906=DIRECTION('',(0.0,1.0,0.0));
#18907=DIRECTION('',(1.0,0.0,0.0));
#18908=DIRECTION('',(1.0,0.0,0.0));
#18909=DIRECTION('',(0.0,1.0,0.0));
#18910=DIRECTION('',(-1.0,0.0,0.0));
#18911=DIRECTION('',(-1.0,0.0,0.0));
#18912=DIRECTION('',(0.0,1.0,0.0));
#18913=CARTESIAN_POINT('',(4.953,0.4699,4.572));
#18914=DIRECTION('',(0.0,0.0,1.0));
#18915=DIRECTION('',(-1.0,3.851086116669E-14,0.0));
#18916=DIRECTION('',(-1.0,0.0,0.0));
#18917=CARTESIAN_POINT('',(4.953,0.4699,4.572));
#18918=DIRECTION('',(0.0,0.0,1.0));
#18919=DIRECTION('',(0.714142842854292,-0.699999999999993,0.0));
#18920=DIRECTION('',(0.0,-1.0,0.0));
#18921=CARTESIAN_POINT('',(4.953,2.0701,4.572));
#18922=DIRECTION('',(0.0,0.0,1.0));
#18923=DIRECTION('',(1.0,0.0,0.0));
#18924=DIRECTION('',(-1.0,0.0,0.0));
#18925=CARTESIAN_POINT('',(4.953,-2.0701,4.572));
#18926=DIRECTION('',(0.0,0.0,1.0));
#18927=DIRECTION('',(0.714142842854292,-0.699999999999993,0.0));
#18928=DIRECTION('',(0.0,-1.0,0.0));
#18929=DIRECTION('',(-1.0,0.0,0.0));
#18930=DIRECTION('',(0.0,-1.0,0.0));
#18931=DIRECTION('',(-1.0,0.0,0.0));
#18932=DIRECTION('',(0.0,1.0,0.0));
#18933=CARTESIAN_POINT('',(4.953,-2.0701,4.572));
#18934=DIRECTION('',(0.0,0.0,1.0));
#18935=DIRECTION('',(-1.0,3.885780586188E-14,0.0));
#18936=DIRECTION('',(-1.0,0.0,0.0));
#18937=DIRECTION('',(0.447213595499977,-0.447213595499977,-0.774596669241461));
#18938=DIRECTION('',(0.0,-1.0,0.0));
#18939=DIRECTION('',(0.489609778037507,0.202803010333603,-0.848029011443412));
#18940=DIRECTION('',(0.202803010333603,0.489609778037507,-0.848029011443412));
#18941=DIRECTION('',(-0.447213595499977,0.447213595499977,-0.774596669241461));
#18942=DIRECTION('',(-0.500000000000017,0.0,-0.866025403784429));
#18943=DIRECTION('',(0.0,0.0,1.0));
#18944=DIRECTION('',(0.0,0.0,-1.0));
#18945=DIRECTION('',(0.0,0.0,-1.0));
#18946=DIRECTION('',(0.0,0.0,1.0));
#18947=DIRECTION('',(0.0,0.0,1.0));
#18948=DIRECTION('',(0.0,0.0,1.0));
#18949=DIRECTION('',(0.0,0.0,1.0));
#18950=DIRECTION('',(0.0,0.0,1.0));
#18951=CARTESIAN_POINT('',(4.953,-3.0099,3.3782));
#18952=DIRECTION('',(0.0,0.0,-1.0));
#18953=DIRECTION('',(-0.714142842854292,0.699999999999993,0.0));
#18954=DIRECTION('',(0.0,0.0,-1.0));
#18955=DIRECTION('',(-1.0,0.0,0.0));
#18956=DIRECTION('',(0.0,0.0,-1.0));
#18957=DIRECTION('',(0.0,0.0,1.0));
#18958=DIRECTION('',(0.0,0.0,-1.0));
#18959=DIRECTION('',(0.0,0.0,-1.0));
#18960=DIRECTION('',(0.0,0.0,-1.0));
#18961=DIRECTION('',(0.0,0.0,-1.0));
#18962=DIRECTION('',(0.0,0.0,-1.0));
#18963=DIRECTION('',(0.0,0.0,1.0));
#18964=DIRECTION('',(0.0,0.0,-1.0));
#18965=CARTESIAN_POINT('',(4.953,2.0701,3.3782));
#18966=DIRECTION('',(0.0,0.0,-1.0));
#18967=DIRECTION('',(-0.714142842854292,0.699999999999993,0.0));
#18968=DIRECTION('',(-1.0,0.0,0.0));
#18969=DIRECTION('',(0.0,0.0,1.0));
#18970=DIRECTION('',(0.0,0.0,1.0));
#18971=DIRECTION('',(0.0,0.0,-1.0));
#18972=DIRECTION('',(0.0,0.0,1.0));
#18973=CARTESIAN_POINT('',(4.953,0.4699,3.3782));
#18974=DIRECTION('',(0.0,0.0,1.0));
#18975=DIRECTION('',(-0.714142842854292,-0.699999999999993,0.0));
#18976=DIRECTION('',(-1.0,0.0,0.0));
#18977=DIRECTION('',(0.0,0.0,-1.0));
#18978=DIRECTION('',(0.0,0.0,-1.0));
#18979=DIRECTION('',(0.0,0.0,1.0));
#18980=CARTESIAN_POINT('',(4.953,3.0099,3.3782));
#18981=DIRECTION('',(0.0,0.0,1.0));
#18982=DIRECTION('',(-0.714142842854292,-0.699999999999993,0.0));
#18983=DIRECTION('',(0.0,0.0,-1.0));
#18984=DIRECTION('',(-1.0,0.0,0.0));
#18985=DIRECTION('',(0.0,0.0,-1.0));
#18986=DIRECTION('',(-1.0,0.0,0.0));
#18987=DIRECTION('',(0.0,0.0,-1.0));
#18988=DIRECTION('',(0.0,0.0,-1.0));
#18989=DIRECTION('',(0.0,0.0,1.0));
#18990=DIRECTION('',(0.0,1.0,0.0));
#18991=DIRECTION('',(0.0,1.0,0.0));
#18992=DIRECTION('',(0.0,0.0,1.0));
#18993=DIRECTION('',(0.0,0.0,1.0));
#18994=DIRECTION('',(-1.0,0.0,0.0));
#18995=DIRECTION('',(0.0,-1.0,0.0));
#18996=DIRECTION('',(0.0,-1.0,0.0));
#18997=DIRECTION('',(1.0,0.0,0.0));
#18998=DIRECTION('',(0.0,1.0,0.0));
#18999=DIRECTION('',(1.0,0.0,0.0));
#19000=DIRECTION('',(1.0,0.0,0.0));
#19001=DIRECTION('',(-1.0,0.0,0.0));
#19002=DIRECTION('',(0.0,1.0,0.0));
#19003=DIRECTION('',(0.0,-1.0,0.0));
#19004=DIRECTION('',(-1.0,0.0,0.0));
#19005=DIRECTION('',(0.0,-1.0,0.0));
#19006=DIRECTION('',(1.0,0.0,0.0));
#19007=DIRECTION('',(0.0,-1.0,0.0));
#19008=DIRECTION('',(-1.0,0.0,0.0));
#19009=DIRECTION('',(0.0,0.0,-1.0));
#19010=DIRECTION('',(0.0,0.0,1.0));
#19011=DIRECTION('',(0.0,0.0,-1.0));
#19012=DIRECTION('',(0.0,0.0,1.0));
#19013=DIRECTION('',(0.0,0.0,-1.0));
#19014=DIRECTION('',(-1.0,0.0,0.0));
#19015=DIRECTION('',(-0.447213595499977,-0.447213595499977,-0.774596669241461));
#19016=DIRECTION('',(-0.500000000000017,0.0,-0.866025403784429));
#19017=DIRECTION('',(0.0,0.0,-1.0));
#19018=DIRECTION('',(0.0,0.0,-1.0));
#19019=DIRECTION('',(0.0,0.0,1.0));
#19020=DIRECTION('',(0.0,0.0,-1.0));
#19021=DIRECTION('',(0.0,0.0,-1.0));
#19022=DIRECTION('',(0.0,0.0,-1.0));
#19023=DIRECTION('',(0.0,0.0,-1.0));
#19024=DIRECTION('',(0.0,0.0,-1.0));
#19025=DIRECTION('',(0.0,0.0,1.0));
#19026=DIRECTION('',(0.0,0.0,-1.0));
#19027=DIRECTION('',(0.0,0.0,1.0));
#19028=CARTESIAN_POINT('',(4.953,-2.0701,3.3782));
#19029=DIRECTION('',(0.0,0.0,1.0));
#19030=DIRECTION('',(-0.714142842854292,-0.699999999999993,0.0));
#19031=DIRECTION('',(-1.0,0.0,0.0));
#19032=DIRECTION('',(0.0,0.0,-1.0));
#19033=DIRECTION('',(-0.500000000000017,0.0,-0.866025403784429));
#19034=DIRECTION('',(-0.500000000000017,0.0,-0.866025403784429));
#19035=CARTESIAN_POINT('',(-1.6764,2.54,4.2672));
#19036=DIRECTION('',(0.0,0.0,1.0));
#19037=DIRECTION('',(0.0,-1.0,0.0));
#19038=CARTESIAN_POINT('',(-1.6764,2.54,4.2672));
#19039=DIRECTION('',(0.0,-0.0,1.0));
#19040=DIRECTION('',(0.0,1.0,0.0));
#19041=DIRECTION('',(0.0,0.0,1.0));
#19042=CARTESIAN_POINT('',(-1.6764,2.54,10.922));
#19043=DIRECTION('',(0.0,-0.0,1.0));
#19044=DIRECTION('',(0.0,1.0,0.0));
#19045=DIRECTION('',(0.0,0.0,1.0));
#19046=CARTESIAN_POINT('',(-1.6764,2.54,10.922));
#19047=DIRECTION('',(0.0,0.0,1.0));
#19048=DIRECTION('',(0.0,-1.0,0.0));
#19049=CARTESIAN_POINT('',(-1.6764,-2.54,4.2672));
#19050=DIRECTION('',(0.0,0.0,1.0));
#19051=DIRECTION('',(0.0,-1.0,0.0));
#19052=CARTESIAN_POINT('',(-1.6764,-2.54,4.2672));
#19053=DIRECTION('',(0.0,-0.0,1.0));
#19054=DIRECTION('',(0.0,1.0,0.0));
#19055=DIRECTION('',(0.0,0.0,1.0));
#19056=CARTESIAN_POINT('',(-1.6764,-2.54,10.922));
#19057=DIRECTION('',(0.0,-0.0,1.0));
#19058=DIRECTION('',(0.0,1.0,0.0));
#19059=DIRECTION('',(0.0,0.0,1.0));
#19060=CARTESIAN_POINT('',(-1.6764,-2.54,10.922));
#19061=DIRECTION('',(0.0,0.0,1.0));
#19062=DIRECTION('',(0.0,-1.0,0.0));
#19063=CARTESIAN_POINT('',(3.4036,0.0,4.2672));
#19064=DIRECTION('',(0.0,0.0,1.0));
#19065=DIRECTION('',(0.0,-1.0,0.0));
#19066=CARTESIAN_POINT('',(3.4036,0.0,4.2672));
#19067=DIRECTION('',(0.0,-0.0,1.0));
#19068=DIRECTION('',(0.0,1.0,0.0));
#19069=DIRECTION('',(0.0,0.0,1.0));
#19070=CARTESIAN_POINT('',(3.4036,0.0,10.922));
#19071=DIRECTION('',(0.0,-0.0,1.0));
#19072=DIRECTION('',(0.0,1.0,0.0));
#19073=DIRECTION('',(0.0,0.0,1.0));
#19074=CARTESIAN_POINT('',(3.4036,0.0,10.922));
#19075=DIRECTION('',(0.0,0.0,1.0));
#19076=DIRECTION('',(0.0,-1.0,0.0));
ENDSEC;
END-ISO-10303-21;
