ISO-10303-21;
HEADER;
FILE_DESCRIPTION (( 'STEP AP214' ),
    '1' );
FILE_NAME ('B8P-VH(LF)(SN).STEP',
    '2023-12-10T14:14:45',
    ( '' ),
    ( '' ),
    'SwSTEP 2.0',
    'SolidWorks 2021',
    '' );
FILE_SCHEMA (( 'AUTOMOTIVE_DESIGN' ));
ENDSEC;

DATA;
#1 = AXIS2_PLACEMENT_3D ( 'NONE', #1062, #326, #462 ) ;
#2 = DIRECTION ( 'NONE',  ( 0.000000000000000000, -1.000000000000000000, 0.000000000000000000 ) ) ;
#3 = AXIS2_PLACEMENT_3D ( 'NONE', #467, #1112, #1910 ) ;
#4 = ORIENTED_EDGE ( 'NONE', *, *, #757, .F. ) ;
#5 = PRODUCT_DEFINITION_SHAPE ( 'NONE', 'NONE',  #2129 ) ;
#6 = PLANE ( 'NONE',  #1 ) ;
#7 = CARTESIAN_POINT ( 'NONE',  ( 24.32999999999999829, -4.336808689942017736E-16, -0.5699999999999998401 ) ) ;
#8 = ORIENTED_EDGE ( 'NONE', *, *, #1704, .T. ) ;
#9 = ADVANCED_FACE ( 'NONE', ( #330 ), #1194, .F. ) ;
#10 = ORIENTED_EDGE ( 'NONE', *, *, #451, .F. ) ;
#11 = PLANE ( 'NONE',  #453 ) ;
#12 = CARTESIAN_POINT ( 'NONE',  ( 4.529999999999999361, -4.336808689942017736E-16, 0.5699999999999985079 ) ) ;
#13 = EDGE_LOOP ( 'NONE', ( #593, #1283, #629, #1316 ) ) ;
#14 = DIRECTION ( 'NONE',  ( -0.000000000000000000, -1.000000000000000000, -5.225070710773516221E-17 ) ) ;
#15 = AXIS2_PLACEMENT_3D ( 'NONE', #2014, #1360, #1588 ) ;
#16 = EDGE_LOOP ( 'NONE', ( #216, #1974, #2083, #23 ) ) ;
#17 = EDGE_CURVE ( 'NONE', #831, #1238, #552, .T. ) ;
#18 = FILL_AREA_STYLE_COLOUR ( '', #277 ) ;
#19 = DIRECTION ( 'NONE',  ( 0.000000000000000000, 0.000000000000000000, 1.000000000000000000 ) ) ;
#20 = DIRECTION ( 'NONE',  ( 1.000000000000000000, 0.000000000000000000, 0.000000000000000000 ) ) ;
#21 = ORIENTED_EDGE ( 'NONE', *, *, #1474, .T. ) ;
#22 = PLANE ( 'NONE',  #795 ) ;
#23 = ORIENTED_EDGE ( 'NONE', *, *, #1083, .T. ) ;
#24 = EDGE_CURVE ( 'NONE', #946, #1674, #1653, .T. ) ;
#25 = LINE ( 'NONE', #36, #1450 ) ;
#26 = DIRECTION ( 'NONE',  ( -0.000000000000000000, -0.000000000000000000, -1.000000000000000000 ) ) ;
#27 = VERTEX_POINT ( 'NONE', #1029 ) ;
#28 = CARTESIAN_POINT ( 'NONE',  ( 27.15000000000000924, 3.199999999999999734, -0.5699999999999998401 ) ) ;
#29 = ORIENTED_EDGE ( 'NONE', *, *, #322, .F. ) ;
#30 = CARTESIAN_POINT ( 'NONE',  ( 27.15000000000000924, 3.199999999999999734, -0.5699999999999998401 ) ) ;
#31 = VECTOR ( 'NONE', #1646, 1000.000000000000000 ) ;
#32 = EDGE_CURVE ( 'NONE', #283, #1323, #486, .T. ) ;
#33 = AXIS2_PLACEMENT_3D ( 'NONE', #900, #416, #1554 ) ;
#34 = ORIENTED_EDGE ( 'NONE', *, *, #1010, .F. ) ;
#35 = VECTOR ( 'NONE', #594, 1000.000000000000000 ) ;
#36 = CARTESIAN_POINT ( 'NONE',  ( -0.5699999999999999512, -2.899999999999999911, 0.000000000000000000 ) ) ;
#37 =( GEOMETRIC_REPRESENTATION_CONTEXT ( 3 ) GLOBAL_UNCERTAINTY_ASSIGNED_CONTEXT ( ( #1545 ) ) GLOBAL_UNIT_ASSIGNED_CONTEXT ( ( #719, #1031, #875 ) ) REPRESENTATION_CONTEXT ( 'NONE', 'WORKASPACE' ) );
#38 = LINE ( 'NONE', #1530, #1896 ) ;
#39 = ADVANCED_FACE ( 'NONE', ( #716 ), #882, .F. ) ;
#40 = DIRECTION ( 'NONE',  ( 0.2505628070857293666, 0.9351131265310305141, -0.2505628070857293666 ) ) ;
#41 = EDGE_LOOP ( 'NONE', ( #733, #662, #1025, #1763 ) ) ;
#42 = PLANE ( 'NONE',  #1127 ) ;
#43 = CARTESIAN_POINT ( 'NONE',  ( 0.5699999999999985079, 3.199999999999999734, 0.5699999999999985079 ) ) ;
#44 = DIRECTION ( 'NONE',  ( -0.000000000000000000, -6.195440985632059782E-16, -1.000000000000000000 ) ) ;
#45 = CARTESIAN_POINT ( 'NONE',  ( -1.950000000000000400, -4.336808689942017736E-16, 4.799999999999999822 ) ) ;
#46 = CARTESIAN_POINT ( 'NONE',  ( 27.15000000000000924, -4.336808689942017736E-16, -0.5699999999999998401 ) ) ;
#47 = CARTESIAN_POINT ( 'NONE',  ( 11.30999999999999694, -4.336808689942017736E-16, 0.5699999999999985079 ) ) ;
#48 = VERTEX_POINT ( 'NONE', #1314 ) ;
#49 = EDGE_CURVE ( 'NONE', #1869, #1081, #524, .T. ) ;
#50 = DIRECTION ( 'NONE',  ( 0.000000000000000000, 0.000000000000000000, 1.000000000000000000 ) ) ;
#51 = CARTESIAN_POINT ( 'NONE',  ( 28.29000000000001336, 3.199999999999999734, -0.5699999999999998401 ) ) ;
#52 = EDGE_LOOP ( 'NONE', ( #1995, #1367, #1955, #2040 ) ) ;
#53 = ORIENTED_EDGE ( 'NONE', *, *, #1192, .T. ) ;
#54 = CARTESIAN_POINT ( 'NONE',  ( -13.86000000000000298, 4.336808689942017736E-16, 0.000000000000000000 ) ) ;
#55 = PLANE ( 'NONE',  #1796 ) ;
#56 = DIRECTION ( 'NONE',  ( 1.000000000000000000, 0.000000000000000000, -0.000000000000000000 ) ) ;
#57 = ORIENTED_EDGE ( 'NONE', *, *, #161, .F. ) ;
#58 = ORIENTED_EDGE ( 'NONE', *, *, #1547, .T. ) ;
#59 = CARTESIAN_POINT ( 'NONE',  ( 29.67000000000000881, -4.336808689942017736E-16, 4.799999999999999822 ) ) ;
#60 = CARTESIAN_POINT ( 'NONE',  ( 0.3556406460551005400, 10.90000000000000036, 0.3556406460551005400 ) ) ;
#61 = ADVANCED_FACE ( 'NONE', ( #704 ), #1348, .T. ) ;
#62 = ORIENTED_EDGE ( 'NONE', *, *, #1732, .T. ) ;
#63 = VECTOR ( 'NONE', #926, 1000.000000000000000 ) ;
#64 = LINE ( 'NONE', #999, #1551 ) ;
#65 = VERTEX_POINT ( 'NONE', #1772 ) ;
#66 = AXIS2_PLACEMENT_3D ( 'NONE', #1744, #712, #2020 ) ;
#67 = CARTESIAN_POINT ( 'NONE',  ( 0.5699999999999999512, -2.899999999999999911, -0.5699999999999999512 ) ) ;
#68 = VECTOR ( 'NONE', #1453, 1000.000000000000000 ) ;
#69 = DIRECTION ( 'NONE',  ( 1.000000000000000000, 0.000000000000000000, -0.000000000000000000 ) ) ;
#70 = CARTESIAN_POINT ( 'NONE',  ( 3.389999999999997016, -4.336808689942017736E-16, 0.5699999999999985079 ) ) ;
#71 = AXIS2_PLACEMENT_3D ( 'NONE', #209, #1877, #1543 ) ;
#72 = PRODUCT_DEFINITION ( 'UNKNOWN', '', #1901, #1472 ) ;
#73 = VECTOR ( 'NONE', #881, 1000.000000000000000 ) ;
#74 = ORIENTED_EDGE ( 'NONE', *, *, #766, .F. ) ;
#75 = LINE ( 'NONE', #1235, #35 ) ;
#76 = CARTESIAN_POINT ( 'NONE',  ( 11.30999999999999694, 3.199999999999999734, -0.5699999999999998401 ) ) ;
#77 = VERTEX_POINT ( 'NONE', #589 ) ;
#78 = FACE_OUTER_BOUND ( 'NONE', #1473, .T. ) ;
#79 = EDGE_CURVE ( 'NONE', #644, #279, #1580, .T. ) ;
#80 = LINE ( 'NONE', #1738, #808 ) ;
#81 = PLANE ( 'NONE',  #1055 ) ;
#82 = CARTESIAN_POINT ( 'NONE',  ( 11.30999999999999694, 3.199999999999999734, 0.5699999999999985079 ) ) ;
#83 = ORIENTED_EDGE ( 'NONE', *, *, #832, .T. ) ;
#84 = CARTESIAN_POINT ( 'NONE',  ( 23.18999999999999417, -4.336808689942017736E-16, -0.5699999999999998401 ) ) ;
#85 = FACE_OUTER_BOUND ( 'NONE', #334, .T. ) ;
#86 = VERTEX_POINT ( 'NONE', #936 ) ;
#87 = DIRECTION ( 'NONE',  ( 0.000000000000000000, 0.000000000000000000, -1.000000000000000000 ) ) ;
#88 = CARTESIAN_POINT ( 'NONE',  ( 28.29000000000001336, 3.199999999999999734, -0.5699999999999998401 ) ) ;
#89 = CARTESIAN_POINT ( 'NONE',  ( 4.529999999999999361, -4.336808689942017736E-16, 0.5699999999999985079 ) ) ;
#90 = EDGE_CURVE ( 'NONE', #77, #2107, #428, .T. ) ;
#91 = CARTESIAN_POINT ( 'NONE',  ( -1.950000000000000400, -4.336808689942017736E-16, -2.000000000000000000 ) ) ;
#92 = CARTESIAN_POINT ( 'NONE',  ( 27.15000000000000924, -4.336808689942017736E-16, 0.5699999999999985079 ) ) ;
#93 = FACE_OUTER_BOUND ( 'NONE', #431, .T. ) ;
#94 = DIRECTION ( 'NONE',  ( 0.000000000000000000, 0.9396926207859083169, -0.3420201433256688239 ) ) ;
#95 = SURFACE_STYLE_FILL_AREA ( #1887 ) ;
#96 = PLANE ( 'NONE',  #2022 ) ;
#97 = LINE ( 'NONE', #1085, #1275 ) ;
#98 = DIRECTION ( 'NONE',  ( 0.000000000000000000, 0.000000000000000000, 1.000000000000000000 ) ) ;
#99 = VECTOR ( 'NONE', #261, 1000.000000000000000 ) ;
#100 = CARTESIAN_POINT ( 'NONE',  ( 19.22999999999999687, 3.199999999999999734, 0.5699999999999985079 ) ) ;
#101 = VECTOR ( 'NONE', #2033, 1000.000000000000114 ) ;
#102 = ORIENTED_EDGE ( 'NONE', *, *, #262, .F. ) ;
#103 = CARTESIAN_POINT ( 'NONE',  ( 16.41000000000000014, 0.4999999999999995559, -3.199999999999931344 ) ) ;
#104 = EDGE_CURVE ( 'NONE', #1499, #1130, #1748, .T. ) ;
#105 = FACE_OUTER_BOUND ( 'NONE', #1978, .T. ) ;
#106 = EDGE_LOOP ( 'NONE', ( #1800, #288, #1434, #1683 ) ) ;
#107 = FILL_AREA_STYLE_COLOUR ( '', #253 ) ;
#108 = CARTESIAN_POINT ( 'NONE',  ( 0.5699999999999999512, 10.09999999999999964, 0.5699999999999999512 ) ) ;
#109 = CARTESIAN_POINT ( 'NONE',  ( 28.29000000000000981, 9.400000000000000355, -2.400367257692822331 ) ) ;
#110 = LINE ( 'NONE', #2057, #1022 ) ;
#111 = LINE ( 'NONE', #92, #134 ) ;
#112 = ORIENTED_EDGE ( 'NONE', *, *, #678, .F. ) ;
#113 = DIRECTION ( 'NONE',  ( -0.000000000000000000, -0.000000000000000000, -1.000000000000000000 ) ) ;
#114 = LINE ( 'NONE', #1785, #1661 ) ;
#115 = ORIENTED_EDGE ( 'NONE', *, *, #121, .F. ) ;
#116 = EDGE_CURVE ( 'NONE', #1496, #175, #97, .T. ) ;
#117 = DIRECTION ( 'NONE',  ( -0.000000000000000000, -0.000000000000000000, -1.000000000000000000 ) ) ;
#118 = DIRECTION ( 'NONE',  ( 1.000000000000000000, 0.000000000000000000, 0.000000000000000000 ) ) ;
#119 = DIRECTION ( 'NONE',  ( 1.000000000000000000, 0.000000000000000000, 0.000000000000000000 ) ) ;
#120 = CARTESIAN_POINT ( 'NONE',  ( -0.5700000000000036149, 3.199999999999999734, 0.5699999999999985079 ) ) ;
#121 = EDGE_CURVE ( 'NONE', #384, #650, #461, .T. ) ;
#122 = ORIENTED_EDGE ( 'NONE', *, *, #262, .T. ) ;
#123 = DIRECTION ( 'NONE',  ( 0.000000000000000000, 1.000000000000000000, 0.000000000000000000 ) ) ;
#124 = DIRECTION ( 'NONE',  ( -0.000000000000000000, -0.000000000000000000, -1.000000000000000000 ) ) ;
#125 = EDGE_LOOP ( 'NONE', ( #1618, #1669, #764, #230 ) ) ;
#126 = ORIENTED_EDGE ( 'NONE', *, *, #1462, .F. ) ;
#127 =( NAMED_UNIT ( * ) SI_UNIT ( $, .STERADIAN. ) SOLID_ANGLE_UNIT ( ) );
#128 = EDGE_CURVE ( 'NONE', #1032, #1853, #1420, .T. ) ;
#129 = ORIENTED_EDGE ( 'NONE', *, *, #438, .F. ) ;
#130 = DIRECTION ( 'NONE',  ( -1.000000000000000000, -0.000000000000000000, -0.000000000000000000 ) ) ;
#131 = ADVANCED_BREP_SHAPE_REPRESENTATION ( '', ( #1004, #1521 ), #37 ) ;
#132 = AXIS2_PLACEMENT_3D ( 'NONE', #268, #935, #1925 ) ;
#133 = ORIENTED_EDGE ( 'NONE', *, *, #1613, .F. ) ;
#134 = VECTOR ( 'NONE', #1218, 1000.000000000000000 ) ;
#135 = ORIENTED_EDGE ( 'NONE', *, *, #580, .F. ) ;
#136 = LINE ( 'NONE', #799, #1964 ) ;
#137 = DIRECTION ( 'NONE',  ( -1.000000000000000000, 0.000000000000000000, 0.000000000000000000 ) ) ;
#138 = VECTOR ( 'NONE', #1211, 1000.000000000000000 ) ;
#139 = VECTOR ( 'NONE', #1185, 1000.000000000000000 ) ;
#140 = ORIENTED_EDGE ( 'NONE', *, *, #710, .F. ) ;
#141 = VECTOR ( 'NONE', #184, 1000.000000000000000 ) ;
#142 = LINE ( 'NONE', #1612, #756 ) ;
#143 = EDGE_CURVE ( 'NONE', #257, #1660, #575, .T. ) ;
#144 = ORIENTED_EDGE ( 'NONE', *, *, #1902, .T. ) ;
#145 = ORIENTED_EDGE ( 'NONE', *, *, #182, .T. ) ;
#146 = LINE ( 'NONE', #651, #1562 ) ;
#147 = PLANE ( 'NONE',  #1440 ) ;
#148 = VERTEX_POINT ( 'NONE', #1263 ) ;
#149 = EDGE_LOOP ( 'NONE', ( #53, #379, #1278, #639 ) ) ;
#150 = SURFACE_STYLE_USAGE ( .BOTH. , #823 ) ;
#151 = LINE ( 'NONE', #815, #794 ) ;
#152 = UNCERTAINTY_MEASURE_WITH_UNIT (LENGTH_MEASURE( 1.000000000000000082E-05 ), #163, 'distance_accuracy_value', 'NONE');
#153 = EDGE_CURVE ( 'NONE', #837, #2120, #2072, .T. ) ;
#154 = ORIENTED_EDGE ( 'NONE', *, *, #1881, .T. ) ;
#155 = EDGE_LOOP ( 'NONE', ( #583, #1391, #158, #1812 ) ) ;
#156 = LINE ( 'NONE', #1804, #1369 ) ;
#157 = LINE ( 'NONE', #1689, #305 ) ;
#158 = ORIENTED_EDGE ( 'NONE', *, *, #166, .F. ) ;
#159 = LINE ( 'NONE', #1501, #1690 ) ;
#160 = ORIENTED_EDGE ( 'NONE', *, *, #214, .T. ) ;
#161 = EDGE_CURVE ( 'NONE', #1212, #1179, #2047, .T. ) ;
#162 = CARTESIAN_POINT ( 'NONE',  ( 7.349999999999996980, -4.336808689942017736E-16, -0.5699999999999998401 ) ) ;
#163 =( LENGTH_UNIT ( ) NAMED_UNIT ( * ) SI_UNIT ( .MILLI., .METRE. ) );
#164 = FACE_OUTER_BOUND ( 'NONE', #1983, .T. ) ;
#165 = VECTOR ( 'NONE', #118, 1000.000000000000000 ) ;
#166 = EDGE_CURVE ( 'NONE', #681, #1830, #1757, .T. ) ;
#167 = CARTESIAN_POINT ( 'NONE',  ( 24.32999999999999829, 3.199999999999999734, -0.5699999999999998401 ) ) ;
#168 = LINE ( 'NONE', #1829, #1229 ) ;
#169 = FACE_OUTER_BOUND ( 'NONE', #296, .T. ) ;
#170 = ORIENTED_EDGE ( 'NONE', *, *, #1014, .T. ) ;
#171 = AXIS2_PLACEMENT_3D ( 'NONE', #1433, #1297, #327 ) ;
#172 = EDGE_CURVE ( 'NONE', #837, #1269, #80, .T. ) ;
#173 = AXIS2_PLACEMENT_3D ( 'NONE', #1945, #1246, #1923 ) ;
#174 = LINE ( 'NONE', #357, #856 ) ;
#175 = VERTEX_POINT ( 'NONE', #109 ) ;
#176 = MECHANICAL_DESIGN_GEOMETRIC_PRESENTATION_REPRESENTATION (  '', ( #1485 ), #965 ) ;
#177 =( NAMED_UNIT ( * ) SI_UNIT ( $, .STERADIAN. ) SOLID_ANGLE_UNIT ( ) );
#178 = DIRECTION ( 'NONE',  ( 0.000000000000000000, 1.000000000000000000, 0.000000000000000000 ) ) ;
#179 = DIRECTION ( 'NONE',  ( 0.000000000000000000, 0.000000000000000000, 1.000000000000000000 ) ) ;
#180 = ORIENTED_EDGE ( 'NONE', *, *, #17, .T. ) ;
#181 = DIRECTION ( 'NONE',  ( 0.000000000000000000, 1.000000000000000000, 0.000000000000000000 ) ) ;
#182 = EDGE_CURVE ( 'NONE', #2068, #1306, #1215, .T. ) ;
#183 = EDGE_LOOP ( 'NONE', ( #1435, #1698, #1919, #1468 ) ) ;
#184 = DIRECTION ( 'NONE',  ( 0.000000000000000000, 0.000000000000000000, 1.000000000000000000 ) ) ;
#185 = EDGE_CURVE ( 'NONE', #563, #1376, #2086, .T. ) ;
#186 = LINE ( 'NONE', #1342, #1332 ) ;
#187 = ORIENTED_EDGE ( 'NONE', *, *, #1308, .T. ) ;
#188 = PRODUCT ( 'B8P-VH(LF)(SN)', 'B8P-VH(LF)(SN)', '', ( #1630 ) ) ;
#189 = EDGE_CURVE ( 'NONE', #1286, #1735, #1445, .T. ) ;
#190 = CARTESIAN_POINT ( 'NONE',  ( 28.29000000000000981, 0.000000000000000000, -2.000000000000000000 ) ) ;
#191 = CARTESIAN_POINT ( 'NONE',  ( -0.5700000000000010614, 9.400000000000000355, -2.400367257692822331 ) ) ;
#192 = CARTESIAN_POINT ( 'NONE',  ( 15.26999999999999780, -4.336808689942017736E-16, -0.5699999999999998401 ) ) ;
#193 = CARTESIAN_POINT ( 'NONE',  ( 0.5699999999999985079, -4.336808689942017736E-16, 0.5699999999999985079 ) ) ;
#194 = ORIENTED_EDGE ( 'NONE', *, *, #1578, .F. ) ;
#195 = ITEM_DEFINED_TRANSFORMATION ( 'NONE', 'NONE', #2069,  #1521 ) ;
#196 = VECTOR ( 'NONE', #26, 1000.000000000000000 ) ;
#197 = ORIENTED_EDGE ( 'NONE', *, *, #316, .F. ) ;
#198 = VECTOR ( 'NONE', #278, 1000.000000000000000 ) ;
#199 = ORIENTED_EDGE ( 'NONE', *, *, #166, .T. ) ;
#200 = CARTESIAN_POINT ( 'NONE',  ( 28.29000000000000981, 8.300000000000000711, -3.699999999999925127 ) ) ;
#201 = DIRECTION ( 'NONE',  ( 1.000000000000000000, 0.000000000000000000, 0.000000000000000000 ) ) ;
#202 = EDGE_CURVE ( 'NONE', #1113, #1876, #1026, .T. ) ;
#203 = ORIENTED_EDGE ( 'NONE', *, *, #259, .T. ) ;
#204 = PLANE ( 'NONE',  #274 ) ;
#205 = CARTESIAN_POINT ( 'NONE',  ( 28.29000000000000981, -4.336808689942017736E-16, -2.699999999999931788 ) ) ;
#206 = VERTEX_POINT ( 'NONE', #1720 ) ;
#207 = VECTOR ( 'NONE', #613, 1000.000000000000000 ) ;
#208 = VERTEX_POINT ( 'NONE', #933 ) ;
#209 = CARTESIAN_POINT ( 'NONE',  ( 5.939999999999992397, 0.000000000000000000, -1.517883041479706208E-15 ) ) ;
#210 = CARTESIAN_POINT ( 'NONE',  ( -0.5700000000000010614, 8.300000000000000711, -3.699999999999925127 ) ) ;
#211 = CARTESIAN_POINT ( 'NONE',  ( 28.29000000000000981, -4.336808689942017736E-16, -2.699999999999931788 ) ) ;
#212 = VECTOR ( 'NONE', #267, 1000.000000000000000 ) ;
#213 = VERTEX_POINT ( 'NONE', #2084 ) ;
#214 = EDGE_CURVE ( 'NONE', #1660, #1735, #231, .T. ) ;
#215 = ORIENTED_EDGE ( 'NONE', *, *, #1232, .T. ) ;
#216 = ORIENTED_EDGE ( 'NONE', *, *, #1981, .T. ) ;
#217 = FACE_OUTER_BOUND ( 'NONE', #778, .T. ) ;
#218 = DIRECTION ( 'NONE',  ( 0.000000000000000000, 1.000000000000000000, 0.000000000000000000 ) ) ;
#219 = ORIENTED_EDGE ( 'NONE', *, *, #1324, .F. ) ;
#220 = CARTESIAN_POINT ( 'NONE',  ( 23.18999999999999417, -4.336808689942017736E-16, -0.5699999999999998401 ) ) ;
#221 = VERTEX_POINT ( 'NONE', #1565 ) ;
#222 = PRODUCT_RELATED_PRODUCT_CATEGORY ( 'part', '', ( #188 ) ) ;
#223 =( LENGTH_UNIT ( ) NAMED_UNIT ( * ) SI_UNIT ( .MILLI., .METRE. ) );
#224 = FACE_OUTER_BOUND ( 'NONE', #1465, .T. ) ;
#225 = PLANE ( 'NONE',  #1692 ) ;
#226 = LINE ( 'NONE', #763, #1659 ) ;
#227 = ORIENTED_EDGE ( 'NONE', *, *, #1573, .F. ) ;
#228 = FACE_BOUND ( 'NONE', #2070, .T. ) ;
#229 = CARTESIAN_POINT ( 'NONE',  ( -0.5700000000000036149, -4.336808689942017736E-16, 0.5699999999999985079 ) ) ;
#230 = ORIENTED_EDGE ( 'NONE', *, *, #713, .F. ) ;
#231 = LINE ( 'NONE', #895, #1912 ) ;
#232 = DIRECTION ( 'NONE',  ( 0.000000000000000000, -1.000000000000000000, 0.000000000000000000 ) ) ;
#233 = ORIENTED_EDGE ( 'NONE', *, *, #2023, .T. ) ;
#234 = VECTOR ( 'NONE', #124, 1000.000000000000000 ) ;
#235 = LINE ( 'NONE', #89, #1797 ) ;
#236 = VECTOR ( 'NONE', #768, 1000.000000000000000 ) ;
#237 = DIRECTION ( 'NONE',  ( 0.000000000000000000, 0.000000000000000000, 1.000000000000000000 ) ) ;
#238 = CARTESIAN_POINT ( 'NONE',  ( 27.15000000000000924, -4.336808689942017736E-16, -0.5699999999999998401 ) ) ;
#239 =( GEOMETRIC_REPRESENTATION_CONTEXT ( 3 ) GLOBAL_UNCERTAINTY_ASSIGNED_CONTEXT ( ( #784 ) ) GLOBAL_UNIT_ASSIGNED_CONTEXT ( ( #1914, #945, #127 ) ) REPRESENTATION_CONTEXT ( 'NONE', 'WORKASPACE' ) );
#240 = EDGE_LOOP ( 'NONE', ( #325, #490, #596, #411 ) ) ;
#241 = DIRECTION ( 'NONE',  ( -1.000000000000000000, 0.000000000000000000, -0.000000000000000000 ) ) ;
#242 = DIRECTION ( 'NONE',  ( 0.000000000000000000, 1.000000000000000000, 0.000000000000000000 ) ) ;
#243 = ORIENTED_EDGE ( 'NONE', *, *, #1400, .T. ) ;
#244 = ORIENTED_EDGE ( 'NONE', *, *, #1981, .F. ) ;
#245 = DIRECTION ( 'NONE',  ( 1.000000000000000000, 0.000000000000000000, 0.000000000000000000 ) ) ;
#246 = EDGE_CURVE ( 'NONE', #1179, #831, #1248, .T. ) ;
#247 = DIRECTION ( 'NONE',  ( 0.000000000000000000, 1.000000000000000000, 0.000000000000000000 ) ) ;
#248 = DIRECTION ( 'NONE',  ( -1.000000000000000000, -0.000000000000000000, -0.000000000000000000 ) ) ;
#249 = VECTOR ( 'NONE', #1926, 1000.000000000000000 ) ;
#250 = FACE_OUTER_BOUND ( 'NONE', #155, .T. ) ;
#251 = LINE ( 'NONE', #405, #547 ) ;
#252 = EDGE_CURVE ( 'NONE', #1323, #1564, #1745, .T. ) ;
#253 = COLOUR_RGB ( '',0.7960784313725489669, 0.8235294117647058432, 0.9372549019607843146 ) ;
#254 = PLANE ( 'NONE',  #549 ) ;
#255 = ADVANCED_FACE ( 'NONE', ( #1228 ), #736, .F. ) ;
#256 = CARTESIAN_POINT ( 'NONE',  ( 7.349999999999996980, -4.336808689942017736E-16, -0.5699999999999998401 ) ) ;
#257 = VERTEX_POINT ( 'NONE', #599 ) ;
#258 = SURFACE_STYLE_USAGE ( .BOTH. , #412 ) ;
#259 = EDGE_CURVE ( 'NONE', #2107, #1427, #1202, .T. ) ;
#260 = DIRECTION ( 'NONE',  ( 1.000000000000000000, 0.000000000000000000, 0.000000000000000000 ) ) ;
#261 = DIRECTION ( 'NONE',  ( 0.000000000000000000, 0.000000000000000000, -1.000000000000000000 ) ) ;
#262 = EDGE_CURVE ( 'NONE', #493, #1534, #1609, .T. ) ;
#263 = LINE ( 'NONE', #1572, #1441 ) ;
#264 = LINE ( 'NONE', #297, #1934 ) ;
#265 = DIRECTION ( 'NONE',  ( 0.000000000000000000, 0.000000000000000000, 1.000000000000000000 ) ) ;
#266 = ORIENTED_EDGE ( 'NONE', *, *, #669, .F. ) ;
#267 = DIRECTION ( 'NONE',  ( 0.000000000000000000, 1.000000000000000000, 0.000000000000000000 ) ) ;
#268 = CARTESIAN_POINT ( 'NONE',  ( 15.26999999999999780, -4.336808689942017736E-16, -0.5699999999999998401 ) ) ;
#269 = CARTESIAN_POINT ( 'NONE',  ( 3.389999999999997016, -4.336808689942017736E-16, -0.5699999999999998401 ) ) ;
#270 = CARTESIAN_POINT ( 'NONE',  ( 16.41000000000000014, -4.336808689942017736E-16, -0.5699999999999998401 ) ) ;
#271 = AXIS2_PLACEMENT_3D ( 'NONE', #2037, #564, #1808 ) ;
#272 = DIRECTION ( 'NONE',  ( -1.000000000000000000, 0.000000000000000000, 0.000000000000000000 ) ) ;
#273 = ADVANCED_FACE ( 'NONE', ( #2045 ), #1384, .T. ) ;
#274 = AXIS2_PLACEMENT_3D ( 'NONE', #903, #1392, #570 ) ;
#275 = VERTEX_POINT ( 'NONE', #586 ) ;
#276 = LINE ( 'NONE', #455, #2027 ) ;
#277 = COLOUR_RGB ( '',0.7960784313725489669, 0.8235294117647058432, 0.9372549019607843146 ) ;
#278 = DIRECTION ( 'NONE',  ( 1.000000000000000000, 0.000000000000000000, 0.000000000000000000 ) ) ;
#279 = VERTEX_POINT ( 'NONE', #1904 ) ;
#280 = PLANE ( 'NONE',  #1295 ) ;
#281 = SURFACE_SIDE_STYLE ('',( #1917 ) ) ;
#282 = CARTESIAN_POINT ( 'NONE',  ( 23.18999999999999417, -4.336808689942017736E-16, 0.5699999999999985079 ) ) ;
#283 = VERTEX_POINT ( 'NONE', #1598 ) ;
#284 = EDGE_CURVE ( 'NONE', #1076, #315, #1060, .T. ) ;
#285 = ORIENTED_EDGE ( 'NONE', *, *, #917, .F. ) ;
#286 = LINE ( 'NONE', #964, #1825 ) ;
#287 = CARTESIAN_POINT ( 'NONE',  ( 12.44999999999999929, -4.336808689942017736E-16, -0.5699999999999998401 ) ) ;
#288 = ORIENTED_EDGE ( 'NONE', *, *, #840, .F. ) ;
#289 = STYLED_ITEM ( 'NONE', ( #1417 ), #306 ) ;
#290 = DIRECTION ( 'NONE',  ( 1.000000000000000000, 0.000000000000000000, 0.000000000000000000 ) ) ;
#291 = EDGE_LOOP ( 'NONE', ( #752, #954, #621, #1256 ) ) ;
#292 = LINE ( 'NONE', #1773, #1516 ) ;
#293 = EDGE_CURVE ( 'NONE', #208, #1614, #914, .T. ) ;
#294 = PRESENTATION_STYLE_ASSIGNMENT (( #2060 ) ) ;
#295 = PLANE ( 'NONE',  #171 ) ;
#296 = EDGE_LOOP ( 'NONE', ( #1998, #463, #1721, #1502 ) ) ;
#297 = CARTESIAN_POINT ( 'NONE',  ( 15.26999999999999780, 3.199999999999999734, -0.5699999999999998401 ) ) ;
#298 = CARTESIAN_POINT ( 'NONE',  ( 23.18999999999999417, -4.336808689942017736E-16, -0.5699999999999998401 ) ) ;
#299 = PRODUCT_CONTEXT ( 'NONE', #348, 'mechanical' ) ;
#300 = EDGE_CURVE ( 'NONE', #275, #221, #780, .T. ) ;
#301 = ORIENTED_EDGE ( 'NONE', *, *, #518, .T. ) ;
#302 = PLANE ( 'NONE',  #1403 ) ;
#303 = FILL_AREA_STYLE_COLOUR ( '', #1406 ) ;
#304 = DIRECTION ( 'NONE',  ( -1.000000000000000000, -0.000000000000000000, -0.000000000000000000 ) ) ;
#305 = VECTOR ( 'NONE', #1477, 1000.000000000000000 ) ;
#306 = MANIFOLD_SOLID_BREP ( 'NONE', #679 ) ;
#307 = VECTOR ( 'NONE', #1265, 1000.000000000000000 ) ;
#308 = ORIENTED_EDGE ( 'NONE', *, *, #1311, .F. ) ;
#309 = DIRECTION ( 'NONE',  ( 1.000000000000000000, 0.000000000000000000, 0.000000000000000000 ) ) ;
#310 = CARTESIAN_POINT ( 'NONE',  ( 0.5699999999999999512, -2.899999999999999911, 0.5699999999999999512 ) ) ;
#311 = VECTOR ( 'NONE', #2032, 1000.000000000000000 ) ;
#312 = ORIENTED_EDGE ( 'NONE', *, *, #1375, .T. ) ;
#313 =( NAMED_UNIT ( * ) SI_UNIT ( $, .STERADIAN. ) SOLID_ANGLE_UNIT ( ) );
#314 = AXIS2_PLACEMENT_3D ( 'NONE', #1924, #392, #1095 ) ;
#315 = VERTEX_POINT ( 'NONE', #1935 ) ;
#316 = EDGE_CURVE ( 'NONE', #366, #375, #2092, .T. ) ;
#317 = CARTESIAN_POINT ( 'NONE',  ( -1.950000000000000400, 3.199999999999999734, 4.799999999999999822 ) ) ;
#318 = ORIENTED_EDGE ( 'NONE', *, *, #1684, .T. ) ;
#319 = DIRECTION ( 'NONE',  ( -0.000000000000000000, -0.000000000000000000, -1.000000000000000000 ) ) ;
#320 = LINE ( 'NONE', #211, #1985 ) ;
#321 = ORIENTED_EDGE ( 'NONE', *, *, #438, .T. ) ;
#322 = EDGE_CURVE ( 'NONE', #1577, #688, #1442, .T. ) ;
#323 = FACE_BOUND ( 'NONE', #1538, .T. ) ;
#324 = VECTOR ( 'NONE', #1082, 1000.000000000000000 ) ;
#325 = ORIENTED_EDGE ( 'NONE', *, *, #542, .F. ) ;
#326 = DIRECTION ( 'NONE',  ( 0.9659258262890689783, -0.2588190451025185190, 0.000000000000000000 ) ) ;
#327 = DIRECTION ( 'NONE',  ( 0.000000000000000000, 0.000000000000000000, -1.000000000000000000 ) ) ;
#328 = ORIENTED_EDGE ( 'NONE', *, *, #1311, .T. ) ;
#329 = ADVANCED_FACE ( 'NONE', ( #1168 ), #1347, .F. ) ;
#330 = FACE_OUTER_BOUND ( 'NONE', #1272, .T. ) ;
#331 = LINE ( 'NONE', #1654, #962 ) ;
#332 = LINE ( 'NONE', #1172, #447 ) ;
#333 = ORIENTED_EDGE ( 'NONE', *, *, #1835, .T. ) ;
#334 = EDGE_LOOP ( 'NONE', ( #21, #1150, #321, #1913 ) ) ;
#335 = SURFACE_SIDE_STYLE ('',( #1505 ) ) ;
#336 = LINE ( 'NONE', #1663, #627 ) ;
#337 = DIRECTION ( 'NONE',  ( 0.000000000000000000, 1.000000000000000000, 0.000000000000000000 ) ) ;
#338 = EDGE_CURVE ( 'NONE', #279, #821, #25, .T. ) ;
#339 = ORIENTED_EDGE ( 'NONE', *, *, #565, .T. ) ;
#340 = VECTOR ( 'NONE', #1390, 1000.000000000000000 ) ;
#341 = VECTOR ( 'NONE', #2067, 1000.000000000000227 ) ;
#342 = CONTEXT_DEPENDENT_SHAPE_REPRESENTATION ( #765, #5 ) ;
#343 = DIRECTION ( 'NONE',  ( 0.000000000000000000, -0.2588190451025185190, 0.9659258262890689783 ) ) ;
#344 = AXIS2_PLACEMENT_3D ( 'NONE', #1207, #708, #56 ) ;
#345 = ORIENTED_EDGE ( 'NONE', *, *, #840, .T. ) ;
#346 = ADVANCED_FACE ( 'NONE', ( #1863 ), #862, .F. ) ;
#347 = AXIS2_PLACEMENT_3D ( 'NONE', #1326, #1834, #1028 ) ;
#348 = APPLICATION_CONTEXT ( 'automotive_design' ) ;
#349 = DIRECTION ( 'NONE',  ( 0.000000000000000000, 0.000000000000000000, 1.000000000000000000 ) ) ;
#350 = SHAPE_REPRESENTATION_RELATIONSHIP ( 'NONE' , 'NONE' ,  #1015, #1500 ) ;
#351 = CARTESIAN_POINT ( 'NONE',  ( 15.26999999999999780, 3.199999999999999734, 0.5699999999999985079 ) ) ;
#352 = PRODUCT_DEFINITION_CONTEXT ( 'detailed design', #435, 'design' ) ;
#353 = ORIENTED_EDGE ( 'NONE', *, *, #1008, .F. ) ;
#354 = CARTESIAN_POINT ( 'NONE',  ( 15.26999999999999780, -4.336808689942017736E-16, 0.5699999999999985079 ) ) ;
#355 = ORIENTED_EDGE ( 'NONE', *, *, #1567, .T. ) ;
#356 = EDGE_CURVE ( 'NONE', #385, #1162, #1540, .T. ) ;
#357 = CARTESIAN_POINT ( 'NONE',  ( -0.5700000000000010614, 0.000000000000000000, -2.000000000000000000 ) ) ;
#358 = ORIENTED_EDGE ( 'NONE', *, *, #128, .F. ) ;
#359 = FACE_OUTER_BOUND ( 'NONE', #183, .T. ) ;
#360 = EDGE_LOOP ( 'NONE', ( #989, #1271, #62, #145 ) ) ;
#361 = ADVANCED_FACE ( 'NONE', ( #359 ), #1528, .F. ) ;
#362 = CARTESIAN_POINT ( 'NONE',  ( 8.489999999999998437, -4.336808689942017736E-16, -0.5699999999999998401 ) ) ;
#363 = EDGE_LOOP ( 'NONE', ( #475, #1705, #876, #798 ) ) ;
#364 = CONTEXT_DEPENDENT_SHAPE_REPRESENTATION ( #1147, #1841 ) ;
#365 = DIRECTION ( 'NONE',  ( 0.000000000000000000, 1.000000000000000000, 0.000000000000000000 ) ) ;
#366 = VERTEX_POINT ( 'NONE', #2013 ) ;
#367 = EDGE_CURVE ( 'NONE', #993, #1237, #390, .T. ) ;
#368 = DIRECTION ( 'NONE',  ( 0.000000000000000000, 0.000000000000000000, -1.000000000000000000 ) ) ;
#369 = DIRECTION ( 'NONE',  ( 0.000000000000000000, -6.195440985632059782E-16, -1.000000000000000000 ) ) ;
#370 = DIRECTION ( 'NONE',  ( 0.000000000000000000, 0.000000000000000000, -1.000000000000000000 ) ) ;
#371 = ORIENTED_EDGE ( 'NONE', *, *, #649, .F. ) ;
#372 = ADVANCED_FACE ( 'NONE', ( #695 ), #1852, .F. ) ;
#373 = LINE ( 'NONE', #1178, #341 ) ;
#374 = STYLED_ITEM ( 'NONE', ( #1470 ), #1004 ) ;
#375 = VERTEX_POINT ( 'NONE', #535 ) ;
#376 = VECTOR ( 'NONE', #1694, 1000.000000000000000 ) ;
#377 = EDGE_CURVE ( 'NONE', #460, #1273, #1677, .T. ) ;
#378 = LINE ( 'NONE', #1842, #1566 ) ;
#379 = ORIENTED_EDGE ( 'NONE', *, *, #851, .F. ) ;
#380 = DIRECTION ( 'NONE',  ( 0.000000000000000000, 0.000000000000000000, 1.000000000000000000 ) ) ;
#381 = LINE ( 'NONE', #673, #1519 ) ;
#382 = PRODUCT_DEFINITION_SHAPE ( 'NONE', 'NONE',  #1792 ) ;
#383 = CARTESIAN_POINT ( 'NONE',  ( 0.3556406460551010396, -3.700000000000000178, -0.3556406460551010396 ) ) ;
#384 = VERTEX_POINT ( 'NONE', #727 ) ;
#385 = VERTEX_POINT ( 'NONE', #1181 ) ;
#386 = LINE ( 'NONE', #1561, #1226 ) ;
#387 = CARTESIAN_POINT ( 'NONE',  ( 16.41000000000000014, 9.400000000000000355, -2.400367257692822331 ) ) ;
#388 = ADVANCED_FACE ( 'NONE', ( #852 ), #1710, .F. ) ;
#389 = ORIENTED_EDGE ( 'NONE', *, *, #2063, .F. ) ;
#390 = LINE ( 'NONE', #1152, #141 ) ;
#391 = ORIENTED_EDGE ( 'NONE', *, *, #1078, .F. ) ;
#392 = DIRECTION ( 'NONE',  ( 0.000000000000000000, 0.000000000000000000, 1.000000000000000000 ) ) ;
#393 = CARTESIAN_POINT ( 'NONE',  ( 0.3556406460551005400, 10.90000000000000036, -0.5699999999999999512 ) ) ;
#394 = EDGE_CURVE ( 'NONE', #410, #65, #378, .T. ) ;
#395 = CARTESIAN_POINT ( 'NONE',  ( 28.29000000000000981, 8.300000000000000711, -1.999999999999999556 ) ) ;
#396 = ORIENTED_EDGE ( 'NONE', *, *, #1831, .F. ) ;
#397 = DIRECTION ( 'NONE',  ( 0.000000000000000000, -1.000000000000000000, 0.000000000000000000 ) ) ;
#398 = DIRECTION ( 'NONE',  ( 0.000000000000000000, 0.000000000000000000, 1.000000000000000000 ) ) ;
#399 = VERTEX_POINT ( 'NONE', #1513 ) ;
#400 = LINE ( 'NONE', #923, #887 ) ;
#401 = VERTEX_POINT ( 'NONE', #43 ) ;
#402 = CARTESIAN_POINT ( 'NONE',  ( 13.85999999999999588, 0.000000000000000000, -1.517883041479706208E-15 ) ) ;
#403 = DIRECTION ( 'NONE',  ( 0.2505628070857293666, 0.9351131265310305141, -0.2505628070857293666 ) ) ;
#404 = CARTESIAN_POINT ( 'NONE',  ( 7.349999999999996980, 3.199999999999999734, 0.5699999999999985079 ) ) ;
#405 = CARTESIAN_POINT ( 'NONE',  ( 28.29000000000001336, -4.336808689942017736E-16, -0.5699999999999998401 ) ) ;
#406 = ADVANCED_FACE ( 'NONE', ( #1359 ), #1339, .T. ) ;
#407 = ORIENTED_EDGE ( 'NONE', *, *, #1291, .T. ) ;
#408 = FACE_BOUND ( 'NONE', #1696, .T. ) ;
#409 = CARTESIAN_POINT ( 'NONE',  ( 12.44999999999999929, -4.336808689942017736E-16, 0.5699999999999985079 ) ) ;
#410 = VERTEX_POINT ( 'NONE', #2025 ) ;
#411 = ORIENTED_EDGE ( 'NONE', *, *, #32, .F. ) ;
#412 = SURFACE_SIDE_STYLE ('',( #95 ) ) ;
#413 = AXIS2_PLACEMENT_3D ( 'NONE', #1276, #1471, #1811 ) ;
#414 = CARTESIAN_POINT ( 'NONE',  ( 28.29000000000001336, -4.336808689942017736E-16, -0.5699999999999998401 ) ) ;
#415 = VECTOR ( 'NONE', #1777, 1000.000000000000000 ) ;
#416 = DIRECTION ( 'NONE',  ( 0.000000000000000000, 0.000000000000000000, -1.000000000000000000 ) ) ;
#417 = VECTOR ( 'NONE', #540, 1000.000000000000000 ) ;
#418 = PLANE ( 'NONE',  #344 ) ;
#419 = CARTESIAN_POINT ( 'NONE',  ( -1.950000000000000400, 3.199999999999999734, 4.799999999999999822 ) ) ;
#420 = ORIENTED_EDGE ( 'NONE', *, *, #79, .F. ) ;
#421 = VECTOR ( 'NONE', #1504, 1000.000000000000000 ) ;
#422 = EDGE_LOOP ( 'NONE', ( #1766, #1847, #963, #328 ) ) ;
#423 = FACE_BOUND ( 'NONE', #16, .T. ) ;
#424 = LINE ( 'NONE', #2010, #830 ) ;
#425 = EDGE_CURVE ( 'NONE', #1674, #1564, #550, .T. ) ;
#426 = CARTESIAN_POINT ( 'NONE',  ( 4.529999999999999361, 3.199999999999999734, -0.5699999999999998401 ) ) ;
#427 = CARTESIAN_POINT ( 'NONE',  ( 0.5699999999999999512, -3.700000000000000178, -0.5699999999999999512 ) ) ;
#428 = LINE ( 'NONE', #1072, #737 ) ;
#429 = DIRECTION ( 'NONE',  ( 0.000000000000000000, -0.3420201433256694346, 0.9396926207859080948 ) ) ;
#430 = DIRECTION ( 'NONE',  ( -0.000000000000000000, 0.9396926207859080948, 0.3420201433256694346 ) ) ;
#431 = EDGE_LOOP ( 'NONE', ( #786, #1133, #126, #436 ) ) ;
#432 = CARTESIAN_POINT ( 'NONE',  ( 29.67000000000000881, 3.199999999999999734, 4.799999999999999822 ) ) ;
#433 = CARTESIAN_POINT ( 'NONE',  ( -1.950000000000000400, 3.199999999999999734, -2.000000000000000000 ) ) ;
#434 = ORIENTED_EDGE ( 'NONE', *, *, #1301, .F. ) ;
#435 = APPLICATION_CONTEXT ( 'automotive_design' ) ;
#436 = ORIENTED_EDGE ( 'NONE', *, *, #259, .F. ) ;
#437 = CARTESIAN_POINT ( 'NONE',  ( 7.349999999999996980, -4.336808689942017736E-16, 0.5699999999999985079 ) ) ;
#438 = EDGE_CURVE ( 'NONE', #1293, #27, #64, .T. ) ;
#439 = DIRECTION ( 'NONE',  ( 0.000000000000000000, -0.9396926207859080948, -0.3420201433256694346 ) ) ;
#440 =( NAMED_UNIT ( * ) PLANE_ANGLE_UNIT ( ) SI_UNIT ( $, .RADIAN. ) );
#441 = CARTESIAN_POINT ( 'NONE',  ( -0.3556406460551010396, -3.700000000000000178, 0.5699999999999999512 ) ) ;
#442 = ORIENTED_EDGE ( 'NONE', *, *, #1619, .F. ) ;
#443 = CARTESIAN_POINT ( 'NONE',  ( 8.489999999999998437, -4.336808689942017736E-16, 0.5699999999999985079 ) ) ;
#444 = DIRECTION ( 'NONE',  ( -1.000000000000000000, -0.000000000000000000, -0.000000000000000000 ) ) ;
#445 = EDGE_LOOP ( 'NONE', ( #497, #2002, #1364, #1254 ) ) ;
#446 = CARTESIAN_POINT ( 'NONE',  ( 23.18999999999999417, 3.199999999999999734, -0.5699999999999998401 ) ) ;
#447 = VECTOR ( 'NONE', #706, 1000.000000000000000 ) ;
#448 = CARTESIAN_POINT ( 'NONE',  ( 19.22999999999999687, -4.336808689942017736E-16, -0.5699999999999998401 ) ) ;
#449 = DIRECTION ( 'NONE',  ( 0.000000000000000000, 0.000000000000000000, 1.000000000000000000 ) ) ;
#450 = VECTOR ( 'NONE', #1650, 1000.000000000000000 ) ;
#451 = EDGE_CURVE ( 'NONE', #1269, #868, #897, .T. ) ;
#452 = VECTOR ( 'NONE', #1537, 1000.000000000000000 ) ;
#453 = AXIS2_PLACEMENT_3D ( 'NONE', #487, #981, #1993 ) ;
#454 = VERTEX_POINT ( 'NONE', #1249 ) ;
#455 = CARTESIAN_POINT ( 'NONE',  ( 29.67000000000000881, 3.199999999999999734, -2.000000000000000000 ) ) ;
#456 = DIRECTION ( 'NONE',  ( 0.000000000000000000, 1.000000000000000000, 0.000000000000000000 ) ) ;
#457 = ORIENTED_EDGE ( 'NONE', *, *, #1787, .T. ) ;
#458 = APPLICATION_PROTOCOL_DEFINITION ( 'draft international standard', 'automotive_design', 1998, #836 ) ;
#459 = EDGE_CURVE ( 'NONE', #997, #1775, #771, .T. ) ;
#460 = VERTEX_POINT ( 'NONE', #1746 ) ;
#461 = LINE ( 'NONE', #1780, #1809 ) ;
#462 = DIRECTION ( 'NONE',  ( 0.000000000000000000, 0.000000000000000000, -1.000000000000000000 ) ) ;
#463 = ORIENTED_EDGE ( 'NONE', *, *, #1469, .F. ) ;
#464 =( REPRESENTATION_RELATIONSHIP ('NONE','NONE', #1309, #1015 ) REPRESENTATION_RELATIONSHIP_WITH_TRANSFORMATION ( #531 )SHAPE_REPRESENTATION_RELATIONSHIP( ) );
#465 = VERTEX_POINT ( 'NONE', #88 ) ;
#466 = CARTESIAN_POINT ( 'NONE',  ( 3.389999999999997016, -4.336808689942017736E-16, -0.5699999999999998401 ) ) ;
#467 = CARTESIAN_POINT ( 'NONE',  ( 19.22999999999999687, -4.336808689942017736E-16, -0.5699999999999998401 ) ) ;
#468 = VECTOR ( 'NONE', #1968, 1000.000000000000000 ) ;
#469 = ORIENTED_EDGE ( 'NONE', *, *, #1308, .F. ) ;
#470 = CARTESIAN_POINT ( 'NONE',  ( 3.389999999999997016, -4.336808689942017736E-16, -0.5699999999999998401 ) ) ;
#471 = DIRECTION ( 'NONE',  ( 0.000000000000000000, 0.000000000000000000, 1.000000000000000000 ) ) ;
#472 = ORIENTED_EDGE ( 'NONE', *, *, #1365, .F. ) ;
#473 = PLANE ( 'NONE',  #1404 ) ;
#474 = ADVANCED_FACE ( 'NONE', ( #78 ), #1097, .F. ) ;
#475 = ORIENTED_EDGE ( 'NONE', *, *, #1851, .T. ) ;
#476 = DIRECTION ( 'NONE',  ( 1.000000000000000000, 0.000000000000000000, 0.000000000000000000 ) ) ;
#477 = UNCERTAINTY_MEASURE_WITH_UNIT (LENGTH_MEASURE( 1.000000000000000082E-05 ), #1253, 'distance_accuracy_value', 'NONE');
#478 = VECTOR ( 'NONE', #2075, 1000.000000000000000 ) ;
#479 = ORIENTED_EDGE ( 'NONE', *, *, #779, .T. ) ;
#480 = LINE ( 'NONE', #2122, #1767 ) ;
#481 = CARTESIAN_POINT ( 'NONE',  ( 19.22999999999999687, 3.199999999999999734, -0.5699999999999998401 ) ) ;
#482 = VECTOR ( 'NONE', #50, 1000.000000000000000 ) ;
#483 = ORIENTED_EDGE ( 'NONE', *, *, #908, .T. ) ;
#484 = CARTESIAN_POINT ( 'NONE',  ( 15.26999999999999780, 3.199999999999999734, -0.5699999999999998401 ) ) ;
#485 = ORIENTED_EDGE ( 'NONE', *, *, #572, .T. ) ;
#486 = LINE ( 'NONE', #167, #1167 ) ;
#487 = CARTESIAN_POINT ( 'NONE',  ( 28.29000000000001336, -4.336808689942017736E-16, -0.5699999999999998401 ) ) ;
#488 = DIRECTION ( 'NONE',  ( -0.000000000000000000, 3.741739237146844007E-15, 1.000000000000000000 ) ) ;
#489 = EDGE_LOOP ( 'NONE', ( #1623, #133, #115, #483 ) ) ;
#490 = ORIENTED_EDGE ( 'NONE', *, *, #738, .F. ) ;
#491 = VECTOR ( 'NONE', #117, 1000.000000000000000 ) ;
#492 = LINE ( 'NONE', #849, #590 ) ;
#493 = VERTEX_POINT ( 'NONE', #1419 ) ;
#494 =( LENGTH_UNIT ( ) NAMED_UNIT ( * ) SI_UNIT ( .MILLI., .METRE. ) );
#495 = EDGE_CURVE ( 'NONE', #1227, #1238, #400, .T. ) ;
#496 = FACE_OUTER_BOUND ( 'NONE', #125, .T. ) ;
#497 = ORIENTED_EDGE ( 'NONE', *, *, #867, .F. ) ;
#498 = DIRECTION ( 'NONE',  ( 0.000000000000000000, 0.000000000000000000, 1.000000000000000000 ) ) ;
#499 = ORIENTED_EDGE ( 'NONE', *, *, #892, .F. ) ;
#500 = ADVANCED_FACE ( 'NONE', ( #739 ), #588, .F. ) ;
#501 = CARTESIAN_POINT ( 'NONE',  ( 0.5699999999999999512, 10.90000000000000036, -0.3556406460551005400 ) ) ;
#502 = ORIENTED_EDGE ( 'NONE', *, *, #1526, .F. ) ;
#503 = DIRECTION ( 'NONE',  ( 0.000000000000000000, 0.2588190451025185190, -0.9659258262890689783 ) ) ;
#504 = EDGE_CURVE ( 'NONE', #1130, #754, #612, .T. ) ;
#505 = VECTOR ( 'NONE', #1385, 1000.000000000000000 ) ;
#506 = PLANE ( 'NONE',  #2029 ) ;
#507 = ORIENTED_EDGE ( 'NONE', *, *, #2123, .F. ) ;
#508 = VECTOR ( 'NONE', #1184, 1000.000000000000000 ) ;
#509 = ITEM_DEFINED_TRANSFORMATION ( 'NONE', 'NONE', #2106,  #1521 ) ;
#510 = DIRECTION ( 'NONE',  ( 0.000000000000000000, 0.000000000000000000, 1.000000000000000000 ) ) ;
#511 = VECTOR ( 'NONE', #1508, 1000.000000000000000 ) ;
#512 = ORIENTED_EDGE ( 'NONE', *, *, #377, .F. ) ;
#513 = AXIS2_PLACEMENT_3D ( 'NONE', #762, #976, #1641 ) ;
#514 = CARTESIAN_POINT ( 'NONE',  ( 16.41000000000000014, -4.336808689942017736E-16, -0.5699999999999998401 ) ) ;
#515 = ORIENTED_EDGE ( 'NONE', *, *, #1708, .F. ) ;
#516 = FACE_OUTER_BOUND ( 'NONE', #839, .T. ) ;
#517 = EDGE_LOOP ( 'NONE', ( #670, #1043, #1110, #2093 ) ) ;
#518 = EDGE_CURVE ( 'NONE', #1592, #65, #1610, .T. ) ;
#519 = ITEM_DEFINED_TRANSFORMATION ( 'NONE', 'NONE', #314,  #1521 ) ;
#520 = CARTESIAN_POINT ( 'NONE',  ( 16.41000000000000014, 7.200000000000011724, -3.199999999999925127 ) ) ;
#521 = VECTOR ( 'NONE', #1601, 1000.000000000000000 ) ;
#522 = ORIENTED_EDGE ( 'NONE', *, *, #1105, .F. ) ;
#523 = DIRECTION ( 'NONE',  ( 1.000000000000000000, 0.000000000000000000, -0.000000000000000000 ) ) ;
#524 = LINE ( 'NONE', #1529, #529 ) ;
#525 = DIRECTION ( 'NONE',  ( 1.000000000000000000, 0.000000000000000000, 0.000000000000000000 ) ) ;
#526 = FACE_OUTER_BOUND ( 'NONE', #1221, .T. ) ;
#527 = AXIS2_PLACEMENT_3D ( 'NONE', #827, #1486, #863 ) ;
#528 = DIRECTION ( 'NONE',  ( 1.000000000000000000, 0.000000000000000000, 0.000000000000000000 ) ) ;
#529 = VECTOR ( 'NONE', #44, 1000.000000000000000 ) ;
#530 = ORIENTED_EDGE ( 'NONE', *, *, #1987, .F. ) ;
#531 = ITEM_DEFINED_TRANSFORMATION ( 'NONE', 'NONE', #1373,  #1521 ) ;
#532 = PLANE ( 'NONE',  #66 ) ;
#533 = ADVANCED_FACE ( 'NONE', ( #574 ), #96, .F. ) ;
#534 = ORIENTED_EDGE ( 'NONE', *, *, #1684, .F. ) ;
#535 = CARTESIAN_POINT ( 'NONE',  ( 0.5699999999999985079, -4.336808689942017736E-16, 0.5699999999999985079 ) ) ;
#536 = ORIENTED_EDGE ( 'NONE', *, *, #819, .T. ) ;
#537 = DIRECTION ( 'NONE',  ( 0.000000000000000000, 0.000000000000000000, 1.000000000000000000 ) ) ;
#538 = DIRECTION ( 'NONE',  ( -1.000000000000000000, 0.000000000000000000, 0.000000000000000000 ) ) ;
#539 = LINE ( 'NONE', #310, #1219 ) ;
#540 = DIRECTION ( 'NONE',  ( 0.2505628070857293666, -0.9351131265310305141, 0.2505628070857293666 ) ) ;
#541 = EDGE_LOOP ( 'NONE', ( #170, #1346, #1862, #1493, #355, #1908 ) ) ;
#542 = EDGE_CURVE ( 'NONE', #315, #283, #1771, .T. ) ;
#543 = ORIENTED_EDGE ( 'NONE', *, *, #619, .F. ) ;
#544 = CARTESIAN_POINT ( 'NONE',  ( 28.29000000000001336, -4.336808689942017736E-16, -0.5699999999999998401 ) ) ;
#545 = DIRECTION ( 'NONE',  ( 0.9659258262890689783, 0.2588190451025185190, 0.000000000000000000 ) ) ;
#546 = VECTOR ( 'NONE', #732, 1000.000000000000000 ) ;
#547 = VECTOR ( 'NONE', #1918, 1000.000000000000000 ) ;
#548 = ADVANCED_FACE ( 'NONE', ( #2035 ), #1214, .F. ) ;
#549 = AXIS2_PLACEMENT_3D ( 'NONE', #1198, #397, #1717 ) ;
#550 = LINE ( 'NONE', #220, #1019 ) ;
#551 = ADVANCED_FACE ( 'NONE', ( #915 ), #1240, .F. ) ;
#552 = LINE ( 'NONE', #1686, #468 ) ;
#553 = DIRECTION ( 'NONE',  ( 1.000000000000000000, 0.000000000000000000, 0.000000000000000000 ) ) ;
#554 = DIRECTION ( 'NONE',  ( -1.000000000000000000, 0.000000000000000000, 0.000000000000000000 ) ) ;
#555 = AXIS2_PLACEMENT_3D ( 'NONE', #873, #576, #1205 ) ;
#556 = PLANE ( 'NONE',  #2066 ) ;
#557 = CARTESIAN_POINT ( 'NONE',  ( -0.5700000000000036149, 3.199999999999999734, 0.5699999999999985079 ) ) ;
#558 = EDGE_LOOP ( 'NONE', ( #1597, #1169, #609, #1903 ) ) ;
#559 = LINE ( 'NONE', #1368, #1483 ) ;
#560 = CARTESIAN_POINT ( 'NONE',  ( -1.950000000000000400, -4.336808689942017736E-16, 4.799999999999999822 ) ) ;
#561 = ORIENTED_EDGE ( 'NONE', *, *, #1891, .T. ) ;
#562 = DIRECTION ( 'NONE',  ( 0.000000000000000000, 0.000000000000000000, 1.000000000000000000 ) ) ;
#563 = VERTEX_POINT ( 'NONE', #1084 ) ;
#564 = DIRECTION ( 'NONE',  ( -0.000000000000000000, 0.7071067811865472397, 0.7071067811865479058 ) ) ;
#565 = EDGE_CURVE ( 'NONE', #1293, #1260, #1600, .T. ) ;
#566 = CARTESIAN_POINT ( 'NONE',  ( 4.529999999999999361, -4.336808689942017736E-16, -0.5699999999999998401 ) ) ;
#567 = DIRECTION ( 'NONE',  ( -1.000000000000000000, 0.000000000000000000, 0.000000000000000000 ) ) ;
#568 = AXIS2_PLACEMENT_3D ( 'NONE', #1302, #872, #368 ) ;
#569 = VERTEX_POINT ( 'NONE', #1289 ) ;
#570 = DIRECTION ( 'NONE',  ( 0.000000000000000000, 1.000000000000000000, 5.225070710773516837E-17 ) ) ;
#571 = LINE ( 'NONE', #1563, #138 ) ;
#572 = EDGE_CURVE ( 'NONE', #635, #1411, #652, .T. ) ;
#573 = CARTESIAN_POINT ( 'NONE',  ( 29.67000000000000881, -4.336808689942017736E-16, -2.000000000000000000 ) ) ;
#574 = FACE_OUTER_BOUND ( 'NONE', #1803, .T. ) ;
#575 = LINE ( 'NONE', #781, #2077 ) ;
#576 = DIRECTION ( 'NONE',  ( 0.000000000000000000, 0.000000000000000000, 1.000000000000000000 ) ) ;
#577 = LINE ( 'NONE', #1216, #689 ) ;
#578 = DIRECTION ( 'NONE',  ( 1.000000000000000000, 0.000000000000000000, 0.000000000000000000 ) ) ;
#579 = CARTESIAN_POINT ( 'NONE',  ( -0.3556406460551005400, 10.90000000000000036, -0.3556406460551005400 ) ) ;
#580 = EDGE_CURVE ( 'NONE', #2103, #617, #829, .T. ) ;
#581 = ORIENTED_EDGE ( 'NONE', *, *, #803, .F. ) ;
#582 = DIRECTION ( 'NONE',  ( 0.000000000000000000, -0.000000000000000000, -1.000000000000000000 ) ) ;
#583 = ORIENTED_EDGE ( 'NONE', *, *, #2008, .T. ) ;
#584 = ORIENTED_EDGE ( 'NONE', *, *, #705, .T. ) ;
#585 = AXIS2_PLACEMENT_3D ( 'NONE', #427, #1889, #260 ) ;
#586 = CARTESIAN_POINT ( 'NONE',  ( 28.29000000000001336, -4.336808689942017736E-16, 0.5699999999999985079 ) ) ;
#587 = VECTOR ( 'NONE', #1828, 1000.000000000000000 ) ;
#588 = PLANE ( 'NONE',  #1151 ) ;
#589 = CARTESIAN_POINT ( 'NONE',  ( -0.3556406460551010396, -3.700000000000000178, -0.3556406460551010396 ) ) ;
#590 = VECTOR ( 'NONE', #365, 1000.000000000000000 ) ;
#591 = CARTESIAN_POINT ( 'NONE',  ( -1.950000000000000400, 3.199999999999999734, 4.799999999999999822 ) ) ;
#592 = MECHANICAL_DESIGN_GEOMETRIC_PRESENTATION_REPRESENTATION (  '', ( #1299 ), #1599 ) ;
#593 = ORIENTED_EDGE ( 'NONE', *, *, #1994, .T. ) ;
#594 = DIRECTION ( 'NONE',  ( -0.000000000000000000, -0.000000000000000000, -1.000000000000000000 ) ) ;
#595 = DIRECTION ( 'NONE',  ( -0.000000000000000000, 1.000000000000000000, 0.000000000000000000 ) ) ;
#596 = ORIENTED_EDGE ( 'NONE', *, *, #252, .F. ) ;
#597 = EDGE_CURVE ( 'NONE', #660, #681, #332, .T. ) ;
#598 = ORIENTED_EDGE ( 'NONE', *, *, #1078, .T. ) ;
#599 = CARTESIAN_POINT ( 'NONE',  ( 0.5699999999999985079, -4.336808689942017736E-16, -0.5699999999999998401 ) ) ;
#600 = CARTESIAN_POINT ( 'NONE',  ( 3.389999999999997016, 3.199999999999999734, -0.5699999999999998401 ) ) ;
#601 = CARTESIAN_POINT ( 'NONE',  ( 20.36999999999999744, -4.336808689942017736E-16, -0.5699999999999998401 ) ) ;
#602 = EDGE_CURVE ( 'NONE', #871, #1405, #1805, .T. ) ;
#603 = DIRECTION ( 'NONE',  ( 0.000000000000000000, 1.000000000000000000, 0.000000000000000000 ) ) ;
#604 = VECTOR ( 'NONE', #247, 1000.000000000000000 ) ;
#605 = DIRECTION ( 'NONE',  ( 0.000000000000000000, 0.000000000000000000, -1.000000000000000000 ) ) ;
#606 = EDGE_LOOP ( 'NONE', ( #1033, #266, #1106, #1247 ) ) ;
#607 = DIRECTION ( 'NONE',  ( 1.000000000000000000, -0.000000000000000000, -0.000000000000000000 ) ) ;
#608 = CARTESIAN_POINT ( 'NONE',  ( 0.5699999999999999512, -3.700000000000000178, 0.5699999999999999512 ) ) ;
#609 = ORIENTED_EDGE ( 'NONE', *, *, #1633, .F. ) ;
#610 = DIRECTION ( 'NONE',  ( 0.000000000000000000, 0.000000000000000000, 1.000000000000000000 ) ) ;
#611 = ADVANCED_FACE ( 'NONE', ( #169 ), #147, .F. ) ;
#612 = LINE ( 'NONE', #2085, #1091 ) ;
#613 = DIRECTION ( 'NONE',  ( 1.000000000000000000, -0.000000000000000000, -0.000000000000000000 ) ) ;
#614 = CARTESIAN_POINT ( 'NONE',  ( -0.5699999999999999512, -2.899999999999999911, 0.5699999999999999512 ) ) ;
#615 = FILL_AREA_STYLE ('',( #303 ) ) ;
#616 = DIRECTION ( 'NONE',  ( 1.000000000000000000, 0.000000000000000000, -0.000000000000000000 ) ) ;
#617 = VERTEX_POINT ( 'NONE', #1139 ) ;
#618 = CARTESIAN_POINT ( 'NONE',  ( 12.44999999999999929, 3.199999999999999734, -0.5699999999999998401 ) ) ;
#619 = EDGE_CURVE ( 'NONE', #868, #1130, #874, .T. ) ;
#620 = PLANE ( 'NONE',  #759 ) ;
#621 = ORIENTED_EDGE ( 'NONE', *, *, #883, .F. ) ;
#622 = CARTESIAN_POINT ( 'NONE',  ( 29.67000000000000881, 3.199999999999999734, 4.799999999999999822 ) ) ;
#623 = ORIENTED_EDGE ( 'NONE', *, *, #1503, .F. ) ;
#624 = CARTESIAN_POINT ( 'NONE',  ( 28.29000000000001336, -4.336808689942017736E-16, -0.5699999999999998401 ) ) ;
#625 = AXIS2_PLACEMENT_3D ( 'NONE', #911, #1583, #1399 ) ;
#626 = EDGE_CURVE ( 'NONE', #1876, #1512, #320, .T. ) ;
#627 = VECTOR ( 'NONE', #178, 1000.000000000000000 ) ;
#628 = LINE ( 'NONE', #2110, #1224 ) ;
#629 = ORIENTED_EDGE ( 'NONE', *, *, #1474, .F. ) ;
#630 = VECTOR ( 'NONE', #337, 1000.000000000000000 ) ;
#631 = ORIENTED_EDGE ( 'NONE', *, *, #1105, .T. ) ;
#632 = CARTESIAN_POINT ( 'NONE',  ( 0.5699999999999985079, 3.199999999999999734, -0.5699999999999998401 ) ) ;
#633 = CARTESIAN_POINT ( 'NONE',  ( 15.26999999999999780, 3.199999999999999734, 0.5699999999999985079 ) ) ;
#634 = ORIENTED_EDGE ( 'NONE', *, *, #143, .F. ) ;
#635 = VERTEX_POINT ( 'NONE', #1544 ) ;
#636 = FACE_OUTER_BOUND ( 'NONE', #714, .T. ) ;
#637 = LINE ( 'NONE', #1117, #587 ) ;
#638 = ADVANCED_FACE ( 'NONE', ( #526 ), #55, .F. ) ;
#639 = ORIENTED_EDGE ( 'NONE', *, *, #1613, .T. ) ;
#640 = ORIENTED_EDGE ( 'NONE', *, *, #1840, .F. ) ;
#641 = CARTESIAN_POINT ( 'NONE',  ( 23.18999999999999417, -4.336808689942017736E-16, 0.5699999999999985079 ) ) ;
#642 = PLANE ( 'NONE',  #3 ) ;
#643 = PRODUCT_CONTEXT ( 'NONE', #1334, 'mechanical' ) ;
#644 = VERTEX_POINT ( 'NONE', #1489 ) ;
#645 = ADVANCED_FACE ( 'NONE', ( #668 ), #1814, .T. ) ;
#646 = CARTESIAN_POINT ( 'NONE',  ( 12.44999999999999929, 3.199999999999999734, 0.5699999999999985079 ) ) ;
#647 = PLANE ( 'NONE',  #2024 ) ;
#648 = ORIENTED_EDGE ( 'NONE', *, *, #1526, .T. ) ;
#649 = EDGE_CURVE ( 'NONE', #1102, #384, #2016, .T. ) ;
#650 = VERTEX_POINT ( 'NONE', #1018 ) ;
#651 = CARTESIAN_POINT ( 'NONE',  ( 12.44999999999999929, -4.336808689942017736E-16, -0.5699999999999998401 ) ) ;
#652 = LINE ( 'NONE', #2005, #139 ) ;
#653 = ORIENTED_EDGE ( 'NONE', *, *, #1141, .F. ) ;
#654 = SHAPE_DEFINITION_REPRESENTATION ( #382, #1456 ) ;
#655 = FACE_BOUND ( 'NONE', #1897, .T. ) ;
#656 = ORIENTED_EDGE ( 'NONE', *, *, #2008, .F. ) ;
#657 = CARTESIAN_POINT ( 'NONE',  ( 16.41000000000000014, -4.336808689942017736E-16, -2.699999999999931788 ) ) ;
#658 =( REPRESENTATION_RELATIONSHIP ('NONE','NONE', #1309, #1456 ) REPRESENTATION_RELATIONSHIP_WITH_TRANSFORMATION ( #1675 )SHAPE_REPRESENTATION_RELATIONSHIP( ) );
#659 = VECTOR ( 'NONE', #972, 1000.000000000000000 ) ;
#660 = VERTEX_POINT ( 'NONE', #12 ) ;
#661 = VECTOR ( 'NONE', #1208, 1000.000000000000000 ) ;
#662 = ORIENTED_EDGE ( 'NONE', *, *, #1116, .T. ) ;
#663 = CARTESIAN_POINT ( 'NONE',  ( -1.950000000000000400, -4.336808689942017736E-16, -2.000000000000000000 ) ) ;
#664 = AXIS2_PLACEMENT_3D ( 'NONE', #1754, #1954, #1258 ) ;
#665 = ORIENTED_EDGE ( 'NONE', *, *, #1831, .T. ) ;
#666 = PRODUCT_DEFINITION_SHAPE ( 'NONE', 'NONE',  #2130 ) ;
#667 = CARTESIAN_POINT ( 'NONE',  ( 28.29000000000001336, -4.336808689942017736E-16, -0.5699999999999998401 ) ) ;
#668 = FACE_OUTER_BOUND ( 'NONE', #360, .T. ) ;
#669 = EDGE_CURVE ( 'NONE', #821, #27, #539, .T. ) ;
#670 = ORIENTED_EDGE ( 'NONE', *, *, #1057, .F. ) ;
#671 = CARTESIAN_POINT ( 'NONE',  ( 3.389999999999997016, -4.336808689942017736E-16, -0.5699999999999998401 ) ) ;
#672 =( NAMED_UNIT ( * ) PLANE_ANGLE_UNIT ( ) SI_UNIT ( $, .RADIAN. ) );
#673 = CARTESIAN_POINT ( 'NONE',  ( 0.5699999999999999512, -3.700000000000000178, 0.3556406460551010396 ) ) ;
#674 = CARTESIAN_POINT ( 'NONE',  ( 23.18999999999999417, -4.336808689942017736E-16, -0.5699999999999998401 ) ) ;
#675 = CARTESIAN_POINT ( 'NONE',  ( 16.41000000000000014, -4.336808689942017736E-16, -0.5699999999999998401 ) ) ;
#676 = FACE_BOUND ( 'NONE', #928, .T. ) ;
#677 = ORIENTED_EDGE ( 'NONE', *, *, #1083, .F. ) ;
#678 = EDGE_CURVE ( 'NONE', #816, #1118, #966, .T. ) ;
#679 = CLOSED_SHELL ( 'NONE', ( #329, #1144, #1695, #255, #1357, #877, #1437, #533, #1922, #1448, #785, #1759, #548, #1624 ) ) ;
#680 = CARTESIAN_POINT ( 'NONE',  ( 24.32999999999999829, -4.336808689942017736E-16, 0.5699999999999985079 ) ) ;
#681 = VERTEX_POINT ( 'NONE', #697 ) ;
#682 = CARTESIAN_POINT ( 'NONE',  ( -1.950000000000000400, 3.199999999999999734, -2.000000000000000000 ) ) ;
#683 = ORIENTED_EDGE ( 'NONE', *, *, #17, .F. ) ;
#684 = DIRECTION ( 'NONE',  ( 1.000000000000000000, 0.000000000000000000, 0.000000000000000000 ) ) ;
#685 = DIRECTION ( 'NONE',  ( -1.000000000000000000, 0.000000000000000000, 0.000000000000000000 ) ) ;
#686 = VECTOR ( 'NONE', #1656, 1000.000000000000000 ) ;
#687 = DIRECTION ( 'NONE',  ( -1.000000000000000000, -0.000000000000000000, -0.000000000000000000 ) ) ;
#688 = VERTEX_POINT ( 'NONE', #2124 ) ;
#689 = VECTOR ( 'NONE', #1570, 1000.000000000000000 ) ;
#690 = VECTOR ( 'NONE', #769, 1000.000000000000000 ) ;
#691 = CARTESIAN_POINT ( 'NONE',  ( 16.41000000000000014, 7.488675134594828364, -3.699999999999922018 ) ) ;
#692 = AXIS2_PLACEMENT_3D ( 'NONE', #2079, #20, #828 ) ;
#693 = ORIENTED_EDGE ( 'NONE', *, *, #1344, .T. ) ;
#694 = DIRECTION ( 'NONE',  ( -1.000000000000000000, -0.000000000000000000, -0.000000000000000000 ) ) ;
#695 = FACE_OUTER_BOUND ( 'NONE', #149, .T. ) ;
#696 = CARTESIAN_POINT ( 'NONE',  ( 28.29000000000001336, 3.199999999999999734, -0.5699999999999998401 ) ) ;
#697 = CARTESIAN_POINT ( 'NONE',  ( 4.529999999999999361, -4.336808689942017736E-16, -0.5699999999999998401 ) ) ;
#698 = LINE ( 'NONE', #1487, #1446 ) ;
#699 = EDGE_CURVE ( 'NONE', #275, #454, #1341, .T. ) ;
#700 = ORIENTED_EDGE ( 'NONE', *, *, #669, .T. ) ;
#701 = DIRECTION ( 'NONE',  ( 0.000000000000000000, 0.000000000000000000, 1.000000000000000000 ) ) ;
#702 = ORIENTED_EDGE ( 'NONE', *, *, #1415, .T. ) ;
#703 = DIRECTION ( 'NONE',  ( 0.000000000000000000, 0.000000000000000000, 1.000000000000000000 ) ) ;
#704 = FACE_OUTER_BOUND ( 'NONE', #1138, .T. ) ;
#705 = EDGE_CURVE ( 'NONE', #65, #208, #157, .T. ) ;
#706 = DIRECTION ( 'NONE',  ( -0.000000000000000000, -0.000000000000000000, -1.000000000000000000 ) ) ;
#707 = EDGE_LOOP ( 'NONE', ( #804, #543, #653, #709 ) ) ;
#708 = DIRECTION ( 'NONE',  ( 0.000000000000000000, 0.000000000000000000, 1.000000000000000000 ) ) ;
#709 = ORIENTED_EDGE ( 'NONE', *, *, #1866, .F. ) ;
#710 = EDGE_CURVE ( 'NONE', #563, #1967, #864, .T. ) ;
#711 = FACE_OUTER_BOUND ( 'NONE', #1642, .T. ) ;
#712 = DIRECTION ( 'NONE',  ( 0.000000000000000000, -9.061988307341512584E-16, 1.000000000000000000 ) ) ;
#713 = EDGE_CURVE ( 'NONE', #822, #48, #730, .T. ) ;
#714 = EDGE_LOOP ( 'NONE', ( #154, #634, #389, #970 ) ) ;
#715 = DIRECTION ( 'NONE',  ( -1.000000000000000000, 0.000000000000000000, 0.000000000000000000 ) ) ;
#716 = FACE_OUTER_BOUND ( 'NONE', #363, .T. ) ;
#717 = DIRECTION ( 'NONE',  ( 1.000000000000000000, 0.000000000000000000, 0.000000000000000000 ) ) ;
#718 = DIRECTION ( 'NONE',  ( 0.000000000000000000, 0.000000000000000000, -1.000000000000000000 ) ) ;
#719 =( LENGTH_UNIT ( ) NAMED_UNIT ( * ) SI_UNIT ( .MILLI., .METRE. ) );
#720 = ORIENTED_EDGE ( 'NONE', *, *, #883, .T. ) ;
#721 =( REPRESENTATION_RELATIONSHIP ('NONE','NONE', #1309, #1015 ) REPRESENTATION_RELATIONSHIP_WITH_TRANSFORMATION ( #1996 )SHAPE_REPRESENTATION_RELATIONSHIP( ) );
#722 = PLANE ( 'NONE',  #1366 ) ;
#723 = CARTESIAN_POINT ( 'NONE',  ( 0.5342144194320320727, -3.033553604857994745, 0.5342144194320320727 ) ) ;
#724 = VECTOR ( 'NONE', #1712, 1000.000000000000000 ) ;
#725 = VECTOR ( 'NONE', #309, 1000.000000000000000 ) ;
#726 = ADVANCED_FACE ( 'NONE', ( #1387 ), #81, .F. ) ;
#727 = CARTESIAN_POINT ( 'NONE',  ( 15.26999999999999780, -4.336808689942017736E-16, 0.5699999999999985079 ) ) ;
#728 =( GEOMETRIC_REPRESENTATION_CONTEXT ( 3 ) GLOBAL_UNCERTAINTY_ASSIGNED_CONTEXT ( ( #1351 ) ) GLOBAL_UNIT_ASSIGNED_CONTEXT ( ( #223, #934, #313 ) ) REPRESENTATION_CONTEXT ( 'NONE', 'WORKASPACE' ) );
#729 = ORIENTED_EDGE ( 'NONE', *, *, #1492, .T. ) ;
#730 = LINE ( 'NONE', #1242, #1123 ) ;
#731 = FACE_OUTER_BOUND ( 'NONE', #291, .T. ) ;
#732 = DIRECTION ( 'NONE',  ( 0.000000000000000000, 1.000000000000000000, -3.741739237146844007E-15 ) ) ;
#733 = ORIENTED_EDGE ( 'NONE', *, *, #495, .T. ) ;
#734 = FACE_OUTER_BOUND ( 'NONE', #422, .T. ) ;
#735 = LINE ( 'NONE', #723, #1989 ) ;
#736 = PLANE ( 'NONE',  #774 ) ;
#737 = VECTOR ( 'NONE', #1251, 1000.000000000000000 ) ;
#738 = EDGE_CURVE ( 'NONE', #1564, #315, #577, .T. ) ;
#739 = FACE_OUTER_BOUND ( 'NONE', #940, .T. ) ;
#740 = DIRECTION ( 'NONE',  ( -1.000000000000000000, -0.000000000000000000, -0.000000000000000000 ) ) ;
#741 = DIRECTION ( 'NONE',  ( 0.000000000000000000, 0.000000000000000000, 1.000000000000000000 ) ) ;
#742 = DIRECTION ( 'NONE',  ( 0.000000000000000000, 0.000000000000000000, 1.000000000000000000 ) ) ;
#743 = VECTOR ( 'NONE', #610, 1000.000000000000000 ) ;
#744 = PLANE ( 'NONE',  #625 ) ;
#745 = CARTESIAN_POINT ( 'NONE',  ( 0.5699999999999999512, 0.000000000000000000, 0.000000000000000000 ) ) ;
#746 = EDGE_CURVE ( 'NONE', #776, #635, #1724, .T. ) ;
#747 = DIRECTION ( 'NONE',  ( 0.000000000000000000, 0.000000000000000000, 1.000000000000000000 ) ) ;
#748 = LINE ( 'NONE', #67, #1688 ) ;
#749 = CARTESIAN_POINT ( 'NONE',  ( 27.15000000000000924, 3.199999999999999734, 0.5699999999999985079 ) ) ;
#750 = DIRECTION ( 'NONE',  ( -1.000000000000000000, -0.000000000000000000, -0.000000000000000000 ) ) ;
#751 = EDGE_CURVE ( 'NONE', #1269, #1499, #1086, .T. ) ;
#752 = ORIENTED_EDGE ( 'NONE', *, *, #504, .T. ) ;
#753 = CARTESIAN_POINT ( 'NONE',  ( 0.5699999999999985079, 3.199999999999999734, -0.5699999999999998401 ) ) ;
#754 = VERTEX_POINT ( 'NONE', #1397 ) ;
#755 = CARTESIAN_POINT ( 'NONE',  ( 28.29000000000001336, -4.336808689942017736E-16, 0.5699999999999985079 ) ) ;
#756 = VECTOR ( 'NONE', #1940, 1000.000000000000000 ) ;
#757 = EDGE_CURVE ( 'NONE', #2107, #644, #748, .T. ) ;
#758 = CARTESIAN_POINT ( 'NONE',  ( 12.44999999999999929, 3.199999999999999734, -0.5699999999999998401 ) ) ;
#759 = AXIS2_PLACEMENT_3D ( 'NONE', #1616, #137, #265 ) ;
#760 = LINE ( 'NONE', #1409, #724 ) ;
#761 = VECTOR ( 'NONE', #528, 1000.000000000000000 ) ;
#762 = CARTESIAN_POINT ( 'NONE',  ( 0.000000000000000000, 0.000000000000000000, 0.000000000000000000 ) ) ;
#763 = CARTESIAN_POINT ( 'NONE',  ( 23.18999999999999417, -4.336808689942017736E-16, -0.5699999999999998401 ) ) ;
#764 = ORIENTED_EDGE ( 'NONE', *, *, #1497, .T. ) ;
#765 =( REPRESENTATION_RELATIONSHIP ('NONE','NONE', #1309, #1015 ) REPRESENTATION_RELATIONSHIP_WITH_TRANSFORMATION ( #1011 )SHAPE_REPRESENTATION_RELATIONSHIP( ) );
#766 = EDGE_CURVE ( 'NONE', #660, #208, #235, .T. ) ;
#767 = ORIENTED_EDGE ( 'NONE', *, *, #751, .T. ) ;
#768 = DIRECTION ( 'NONE',  ( -0.000000000000000000, -0.000000000000000000, -1.000000000000000000 ) ) ;
#769 = DIRECTION ( 'NONE',  ( 0.000000000000000000, 1.000000000000000000, 0.000000000000000000 ) ) ;
#770 = CARTESIAN_POINT ( 'NONE',  ( 0.5699999999999999512, -2.899999999999999911, -0.5699999999999999512 ) ) ;
#771 = LINE ( 'NONE', #758, #1888 ) ;
#772 = LINE ( 'NONE', #1231, #959 ) ;
#773 = PRODUCT_RELATED_PRODUCT_CATEGORY ( 'part', '', ( #1523 ) ) ;
#774 = AXIS2_PLACEMENT_3D ( 'NONE', #770, #1875, #1094 ) ;
#775 = PLANE ( 'NONE',  #1855 ) ;
#776 = VERTEX_POINT ( 'NONE', #1758 ) ;
#777 = CARTESIAN_POINT ( 'NONE',  ( 29.67000000000000881, 3.199999999999999734, 4.799999999999999822 ) ) ;
#778 = EDGE_LOOP ( 'NONE', ( #83, #1900, #345, #951 ) ) ;
#779 = EDGE_CURVE ( 'NONE', #650, #2018, #1073, .T. ) ;
#780 = LINE ( 'NONE', #755, #1576 ) ;
#781 = CARTESIAN_POINT ( 'NONE',  ( 0.5699999999999985079, -4.336808689942017736E-16, -0.5699999999999998401 ) ) ;
#782 = DIRECTION ( 'NONE',  ( 1.000000000000000000, 0.000000000000000000, 0.000000000000000000 ) ) ;
#783 = DIRECTION ( 'NONE',  ( 1.000000000000000000, 0.000000000000000000, -0.000000000000000000 ) ) ;
#784 = UNCERTAINTY_MEASURE_WITH_UNIT (LENGTH_MEASURE( 1.000000000000000082E-05 ), #1914, 'distance_accuracy_value', 'NONE');
#785 = ADVANCED_FACE ( 'NONE', ( #1377 ), #1892, .F. ) ;
#786 = ORIENTED_EDGE ( 'NONE', *, *, #757, .T. ) ;
#787 = CARTESIAN_POINT ( 'NONE',  ( 8.489999999999998437, -4.336808689942017736E-16, 0.5699999999999985079 ) ) ;
#788 = LINE ( 'NONE', #433, #1933 ) ;
#789 = CARTESIAN_POINT ( 'NONE',  ( -0.5700000000000036149, -4.336808689942017736E-16, 0.5699999999999985079 ) ) ;
#790 = VECTOR ( 'NONE', #1350, 1000.000000000000000 ) ;
#791 = ORIENTED_EDGE ( 'NONE', *, *, #580, .T. ) ;
#792 = EDGE_CURVE ( 'NONE', #816, #1113, #1064, .T. ) ;
#793 = CARTESIAN_POINT ( 'NONE',  ( 15.26999999999999780, -4.336808689942017736E-16, 0.5699999999999985079 ) ) ;
#794 = VECTOR ( 'NONE', #304, 1000.000000000000000 ) ;
#795 = AXIS2_PLACEMENT_3D ( 'NONE', #1682, #1839, #1003 ) ;
#796 =( NAMED_UNIT ( * ) SI_UNIT ( $, .STERADIAN. ) SOLID_ANGLE_UNIT ( ) );
#797 = ORIENTED_EDGE ( 'NONE', *, *, #1180, .T. ) ;
#798 = ORIENTED_EDGE ( 'NONE', *, *, #1840, .T. ) ;
#799 = CARTESIAN_POINT ( 'NONE',  ( 15.26999999999999780, -4.336808689942017736E-16, -0.5699999999999998401 ) ) ;
#800 = LINE ( 'NONE', #1608, #690 ) ;
#801 = ORIENTED_EDGE ( 'NONE', *, *, #356, .T. ) ;
#802 = VECTOR ( 'NONE', #1038, 1000.000000000000000 ) ;
#803 = EDGE_CURVE ( 'NONE', #1411, #1006, #1865, .T. ) ;
#804 = ORIENTED_EDGE ( 'NONE', *, *, #504, .F. ) ;
#805 = CARTESIAN_POINT ( 'NONE',  ( 24.32999999999999829, -4.336808689942017736E-16, -0.5699999999999998401 ) ) ;
#806 = EDGE_CURVE ( 'NONE', #1260, #821, #110, .T. ) ;
#807 = ORIENTED_EDGE ( 'NONE', *, *, #1723, .T. ) ;
#808 = VECTOR ( 'NONE', #740, 1000.000000000000000 ) ;
#809 = ORIENTED_EDGE ( 'NONE', *, *, #172, .T. ) ;
#810 = DIRECTION ( 'NONE',  ( -0.000000000000000000, -0.000000000000000000, -1.000000000000000000 ) ) ;
#811 = DIRECTION ( 'NONE',  ( 0.000000000000000000, 0.000000000000000000, 1.000000000000000000 ) ) ;
#812 = APPLICATION_PROTOCOL_DEFINITION ( 'draft international standard', 'automotive_design', 1998, #937 ) ;
#813 = ORIENTED_EDGE ( 'NONE', *, *, #597, .T. ) ;
#814 = DIRECTION ( 'NONE',  ( 0.000000000000000000, 1.000000000000000000, 0.000000000000000000 ) ) ;
#815 = CARTESIAN_POINT ( 'NONE',  ( 19.22999999999999687, 3.199999999999999734, -0.5699999999999998401 ) ) ;
#816 = VERTEX_POINT ( 'NONE', #1602 ) ;
#817 = EDGE_LOOP ( 'NONE', ( #1158, #1636, #534, #1002 ) ) ;
#818 = LINE ( 'NONE', #1813, #1264 ) ;
#819 = EDGE_CURVE ( 'NONE', #1260, #569, #772, .T. ) ;
#820 = CARTESIAN_POINT ( 'NONE',  ( -0.5700000000000036149, -4.336808689942017736E-16, -0.5699999999999998401 ) ) ;
#821 = VERTEX_POINT ( 'NONE', #614 ) ;
#822 = VERTEX_POINT ( 'NONE', #591 ) ;
#823 = SURFACE_SIDE_STYLE ('',( #1137 ) ) ;
#824 = DIRECTION ( 'NONE',  ( 0.000000000000000000, 0.000000000000000000, 1.000000000000000000 ) ) ;
#825 = VECTOR ( 'NONE', #1379, 1000.000000000000000 ) ;
#826 = AXIS2_PLACEMENT_3D ( 'NONE', #2052, #1034, #1871 ) ;
#827 = CARTESIAN_POINT ( 'NONE',  ( 11.30999999999999694, -4.336808689942017736E-16, -0.5699999999999998401 ) ) ;
#828 = DIRECTION ( 'NONE',  ( 0.000000000000000000, 1.000000000000000000, 0.000000000000000000 ) ) ;
#829 = LINE ( 'NONE', #1701, #1361 ) ;
#830 = VECTOR ( 'NONE', #218, 1000.000000000000000 ) ;
#831 = VERTEX_POINT ( 'NONE', #1749 ) ;
#832 = EDGE_CURVE ( 'NONE', #1405, #206, #1906, .T. ) ;
#833 = VECTOR ( 'NONE', #319, 1000.000000000000000 ) ;
#834 = PRODUCT_DEFINITION_SHAPE ( 'NONE', 'NONE',  #2133 ) ;
#835 = CARTESIAN_POINT ( 'NONE',  ( 24.32999999999999829, 3.199999999999999734, -0.5699999999999998401 ) ) ;
#836 = APPLICATION_CONTEXT ( 'automotive_design' ) ;
#837 = VERTEX_POINT ( 'NONE', #916 ) ;
#838 = DIRECTION ( 'NONE',  ( -0.000000000000000000, 0.7071067811865479058, -0.7071067811865472397 ) ) ;
#839 = EDGE_LOOP ( 'NONE', ( #2007, #34, #1859, #1789 ) ) ;
#840 = EDGE_CURVE ( 'NONE', #1080, #871, #1040, .T. ) ;
#841 = CARTESIAN_POINT ( 'NONE',  ( 29.67000000000000881, 3.199999999999999734, -2.000000000000000000 ) ) ;
#842 = ORIENTED_EDGE ( 'NONE', *, *, #1987, .T. ) ;
#843 = FACE_OUTER_BOUND ( 'NONE', #1463, .T. ) ;
#844 = DIRECTION ( 'NONE',  ( -1.000000000000000000, 0.000000000000000000, 0.000000000000000000 ) ) ;
#845 = FILL_AREA_STYLE ('',( #18 ) ) ;
#846 = CARTESIAN_POINT ( 'NONE',  ( -0.5699999999999999512, 10.09999999999999964, 0.5699999999999999512 ) ) ;
#847 = CARTESIAN_POINT ( 'NONE',  ( 11.30999999999999694, -4.336808689942017736E-16, 0.5699999999999985079 ) ) ;
#848 = ORIENTED_EDGE ( 'NONE', *, *, #2023, .F. ) ;
#849 = CARTESIAN_POINT ( 'NONE',  ( 29.67000000000000881, -4.336808689942017736E-16, -2.000000000000000000 ) ) ;
#850 = EDGE_LOOP ( 'NONE', ( #1620, #2064, #801, #1430, #598, #243, #1947, #1157, #1843, #1101 ) ) ;
#851 = EDGE_CURVE ( 'NONE', #2018, #148, #760, .T. ) ;
#852 = FACE_OUTER_BOUND ( 'NONE', #860, .T. ) ;
#853 = CARTESIAN_POINT ( 'NONE',  ( 1.979999999999993987, 0.000000000000000000, -1.517883041479706208E-15 ) ) ;
#854 = ORIENTED_EDGE ( 'NONE', *, *, #649, .T. ) ;
#855 = ORIENTED_EDGE ( 'NONE', *, *, #832, .F. ) ;
#856 = VECTOR ( 'NONE', #14, 1000.000000000000000 ) ;
#857 = ADVANCED_FACE ( 'NONE', ( #224 ), #884, .F. ) ;
#858 = CARTESIAN_POINT ( 'NONE',  ( 0.000000000000000000, 3.199999999999999734, 0.000000000000000000 ) ) ;
#859 = VECTOR ( 'NONE', #1315, 1000.000000000000227 ) ;
#860 = EDGE_LOOP ( 'NONE', ( #160, #1617, #442, #1234 ) ) ;
#861 = PRODUCT_DEFINITION_FORMATION_WITH_SPECIFIED_SOURCE ( 'ANY', '', #1523, .NOT_KNOWN. ) ;
#862 = PLANE ( 'NONE',  #1736 ) ;
#863 = DIRECTION ( 'NONE',  ( -1.000000000000000000, 0.000000000000000000, -0.000000000000000000 ) ) ;
#864 = LINE ( 'NONE', #46, #2058 ) ;
#865 = ORIENTED_EDGE ( 'NONE', *, *, #806, .F. ) ;
#866 = DIRECTION ( 'NONE',  ( 0.000000000000000000, 0.000000000000000000, -1.000000000000000000 ) ) ;
#867 = EDGE_CURVE ( 'NONE', #454, #2098, #142, .T. ) ;
#868 = VERTEX_POINT ( 'NONE', #1274 ) ;
#869 =( REPRESENTATION_RELATIONSHIP ('NONE','NONE', #1309, #1015 ) REPRESENTATION_RELATIONSHIP_WITH_TRANSFORMATION ( #509 )SHAPE_REPRESENTATION_RELATIONSHIP( ) );
#870 = FACE_OUTER_BOUND ( 'NONE', #1647, .T. ) ;
#871 = VERTEX_POINT ( 'NONE', #1948 ) ;
#872 = DIRECTION ( 'NONE',  ( 1.000000000000000000, 0.000000000000000000, 0.000000000000000000 ) ) ;
#873 = CARTESIAN_POINT ( 'NONE',  ( 0.000000000000000000, 0.000000000000000000, 0.000000000000000000 ) ) ;
#874 = LINE ( 'NONE', #481, #790 ) ;
#875 =( NAMED_UNIT ( * ) SI_UNIT ( $, .STERADIAN. ) SOLID_ANGLE_UNIT ( ) );
#876 = ORIENTED_EDGE ( 'NONE', *, *, #746, .F. ) ;
#877 = ADVANCED_FACE ( 'NONE', ( #958 ), #6, .F. ) ;
#878 = DIRECTION ( 'NONE',  ( -0.000000000000000000, -0.000000000000000000, 1.000000000000000000 ) ) ;
#879 = LINE ( 'NONE', #1068, #452 ) ;
#880 = ORIENTED_EDGE ( 'NONE', *, *, #1250, .T. ) ;
#881 = DIRECTION ( 'NONE',  ( 0.000000000000000000, -1.000000000000000000, 0.000000000000000000 ) ) ;
#882 = PLANE ( 'NONE',  #527 ) ;
#883 = EDGE_CURVE ( 'NONE', #1499, #1135, #1621, .T. ) ;
#884 = PLANE ( 'NONE',  #271 ) ;
#885 = CARTESIAN_POINT ( 'NONE',  ( 0.000000000000000000, 0.000000000000000000, 0.000000000000000000 ) ) ;
#886 = LINE ( 'NONE', #441, #661 ) ;
#887 = VECTOR ( 'NONE', #907, 1000.000000000000000 ) ;
#888 = ORIENTED_EDGE ( 'NONE', *, *, #565, .F. ) ;
#889 = LINE ( 'NONE', #59, #482 ) ;
#890 = DIRECTION ( 'NONE',  ( -0.000000000000000000, -0.000000000000000000, 1.000000000000000000 ) ) ;
#891 =( GEOMETRIC_REPRESENTATION_CONTEXT ( 3 ) GLOBAL_UNCERTAINTY_ASSIGNED_CONTEXT ( ( #1635 ) ) GLOBAL_UNIT_ASSIGNED_CONTEXT ( ( #494, #1143, #986 ) ) REPRESENTATION_CONTEXT ( 'NONE', 'WORKASPACE' ) );
#892 = EDGE_CURVE ( 'NONE', #1118, #1821, #1107, .T. ) ;
#893 = AXIS2_PLACEMENT_3D ( 'NONE', #1861, #545, #1035 ) ;
#894 = ORIENTED_EDGE ( 'NONE', *, *, #851, .T. ) ;
#895 = CARTESIAN_POINT ( 'NONE',  ( -0.5700000000000036149, 3.199999999999999734, -0.5699999999999998401 ) ) ;
#896 = VECTOR ( 'NONE', #1378, 1000.000000000000000 ) ;
#897 = LINE ( 'NONE', #448, #1984 ) ;
#898 = CARTESIAN_POINT ( 'NONE',  ( 7.349999999999996980, -4.336808689942017736E-16, 0.5699999999999985079 ) ) ;
#899 = DIRECTION ( 'NONE',  ( 0.000000000000000000, 0.000000000000000000, 1.000000000000000000 ) ) ;
#900 = CARTESIAN_POINT ( 'NONE',  ( 0.5699999999999999512, 10.90000000000000036, 0.5699999999999999512 ) ) ;
#901 = DIRECTION ( 'NONE',  ( 0.000000000000000000, 0.000000000000000000, 1.000000000000000000 ) ) ;
#902 = CARTESIAN_POINT ( 'NONE',  ( 7.349999999999996980, -4.336808689942017736E-16, -0.5699999999999998401 ) ) ;
#903 = CARTESIAN_POINT ( 'NONE',  ( 16.41000000000000014, 0.000000000000000000, -2.000000000000000000 ) ) ;
#904 = CARTESIAN_POINT ( 'NONE',  ( 0.3556406460551010396, -3.700000000000000178, 0.3556406460551010396 ) ) ;
#905 = EDGE_LOOP ( 'NONE', ( #791, #396, #358, #58 ) ) ;
#906 = DIRECTION ( 'NONE',  ( 0.000000000000000000, 1.000000000000000000, 0.000000000000000000 ) ) ;
#907 = DIRECTION ( 'NONE',  ( -1.000000000000000000, -0.000000000000000000, -0.000000000000000000 ) ) ;
#908 = EDGE_CURVE ( 'NONE', #384, #1237, #1294, .T. ) ;
#909 = DIRECTION ( 'NONE',  ( 0.000000000000000000, -1.000000000000000000, 0.000000000000000000 ) ) ;
#910 = CARTESIAN_POINT ( 'NONE',  ( 3.389999999999997016, -4.336808689942017736E-16, 0.5699999999999985079 ) ) ;
#911 = CARTESIAN_POINT ( 'NONE',  ( 11.30999999999999694, -4.336808689942017736E-16, -0.5699999999999998401 ) ) ;
#912 = FACE_OUTER_BOUND ( 'NONE', #1186, .T. ) ;
#913 = ORIENTED_EDGE ( 'NONE', *, *, #1715, .F. ) ;
#914 = LINE ( 'NONE', #426, #491 ) ;
#915 = FACE_OUTER_BOUND ( 'NONE', #905, .T. ) ;
#916 = CARTESIAN_POINT ( 'NONE',  ( 20.36999999999999744, -4.336808689942017736E-16, -0.5699999999999998401 ) ) ;
#917 = EDGE_CURVE ( 'NONE', #1108, #401, #1125, .T. ) ;
#918 = DIRECTION ( 'NONE',  ( 0.000000000000000000, -0.9396926207859083169, 0.3420201433256687684 ) ) ;
#919 = CARTESIAN_POINT ( 'NONE',  ( 20.36999999999999744, 3.199999999999999734, -0.5699999999999998401 ) ) ;
#920 = LINE ( 'NONE', #953, #415 ) ;
#921 = ORIENTED_EDGE ( 'NONE', *, *, #214, .F. ) ;
#922 = VECTOR ( 'NONE', #2087, 1000.000000000000000 ) ;
#923 = CARTESIAN_POINT ( 'NONE',  ( 16.41000000000000014, 8.300000000000000711, -3.699999999999925127 ) ) ;
#924 = DIRECTION ( 'NONE',  ( 1.000000000000000000, 0.000000000000000000, 0.000000000000000000 ) ) ;
#925 = VECTOR ( 'NONE', #444, 1000.000000000000000 ) ;
#926 = DIRECTION ( 'NONE',  ( 0.000000000000000000, 0.000000000000000000, 1.000000000000000000 ) ) ;
#927 = DIRECTION ( 'NONE',  ( 0.000000000000000000, 0.000000000000000000, 1.000000000000000000 ) ) ;
#928 = EDGE_LOOP ( 'NONE', ( #1920, #1343, #1952, #1706 ) ) ;
#929 = ORIENTED_EDGE ( 'NONE', *, *, #1751, .T. ) ;
#930 = LINE ( 'NONE', #1607, #1061 ) ;
#931 = EDGE_CURVE ( 'NONE', #1135, #754, #1447, .T. ) ;
#932 = LINE ( 'NONE', #287, #234 ) ;
#933 = CARTESIAN_POINT ( 'NONE',  ( 4.529999999999999361, 3.199999999999999734, 0.5699999999999985079 ) ) ;
#934 =( NAMED_UNIT ( * ) PLANE_ANGLE_UNIT ( ) SI_UNIT ( $, .RADIAN. ) );
#935 = DIRECTION ( 'NONE',  ( 0.000000000000000000, 0.000000000000000000, -1.000000000000000000 ) ) ;
#936 = CARTESIAN_POINT ( 'NONE',  ( 16.41000000000000014, 3.199999999999999734, 0.5699999999999985079 ) ) ;
#937 = APPLICATION_CONTEXT ( 'automotive_design' ) ;
#938 = EDGE_CURVE ( 'NONE', #1512, #1081, #1965, .T. ) ;
#939 = DIRECTION ( 'NONE',  ( -0.000000000000000000, -1.000000000000000000, -5.225070710773516221E-17 ) ) ;
#940 = EDGE_LOOP ( 'NONE', ( #1644, #308, #1807, #1606 ) ) ;
#941 = ORIENTED_EDGE ( 'NONE', *, *, #1547, .F. ) ;
#942 = CARTESIAN_POINT ( 'NONE',  ( -1.950000000000000400, 3.199999999999999734, -2.000000000000000000 ) ) ;
#943 = ORIENTED_EDGE ( 'NONE', *, *, #121, .T. ) ;
#944 = EDGE_CURVE ( 'NONE', #1512, #385, #1956, .T. ) ;
#945 =( NAMED_UNIT ( * ) PLANE_ANGLE_UNIT ( ) SI_UNIT ( $, .RADIAN. ) );
#946 = VERTEX_POINT ( 'NONE', #805 ) ;
#947 = CARTESIAN_POINT ( 'NONE',  ( -0.5700000000000010614, 0.000000000000000000, -2.000000000000000000 ) ) ;
#948 = ADVANCED_FACE ( 'NONE', ( #1432 ), #280, .F. ) ;
#949 = FACE_OUTER_BOUND ( 'NONE', #1963, .T. ) ;
#950 = ORIENTED_EDGE ( 'NONE', *, *, #1915, .F. ) ;
#951 = ORIENTED_EDGE ( 'NONE', *, *, #602, .T. ) ;
#952 = LINE ( 'NONE', #641, #2105 ) ;
#953 = CARTESIAN_POINT ( 'NONE',  ( 7.349999999999996980, -4.336808689942017736E-16, 0.5699999999999985079 ) ) ;
#954 = ORIENTED_EDGE ( 'NONE', *, *, #931, .F. ) ;
#955 = EDGE_CURVE ( 'NONE', #2044, #2103, #292, .T. ) ;
#956 = AXIS2_PLACEMENT_3D ( 'NONE', #437, #562, #1203 ) ;
#957 = ORIENTED_EDGE ( 'NONE', *, *, #1667, .F. ) ;
#958 = FACE_OUTER_BOUND ( 'NONE', #106, .T. ) ;
#959 = VECTOR ( 'NONE', #1049, 1000.000000000000000 ) ;
#960 = AXIS2_PLACEMENT_3D ( 'NONE', #256, #1731, #701 ) ;
#961 = PLANE ( 'NONE',  #413 ) ;
#962 = VECTOR ( 'NONE', #991, 1000.000000000000000 ) ;
#963 = ORIENTED_EDGE ( 'NONE', *, *, #24, .F. ) ;
#964 = CARTESIAN_POINT ( 'NONE',  ( 8.489999999999998437, -4.336808689942017736E-16, -0.5699999999999998401 ) ) ;
#965 =( GEOMETRIC_REPRESENTATION_CONTEXT ( 3 ) GLOBAL_UNCERTAINTY_ASSIGNED_CONTEXT ( ( #152 ) ) GLOBAL_UNIT_ASSIGNED_CONTEXT ( ( #163, #672, #177 ) ) REPRESENTATION_CONTEXT ( 'NONE', 'WORKASPACE' ) );
#966 = LINE ( 'NONE', #1638, #1893 ) ;
#967 = ORIENTED_EDGE ( 'NONE', *, *, #24, .T. ) ;
#968 = FILL_AREA_STYLE ('',( #1643 ) ) ;
#969 = EDGE_CURVE ( 'NONE', #1306, #822, #1634, .T. ) ;
#970 = ORIENTED_EDGE ( 'NONE', *, *, #1972, .T. ) ;
#971 = PLANE ( 'NONE',  #1898 ) ;
#972 = DIRECTION ( 'NONE',  ( -1.000000000000000000, 0.000000000000000000, 0.000000000000000000 ) ) ;
#973 = ORIENTED_EDGE ( 'NONE', *, *, #713, .T. ) ;
#974 = PRODUCT_DEFINITION_SHAPE ( 'NONE', 'NONE',  #2128 ) ;
#975 = CARTESIAN_POINT ( 'NONE',  ( 28.29000000000000981, 0.4999999999999995559, -3.199999999999931344 ) ) ;
#976 = DIRECTION ( 'NONE',  ( 0.000000000000000000, 0.000000000000000000, 1.000000000000000000 ) ) ;
#977 = CARTESIAN_POINT ( 'NONE',  ( 28.29000000000000981, 7.200000000000011724, -3.199999999999925127 ) ) ;
#978 = EDGE_CURVE ( 'NONE', #1830, #1592, #2108, .T. ) ;
#979 = ORIENTED_EDGE ( 'NONE', *, *, #738, .T. ) ;
#980 = VERTEX_POINT ( 'NONE', #162 ) ;
#981 = DIRECTION ( 'NONE',  ( 0.000000000000000000, 0.000000000000000000, -1.000000000000000000 ) ) ;
#982 = CARTESIAN_POINT ( 'NONE',  ( 0.5699999999999999512, 10.90000000000000036, 0.3556406460551005400 ) ) ;
#983 = ORIENTED_EDGE ( 'NONE', *, *, #1036, .F. ) ;
#984 = PLANE ( 'NONE',  #1727 ) ;
#985 = ORIENTED_EDGE ( 'NONE', *, *, #459, .F. ) ;
#986 =( NAMED_UNIT ( * ) SI_UNIT ( $, .STERADIAN. ) SOLID_ANGLE_UNIT ( ) );
#987 = DIRECTION ( 'NONE',  ( 0.000000000000000000, 0.000000000000000000, 1.000000000000000000 ) ) ;
#988 = VECTOR ( 'NONE', #782, 1000.000000000000000 ) ;
#989 = ORIENTED_EDGE ( 'NONE', *, *, #1567, .F. ) ;
#990 = VECTOR ( 'NONE', #1931, 1000.000000000000000 ) ;
#991 = DIRECTION ( 'NONE',  ( 0.000000000000000000, 1.000000000000000000, 0.000000000000000000 ) ) ;
#992 = VECTOR ( 'NONE', #2090, 1000.000000000000000 ) ;
#993 = VERTEX_POINT ( 'NONE', #484 ) ;
#994 = ADVANCED_FACE ( 'NONE', ( #636 ), #302, .F. ) ;
#995 = CARTESIAN_POINT ( 'NONE',  ( -0.5700000000000036149, -4.336808689942017736E-16, -0.5699999999999998401 ) ) ;
#996 = VECTOR ( 'NONE', #290, 1000.000000000000000 ) ;
#997 = VERTEX_POINT ( 'NONE', #646 ) ;
#998 = DIRECTION ( 'NONE',  ( 0.000000000000000000, 1.000000000000000000, 0.000000000000000000 ) ) ;
#999 = CARTESIAN_POINT ( 'NONE',  ( 0.5699999999999999512, 10.90000000000000036, 0.5699999999999999512 ) ) ;
#1000 = EDGE_LOOP ( 'NONE', ( #1490, #472, #499, #1484, #512, #1752, #683, #1021, #57, #1119 ) ) ;
#1001 = LINE ( 'NONE', #847, #511 ) ;
#1002 = ORIENTED_EDGE ( 'NONE', *, *, #931, .T. ) ;
#1003 = DIRECTION ( 'NONE',  ( -1.000000000000000000, 0.000000000000000000, -0.000000000000000000 ) ) ;
#1004 = MANIFOLD_SOLID_BREP ( 'Boss-Extrude4', #1873 ) ;
#1005 = ADVANCED_FACE ( 'NONE', ( #1494 ), #1285, .F. ) ;
#1006 = VERTEX_POINT ( 'NONE', #82 ) ;
#1007 = DIRECTION ( 'NONE',  ( -1.000000000000000000, 0.000000000000000000, 0.000000000000000000 ) ) ;
#1008 = EDGE_CURVE ( 'NONE', #1674, #1076, #226, .T. ) ;
#1009 = ORIENTED_EDGE ( 'NONE', *, *, #955, .F. ) ;
#1010 = EDGE_CURVE ( 'NONE', #681, #1614, #1233, .T. ) ;
#1011 = ITEM_DEFINED_TRANSFORMATION ( 'NONE', 'NONE', #1802,  #1521 ) ;
#1012 = DIRECTION ( 'NONE',  ( 0.000000000000000000, -0.000000000000000000, -1.000000000000000000 ) ) ;
#1013 = ORIENTED_EDGE ( 'NONE', *, *, #495, .F. ) ;
#1014 = EDGE_CURVE ( 'NONE', #822, #1577, #1604, .T. ) ;
#1015 = SHAPE_REPRESENTATION ( 'pin', ( #1521 ), #1191 ) ;
#1016 = CARTESIAN_POINT ( 'NONE',  ( 19.22999999999999687, -4.336808689942017736E-16, -0.5699999999999998401 ) ) ;
#1017 = ORIENTED_EDGE ( 'NONE', *, *, #602, .F. ) ;
#1018 = CARTESIAN_POINT ( 'NONE',  ( 16.41000000000000014, -4.336808689942017736E-16, 0.5699999999999985079 ) ) ;
#1019 = VECTOR ( 'NONE', #1552, 1000.000000000000000 ) ;
#1020 = CARTESIAN_POINT ( 'NONE',  ( 16.41000000000000014, 9.400000000000000355, -2.400367257692822331 ) ) ;
#1021 = ORIENTED_EDGE ( 'NONE', *, *, #246, .F. ) ;
#1022 = VECTOR ( 'NONE', #909, 1000.000000000000000 ) ;
#1023 = VECTOR ( 'NONE', #890, 1000.000000000000000 ) ;
#1024 = DIRECTION ( 'NONE',  ( 0.000000000000000000, 1.000000000000000000, 0.000000000000000000 ) ) ;
#1025 = ORIENTED_EDGE ( 'NONE', *, *, #1751, .F. ) ;
#1026 = LINE ( 'NONE', #190, #1703 ) ;
#1027 = PRODUCT ( 'BxP-VH_8', 'BxP-VH_8', '', ( #643 ) ) ;
#1028 = DIRECTION ( 'NONE',  ( -1.000000000000000000, 0.000000000000000000, -0.000000000000000000 ) ) ;
#1029 = CARTESIAN_POINT ( 'NONE',  ( 0.5699999999999999512, -2.899999999999999911, 0.5699999999999999512 ) ) ;
#1030 = ADVANCED_FACE ( 'NONE', ( #1410 ), #775, .F. ) ;
#1031 =( NAMED_UNIT ( * ) PLANE_ANGLE_UNIT ( ) SI_UNIT ( $, .RADIAN. ) );
#1032 = VERTEX_POINT ( 'NONE', #1243 ) ;
#1033 = ORIENTED_EDGE ( 'NONE', *, *, #1462, .T. ) ;
#1034 = DIRECTION ( 'NONE',  ( 0.000000000000000000, -1.000000000000000000, 0.000000000000000000 ) ) ;
#1035 = DIRECTION ( 'NONE',  ( 0.000000000000000000, 0.000000000000000000, -1.000000000000000000 ) ) ;
#1036 = EDGE_CURVE ( 'NONE', #410, #660, #2038, .T. ) ;
#1037 = ORIENTED_EDGE ( 'NONE', *, *, #1388, .T. ) ;
#1038 = DIRECTION ( 'NONE',  ( 0.000000000000000000, 1.000000000000000000, 9.061988307341512584E-16 ) ) ;
#1039 = EDGE_LOOP ( 'NONE', ( #1625, #219, #1639, #855 ) ) ;
#1040 = LINE ( 'NONE', #1589, #2097 ) ;
#1041 = CARTESIAN_POINT ( 'NONE',  ( 20.36999999999999744, -4.336808689942017736E-16, 0.5699999999999985079 ) ) ;
#1042 = EDGE_CURVE ( 'NONE', #1321, #77, #886, .T. ) ;
#1043 = ORIENTED_EDGE ( 'NONE', *, *, #185, .F. ) ;
#1044 = CARTESIAN_POINT ( 'NONE',  ( 7.349999999999996980, -4.336808689942017736E-16, -0.5699999999999998401 ) ) ;
#1045 = CARTESIAN_POINT ( 'NONE',  ( 15.26999999999999780, -4.336808689942017736E-16, -0.5699999999999998401 ) ) ;
#1046 = EDGE_LOOP ( 'NONE', ( #1628, #144, #215, #967 ) ) ;
#1047 = ORIENTED_EDGE ( 'NONE', *, *, #185, .T. ) ;
#1048 = DIRECTION ( 'NONE',  ( 1.000000000000000000, 0.000000000000000000, 0.000000000000000000 ) ) ;
#1049 = DIRECTION ( 'NONE',  ( 0.000000000000000000, 0.000000000000000000, -1.000000000000000000 ) ) ;
#1050 = PLANE ( 'NONE',  #1662 ) ;
#1051 = CARTESIAN_POINT ( 'NONE',  ( 23.18999999999999417, -4.336808689942017736E-16, 0.5699999999999985079 ) ) ;
#1052 = AXIS2_PLACEMENT_3D ( 'NONE', #663, #718, #1132 ) ;
#1053 = FACE_BOUND ( 'NONE', #1046, .T. ) ;
#1054 = CARTESIAN_POINT ( 'NONE',  ( 8.489999999999998437, 3.199999999999999734, -0.5699999999999998401 ) ) ;
#1055 = AXIS2_PLACEMENT_3D ( 'NONE', #1581, #429, #439 ) ;
#1056 = ORIENTED_EDGE ( 'NONE', *, *, #1941, .F. ) ;
#1057 = EDGE_CURVE ( 'NONE', #1376, #275, #251, .T. ) ;
#1058 = VECTOR ( 'NONE', #181, 1000.000000000000000 ) ;
#1059 = ORIENTED_EDGE ( 'NONE', *, *, #2127, .F. ) ;
#1060 = LINE ( 'NONE', #1213, #212 ) ;
#1061 = VECTOR ( 'NONE', #1111, 1000.000000000000000 ) ;
#1062 = CARTESIAN_POINT ( 'NONE',  ( -0.3556406460551005400, 10.90000000000000036, 0.5699999999999999512 ) ) ;
#1063 = DIRECTION ( 'NONE',  ( -1.000000000000000000, 0.000000000000000000, 0.000000000000000000 ) ) ;
#1064 = LINE ( 'NONE', #1421, #922 ) ;
#1065 = LINE ( 'NONE', #1740, #1827 ) ;
#1066 = FACE_OUTER_BOUND ( 'NONE', #1719, .T. ) ;
#1067 = LINE ( 'NONE', #432, #1443 ) ;
#1068 = CARTESIAN_POINT ( 'NONE',  ( 0.5342144194320320727, 10.23355360485800070, -0.5342144194320320727 ) ) ;
#1069 = ORIENTED_EDGE ( 'NONE', *, *, #284, .F. ) ;
#1070 = DIRECTION ( 'NONE',  ( -1.000000000000000000, 0.000000000000000000, 0.000000000000000000 ) ) ;
#1071 = EDGE_CURVE ( 'NONE', #221, #2098, #111, .T. ) ;
#1072 = CARTESIAN_POINT ( 'NONE',  ( 0.5699999999999999512, -3.700000000000000178, -0.3556406460551010396 ) ) ;
#1073 = LINE ( 'NONE', #270, #1629 ) ;
#1074 = AXIS2_PLACEMENT_3D ( 'NONE', #573, #87, #245 ) ;
#1075 = DIRECTION ( 'NONE',  ( 0.000000000000000000, 0.000000000000000000, 1.000000000000000000 ) ) ;
#1076 = VERTEX_POINT ( 'NONE', #1051 ) ;
#1077 = CARTESIAN_POINT ( 'NONE',  ( -0.5700000000000036149, 3.199999999999999734, -0.5699999999999998401 ) ) ;
#1078 = EDGE_CURVE ( 'NONE', #399, #1227, #1880, .T. ) ;
#1079 = LINE ( 'NONE', #1236, #1596 ) ;
#1080 = VERTEX_POINT ( 'NONE', #579 ) ;
#1081 = VERTEX_POINT ( 'NONE', #1895 ) ;
#1082 = DIRECTION ( 'NONE',  ( -1.000000000000000000, -0.000000000000000000, -0.000000000000000000 ) ) ;
#1083 = EDGE_CURVE ( 'NONE', #493, #980, #1557, .T. ) ;
#1084 = CARTESIAN_POINT ( 'NONE',  ( 27.15000000000000924, -4.336808689942017736E-16, -0.5699999999999998401 ) ) ;
#1085 = CARTESIAN_POINT ( 'NONE',  ( 28.29000000000000981, 9.400000000000000355, -2.400367257692822331 ) ) ;
#1086 = LINE ( 'NONE', #1878, #1960 ) ;
#1087 = DIRECTION ( 'NONE',  ( 0.000000000000000000, 1.000000000000000000, 0.000000000000000000 ) ) ;
#1088 = ORIENTED_EDGE ( 'NONE', *, *, #322, .T. ) ;
#1089 = LINE ( 'NONE', #103, #68 ) ;
#1090 = DIRECTION ( 'NONE',  ( -1.000000000000000000, -0.000000000000000000, -0.000000000000000000 ) ) ;
#1091 = VECTOR ( 'NONE', #2056, 1000.000000000000000 ) ;
#1092 = EDGE_LOOP ( 'NONE', ( #729, #2030, #1225, #1056 ) ) ;
#1093 = VECTOR ( 'NONE', #939, 1000.000000000000000 ) ;
#1094 = DIRECTION ( 'NONE',  ( 1.000000000000000000, 0.000000000000000000, 0.000000000000000000 ) ) ;
#1095 = DIRECTION ( 'NONE',  ( 1.000000000000000000, 0.000000000000000000, 0.000000000000000000 ) ) ;
#1096 = VECTOR ( 'NONE', #398, 1000.000000000000000 ) ;
#1097 = PLANE ( 'NONE',  #132 ) ;
#1098 = AXIS2_PLACEMENT_3D ( 'NONE', #354, #179, #1498 ) ;
#1099 = DIRECTION ( 'NONE',  ( 0.000000000000000000, 0.000000000000000000, 1.000000000000000000 ) ) ;
#1100 = EDGE_CURVE ( 'NONE', #221, #563, #1726, .T. ) ;
#1101 = ORIENTED_EDGE ( 'NONE', *, *, #202, .T. ) ;
#1102 = VERTEX_POINT ( 'NONE', #2050 ) ;
#1103 = FACE_OUTER_BOUND ( 'NONE', #850, .T. ) ;
#1104 = ORIENTED_EDGE ( 'NONE', *, *, #1415, .F. ) ;
#1105 = EDGE_CURVE ( 'NONE', #399, #831, #263, .T. ) ;
#1106 = ORIENTED_EDGE ( 'NONE', *, *, #2102, .T. ) ;
#1107 = LINE ( 'NONE', #947, #1093 ) ;
#1108 = VERTEX_POINT ( 'NONE', #557 ) ;
#1109 = ADVANCED_FACE ( 'NONE', ( #1066 ), #744, .F. ) ;
#1110 = ORIENTED_EDGE ( 'NONE', *, *, #1100, .F. ) ;
#1111 = DIRECTION ( 'NONE',  ( 1.000000000000000000, 0.000000000000000000, 0.000000000000000000 ) ) ;
#1112 = DIRECTION ( 'NONE',  ( 0.000000000000000000, 0.000000000000000000, -1.000000000000000000 ) ) ;
#1113 = VERTEX_POINT ( 'NONE', #2061 ) ;
#1114 = ORIENTED_EDGE ( 'NONE', *, *, #1732, .F. ) ;
#1115 = CARTESIAN_POINT ( 'NONE',  ( 0.5699999999999985079, -4.336808689942017736E-16, -0.5699999999999998401 ) ) ;
#1116 = EDGE_CURVE ( 'NONE', #1238, #460, #1590, .T. ) ;
#1117 = CARTESIAN_POINT ( 'NONE',  ( 16.41000000000000014, 3.199999999999999734, -0.5699999999999998401 ) ) ;
#1118 = VERTEX_POINT ( 'NONE', #1750 ) ;
#1119 = ORIENTED_EDGE ( 'NONE', *, *, #1250, .F. ) ;
#1120 = LINE ( 'NONE', #942, #925 ) ;
#1121 = EDGE_LOOP ( 'NONE', ( #584, #74, #983, #2054 ) ) ;
#1122 = EDGE_CURVE ( 'NONE', #175, #816, #1868, .T. ) ;
#1123 = VECTOR ( 'NONE', #1916, 1000.000000000000000 ) ;
#1124 = ORIENTED_EDGE ( 'NONE', *, *, #90, .T. ) ;
#1125 = LINE ( 'NONE', #120, #988 ) ;
#1126 = AXIS2_PLACEMENT_3D ( 'NONE', #192, #1145, #19 ) ;
#1127 = AXIS2_PLACEMENT_3D ( 'NONE', #387, #1190, #582 ) ;
#1128 = EDGE_LOOP ( 'NONE', ( #1439, #1298, #656, #1886 ) ) ;
#1129 = VECTOR ( 'NONE', #113, 1000.000000000000000 ) ;
#1130 = VERTEX_POINT ( 'NONE', #100 ) ;
#1131 = FACE_OUTER_BOUND ( 'NONE', #489, .T. ) ;
#1132 = DIRECTION ( 'NONE',  ( -1.000000000000000000, 0.000000000000000000, -0.000000000000000000 ) ) ;
#1133 = ORIENTED_EDGE ( 'NONE', *, *, #1510, .F. ) ;
#1134 = LINE ( 'NONE', #1511, #1058 ) ;
#1135 = VERTEX_POINT ( 'NONE', #1041 ) ;
#1136 = ADVANCED_FACE ( 'NONE', ( #1714 ), #647, .F. ) ;
#1137 = SURFACE_STYLE_FILL_AREA ( #968 ) ;
#1138 = EDGE_LOOP ( 'NONE', ( #1088, #913, #187, #8 ) ) ;
#1139 = CARTESIAN_POINT ( 'NONE',  ( 8.489999999999998437, 3.199999999999999734, 0.5699999999999985079 ) ) ;
#1140 = VECTOR ( 'NONE', #906, 1000.000000000000000 ) ;
#1141 = EDGE_CURVE ( 'NONE', #2120, #868, #151, .T. ) ;
#1142 = DIRECTION ( 'NONE',  ( 0.000000000000000000, -0.5000000000000069944, 0.8660254037844344888 ) ) ;
#1143 =( NAMED_UNIT ( * ) PLANE_ANGLE_UNIT ( ) SI_UNIT ( $, .RADIAN. ) );
#1144 = ADVANCED_FACE ( 'NONE', ( #949 ), #295, .F. ) ;
#1145 = DIRECTION ( 'NONE',  ( -1.000000000000000000, 0.000000000000000000, 0.000000000000000000 ) ) ;
#1146 = CARTESIAN_POINT ( 'NONE',  ( 8.489999999999998437, 3.199999999999999734, -0.5699999999999998401 ) ) ;
#1147 =( REPRESENTATION_RELATIONSHIP ('NONE','NONE', #1309, #1015 ) REPRESENTATION_RELATIONSHIP_WITH_TRANSFORMATION ( #1838 )SHAPE_REPRESENTATION_RELATIONSHIP( ) );
#1148 = ORIENTED_EDGE ( 'NONE', *, *, #944, .F. ) ;
#1149 = FACE_BOUND ( 'NONE', #240, .T. ) ;
#1150 = ORIENTED_EDGE ( 'NONE', *, *, #1324, .T. ) ;
#1151 = AXIS2_PLACEMENT_3D ( 'NONE', #1579, #1396, #2046 ) ;
#1152 = CARTESIAN_POINT ( 'NONE',  ( 15.26999999999999780, 3.199999999999999734, -0.5699999999999998401 ) ) ;
#1153 = COLOUR_RGB ( '',1.000000000000000000, 1.000000000000000000, 1.000000000000000000 ) ;
#1154 = AXIS2_PLACEMENT_3D ( 'NONE', #608, #595, #2100 ) ;
#1155 = CARTESIAN_POINT ( 'NONE',  ( -0.3690984950570179723, 10.84977462376425983, 0.3690984950570179723 ) ) ;
#1156 = ADVANCED_FACE ( 'NONE', ( #164 ), #961, .F. ) ;
#1157 = ORIENTED_EDGE ( 'NONE', *, *, #1122, .T. ) ;
#1158 = ORIENTED_EDGE ( 'NONE', *, *, #1866, .T. ) ;
#1159 = ORIENTED_EDGE ( 'NONE', *, *, #1497, .F. ) ;
#1160 = DIRECTION ( 'NONE',  ( 0.000000000000000000, 0.000000000000000000, -1.000000000000000000 ) ) ;
#1161 = LINE ( 'NONE', #1673, #859 ) ;
#1162 = VERTEX_POINT ( 'NONE', #977 ) ;
#1163 = ADVANCED_FACE ( 'NONE', ( #1949 ), #1651, .F. ) ;
#1164 = CONTEXT_DEPENDENT_SHAPE_REPRESENTATION ( #1304, #1466 ) ;
#1165 = VECTOR ( 'NONE', #2055, 1000.000000000000227 ) ;
#1166 = FACE_BOUND ( 'NONE', #2114, .T. ) ;
#1167 = VECTOR ( 'NONE', #1541, 1000.000000000000000 ) ;
#1168 = FACE_OUTER_BOUND ( 'NONE', #606, .T. ) ;
#1169 = ORIENTED_EDGE ( 'NONE', *, *, #892, .T. ) ;
#1170 = DIRECTION ( 'NONE',  ( 1.000000000000000000, 0.000000000000000000, 0.000000000000000000 ) ) ;
#1171 = LINE ( 'NONE', #1320, #508 ) ;
#1172 = CARTESIAN_POINT ( 'NONE',  ( 4.529999999999999361, -4.336808689942017736E-16, -0.5699999999999998401 ) ) ;
#1173 = ORIENTED_EDGE ( 'NONE', *, *, #1057, .T. ) ;
#1174 = PRODUCT_DEFINITION_SHAPE ( 'NONE', 'NONE',  #2135 ) ;
#1175 = CARTESIAN_POINT ( 'NONE',  ( 20.36999999999999744, 3.199999999999999734, -0.5699999999999998401 ) ) ;
#1176 = ORIENTED_EDGE ( 'NONE', *, *, #938, .F. ) ;
#1177 = CONTEXT_DEPENDENT_SHAPE_REPRESENTATION ( #464, #1300 ) ;
#1178 = CARTESIAN_POINT ( 'NONE',  ( 28.29000000000000981, 7.488675134594828364, -3.699999999999922018 ) ) ;
#1179 = VERTEX_POINT ( 'NONE', #1449 ) ;
#1180 = EDGE_CURVE ( 'NONE', #1830, #410, #628, .T. ) ;
#1181 = CARTESIAN_POINT ( 'NONE',  ( 28.29000000000000981, 0.4999999999999995559, -3.199999999999931344 ) ) ;
#1182 = EDGE_LOOP ( 'NONE', ( #1778, #1632, #1173, #1911 ) ) ;
#1183 = DIRECTION ( 'NONE',  ( 1.000000000000000000, 0.000000000000000000, 0.000000000000000000 ) ) ;
#1184 = DIRECTION ( 'NONE',  ( 0.000000000000000000, 1.000000000000000000, 0.000000000000000000 ) ) ;
#1185 = DIRECTION ( 'NONE',  ( 0.000000000000000000, 1.000000000000000000, 0.000000000000000000 ) ) ;
#1186 = EDGE_LOOP ( 'NONE', ( #1201, #10, #2012, #1452 ) ) ;
#1187 = PRESENTATION_LAYER_ASSIGNMENT (  '', '', ( #374 ) ) ;
#1188 = FACE_BOUND ( 'NONE', #2051, .T. ) ;
#1189 = VECTOR ( 'NONE', #2019, 1000.000000000000000 ) ;
#1190 = DIRECTION ( 'NONE',  ( 0.000000000000000000, -1.000000000000000000, 0.000000000000000000 ) ) ;
#1191 =( GEOMETRIC_REPRESENTATION_CONTEXT ( 3 ) GLOBAL_UNCERTAINTY_ASSIGNED_CONTEXT ( ( #1328 ) ) GLOBAL_UNIT_ASSIGNED_CONTEXT ( ( #1603, #1422, #1979 ) ) REPRESENTATION_CONTEXT ( 'NONE', 'WORKASPACE' ) );
#1192 = EDGE_CURVE ( 'NONE', #86, #148, #637, .T. ) ;
#1193 = CARTESIAN_POINT ( 'NONE',  ( 28.29000000000001336, -4.336808689942017736E-16, 0.5699999999999985079 ) ) ;
#1194 = PLANE ( 'NONE',  #568 ) ;
#1195 = DIRECTION ( 'NONE',  ( 0.000000000000000000, -1.000000000000000000, 3.741739237146844007E-15 ) ) ;
#1196 = FACE_OUTER_BOUND ( 'NONE', #1121, .T. ) ;
#1197 = CARTESIAN_POINT ( 'NONE',  ( 28.29000000000000981, 8.300000000000000711, -3.699999999999925127 ) ) ;
#1198 = CARTESIAN_POINT ( 'NONE',  ( 0.5699999999999999512, 10.90000000000000036, 0.5699999999999999512 ) ) ;
#1199 = CARTESIAN_POINT ( 'NONE',  ( 28.29000000000000981, 9.400000000000000355, -3.299632742307101463 ) ) ;
#1200 = ADVANCED_FACE ( 'NONE', ( #496 ), #1312, .T. ) ;
#1201 = ORIENTED_EDGE ( 'NONE', *, *, #1141, .T. ) ;
#1202 = LINE ( 'NONE', #1239, #743 ) ;
#1203 = DIRECTION ( 'NONE',  ( 1.000000000000000000, 0.000000000000000000, -0.000000000000000000 ) ) ;
#1204 = ORIENTED_EDGE ( 'NONE', *, *, #1946, .F. ) ;
#1205 = DIRECTION ( 'NONE',  ( 1.000000000000000000, 0.000000000000000000, 0.000000000000000000 ) ) ;
#1206 = DIRECTION ( 'NONE',  ( -0.000000000000000000, -0.000000000000000000, -1.000000000000000000 ) ) ;
#1207 = CARTESIAN_POINT ( 'NONE',  ( 19.22999999999999687, -4.336808689942017736E-16, 0.5699999999999985079 ) ) ;
#1208 = DIRECTION ( 'NONE',  ( 0.000000000000000000, 0.000000000000000000, -1.000000000000000000 ) ) ;
#1209 = EDGE_LOOP ( 'NONE', ( #1354, #102, #1584, #665 ) ) ;
#1210 = FACE_BOUND ( 'NONE', #1325, .T. ) ;
#1211 = DIRECTION ( 'NONE',  ( 0.000000000000000000, 0.000000000000000000, -1.000000000000000000 ) ) ;
#1212 = VERTEX_POINT ( 'NONE', #1992 ) ;
#1213 = CARTESIAN_POINT ( 'NONE',  ( 23.18999999999999417, -4.336808689942017736E-16, 0.5699999999999985079 ) ) ;
#1214 = PLANE ( 'NONE',  #585 ) ;
#1215 = LINE ( 'NONE', #1890, #604 ) ;
#1216 = CARTESIAN_POINT ( 'NONE',  ( 23.18999999999999417, 3.199999999999999734, -0.5699999999999998401 ) ) ;
#1217 = DIRECTION ( 'NONE',  ( -1.000000000000000000, 0.000000000000000000, -0.000000000000000000 ) ) ;
#1218 = DIRECTION ( 'NONE',  ( 0.000000000000000000, 1.000000000000000000, 0.000000000000000000 ) ) ;
#1219 = VECTOR ( 'NONE', #1305, 1000.000000000000000 ) ;
#1220 = ADVANCED_FACE ( 'NONE', ( #1700 ), #1845, .F. ) ;
#1221 = EDGE_LOOP ( 'NONE', ( #631, #180, #1013, #391 ) ) ;
#1222 = FACE_OUTER_BOUND ( 'NONE', #558, .T. ) ;
#1223 = CARTESIAN_POINT ( 'NONE',  ( 11.30999999999999694, -4.336808689942017736E-16, -0.5699999999999998401 ) ) ;
#1224 = VECTOR ( 'NONE', #471, 1000.000000000000000 ) ;
#1225 = ORIENTED_EDGE ( 'NONE', *, *, #2000, .T. ) ;
#1226 = VECTOR ( 'NONE', #1909, 1000.000000000000000 ) ;
#1227 = VERTEX_POINT ( 'NONE', #200 ) ;
#1228 = FACE_OUTER_BOUND ( 'NONE', #1833, .T. ) ;
#1229 = VECTOR ( 'NONE', #1665, 1000.000000000000000 ) ;
#1230 = DIRECTION ( 'NONE',  ( 0.000000000000000000, -0.2588190451025185190, -0.9659258262890689783 ) ) ;
#1231 = CARTESIAN_POINT ( 'NONE',  ( -0.5699999999999999512, 10.09999999999999964, 0.000000000000000000 ) ) ;
#1232 = EDGE_CURVE ( 'NONE', #2021, #946, #1515, .T. ) ;
#1233 = LINE ( 'NONE', #1761, #1929 ) ;
#1234 = ORIENTED_EDGE ( 'NONE', *, *, #143, .T. ) ;
#1235 = CARTESIAN_POINT ( 'NONE',  ( 20.36999999999999744, -4.336808689942017736E-16, -0.5699999999999998401 ) ) ;
#1236 = CARTESIAN_POINT ( 'NONE',  ( -0.5700000000000036149, 3.199999999999999734, -0.5699999999999998401 ) ) ;
#1237 = VERTEX_POINT ( 'NONE', #351 ) ;
#1238 = VERTEX_POINT ( 'NONE', #210 ) ;
#1239 = CARTESIAN_POINT ( 'NONE',  ( 0.3556406460551010396, -3.700000000000000178, 0.5699999999999999512 ) ) ;
#1240 = PLANE ( 'NONE',  #956 ) ;
#1241 = DIRECTION ( 'NONE',  ( -0.000000000000000000, 1.000000000000000000, 9.061988307341512584E-16 ) ) ;
#1242 = CARTESIAN_POINT ( 'NONE',  ( -1.950000000000000400, 3.199999999999999734, 4.799999999999999822 ) ) ;
#1243 = CARTESIAN_POINT ( 'NONE',  ( 7.349999999999996980, -4.336808689942017736E-16, 0.5699999999999985079 ) ) ;
#1244 = EDGE_LOOP ( 'NONE', ( #502, #140, #1047, #807 ) ) ;
#1245 = LINE ( 'NONE', #919, #1129 ) ;
#1246 = DIRECTION ( 'NONE',  ( 1.000000000000000000, 0.000000000000000000, -0.000000000000000000 ) ) ;
#1247 = ORIENTED_EDGE ( 'NONE', *, *, #1291, .F. ) ;
#1248 = LINE ( 'NONE', #1756, #1165 ) ;
#1249 = CARTESIAN_POINT ( 'NONE',  ( 28.29000000000001336, 3.199999999999999734, 0.5699999999999985079 ) ) ;
#1250 = EDGE_CURVE ( 'NONE', #1081, #1212, #38, .T. ) ;
#1251 = DIRECTION ( 'NONE',  ( 1.000000000000000000, 0.000000000000000000, 0.000000000000000000 ) ) ;
#1252 = DIRECTION ( 'NONE',  ( 0.000000000000000000, 0.000000000000000000, -1.000000000000000000 ) ) ;
#1253 =( LENGTH_UNIT ( ) NAMED_UNIT ( * ) SI_UNIT ( .MILLI., .METRE. ) );
#1254 = ORIENTED_EDGE ( 'NONE', *, *, #1071, .T. ) ;
#1255 = AXIS2_PLACEMENT_3D ( 'NONE', #2001, #1697, #523 ) ;
#1256 = ORIENTED_EDGE ( 'NONE', *, *, #104, .T. ) ;
#1257 = LINE ( 'NONE', #1784, #990 ) ;
#1258 = DIRECTION ( 'NONE',  ( 1.000000000000000000, 0.000000000000000000, -0.000000000000000000 ) ) ;
#1259 = VECTOR ( 'NONE', #1846, 1000.000000000000000 ) ;
#1260 = VERTEX_POINT ( 'NONE', #846 ) ;
#1261 = VECTOR ( 'NONE', #1781, 1000.000000000000000 ) ;
#1262 = AXIS2_PLACEMENT_3D ( 'NONE', #691, #1806, #1142 ) ;
#1263 = CARTESIAN_POINT ( 'NONE',  ( 16.41000000000000014, 3.199999999999999734, -0.5699999999999998401 ) ) ;
#1264 = VECTOR ( 'NONE', #498, 1000.000000000000000 ) ;
#1265 = DIRECTION ( 'NONE',  ( 0.000000000000000000, 1.000000000000000000, 0.000000000000000000 ) ) ;
#1266 = EDGE_CURVE ( 'NONE', #465, #454, #1687, .T. ) ;
#1267 = AXIS2_PLACEMENT_3D ( 'NONE', #853, #1844, #525 ) ;
#1268 = AXIS2_PLACEMENT_3D ( 'NONE', #1016, #715, #703 ) ;
#1269 = VERTEX_POINT ( 'NONE', #2004 ) ;
#1270 = CARTESIAN_POINT ( 'NONE',  ( -0.5700000000000036149, -4.336808689942017736E-16, -0.5699999999999998401 ) ) ;
#1271 = ORIENTED_EDGE ( 'NONE', *, *, #1365, .T. ) ;
#1272 = EDGE_LOOP ( 'NONE', ( #1478, #640, #957, #1395 ) ) ;
#1273 = VERTEX_POINT ( 'NONE', #1495 ) ;
#1274 = CARTESIAN_POINT ( 'NONE',  ( 19.22999999999999687, 3.199999999999999734, -0.5699999999999998401 ) ) ;
#1275 = VECTOR ( 'NONE', #747, 1000.000000000000000 ) ;
#1276 = CARTESIAN_POINT ( 'NONE',  ( 23.18999999999999417, -4.336808689942017736E-16, -0.5699999999999998401 ) ) ;
#1277 = EDGE_LOOP ( 'NONE', ( #1509, #941, #244, #1693 ) ) ;
#1278 = ORIENTED_EDGE ( 'NONE', *, *, #779, .F. ) ;
#1279 = CARTESIAN_POINT ( 'NONE',  ( -0.5700000000000010614, -4.336808689942017736E-16, -2.000000000000000000 ) ) ;
#1280 = EDGE_CURVE ( 'NONE', #2021, #283, #1171, .T. ) ;
#1281 = VECTOR ( 'NONE', #1711, 1000.000000000000000 ) ;
#1282 = FACE_OUTER_BOUND ( 'NONE', #1318, .T. ) ;
#1283 = ORIENTED_EDGE ( 'NONE', *, *, #2109, .T. ) ;
#1284 = ORIENTED_EDGE ( 'NONE', *, *, #1503, .T. ) ;
#1285 = PLANE ( 'NONE',  #1480 ) ;
#1286 = VERTEX_POINT ( 'NONE', #1854 ) ;
#1287 = EDGE_LOOP ( 'NONE', ( #129, #339, #1928, #700 ) ) ;
#1288 = DIRECTION ( 'NONE',  ( 0.000000000000000000, 1.000000000000000000, 0.000000000000000000 ) ) ;
#1289 = CARTESIAN_POINT ( 'NONE',  ( -0.5699999999999999512, 10.09999999999999964, -0.5699999999999999512 ) ) ;
#1290 = ORIENTED_EDGE ( 'NONE', *, *, #1715, .T. ) ;
#1291 = EDGE_CURVE ( 'NONE', #1427, #1321, #381, .T. ) ;
#1292 = LINE ( 'NONE', #1199, #101 ) ;
#1293 = VERTEX_POINT ( 'NONE', #1818 ) ;
#1294 = LINE ( 'NONE', #793, #1261 ) ;
#1295 = AXIS2_PLACEMENT_3D ( 'NONE', #624, #1459, #2119 ) ;
#1296 = AXIS2_PLACEMENT_3D ( 'NONE', #858, #2, #1734 ) ;
#1297 = DIRECTION ( 'NONE',  ( 0.9659258262890689783, 0.2588190451025185190, 0.000000000000000000 ) ) ;
#1298 = ORIENTED_EDGE ( 'NONE', *, *, #518, .F. ) ;
#1299 = STYLED_ITEM ( 'NONE', ( #294 ), #131 ) ;
#1300 = PRODUCT_DEFINITION_SHAPE ( 'NONE', 'NONE',  #2136 ) ;
#1301 = EDGE_CURVE ( 'NONE', #2078, #1006, #336, .T. ) ;
#1302 = CARTESIAN_POINT ( 'NONE',  ( 12.44999999999999929, -4.336808689942017736E-16, -0.5699999999999998401 ) ) ;
#1303 = DIRECTION ( 'NONE',  ( 0.000000000000000000, 0.000000000000000000, -1.000000000000000000 ) ) ;
#1304 =( REPRESENTATION_RELATIONSHIP ('NONE','NONE', #1309, #1015 ) REPRESENTATION_RELATIONSHIP_WITH_TRANSFORMATION ( #519 )SHAPE_REPRESENTATION_RELATIONSHIP( ) );
#1305 = DIRECTION ( 'NONE',  ( 1.000000000000000000, 0.000000000000000000, 0.000000000000000000 ) ) ;
#1306 = VERTEX_POINT ( 'NONE', #682 ) ;
#1307 = LINE ( 'NONE', #995, #1559 ) ;
#1308 = EDGE_CURVE ( 'NONE', #2096, #1930, #492, .T. ) ;
#1309 = SHAPE_REPRESENTATION ( 'B8P-VH(LF)(SN)', ( #513, #1408, #1802, #2031, #2106, #314, #1267, #71, #2069, #1373 ), #728 ) ;
#1310 = ORIENTED_EDGE ( 'NONE', *, *, #746, .T. ) ;
#1311 = EDGE_CURVE ( 'NONE', #946, #1323, #1134, .T. ) ;
#1312 = PLANE ( 'NONE',  #2059 ) ;
#1313 = ORIENTED_EDGE ( 'NONE', *, *, #1122, .F. ) ;
#1314 = CARTESIAN_POINT ( 'NONE',  ( -1.950000000000000400, -4.336808689942017736E-16, 4.799999999999999822 ) ) ;
#1315 = DIRECTION ( 'NONE',  ( -0.000000000000000000, -0.9396926207859083169, 0.3420201433256687684 ) ) ;
#1316 = ORIENTED_EDGE ( 'NONE', *, *, #79, .T. ) ;
#1317 = LINE ( 'NONE', #30, #2062 ) ;
#1318 = EDGE_LOOP ( 'NONE', ( #2076, #1481, #112, #1313 ) ) ;
#1319 = ADVANCED_FACE ( 'NONE', ( #1336 ), #1822, .F. ) ;
#1320 = CARTESIAN_POINT ( 'NONE',  ( 24.32999999999999829, -4.336808689942017736E-16, 0.5699999999999985079 ) ) ;
#1321 = VERTEX_POINT ( 'NONE', #1479 ) ;
#1322 = PLANE ( 'NONE',  #1098 ) ;
#1323 = VERTEX_POINT ( 'NONE', #835 ) ;
#1324 = EDGE_CURVE ( 'NONE', #213, #1293, #159, .T. ) ;
#1325 = EDGE_LOOP ( 'NONE', ( #1037, #1755, #1882, #1444 ) ) ;
#1326 = CARTESIAN_POINT ( 'NONE',  ( -0.5700000000000036149, -4.336808689942017736E-16, -0.5699999999999998401 ) ) ;
#1327 = VECTOR ( 'NONE', #1099, 1000.000000000000000 ) ;
#1328 = UNCERTAINTY_MEASURE_WITH_UNIT (LENGTH_MEASURE( 1.000000000000000082E-05 ), #1603, 'distance_accuracy_value', 'NONE');
#1329 = ADVANCED_FACE ( 'NONE', ( #1971, #1832, #655, #323, #1166, #676, #1997, #1149, #1648 ), #1816, .F. ) ;
#1330 = VECTOR ( 'NONE', #1899, 1000.000000000000000 ) ;
#1331 = LINE ( 'NONE', #1146, #833 ) ;
#1332 = VECTOR ( 'NONE', #1836, 1000.000000000000000 ) ;
#1333 = EDGE_LOOP ( 'NONE', ( #854, #943, #479, #1558 ) ) ;
#1334 = APPLICATION_CONTEXT ( 'automotive_design' ) ;
#1335 = CONTEXT_DEPENDENT_SHAPE_REPRESENTATION ( #869, #1374 ) ;
#1336 = FACE_OUTER_BOUND ( 'NONE', #1553, .T. ) ;
#1337 = AXIS2_PLACEMENT_3D ( 'NONE', #514, #684, #1160 ) ;
#1338 = EDGE_LOOP ( 'NONE', ( #301, #1666, #1733, #1548 ) ) ;
#1339 = PLANE ( 'NONE',  #1255 ) ;
#1340 = CARTESIAN_POINT ( 'NONE',  ( -9.900000000000005684, 0.000000000000000000, -1.517883041479706208E-15 ) ) ;
#1341 = LINE ( 'NONE', #1959, #31 ) ;
#1342 = CARTESIAN_POINT ( 'NONE',  ( 0.5699999999999999512, 10.90000000000000036, -0.3556406460551005400 ) ) ;
#1343 = ORIENTED_EDGE ( 'NONE', *, *, #367, .F. ) ;
#1344 = EDGE_CURVE ( 'NONE', #1162, #1179, #1491, .T. ) ;
#1345 = PLANE ( 'NONE',  #1631 ) ;
#1346 = ORIENTED_EDGE ( 'NONE', *, *, #1704, .F. ) ;
#1347 = PLANE ( 'NONE',  #1938 ) ;
#1348 = PLANE ( 'NONE',  #15 ) ;
#1349 = CARTESIAN_POINT ( 'NONE',  ( -13.86000000000000654, 0.000000000000000000, -1.517883041479706208E-15 ) ) ;
#1350 = DIRECTION ( 'NONE',  ( 0.000000000000000000, 0.000000000000000000, 1.000000000000000000 ) ) ;
#1351 = UNCERTAINTY_MEASURE_WITH_UNIT (LENGTH_MEASURE( 1.000000000000000082E-05 ), #223, 'distance_accuracy_value', 'NONE');
#1352 = PRODUCT_DEFINITION_SHAPE ( 'NONE', 'NONE',  #72 ) ;
#1353 = LINE ( 'NONE', #1398, #761 ) ;
#1354 = ORIENTED_EDGE ( 'NONE', *, *, #1946, .T. ) ;
#1355 = CONTEXT_DEPENDENT_SHAPE_REPRESENTATION ( #658, #974 ) ;
#1356 = PLANE ( 'NONE',  #960 ) ;
#1357 = ADVANCED_FACE ( 'NONE', ( #1676 ), #984, .F. ) ;
#1358 = ORIENTED_EDGE ( 'NONE', *, *, #908, .F. ) ;
#1359 = FACE_OUTER_BOUND ( 'NONE', #1560, .T. ) ;
#1360 = DIRECTION ( 'NONE',  ( 1.000000000000000000, 0.000000000000000000, 0.000000000000000000 ) ) ;
#1361 = VECTOR ( 'NONE', #201, 1000.000000000000000 ) ;
#1362 = VECTOR ( 'NONE', #130, 1000.000000000000000 ) ;
#1363 = DIRECTION ( 'NONE',  ( -0.000000000000000000, -0.000000000000000000, -1.000000000000000000 ) ) ;
#1364 = ORIENTED_EDGE ( 'NONE', *, *, #300, .T. ) ;
#1365 = EDGE_CURVE ( 'NONE', #1821, #1869, #174, .T. ) ;
#1366 = AXIS2_PLACEMENT_3D ( 'NONE', #1401, #1536, #2065 ) ;
#1367 = ORIENTED_EDGE ( 'NONE', *, *, #1071, .F. ) ;
#1368 = CARTESIAN_POINT ( 'NONE',  ( 16.41000000000000014, 9.400000000000000355, -3.299632742307101463 ) ) ;
#1369 = VECTOR ( 'NONE', #694, 1000.000000000000000 ) ;
#1370 = DIRECTION ( 'NONE',  ( 0.2505628070857293666, 0.9351131265310305141, 0.2505628070857293666 ) ) ;
#1371 = ORIENTED_EDGE ( 'NONE', *, *, #161, .T. ) ;
#1372 = CARTESIAN_POINT ( 'NONE',  ( -0.5700000000000036149, -4.336808689942017736E-16, -0.5699999999999998401 ) ) ;
#1373 = AXIS2_PLACEMENT_3D ( 'NONE', #402, #380, #553 ) ;
#1374 = PRODUCT_DEFINITION_SHAPE ( 'NONE', 'NONE',  #2131 ) ;
#1375 = EDGE_CURVE ( 'NONE', #2098, #1967, #1317, .T. ) ;
#1376 = VERTEX_POINT ( 'NONE', #667 ) ;
#1377 = FACE_OUTER_BOUND ( 'NONE', #1287, .T. ) ;
#1378 = DIRECTION ( 'NONE',  ( -1.000000000000000000, -0.000000000000000000, -0.000000000000000000 ) ) ;
#1379 = DIRECTION ( 'NONE',  ( 0.000000000000000000, -0.000000000000000000, -1.000000000000000000 ) ) ;
#1380 = ORIENTED_EDGE ( 'NONE', *, *, #1280, .F. ) ;
#1381 = ORIENTED_EDGE ( 'NONE', *, *, #1994, .F. ) ;
#1382 = LINE ( 'NONE', #544, #1189 ) ;
#1383 = LINE ( 'NONE', #560, #1023 ) ;
#1384 = PLANE ( 'NONE',  #1074 ) ;
#1385 = DIRECTION ( 'NONE',  ( 0.000000000000000000, 0.000000000000000000, 1.000000000000000000 ) ) ;
#1386 = DIRECTION ( 'NONE',  ( 0.000000000000000000, 1.000000000000000000, 0.000000000000000000 ) ) ;
#1387 = FACE_OUTER_BOUND ( 'NONE', #41, .T. ) ;
#1388 = EDGE_CURVE ( 'NONE', #1286, #366, #1307, .T. ) ;
#1389 = LINE ( 'NONE', #1556, #1730 ) ;
#1390 = DIRECTION ( 'NONE',  ( 1.000000000000000000, 0.000000000000000000, 0.000000000000000000 ) ) ;
#1391 = ORIENTED_EDGE ( 'NONE', *, *, #978, .F. ) ;
#1392 = DIRECTION ( 'NONE',  ( 0.000000000000000000, 5.225070710773516837E-17, -1.000000000000000000 ) ) ;
#1393 = LINE ( 'NONE', #229, #376 ) ;
#1394 = ADVANCED_FACE ( 'NONE', ( #843 ), #22, .F. ) ;
#1395 = ORIENTED_EDGE ( 'NONE', *, *, #1573, .T. ) ;
#1396 = DIRECTION ( 'NONE',  ( 1.000000000000000000, 0.000000000000000000, 0.000000000000000000 ) ) ;
#1397 = CARTESIAN_POINT ( 'NONE',  ( 20.36999999999999744, 3.199999999999999734, 0.5699999999999985079 ) ) ;
#1398 = CARTESIAN_POINT ( 'NONE',  ( 0.5699999999999999512, 10.09999999999999964, -0.5699999999999999512 ) ) ;
#1399 = DIRECTION ( 'NONE',  ( 0.000000000000000000, 0.000000000000000000, 1.000000000000000000 ) ) ;
#1400 = EDGE_CURVE ( 'NONE', #1227, #1496, #1292, .T. ) ;
#1401 = CARTESIAN_POINT ( 'NONE',  ( 0.5699999999999999512, -2.899999999999999911, 0.000000000000000000 ) ) ;
#1402 = CARTESIAN_POINT ( 'NONE',  ( 4.529999999999999361, 3.199999999999999734, -0.5699999999999998401 ) ) ;
#1403 = AXIS2_PLACEMENT_3D ( 'NONE', #1115, #1790, #1252 ) ;
#1404 = AXIS2_PLACEMENT_3D ( 'NONE', #1794, #1586, #94 ) ;
#1405 = VERTEX_POINT ( 'NONE', #60 ) ;
#1406 = COLOUR_RGB ( '',1.000000000000000000, 1.000000000000000000, 1.000000000000000000 ) ;
#1407 = CARTESIAN_POINT ( 'NONE',  ( 0.5699999999999999512, 10.09999999999999964, 0.5699999999999999512 ) ) ;
#1408 = AXIS2_PLACEMENT_3D ( 'NONE', #54, #1699, #1722 ) ;
#1409 = CARTESIAN_POINT ( 'NONE',  ( 16.41000000000000014, -4.336808689942017736E-16, -0.5699999999999998401 ) ) ;
#1410 = FACE_OUTER_BOUND ( 'NONE', #52, .T. ) ;
#1411 = VERTEX_POINT ( 'NONE', #76 ) ;
#1412 = PLANE ( 'NONE',  #692 ) ;
#1413 = PLANE ( 'NONE',  #1154 ) ;
#1414 = ORIENTED_EDGE ( 'NONE', *, *, #90, .F. ) ;
#1415 = EDGE_CURVE ( 'NONE', #1102, #993, #1849, .T. ) ;
#1416 =( REPRESENTATION_RELATIONSHIP ('NONE','NONE', #1309, #1015 ) REPRESENTATION_RELATIONSHIP_WITH_TRANSFORMATION ( #1848 )SHAPE_REPRESENTATION_RELATIONSHIP( ) );
#1417 = PRESENTATION_STYLE_ASSIGNMENT (( #258 ) ) ;
#1418 = VECTOR ( 'NONE', #998, 1000.000000000000000 ) ;
#1419 = CARTESIAN_POINT ( 'NONE',  ( 8.489999999999998437, -4.336808689942017736E-16, -0.5699999999999998401 ) ) ;
#1420 = LINE ( 'NONE', #898, #2116 ) ;
#1421 = CARTESIAN_POINT ( 'NONE',  ( 28.29000000000000981, 0.000000000000000000, -2.000000000000000000 ) ) ;
#1422 =( NAMED_UNIT ( * ) PLANE_ANGLE_UNIT ( ) SI_UNIT ( $, .RADIAN. ) );
#1423 = CARTESIAN_POINT ( 'NONE',  ( 27.15000000000000924, -4.336808689942017736E-16, -0.5699999999999998401 ) ) ;
#1424 = ORIENTED_EDGE ( 'NONE', *, *, #1301, .T. ) ;
#1425 = DIRECTION ( 'NONE',  ( -1.000000000000000000, -0.000000000000000000, -0.000000000000000000 ) ) ;
#1426 = PLANE ( 'NONE',  #173 ) ;
#1427 = VERTEX_POINT ( 'NONE', #904 ) ;
#1428 = DIRECTION ( 'NONE',  ( -1.000000000000000000, -0.000000000000000000, -0.000000000000000000 ) ) ;
#1429 = ADVANCED_FACE ( 'NONE', ( #1707 ), #42, .F. ) ;
#1430 = ORIENTED_EDGE ( 'NONE', *, *, #1542, .T. ) ;
#1431 = DIRECTION ( 'NONE',  ( 0.000000000000000000, 1.000000000000000000, 0.000000000000000000 ) ) ;
#1432 = FACE_OUTER_BOUND ( 'NONE', #1182, .T. ) ;
#1433 = CARTESIAN_POINT ( 'NONE',  ( -0.3556406460551010396, -3.700000000000000178, 0.5699999999999999512 ) ) ;
#1434 = ORIENTED_EDGE ( 'NONE', *, *, #2000, .F. ) ;
#1435 = ORIENTED_EDGE ( 'NONE', *, *, #619, .T. ) ;
#1436 = CARTESIAN_POINT ( 'NONE',  ( 28.29000000000000981, -4.336808689942017736E-16, -2.000000000000000000 ) ) ;
#1437 = ADVANCED_FACE ( 'NONE', ( #1574 ), #1525, .T. ) ;
#1438 = DIRECTION ( 'NONE',  ( 0.000000000000000000, 0.000000000000000000, 1.000000000000000000 ) ) ;
#1439 = ORIENTED_EDGE ( 'NONE', *, *, #705, .F. ) ;
#1440 = AXIS2_PLACEMENT_3D ( 'NONE', #820, #554, #811 ) ;
#1441 = VECTOR ( 'NONE', #750, 1000.000000000000000 ) ;
#1442 = LINE ( 'NONE', #622, #73 ) ;
#1443 = VECTOR ( 'NONE', #878, 1000.000000000000000 ) ;
#1444 = ORIENTED_EDGE ( 'NONE', *, *, #1619, .T. ) ;
#1445 = LINE ( 'NONE', #1372, #1418 ) ;
#1446 = VECTOR ( 'NONE', #687, 1000.000000000000000 ) ;
#1447 = LINE ( 'NONE', #1801, #1555 ) ;
#1448 = ADVANCED_FACE ( 'NONE', ( #85 ), #1345, .T. ) ;
#1449 = CARTESIAN_POINT ( 'NONE',  ( -0.5700000000000010614, 7.200000000000011724, -3.199999999999925127 ) ) ;
#1450 = VECTOR ( 'NONE', #1670, 1000.000000000000000 ) ;
#1451 = ORIENTED_EDGE ( 'NONE', *, *, #377, .T. ) ;
#1452 = ORIENTED_EDGE ( 'NONE', *, *, #153, .T. ) ;
#1453 = DIRECTION ( 'NONE',  ( -1.000000000000000000, -0.000000000000000000, -0.000000000000000000 ) ) ;
#1454 = PLANE ( 'NONE',  #664 ) ;
#1455 = ORIENTED_EDGE ( 'NONE', *, *, #1798, .T. ) ;
#1456 = SHAPE_REPRESENTATION ( 'BxP-VH_8', ( #1521 ), #37 ) ;
#1457 = APPLICATION_PROTOCOL_DEFINITION ( 'draft international standard', 'automotive_design', 1998, #2009 ) ;
#1458 = ORIENTED_EDGE ( 'NONE', *, *, #2102, .F. ) ;
#1459 = DIRECTION ( 'NONE',  ( 1.000000000000000000, 0.000000000000000000, -0.000000000000000000 ) ) ;
#1460 = VECTOR ( 'NONE', #1241, 1000.000000000000000 ) ;
#1461 = MECHANICAL_DESIGN_GEOMETRIC_PRESENTATION_REPRESENTATION (  '', ( #289 ), #239 ) ;
#1462 = EDGE_CURVE ( 'NONE', #1427, #27, #735, .T. ) ;
#1463 = EDGE_LOOP ( 'NONE', ( #842, #515, #677, #122 ) ) ;
#1464 = DIRECTION ( 'NONE',  ( -1.000000000000000000, -0.000000000000000000, -0.000000000000000000 ) ) ;
#1465 = EDGE_LOOP ( 'NONE', ( #2104, #880, #2081, #1148 ) ) ;
#1466 = PRODUCT_DEFINITION_SHAPE ( 'NONE', 'NONE',  #2132 ) ;
#1467 = SHAPE_DEFINITION_REPRESENTATION ( #1713, #1015 ) ;
#1468 = ORIENTED_EDGE ( 'NONE', *, *, #451, .T. ) ;
#1469 = EDGE_CURVE ( 'NONE', #366, #1108, #1393, .T. ) ;
#1470 = PRESENTATION_STYLE_ASSIGNMENT (( #150 ) ) ;
#1471 = DIRECTION ( 'NONE',  ( -1.000000000000000000, 0.000000000000000000, 0.000000000000000000 ) ) ;
#1472 = PRODUCT_DEFINITION_CONTEXT ( 'detailed design', #937, 'design' ) ;
#1473 = EDGE_LOOP ( 'NONE', ( #333, #1104, #950, #894 ) ) ;
#1474 = EDGE_CURVE ( 'NONE', #644, #213, #424, .T. ) ;
#1475 = ORIENTED_EDGE ( 'NONE', *, *, #1810, .T. ) ;
#1476 = DIRECTION ( 'NONE',  ( 0.000000000000000000, 0.000000000000000000, -1.000000000000000000 ) ) ;
#1477 = DIRECTION ( 'NONE',  ( 1.000000000000000000, 0.000000000000000000, 0.000000000000000000 ) ) ;
#1478 = ORIENTED_EDGE ( 'NONE', *, *, #459, .T. ) ;
#1479 = CARTESIAN_POINT ( 'NONE',  ( -0.3556406460551010396, -3.700000000000000178, 0.3556406460551010396 ) ) ;
#1480 = AXIS2_PLACEMENT_3D ( 'NONE', #671, #567, #1075 ) ;
#1481 = ORIENTED_EDGE ( 'NONE', *, *, #1927, .T. ) ;
#1482 = VECTOR ( 'NONE', #476, 1000.000000000000000 ) ;
#1483 = VECTOR ( 'NONE', #1743, 1000.000000000000000 ) ;
#1484 = ORIENTED_EDGE ( 'NONE', *, *, #1927, .F. ) ;
#1485 = STYLED_ITEM ( 'NONE', ( #1991 ), #1500 ) ;
#1486 = DIRECTION ( 'NONE',  ( 0.000000000000000000, 0.000000000000000000, -1.000000000000000000 ) ) ;
#1487 = CARTESIAN_POINT ( 'NONE',  ( 7.349999999999996980, 3.199999999999999734, -0.5699999999999998401 ) ) ;
#1488 = PRODUCT_DEFINITION_FORMATION_WITH_SPECIFIED_SOURCE ( 'ANY', '', #1027, .NOT_KNOWN. ) ;
#1489 = CARTESIAN_POINT ( 'NONE',  ( 0.5699999999999999512, -2.899999999999999911, -0.5699999999999999512 ) ) ;
#1490 = ORIENTED_EDGE ( 'NONE', *, *, #49, .F. ) ;
#1491 = LINE ( 'NONE', #520, #1799 ) ;
#1492 = EDGE_CURVE ( 'NONE', #206, #213, #879, .T. ) ;
#1493 = ORIENTED_EDGE ( 'NONE', *, *, #1633, .T. ) ;
#1494 = FACE_OUTER_BOUND ( 'NONE', #1338, .T. ) ;
#1495 = CARTESIAN_POINT ( 'NONE',  ( -0.5700000000000010614, 9.400000000000000355, -2.400367257692822331 ) ) ;
#1496 = VERTEX_POINT ( 'NONE', #1718 ) ;
#1497 = EDGE_CURVE ( 'NONE', #2068, #48, #1383, .T. ) ;
#1498 = DIRECTION ( 'NONE',  ( 1.000000000000000000, 0.000000000000000000, -0.000000000000000000 ) ) ;
#1499 = VERTEX_POINT ( 'NONE', #1872 ) ;
#1500 = ADVANCED_BREP_SHAPE_REPRESENTATION ( '', ( #306, #1521 ), #1191 ) ;
#1501 = CARTESIAN_POINT ( 'NONE',  ( 0.5699999999999999512, 10.09999999999999964, 0.5699999999999999512 ) ) ;
#1502 = ORIENTED_EDGE ( 'NONE', *, *, #189, .T. ) ;
#1503 = EDGE_CURVE ( 'NONE', #635, #2078, #2042, .T. ) ;
#1504 = DIRECTION ( 'NONE',  ( -0.000000000000000000, -0.000000000000000000, 1.000000000000000000 ) ) ;
#1505 = SURFACE_STYLE_FILL_AREA ( #845 ) ;
#1506 = DIRECTION ( 'NONE',  ( 0.000000000000000000, 0.000000000000000000, 1.000000000000000000 ) ) ;
#1507 = ORIENTED_EDGE ( 'NONE', *, *, #1266, .T. ) ;
#1508 = DIRECTION ( 'NONE',  ( 1.000000000000000000, 0.000000000000000000, 0.000000000000000000 ) ) ;
#1509 = ORIENTED_EDGE ( 'NONE', *, *, #955, .T. ) ;
#1510 = EDGE_CURVE ( 'NONE', #27, #644, #571, .T. ) ;
#1511 = CARTESIAN_POINT ( 'NONE',  ( 24.32999999999999829, -4.336808689942017736E-16, -0.5699999999999998401 ) ) ;
#1512 = VERTEX_POINT ( 'NONE', #205 ) ;
#1513 = CARTESIAN_POINT ( 'NONE',  ( 28.29000000000000981, 7.488675134594828364, -3.699999999999922018 ) ) ;
#1514 = CARTESIAN_POINT ( 'NONE',  ( -5.940000000000005720, 0.000000000000000000, -1.517883041479706208E-15 ) ) ;
#1515 = LINE ( 'NONE', #7, #196 ) ;
#1516 = VECTOR ( 'NONE', #449, 1000.000000000000000 ) ;
#1517 = ORIENTED_EDGE ( 'NONE', *, *, #425, .T. ) ;
#1518 = ADVANCED_FACE ( 'NONE', ( #1885 ), #1356, .F. ) ;
#1519 = VECTOR ( 'NONE', #685, 1000.000000000000000 ) ;
#1520 = LINE ( 'NONE', #1155, #2028 ) ;
#1521 = AXIS2_PLACEMENT_3D ( 'NONE', #885, #237, #1571 ) ;
#1522 = VERTEX_POINT ( 'NONE', #409 ) ;
#1523 = PRODUCT ( 'pin', 'pin', '', ( #299 ) ) ;
#1524 = CONTEXT_DEPENDENT_SHAPE_REPRESENTATION ( #1539, #1174 ) ;
#1525 = PLANE ( 'NONE',  #893 ) ;
#1526 = EDGE_CURVE ( 'NONE', #1967, #465, #1550, .T. ) ;
#1527 = EDGE_LOOP ( 'NONE', ( #1864, #1380, #1815, #1649 ) ) ;
#1528 = PLANE ( 'NONE',  #1268 ) ;
#1529 = CARTESIAN_POINT ( 'NONE',  ( -0.5700000000000010614, -4.336808689942017736E-16, -2.699999999999931788 ) ) ;
#1530 = CARTESIAN_POINT ( 'NONE',  ( -0.5700000000000010614, 0.4999999999999995559, -3.199999999999931344 ) ) ;
#1531 = ORIENTED_EDGE ( 'NONE', *, *, #1344, .F. ) ;
#1532 = CARTESIAN_POINT ( 'NONE',  ( 7.349999999999996980, 3.199999999999999734, -0.5699999999999998401 ) ) ;
#1533 = ADVANCED_FACE ( 'NONE', ( #870 ), #532, .F. ) ;
#1534 = VERTEX_POINT ( 'NONE', #1054 ) ;
#1535 = VECTOR ( 'NONE', #1063, 1000.000000000000000 ) ;
#1536 = DIRECTION ( 'NONE',  ( 0.9659258262890689783, -0.2588190451025185190, 0.000000000000000000 ) ) ;
#1537 = DIRECTION ( 'NONE',  ( 0.2505628070857293666, -0.9351131265310305141, -0.2505628070857293666 ) ) ;
#1538 = EDGE_LOOP ( 'NONE', ( #135, #1009, #530, #1204 ) ) ;
#1539 =( REPRESENTATION_RELATIONSHIP ('NONE','NONE', #1309, #1015 ) REPRESENTATION_RELATIONSHIP_WITH_TRANSFORMATION ( #195 )SHAPE_REPRESENTATION_RELATIONSHIP( ) );
#1540 = LINE ( 'NONE', #1990, #802 ) ;
#1541 = DIRECTION ( 'NONE',  ( -0.000000000000000000, -0.000000000000000000, -1.000000000000000000 ) ) ;
#1542 = EDGE_CURVE ( 'NONE', #1162, #399, #373, .T. ) ;
#1543 = DIRECTION ( 'NONE',  ( 1.000000000000000000, 0.000000000000000000, 0.000000000000000000 ) ) ;
#1544 = CARTESIAN_POINT ( 'NONE',  ( 11.30999999999999694, -4.336808689942017736E-16, -0.5699999999999998401 ) ) ;
#1545 = UNCERTAINTY_MEASURE_WITH_UNIT (LENGTH_MEASURE( 1.000000000000000082E-05 ), #719, 'distance_accuracy_value', 'NONE');
#1546 = ORIENTED_EDGE ( 'NONE', *, *, #1972, .F. ) ;
#1547 = EDGE_CURVE ( 'NONE', #1032, #2103, #920, .T. ) ;
#1548 = ORIENTED_EDGE ( 'NONE', *, *, #978, .T. ) ;
#1549 = LINE ( 'NONE', #1044, #311 ) ;
#1550 = LINE ( 'NONE', #51, #1330 ) ;
#1551 = VECTOR ( 'NONE', #232, 1000.000000000000000 ) ;
#1552 = DIRECTION ( 'NONE',  ( 0.000000000000000000, 1.000000000000000000, 0.000000000000000000 ) ) ;
#1553 = EDGE_LOOP ( 'NONE', ( #693, #1850, #522, #1779 ) ) ;
#1554 = DIRECTION ( 'NONE',  ( 0.000000000000000000, -1.000000000000000000, 0.000000000000000000 ) ) ;
#1555 = VECTOR ( 'NONE', #814, 1000.000000000000000 ) ;
#1556 = CARTESIAN_POINT ( 'NONE',  ( 0.5699999999999985079, -4.336808689942017736E-16, -0.5699999999999998401 ) ) ;
#1557 = LINE ( 'NONE', #902, #1762 ) ;
#1558 = ORIENTED_EDGE ( 'NONE', *, *, #1915, .T. ) ;
#1559 = VECTOR ( 'NONE', #1668, 1000.000000000000000 ) ;
#1560 = EDGE_LOOP ( 'NONE', ( #29, #1782, #973, #561 ) ) ;
#1561 = CARTESIAN_POINT ( 'NONE',  ( -1.950000000000000400, -4.336808689942017736E-16, -2.000000000000000000 ) ) ;
#1562 = VECTOR ( 'NONE', #1288, 1000.000000000000000 ) ;
#1563 = CARTESIAN_POINT ( 'NONE',  ( 0.5699999999999999512, -2.899999999999999911, -0.5699999999999999512 ) ) ;
#1564 = VERTEX_POINT ( 'NONE', #1627 ) ;
#1565 = CARTESIAN_POINT ( 'NONE',  ( 27.15000000000000924, -4.336808689942017736E-16, 0.5699999999999985079 ) ) ;
#1566 = VECTOR ( 'NONE', #1685, 1000.000000000000000 ) ;
#1567 = EDGE_CURVE ( 'NONE', #1821, #1306, #788, .T. ) ;
#1568 = DIRECTION ( 'NONE',  ( -0.000000000000000000, -0.000000000000000000, -1.000000000000000000 ) ) ;
#1569 = CARTESIAN_POINT ( 'NONE',  ( 0.5699999999999999512, -2.899999999999999911, -0.5699999999999999512 ) ) ;
#1570 = DIRECTION ( 'NONE',  ( 0.000000000000000000, 0.000000000000000000, 1.000000000000000000 ) ) ;
#1571 = DIRECTION ( 'NONE',  ( 1.000000000000000000, 0.000000000000000000, 0.000000000000000000 ) ) ;
#1572 = CARTESIAN_POINT ( 'NONE',  ( 16.41000000000000014, 7.488675134594828364, -3.699999999999922018 ) ) ;
#1573 = EDGE_CURVE ( 'NONE', #1522, #997, #114, .T. ) ;
#1574 = FACE_OUTER_BOUND ( 'NONE', #1039, .T. ) ;
#1575 = ORIENTED_EDGE ( 'NONE', *, *, #1874, .T. ) ;
#1576 = VECTOR ( 'NONE', #1070, 1000.000000000000000 ) ;
#1577 = VERTEX_POINT ( 'NONE', #777 ) ;
#1578 = EDGE_CURVE ( 'NONE', #1735, #1108, #1079, .T. ) ;
#1579 = CARTESIAN_POINT ( 'NONE',  ( 24.32999999999999829, -4.336808689942017736E-16, -0.5699999999999998401 ) ) ;
#1580 = LINE ( 'NONE', #1569, #1535 ) ;
#1581 = CARTESIAN_POINT ( 'NONE',  ( 16.41000000000000014, 9.400000000000000355, -3.299632742307101463 ) ) ;
#1582 = DIRECTION ( 'NONE',  ( 0.2505628070857293666, -0.9351131265310305141, -0.2505628070857293666 ) ) ;
#1583 = DIRECTION ( 'NONE',  ( -1.000000000000000000, 0.000000000000000000, 0.000000000000000000 ) ) ;
#1584 = ORIENTED_EDGE ( 'NONE', *, *, #1819, .F. ) ;
#1585 = DIRECTION ( 'NONE',  ( 0.000000000000000000, 0.000000000000000000, -1.000000000000000000 ) ) ;
#1586 = DIRECTION ( 'NONE',  ( 0.000000000000000000, -0.3420201433256688794, -0.9396926207859084279 ) ) ;
#1587 = EDGE_LOOP ( 'NONE', ( #1837, #1358, #371, #702 ) ) ;
#1588 = DIRECTION ( 'NONE',  ( 0.000000000000000000, 0.000000000000000000, -1.000000000000000000 ) ) ;
#1589 = CARTESIAN_POINT ( 'NONE',  ( -0.3556406460551005400, 10.90000000000000036, 0.5699999999999999512 ) ) ;
#1590 = LINE ( 'NONE', #1907, #1725 ) ;
#1591 = ADVANCED_FACE ( 'NONE', ( #2091 ), #620, .T. ) ;
#1592 = VERTEX_POINT ( 'NONE', #2080 ) ;
#1593 = CARTESIAN_POINT ( 'NONE',  ( 11.30999999999999694, 3.199999999999999734, 0.5699999999999985079 ) ) ;
#1594 = FACE_OUTER_BOUND ( 'NONE', #1783, .T. ) ;
#1595 = MECHANICAL_DESIGN_GEOMETRIC_PRESENTATION_REPRESENTATION (  '', ( #374 ), #891 ) ;
#1596 = VECTOR ( 'NONE', #1438, 1000.000000000000000 ) ;
#1597 = ORIENTED_EDGE ( 'NONE', *, *, #678, .T. ) ;
#1598 = CARTESIAN_POINT ( 'NONE',  ( 24.32999999999999829, 3.199999999999999734, 0.5699999999999985079 ) ) ;
#1599 =( GEOMETRIC_REPRESENTATION_CONTEXT ( 3 ) GLOBAL_UNCERTAINTY_ASSIGNED_CONTEXT ( ( #477 ) ) GLOBAL_UNIT_ASSIGNED_CONTEXT ( ( #1253, #440, #796 ) ) REPRESENTATION_CONTEXT ( 'NONE', 'WORKASPACE' ) );
#1600 = LINE ( 'NONE', #108, #659 ) ;
#1601 = DIRECTION ( 'NONE',  ( -1.000000000000000000, -0.000000000000000000, -0.000000000000000000 ) ) ;
#1602 = CARTESIAN_POINT ( 'NONE',  ( 28.29000000000000981, 8.300000000000000711, -1.999999999999999556 ) ) ;
#1603 =( LENGTH_UNIT ( ) NAMED_UNIT ( * ) SI_UNIT ( .MILLI., .METRE. ) );
#1604 = LINE ( 'NONE', #419, #478 ) ;
#1605 = ADVANCED_FACE ( 'NONE', ( #1594 ), #1454, .F. ) ;
#1606 = ORIENTED_EDGE ( 'NONE', *, *, #1280, .T. ) ;
#1607 = CARTESIAN_POINT ( 'NONE',  ( -1.950000000000000400, -4.336808689942017736E-16, 4.799999999999999822 ) ) ;
#1608 = CARTESIAN_POINT ( 'NONE',  ( 16.41000000000000014, -4.336808689942017736E-16, 0.5699999999999985079 ) ) ;
#1609 = LINE ( 'NONE', #1768, #1140 ) ;
#1610 = LINE ( 'NONE', #600, #505 ) ;
#1611 = CARTESIAN_POINT ( 'NONE',  ( 19.22999999999999687, -4.336808689942017736E-16, 0.5699999999999985079 ) ) ;
#1612 = CARTESIAN_POINT ( 'NONE',  ( 28.29000000000001336, 3.199999999999999734, 0.5699999999999985079 ) ) ;
#1613 = EDGE_CURVE ( 'NONE', #650, #86, #800, .T. ) ;
#1614 = VERTEX_POINT ( 'NONE', #1402 ) ;
#1615 = LINE ( 'NONE', #1593, #725 ) ;
#1616 = CARTESIAN_POINT ( 'NONE',  ( -0.5700000000000010614, 0.000000000000000000, 0.000000000000000000 ) ) ;
#1617 = ORIENTED_EDGE ( 'NONE', *, *, #189, .F. ) ;
#1618 = ORIENTED_EDGE ( 'NONE', *, *, #969, .F. ) ;
#1619 = EDGE_CURVE ( 'NONE', #257, #1286, #1932, .T. ) ;
#1620 = ORIENTED_EDGE ( 'NONE', *, *, #626, .T. ) ;
#1621 = LINE ( 'NONE', #2095, #1482 ) ;
#1622 = DIRECTION ( 'NONE',  ( 0.000000000000000000, 0.000000000000000000, 1.000000000000000000 ) ) ;
#1623 = ORIENTED_EDGE ( 'NONE', *, *, #1640, .T. ) ;
#1624 = ADVANCED_FACE ( 'NONE', ( #105 ), #1413, .F. ) ;
#1625 = ORIENTED_EDGE ( 'NONE', *, *, #2127, .T. ) ;
#1626 = DIRECTION ( 'NONE',  ( 1.000000000000000000, 0.000000000000000000, 0.000000000000000000 ) ) ;
#1627 = CARTESIAN_POINT ( 'NONE',  ( 23.18999999999999417, 3.199999999999999734, -0.5699999999999998401 ) ) ;
#1628 = ORIENTED_EDGE ( 'NONE', *, *, #1008, .T. ) ;
#1629 = VECTOR ( 'NONE', #1206, 1000.000000000000000 ) ;
#1630 = PRODUCT_CONTEXT ( 'NONE', #836, 'mechanical' ) ;
#1631 = AXIS2_PLACEMENT_3D ( 'NONE', #745, #2053, #1024 ) ;
#1632 = ORIENTED_EDGE ( 'NONE', *, *, #1723, .F. ) ;
#1633 = EDGE_CURVE ( 'NONE', #1113, #1821, #1120, .T. ) ;
#1634 = LINE ( 'NONE', #317, #1327 ) ;
#1635 = UNCERTAINTY_MEASURE_WITH_UNIT (LENGTH_MEASURE( 1.000000000000000082E-05 ), #494, 'distance_accuracy_value', 'NONE');
#1636 = ORIENTED_EDGE ( 'NONE', *, *, #153, .F. ) ;
#1637 = LINE ( 'NONE', #443, #1770 ) ;
#1638 = CARTESIAN_POINT ( 'NONE',  ( 16.41000000000000014, 8.300000000000000711, -1.999999999999999556 ) ) ;
#1639 = ORIENTED_EDGE ( 'NONE', *, *, #1492, .F. ) ;
#1640 = EDGE_CURVE ( 'NONE', #1237, #86, #1764, .T. ) ;
#1641 = DIRECTION ( 'NONE',  ( 1.000000000000000000, 0.000000000000000000, 0.000000000000000000 ) ) ;
#1642 = EDGE_LOOP ( 'NONE', ( #1950, #1159, #1114, #2089, #1176, #1937, #1475, #1290 ) ) ;
#1643 = FILL_AREA_STYLE_COLOUR ( '', #1153 ) ;
#1644 = ORIENTED_EDGE ( 'NONE', *, *, #32, .T. ) ;
#1645 = CARTESIAN_POINT ( 'NONE',  ( 20.36999999999999744, -4.336808689942017736E-16, -0.5699999999999998401 ) ) ;
#1646 = DIRECTION ( 'NONE',  ( 0.000000000000000000, 1.000000000000000000, 0.000000000000000000 ) ) ;
#1647 = EDGE_LOOP ( 'NONE', ( #1575, #1371, #1531, #1791 ) ) ;
#1648 = FACE_BOUND ( 'NONE', #1728, .T. ) ;
#1649 = ORIENTED_EDGE ( 'NONE', *, *, #284, .T. ) ;
#1650 = DIRECTION ( 'NONE',  ( 0.000000000000000000, 0.7071067811865479058, -0.7071067811865472397 ) ) ;
#1651 = PLANE ( 'NONE',  #1894 ) ;
#1652 = PRODUCT_DEFINITION_CONTEXT ( 'detailed design', #2009, 'design' ) ;
#1653 = LINE ( 'NONE', #674, #1281 ) ;
#1654 = CARTESIAN_POINT ( 'NONE',  ( -0.5699999999999999512, -3.700000000000000178, -0.5699999999999999512 ) ) ;
#1655 = ADVANCED_FACE ( 'NONE', ( #1103 ), #1426, .T. ) ;
#1656 = DIRECTION ( 'NONE',  ( 0.000000000000000000, 0.000000000000000000, 1.000000000000000000 ) ) ;
#1657 = ORIENTED_EDGE ( 'NONE', *, *, #1975, .F. ) ;
#1658 = DIRECTION ( 'NONE',  ( -1.000000000000000000, -0.000000000000000000, -0.000000000000000000 ) ) ;
#1659 = VECTOR ( 'NONE', #927, 1000.000000000000000 ) ;
#1660 = VERTEX_POINT ( 'NONE', #753 ) ;
#1661 = VECTOR ( 'NONE', #456, 1000.000000000000000 ) ;
#1662 = AXIS2_PLACEMENT_3D ( 'NONE', #566, #578, #866 ) ;
#1663 = CARTESIAN_POINT ( 'NONE',  ( 11.30999999999999694, -4.336808689942017736E-16, 0.5699999999999985079 ) ) ;
#1664 = PRESENTATION_LAYER_ASSIGNMENT (  '', '', ( #1485 ) ) ;
#1665 = DIRECTION ( 'NONE',  ( 0.2505628070857293666, 0.9351131265310305141, 0.2505628070857293666 ) ) ;
#1666 = ORIENTED_EDGE ( 'NONE', *, *, #394, .F. ) ;
#1667 = EDGE_CURVE ( 'NONE', #1522, #776, #932, .T. ) ;
#1668 = DIRECTION ( 'NONE',  ( 0.000000000000000000, 0.000000000000000000, 1.000000000000000000 ) ) ;
#1669 = ORIENTED_EDGE ( 'NONE', *, *, #182, .F. ) ;
#1670 = DIRECTION ( 'NONE',  ( 0.000000000000000000, 0.000000000000000000, 1.000000000000000000 ) ) ;
#1671 = VECTOR ( 'NONE', #1386, 1000.000000000000000 ) ;
#1672 = ADVANCED_FACE ( 'NONE', ( #912 ), #642, .F. ) ;
#1673 = CARTESIAN_POINT ( 'NONE',  ( -0.5700000000000010614, 8.300000000000000711, -1.999999999999999556 ) ) ;
#1674 = VERTEX_POINT ( 'NONE', #298 ) ;
#1675 = ITEM_DEFINED_TRANSFORMATION ( 'NONE', 'NONE', #1408,  #1521 ) ;
#1676 = FACE_OUTER_BOUND ( 'NONE', #1092, .T. ) ;
#1677 = LINE ( 'NONE', #191, #421 ) ;
#1678 = DIRECTION ( 'NONE',  ( 1.000000000000000000, 0.000000000000000000, 0.000000000000000000 ) ) ;
#1679 = EDGE_LOOP ( 'NONE', ( #457, #469, #1786, #1943 ) ) ;
#1680 = ADVANCED_FACE ( 'NONE', ( #1282 ), #473, .F. ) ;
#1681 = CONTEXT_DEPENDENT_SHAPE_REPRESENTATION ( #1416, #834 ) ;
#1682 = CARTESIAN_POINT ( 'NONE',  ( 7.349999999999996980, -4.336808689942017736E-16, -0.5699999999999998401 ) ) ;
#1683 = ORIENTED_EDGE ( 'NONE', *, *, #819, .F. ) ;
#1684 = EDGE_CURVE ( 'NONE', #1135, #837, #75, .T. ) ;
#1685 = DIRECTION ( 'NONE',  ( 0.000000000000000000, 1.000000000000000000, 0.000000000000000000 ) ) ;
#1686 = CARTESIAN_POINT ( 'NONE',  ( -0.5700000000000010614, 8.300000000000000711, -3.699999999999925127 ) ) ;
#1687 = LINE ( 'NONE', #696, #2101 ) ;
#1688 = VECTOR ( 'NONE', #403, 1000.000000000000000 ) ;
#1689 = CARTESIAN_POINT ( 'NONE',  ( 3.389999999999997016, 3.199999999999999734, 0.5699999999999985079 ) ) ;
#1690 = VECTOR ( 'NONE', #510, 1000.000000000000000 ) ;
#1691 = LINE ( 'NONE', #2017, #417 ) ;
#1692 = AXIS2_PLACEMENT_3D ( 'NONE', #2049, #370, #1217 ) ;
#1693 = ORIENTED_EDGE ( 'NONE', *, *, #1708, .T. ) ;
#1694 = DIRECTION ( 'NONE',  ( 0.000000000000000000, 1.000000000000000000, 0.000000000000000000 ) ) ;
#1695 = ADVANCED_FACE ( 'NONE', ( #93 ), #722, .T. ) ;
#1696 = EDGE_LOOP ( 'NONE', ( #767, #720, #318, #809 ) ) ;
#1697 = DIRECTION ( 'NONE',  ( 0.000000000000000000, 0.000000000000000000, 1.000000000000000000 ) ) ;
#1698 = ORIENTED_EDGE ( 'NONE', *, *, #104, .F. ) ;
#1699 = DIRECTION ( 'NONE',  ( 0.000000000000000000, 0.000000000000000000, 1.000000000000000000 ) ) ;
#1700 = FACE_OUTER_BOUND ( 'NONE', #1587, .T. ) ;
#1701 = CARTESIAN_POINT ( 'NONE',  ( 7.349999999999996980, 3.199999999999999734, 0.5699999999999985079 ) ) ;
#1702 = ADVANCED_FACE ( 'NONE', ( #734 ), #2041, .F. ) ;
#1703 = VECTOR ( 'NONE', #1999, 1000.000000000000000 ) ;
#1704 = EDGE_CURVE ( 'NONE', #1930, #1577, #1067, .T. ) ;
#1705 = ORIENTED_EDGE ( 'NONE', *, *, #572, .F. ) ;
#1706 = ORIENTED_EDGE ( 'NONE', *, *, #1192, .F. ) ;
#1707 = FACE_OUTER_BOUND ( 'NONE', #1795, .T. ) ;
#1708 = EDGE_CURVE ( 'NONE', #980, #2044, #1549, .T. ) ;
#1709 = ORIENTED_EDGE ( 'NONE', *, *, #867, .T. ) ;
#1710 = PLANE ( 'NONE',  #347 ) ;
#1711 = DIRECTION ( 'NONE',  ( -1.000000000000000000, -0.000000000000000000, -0.000000000000000000 ) ) ;
#1712 = DIRECTION ( 'NONE',  ( 0.000000000000000000, 1.000000000000000000, 0.000000000000000000 ) ) ;
#1713 = PRODUCT_DEFINITION_SHAPE ( 'NONE', 'NONE',  #2043 ) ;
#1714 = FACE_OUTER_BOUND ( 'NONE', #1527, .T. ) ;
#1715 = EDGE_CURVE ( 'NONE', #2096, #688, #889, .T. ) ;
#1716 = ORIENTED_EDGE ( 'NONE', *, *, #338, .T. ) ;
#1717 = DIRECTION ( 'NONE',  ( 0.000000000000000000, 0.000000000000000000, -1.000000000000000000 ) ) ;
#1718 = CARTESIAN_POINT ( 'NONE',  ( 28.29000000000000981, 9.400000000000000355, -3.299632742307101463 ) ) ;
#1719 = EDGE_LOOP ( 'NONE', ( #1817, #434, #623, #485 ) ) ;
#1720 = CARTESIAN_POINT ( 'NONE',  ( 0.3556406460551005400, 10.90000000000000036, -0.3556406460551005400 ) ) ;
#1721 = ORIENTED_EDGE ( 'NONE', *, *, #1388, .F. ) ;
#1722 = DIRECTION ( 'NONE',  ( 1.000000000000000000, 0.000000000000000000, 0.000000000000000000 ) ) ;
#1723 = EDGE_CURVE ( 'NONE', #1376, #465, #1382, .T. ) ;
#1724 = LINE ( 'NONE', #2048, #1986 ) ;
#1725 = VECTOR ( 'NONE', #430, 1000.000000000000114 ) ;
#1726 = LINE ( 'NONE', #1423, #825 ) ;
#1727 = AXIS2_PLACEMENT_3D ( 'NONE', #501, #343, #1977 ) ;
#1728 = EDGE_LOOP ( 'NONE', ( #1709, #312, #648, #1507 ) ) ;
#1729 = FACE_BOUND ( 'NONE', #517, .T. ) ;
#1730 = VECTOR ( 'NONE', #1363, 1000.000000000000000 ) ;
#1731 = DIRECTION ( 'NONE',  ( -1.000000000000000000, 0.000000000000000000, 0.000000000000000000 ) ) ;
#1732 = EDGE_CURVE ( 'NONE', #1869, #2068, #386, .T. ) ;
#1733 = ORIENTED_EDGE ( 'NONE', *, *, #1180, .F. ) ;
#1734 = DIRECTION ( 'NONE',  ( 0.000000000000000000, -0.000000000000000000, -1.000000000000000000 ) ) ;
#1735 = VERTEX_POINT ( 'NONE', #1077 ) ;
#1736 = AXIS2_PLACEMENT_3D ( 'NONE', #1193, #349, #1007 ) ;
#1737 = DIRECTION ( 'NONE',  ( 0.000000000000000000, 1.000000000000000000, 0.000000000000000000 ) ) ;
#1738 = CARTESIAN_POINT ( 'NONE',  ( 19.22999999999999687, -4.336808689942017736E-16, -0.5699999999999998401 ) ) ;
#1739 = CARTESIAN_POINT ( 'NONE',  ( 11.30999999999999694, 3.199999999999999734, -0.5699999999999998401 ) ) ;
#1740 = CARTESIAN_POINT ( 'NONE',  ( -0.3690984950570179723, -3.649774623764254766, 0.3690984950570179723 ) ) ;
#1741 = DIRECTION ( 'NONE',  ( -1.000000000000000000, -0.000000000000000000, -0.000000000000000000 ) ) ;
#1742 = ADVANCED_FACE ( 'NONE', ( #1222 ), #204, .F. ) ;
#1743 = DIRECTION ( 'NONE',  ( -1.000000000000000000, -0.000000000000000000, -0.000000000000000000 ) ) ;
#1744 = CARTESIAN_POINT ( 'NONE',  ( 16.41000000000000014, 7.200000000000011724, -3.199999999999925127 ) ) ;
#1745 = LINE ( 'NONE', #446, #324 ) ;
#1746 = CARTESIAN_POINT ( 'NONE',  ( -0.5700000000000010614, 9.400000000000000355, -3.299632742307101463 ) ) ;
#1747 = ADVANCED_FACE ( 'NONE', ( #228, #711, #1210, #423, #1188, #1884, #408, #1053, #1729 ), #1860, .T. ) ;
#1748 = LINE ( 'NONE', #1611, #1671 ) ;
#1749 = CARTESIAN_POINT ( 'NONE',  ( -0.5700000000000010614, 7.488675134594828364, -3.699999999999922018 ) ) ;
#1750 = CARTESIAN_POINT ( 'NONE',  ( -0.5700000000000010614, 8.300000000000000711, -1.999999999999999556 ) ) ;
#1751 = EDGE_CURVE ( 'NONE', #1496, #460, #559, .T. ) ;
#1752 = ORIENTED_EDGE ( 'NONE', *, *, #1116, .F. ) ;
#1753 = CARTESIAN_POINT ( 'NONE',  ( 11.30999999999999694, 3.199999999999999734, -0.5699999999999998401 ) ) ;
#1754 = CARTESIAN_POINT ( 'NONE',  ( -0.5700000000000036149, -4.336808689942017736E-16, 0.5699999999999985079 ) ) ;
#1755 = ORIENTED_EDGE ( 'NONE', *, *, #316, .T. ) ;
#1756 = CARTESIAN_POINT ( 'NONE',  ( -0.5700000000000010614, 7.488675134594828364, -3.699999999999922018 ) ) ;
#1757 = LINE ( 'NONE', #269, #521 ) ;
#1758 = CARTESIAN_POINT ( 'NONE',  ( 12.44999999999999929, -4.336808689942017736E-16, -0.5699999999999998401 ) ) ;
#1759 = ADVANCED_FACE ( 'NONE', ( #217 ), #254, .F. ) ;
#1760 = SHAPE_REPRESENTATION_RELATIONSHIP ( 'NONE' , 'NONE' ,  #1456, #131 ) ;
#1761 = CARTESIAN_POINT ( 'NONE',  ( 4.529999999999999361, -4.336808689942017736E-16, -0.5699999999999998401 ) ) ;
#1762 = VECTOR ( 'NONE', #1741, 1000.000000000000000 ) ;
#1763 = ORIENTED_EDGE ( 'NONE', *, *, #1400, .F. ) ;
#1764 = LINE ( 'NONE', #633, #198 ) ;
#1765 = AXIS2_PLACEMENT_3D ( 'NONE', #84, #1585, #241 ) ;
#1766 = ORIENTED_EDGE ( 'NONE', *, *, #252, .T. ) ;
#1767 = VECTOR ( 'NONE', #1921, 1000.000000000000000 ) ;
#1768 = CARTESIAN_POINT ( 'NONE',  ( 8.489999999999998437, -4.336808689942017736E-16, -0.5699999999999998401 ) ) ;
#1769 = DIRECTION ( 'NONE',  ( 0.000000000000000000, 0.000000000000000000, 1.000000000000000000 ) ) ;
#1770 = VECTOR ( 'NONE', #123, 1000.000000000000000 ) ;
#1771 = LINE ( 'NONE', #2071, #165 ) ;
#1772 = CARTESIAN_POINT ( 'NONE',  ( 3.389999999999997016, 3.199999999999999734, 0.5699999999999985079 ) ) ;
#1773 = CARTESIAN_POINT ( 'NONE',  ( 7.349999999999996980, 3.199999999999999734, -0.5699999999999998401 ) ) ;
#1774 = ORIENTED_EDGE ( 'NONE', *, *, #1851, .F. ) ;
#1775 = VERTEX_POINT ( 'NONE', #618 ) ;
#1776 = EDGE_CURVE ( 'NONE', #279, #77, #480, .T. ) ;
#1777 = DIRECTION ( 'NONE',  ( 0.000000000000000000, 1.000000000000000000, 0.000000000000000000 ) ) ;
#1778 = ORIENTED_EDGE ( 'NONE', *, *, #1266, .F. ) ;
#1779 = ORIENTED_EDGE ( 'NONE', *, *, #1542, .F. ) ;
#1780 = CARTESIAN_POINT ( 'NONE',  ( 15.26999999999999780, -4.336808689942017736E-16, 0.5699999999999985079 ) ) ;
#1781 = DIRECTION ( 'NONE',  ( 0.000000000000000000, 1.000000000000000000, 0.000000000000000000 ) ) ;
#1782 = ORIENTED_EDGE ( 'NONE', *, *, #1014, .F. ) ;
#1783 = EDGE_LOOP ( 'NONE', ( #1883, #1546, #197, #2125 ) ) ;
#1784 = CARTESIAN_POINT ( 'NONE',  ( 29.67000000000000881, -4.336808689942017736E-16, -2.000000000000000000 ) ) ;
#1785 = CARTESIAN_POINT ( 'NONE',  ( 12.44999999999999929, -4.336808689942017736E-16, 0.5699999999999985079 ) ) ;
#1786 = ORIENTED_EDGE ( 'NONE', *, *, #1810, .F. ) ;
#1787 = EDGE_CURVE ( 'NONE', #1113, #1930, #276, .T. ) ;
#1788 = APPLICATION_PROTOCOL_DEFINITION ( 'draft international standard', 'automotive_design', 1998, #348 ) ;
#1789 = ORIENTED_EDGE ( 'NONE', *, *, #766, .T. ) ;
#1790 = DIRECTION ( 'NONE',  ( 1.000000000000000000, 0.000000000000000000, 0.000000000000000000 ) ) ;
#1791 = ORIENTED_EDGE ( 'NONE', *, *, #356, .F. ) ;
#1792 = PRODUCT_DEFINITION ( 'UNKNOWN', '', #1488, #352 ) ;
#1793 = ORIENTED_EDGE ( 'NONE', *, *, #1776, .F. ) ;
#1794 = CARTESIAN_POINT ( 'NONE',  ( 16.41000000000000014, 8.300000000000000711, -1.999999999999999556 ) ) ;
#1795 = EDGE_LOOP ( 'NONE', ( #929, #1451, #507, #2111 ) ) ;
#1796 = AXIS2_PLACEMENT_3D ( 'NONE', #1970, #488, #1195 ) ;
#1797 = VECTOR ( 'NONE', #2073, 1000.000000000000000 ) ;
#1798 = EDGE_CURVE ( 'NONE', #1006, #997, #1615, .T. ) ;
#1799 = VECTOR ( 'NONE', #1658, 1000.000000000000000 ) ;
#1800 = ORIENTED_EDGE ( 'NONE', *, *, #1975, .T. ) ;
#1801 = CARTESIAN_POINT ( 'NONE',  ( 20.36999999999999744, -4.336808689942017736E-16, 0.5699999999999985079 ) ) ;
#1802 = AXIS2_PLACEMENT_3D ( 'NONE', #1349, #899, #1048 ) ;
#1803 = EDGE_LOOP ( 'NONE', ( #1657, #888, #1059, #1017 ) ) ;
#1804 = CARTESIAN_POINT ( 'NONE',  ( 3.389999999999997016, 3.199999999999999734, -0.5699999999999998401 ) ) ;
#1805 = LINE ( 'NONE', #982, #1259 ) ;
#1806 = DIRECTION ( 'NONE',  ( -0.000000000000000000, 0.8660254037844345998, 0.5000000000000071054 ) ) ;
#1807 = ORIENTED_EDGE ( 'NONE', *, *, #1232, .F. ) ;
#1808 = DIRECTION ( 'NONE',  ( 0.000000000000000000, -0.7071067811865479058, 0.7071067811865472397 ) ) ;
#1809 = VECTOR ( 'NONE', #924, 1000.000000000000000 ) ;
#1810 = EDGE_CURVE ( 'NONE', #1876, #2096, #1257, .T. ) ;
#1811 = DIRECTION ( 'NONE',  ( 0.000000000000000000, 0.000000000000000000, 1.000000000000000000 ) ) ;
#1812 = ORIENTED_EDGE ( 'NONE', *, *, #1010, .T. ) ;
#1813 = CARTESIAN_POINT ( 'NONE',  ( 7.349999999999996980, -4.336808689942017736E-16, -0.5699999999999998401 ) ) ;
#1814 = PLANE ( 'NONE',  #1052 ) ;
#1815 = ORIENTED_EDGE ( 'NONE', *, *, #1902, .F. ) ;
#1816 = PLANE ( 'NONE',  #1296 ) ;
#1817 = ORIENTED_EDGE ( 'NONE', *, *, #803, .T. ) ;
#1818 = CARTESIAN_POINT ( 'NONE',  ( 0.5699999999999999512, 10.09999999999999964, 0.5699999999999999512 ) ) ;
#1819 = EDGE_CURVE ( 'NONE', #1853, #493, #286, .T. ) ;
#1820 = FACE_OUTER_BOUND ( 'NONE', #817, .T. ) ;
#1821 = VERTEX_POINT ( 'NONE', #1944 ) ;
#1822 = PLANE ( 'NONE',  #1262 ) ;
#1823 = VECTOR ( 'NONE', #918, 1000.000000000000227 ) ;
#1824 = ORIENTED_EDGE ( 'NONE', *, *, #1881, .F. ) ;
#1825 = VECTOR ( 'NONE', #810, 1000.000000000000000 ) ;
#1826 = CARTESIAN_POINT ( 'NONE',  ( 0.5699999999999999512, -3.700000000000000178, 0.3556406460551010396 ) ) ;
#1827 = VECTOR ( 'NONE', #1582, 1000.000000000000000 ) ;
#1828 = DIRECTION ( 'NONE',  ( -0.000000000000000000, -0.000000000000000000, -1.000000000000000000 ) ) ;
#1829 = CARTESIAN_POINT ( 'NONE',  ( -0.2975273339210819934, 11.11688183348025838, -0.2975273339210819934 ) ) ;
#1830 = VERTEX_POINT ( 'NONE', #466 ) ;
#1831 = EDGE_CURVE ( 'NONE', #1853, #617, #1637, .T. ) ;
#1832 = FACE_BOUND ( 'NONE', #1128, .T. ) ;
#1833 = EDGE_LOOP ( 'NONE', ( #1793, #420, #4, #1414 ) ) ;
#1834 = DIRECTION ( 'NONE',  ( 0.000000000000000000, 0.000000000000000000, -1.000000000000000000 ) ) ;
#1835 = EDGE_CURVE ( 'NONE', #148, #993, #264, .T. ) ;
#1836 = DIRECTION ( 'NONE',  ( -1.000000000000000000, 0.000000000000000000, 0.000000000000000000 ) ) ;
#1837 = ORIENTED_EDGE ( 'NONE', *, *, #367, .T. ) ;
#1838 = ITEM_DEFINED_TRANSFORMATION ( 'NONE', 'NONE', #71,  #1521 ) ;
#1839 = DIRECTION ( 'NONE',  ( 0.000000000000000000, 0.000000000000000000, -1.000000000000000000 ) ) ;
#1840 = EDGE_CURVE ( 'NONE', #776, #1775, #146, .T. ) ;
#1841 = PRODUCT_DEFINITION_SHAPE ( 'NONE', 'NONE',  #2134 ) ;
#1842 = CARTESIAN_POINT ( 'NONE',  ( 3.389999999999997016, -4.336808689942017736E-16, 0.5699999999999985079 ) ) ;
#1843 = ORIENTED_EDGE ( 'NONE', *, *, #792, .T. ) ;
#1844 = DIRECTION ( 'NONE',  ( 0.000000000000000000, 0.000000000000000000, 1.000000000000000000 ) ) ;
#1845 = PLANE ( 'NONE',  #1126 ) ;
#1846 = DIRECTION ( 'NONE',  ( 1.000000000000000000, 0.000000000000000000, 0.000000000000000000 ) ) ;
#1847 = ORIENTED_EDGE ( 'NONE', *, *, #425, .F. ) ;
#1848 = ITEM_DEFINED_TRANSFORMATION ( 'NONE', 'NONE', #1267,  #1521 ) ;
#1849 = LINE ( 'NONE', #1045, #1962 ) ;
#1850 = ORIENTED_EDGE ( 'NONE', *, *, #246, .T. ) ;
#1851 = EDGE_CURVE ( 'NONE', #1775, #1411, #1958, .T. ) ;
#1852 = PLANE ( 'NONE',  #1337 ) ;
#1853 = VERTEX_POINT ( 'NONE', #787 ) ;
#1854 = CARTESIAN_POINT ( 'NONE',  ( -0.5700000000000036149, -4.336808689942017736E-16, -0.5699999999999998401 ) ) ;
#1855 = AXIS2_PLACEMENT_3D ( 'NONE', #238, #272, #605 ) ;
#1856 = CARTESIAN_POINT ( 'NONE',  ( 15.26999999999999780, -4.336808689942017736E-16, -0.5699999999999998401 ) ) ;
#1857 = VECTOR ( 'NONE', #2113, 1000.000000000000000 ) ;
#1858 = PRESENTATION_LAYER_ASSIGNMENT (  '', '', ( #1299 ) ) ;
#1859 = ORIENTED_EDGE ( 'NONE', *, *, #597, .F. ) ;
#1860 = PLANE ( 'NONE',  #826 ) ;
#1861 = CARTESIAN_POINT ( 'NONE',  ( 0.5699999999999999512, 10.09999999999999964, 0.000000000000000000 ) ) ;
#1862 = ORIENTED_EDGE ( 'NONE', *, *, #1787, .F. ) ;
#1863 = FACE_OUTER_BOUND ( 'NONE', #445, .T. ) ;
#1864 = ORIENTED_EDGE ( 'NONE', *, *, #542, .T. ) ;
#1865 = LINE ( 'NONE', #1739, #63 ) ;
#1866 = EDGE_CURVE ( 'NONE', #754, #2120, #1245, .T. ) ;
#1867 = LINE ( 'NONE', #1020, #896 ) ;
#1868 = LINE ( 'NONE', #395, #1823 ) ;
#1869 = VERTEX_POINT ( 'NONE', #1279 ) ;
#1870 = ORIENTED_EDGE ( 'NONE', *, *, #338, .F. ) ;
#1871 = DIRECTION ( 'NONE',  ( 0.000000000000000000, -0.000000000000000000, -1.000000000000000000 ) ) ;
#1872 = CARTESIAN_POINT ( 'NONE',  ( 19.22999999999999687, -4.336808689942017736E-16, 0.5699999999999985079 ) ) ;
#1873 = CLOSED_SHELL ( 'NONE', ( #1742, #1329, #1680, #1429, #726, #638, #1319, #1533, #857, #1747, #2082, #1005, #2074, #2034, #406, #1200, #61, #1591, #1605, #994, #388, #611, #645, #273, #948, #2011, #1030, #346, #1655, #551, #1518, #1394, #1951, #1163, #1109, #39, #9, #2003, #1220, #474, #372, #2094, #361, #1672, #1961, #1136, #1156, #1702, #500 ) ) ;
#1874 = EDGE_CURVE ( 'NONE', #385, #1212, #1089, .T. ) ;
#1875 = DIRECTION ( 'NONE',  ( -0.000000000000000000, 0.2588190451025185190, 0.9659258262890689783 ) ) ;
#1876 = VERTEX_POINT ( 'NONE', #1436 ) ;
#1877 = DIRECTION ( 'NONE',  ( 0.000000000000000000, 0.000000000000000000, 1.000000000000000000 ) ) ;
#1878 = CARTESIAN_POINT ( 'NONE',  ( 19.22999999999999687, -4.336808689942017736E-16, -0.5699999999999998401 ) ) ;
#1879 = CARTESIAN_POINT ( 'NONE',  ( 29.67000000000000881, -4.336808689942017736E-16, -2.000000000000000000 ) ) ;
#1880 = LINE ( 'NONE', #1197, #546 ) ;
#1881 = EDGE_CURVE ( 'NONE', #401, #1660, #2099, .T. ) ;
#1882 = ORIENTED_EDGE ( 'NONE', *, *, #2063, .T. ) ;
#1883 = ORIENTED_EDGE ( 'NONE', *, *, #917, .T. ) ;
#1884 = FACE_BOUND ( 'NONE', #1333, .T. ) ;
#1885 = FACE_OUTER_BOUND ( 'NONE', #1277, .T. ) ;
#1886 = ORIENTED_EDGE ( 'NONE', *, *, #293, .F. ) ;
#1887 = FILL_AREA_STYLE ('',( #107 ) ) ;
#1888 = VECTOR ( 'NONE', #1568, 1000.000000000000000 ) ;
#1889 = DIRECTION ( 'NONE',  ( 0.000000000000000000, 0.000000000000000000, 1.000000000000000000 ) ) ;
#1890 = CARTESIAN_POINT ( 'NONE',  ( -1.950000000000000400, -4.336808689942017736E-16, -2.000000000000000000 ) ) ;
#1891 = EDGE_CURVE ( 'NONE', #48, #688, #930, .T. ) ;
#1892 = PLANE ( 'NONE',  #33 ) ;
#1893 = VECTOR ( 'NONE', #1464, 1000.000000000000000 ) ;
#1894 = AXIS2_PLACEMENT_3D ( 'NONE', #2088, #1622, #616 ) ;
#1895 = CARTESIAN_POINT ( 'NONE',  ( -0.5700000000000010614, -4.336808689942017736E-16, -2.699999999999931788 ) ) ;
#1896 = VECTOR ( 'NONE', #838, 1000.000000000000000 ) ;
#1897 = EDGE_LOOP ( 'NONE', ( #285, #194, #921, #1824 ) ) ;
#1898 = AXIS2_PLACEMENT_3D ( 'NONE', #362, #1678, #1303 ) ;
#1899 = DIRECTION ( 'NONE',  ( 1.000000000000000000, -0.000000000000000000, -0.000000000000000000 ) ) ;
#1900 = ORIENTED_EDGE ( 'NONE', *, *, #1941, .T. ) ;
#1901 = PRODUCT_DEFINITION_FORMATION_WITH_SPECIFIED_SOURCE ( 'ANY', '', #188, .NOT_KNOWN. ) ;
#1902 = EDGE_CURVE ( 'NONE', #1076, #2021, #952, .T. ) ;
#1903 = ORIENTED_EDGE ( 'NONE', *, *, #792, .F. ) ;
#1904 = CARTESIAN_POINT ( 'NONE',  ( -0.5699999999999999512, -2.899999999999999911, -0.5699999999999999512 ) ) ;
#1905 = DIRECTION ( 'NONE',  ( 0.000000000000000000, -0.9659258262890689783, 0.2588190451025185190 ) ) ;
#1906 = LINE ( 'NONE', #393, #99 ) ;
#1907 = CARTESIAN_POINT ( 'NONE',  ( -0.5700000000000010614, 9.400000000000000355, -3.299632742307101463 ) ) ;
#1908 = ORIENTED_EDGE ( 'NONE', *, *, #969, .T. ) ;
#1909 = DIRECTION ( 'NONE',  ( -1.000000000000000000, -0.000000000000000000, -0.000000000000000000 ) ) ;
#1910 = DIRECTION ( 'NONE',  ( -1.000000000000000000, 0.000000000000000000, -0.000000000000000000 ) ) ;
#1911 = ORIENTED_EDGE ( 'NONE', *, *, #699, .T. ) ;
#1912 = VECTOR ( 'NONE', #1428, 1000.000000000000000 ) ;
#1913 = ORIENTED_EDGE ( 'NONE', *, *, #1510, .T. ) ;
#1914 =( LENGTH_UNIT ( ) NAMED_UNIT ( * ) SI_UNIT ( .MILLI., .METRE. ) );
#1915 = EDGE_CURVE ( 'NONE', #2018, #1102, #136, .T. ) ;
#1916 = DIRECTION ( 'NONE',  ( 0.000000000000000000, -1.000000000000000000, 0.000000000000000000 ) ) ;
#1917 = SURFACE_STYLE_FILL_AREA ( #615 ) ;
#1918 = DIRECTION ( 'NONE',  ( 0.000000000000000000, 0.000000000000000000, 1.000000000000000000 ) ) ;
#1919 = ORIENTED_EDGE ( 'NONE', *, *, #751, .F. ) ;
#1920 = ORIENTED_EDGE ( 'NONE', *, *, #1640, .F. ) ;
#1921 = DIRECTION ( 'NONE',  ( 0.2505628070857293666, -0.9351131265310305141, 0.2505628070857293666 ) ) ;
#1922 = ADVANCED_FACE ( 'NONE', ( #1953 ), #1412, .F. ) ;
#1923 = DIRECTION ( 'NONE',  ( 0.000000000000000000, 0.000000000000000000, 1.000000000000000000 ) ) ;
#1924 = CARTESIAN_POINT ( 'NONE',  ( -1.980000000000005977, 0.000000000000000000, -1.517883041479706208E-15 ) ) ;
#1925 = DIRECTION ( 'NONE',  ( -1.000000000000000000, 0.000000000000000000, -0.000000000000000000 ) ) ;
#1926 = DIRECTION ( 'NONE',  ( 0.000000000000000000, 1.000000000000000000, 0.000000000000000000 ) ) ;
#1927 = EDGE_CURVE ( 'NONE', #1273, #1118, #1161, .T. ) ;
#1928 = ORIENTED_EDGE ( 'NONE', *, *, #806, .T. ) ;
#1929 = VECTOR ( 'NONE', #1087, 1000.000000000000000 ) ;
#1930 = VERTEX_POINT ( 'NONE', #841 ) ;
#1931 = DIRECTION ( 'NONE',  ( 1.000000000000000000, -0.000000000000000000, -0.000000000000000000 ) ) ;
#1932 = LINE ( 'NONE', #1270, #1857 ) ;
#1933 = VECTOR ( 'NONE', #1090, 1000.000000000000000 ) ;
#1934 = VECTOR ( 'NONE', #1425, 1000.000000000000000 ) ;
#1935 = CARTESIAN_POINT ( 'NONE',  ( 23.18999999999999417, 3.199999999999999734, 0.5699999999999985079 ) ) ;
#1936 = SHAPE_DEFINITION_REPRESENTATION ( #1352, #1309 ) ;
#1937 = ORIENTED_EDGE ( 'NONE', *, *, #626, .F. ) ;
#1938 = AXIS2_PLACEMENT_3D ( 'NONE', #1826, #503, #844 ) ;
#1939 = CARTESIAN_POINT ( 'NONE',  ( -0.5700000000000010614, 7.200000000000011724, -3.199999999999925127 ) ) ;
#1940 = DIRECTION ( 'NONE',  ( -1.000000000000000000, 0.000000000000000000, 0.000000000000000000 ) ) ;
#1941 = EDGE_CURVE ( 'NONE', #206, #1080, #186, .T. ) ;
#1942 = ORIENTED_EDGE ( 'NONE', *, *, #1042, .F. ) ;
#1943 = ORIENTED_EDGE ( 'NONE', *, *, #202, .F. ) ;
#1944 = CARTESIAN_POINT ( 'NONE',  ( -0.5700000000000010614, 3.199999999999999734, -2.000000000000000000 ) ) ;
#1945 = CARTESIAN_POINT ( 'NONE',  ( 28.29000000000000981, 0.000000000000000000, 0.000000000000000000 ) ) ;
#1946 = EDGE_CURVE ( 'NONE', #617, #1534, #1331, .T. ) ;
#1947 = ORIENTED_EDGE ( 'NONE', *, *, #116, .T. ) ;
#1948 = CARTESIAN_POINT ( 'NONE',  ( -0.3556406460551005400, 10.90000000000000036, 0.3556406460551005400 ) ) ;
#1949 = FACE_OUTER_BOUND ( 'NONE', #2026, .T. ) ;
#1950 = ORIENTED_EDGE ( 'NONE', *, *, #1891, .F. ) ;
#1951 = ADVANCED_FACE ( 'NONE', ( #1982 ), #971, .F. ) ;
#1952 = ORIENTED_EDGE ( 'NONE', *, *, #1835, .F. ) ;
#1953 = FACE_OUTER_BOUND ( 'NONE', #1980, .T. ) ;
#1954 = DIRECTION ( 'NONE',  ( 0.000000000000000000, 0.000000000000000000, 1.000000000000000000 ) ) ;
#1955 = ORIENTED_EDGE ( 'NONE', *, *, #1100, .T. ) ;
#1956 = LINE ( 'NONE', #975, #450 ) ;
#1957 = ORIENTED_EDGE ( 'NONE', *, *, #1667, .T. ) ;
#1958 = LINE ( 'NONE', #1753, #992 ) ;
#1959 = CARTESIAN_POINT ( 'NONE',  ( 28.29000000000001336, -4.336808689942017736E-16, 0.5699999999999985079 ) ) ;
#1960 = VECTOR ( 'NONE', #742, 1000.000000000000000 ) ;
#1961 = ADVANCED_FACE ( 'NONE', ( #1820 ), #506, .F. ) ;
#1962 = VECTOR ( 'NONE', #242, 1000.000000000000000 ) ;
#1963 = EDGE_LOOP ( 'NONE', ( #2121, #1942, #1458, #1870 ) ) ;
#1964 = VECTOR ( 'NONE', #2112, 1000.000000000000000 ) ;
#1965 = LINE ( 'NONE', #657, #1362 ) ;
#1966 = SURFACE_STYLE_USAGE ( .BOTH. , #335 ) ;
#1967 = VERTEX_POINT ( 'NONE', #28 ) ;
#1968 = DIRECTION ( 'NONE',  ( -0.000000000000000000, 1.000000000000000000, -3.741739237146844007E-15 ) ) ;
#1969 = FACE_OUTER_BOUND ( 'NONE', #1244, .T. ) ;
#1970 = CARTESIAN_POINT ( 'NONE',  ( 16.41000000000000014, 8.300000000000000711, -3.699999999999925127 ) ) ;
#1971 = FACE_OUTER_BOUND ( 'NONE', #541, .T. ) ;
#1972 = EDGE_CURVE ( 'NONE', #375, #401, #1973, .T. ) ;
#1973 = LINE ( 'NONE', #193, #630 ) ;
#1974 = ORIENTED_EDGE ( 'NONE', *, *, #128, .T. ) ;
#1975 = EDGE_CURVE ( 'NONE', #1260, #871, #1520, .T. ) ;
#1976 = CONTEXT_DEPENDENT_SHAPE_REPRESENTATION ( #721, #666 ) ;
#1977 = DIRECTION ( 'NONE',  ( -1.000000000000000000, 0.000000000000000000, 0.000000000000000000 ) ) ;
#1978 = EDGE_LOOP ( 'NONE', ( #203, #407, #2036, #1124 ) ) ;
#1979 =( NAMED_UNIT ( * ) SI_UNIT ( $, .STERADIAN. ) SOLID_ANGLE_UNIT ( ) );
#1980 = EDGE_LOOP ( 'NONE', ( #865, #536, #1381, #1716 ) ) ;
#1981 = EDGE_CURVE ( 'NONE', #980, #1032, #818, .T. ) ;
#1982 = FACE_OUTER_BOUND ( 'NONE', #1209, .T. ) ;
#1983 = EDGE_LOOP ( 'NONE', ( #979, #1069, #353, #1517 ) ) ;
#1984 = VECTOR ( 'NONE', #1737, 1000.000000000000000 ) ;
#1985 = VECTOR ( 'NONE', #369, 1000.000000000000000 ) ;
#1986 = VECTOR ( 'NONE', #248, 1000.000000000000000 ) ;
#1987 = EDGE_CURVE ( 'NONE', #1534, #2044, #698, .T. ) ;
#1988 = ORIENTED_EDGE ( 'NONE', *, *, #1036, .T. ) ;
#1989 = VECTOR ( 'NONE', #1370, 1000.000000000000000 ) ;
#1990 = CARTESIAN_POINT ( 'NONE',  ( 28.29000000000000981, 7.200000000000011724, -3.199999999999925127 ) ) ;
#1991 = PRESENTATION_STYLE_ASSIGNMENT (( #1966 ) ) ;
#1992 = CARTESIAN_POINT ( 'NONE',  ( -0.5700000000000010614, 0.4999999999999995559, -3.199999999999931344 ) ) ;
#1993 = DIRECTION ( 'NONE',  ( 1.000000000000000000, 0.000000000000000000, 0.000000000000000000 ) ) ;
#1994 = EDGE_CURVE ( 'NONE', #279, #569, #331, .T. ) ;
#1995 = ORIENTED_EDGE ( 'NONE', *, *, #1375, .F. ) ;
#1996 = ITEM_DEFINED_TRANSFORMATION ( 'NONE', 'NONE', #2031,  #1521 ) ;
#1997 = FACE_BOUND ( 'NONE', #707, .T. ) ;
#1998 = ORIENTED_EDGE ( 'NONE', *, *, #1578, .T. ) ;
#1999 = DIRECTION ( 'NONE',  ( 0.000000000000000000, -1.000000000000000000, -5.225070710773516221E-17 ) ) ;
#2000 = EDGE_CURVE ( 'NONE', #569, #1080, #168, .T. ) ;
#2001 = CARTESIAN_POINT ( 'NONE',  ( -1.950000000000000400, -4.336808689942017736E-16, 4.799999999999999822 ) ) ;
#2002 = ORIENTED_EDGE ( 'NONE', *, *, #699, .F. ) ;
#2003 = ADVANCED_FACE ( 'NONE', ( #1131 ), #1322, .F. ) ;
#2004 = CARTESIAN_POINT ( 'NONE',  ( 19.22999999999999687, -4.336808689942017736E-16, -0.5699999999999998401 ) ) ;
#2005 = CARTESIAN_POINT ( 'NONE',  ( 11.30999999999999694, -4.336808689942017736E-16, -0.5699999999999998401 ) ) ;
#2006 = DIRECTION ( 'NONE',  ( 1.000000000000000000, 0.000000000000000000, 0.000000000000000000 ) ) ;
#2007 = ORIENTED_EDGE ( 'NONE', *, *, #293, .T. ) ;
#2008 = EDGE_CURVE ( 'NONE', #1614, #1592, #156, .T. ) ;
#2009 = APPLICATION_CONTEXT ( 'automotive_design' ) ;
#2010 = CARTESIAN_POINT ( 'NONE',  ( 0.5699999999999999512, -3.700000000000000178, -0.5699999999999999512 ) ) ;
#2011 = ADVANCED_FACE ( 'NONE', ( #1969 ), #11, .F. ) ;
#2012 = ORIENTED_EDGE ( 'NONE', *, *, #172, .F. ) ;
#2013 = CARTESIAN_POINT ( 'NONE',  ( -0.5700000000000036149, -4.336808689942017736E-16, 0.5699999999999985079 ) ) ;
#2014 = CARTESIAN_POINT ( 'NONE',  ( 29.67000000000000881, 0.000000000000000000, 0.000000000000000000 ) ) ;
#2015 = CARTESIAN_POINT ( 'NONE',  ( 9.899999999999993250, 0.000000000000000000, -1.517883041479706208E-15 ) ) ;
#2016 = LINE ( 'NONE', #1856, #686 ) ;
#2017 = CARTESIAN_POINT ( 'NONE',  ( 0.5699999999999999512, 10.09999999999999964, 0.5699999999999999512 ) ) ;
#2018 = VERTEX_POINT ( 'NONE', #675 ) ;
#2019 = DIRECTION ( 'NONE',  ( 0.000000000000000000, 1.000000000000000000, 0.000000000000000000 ) ) ;
#2020 = DIRECTION ( 'NONE',  ( 0.000000000000000000, -1.000000000000000000, -9.061988307341512584E-16 ) ) ;
#2021 = VERTEX_POINT ( 'NONE', #680 ) ;
#2022 = AXIS2_PLACEMENT_3D ( 'NONE', #1407, #1230, #1905 ) ;
#2023 = EDGE_CURVE ( 'NONE', #2078, #1522, #1001, .T. ) ;
#2024 = AXIS2_PLACEMENT_3D ( 'NONE', #282, #824, #783 ) ;
#2025 = CARTESIAN_POINT ( 'NONE',  ( 3.389999999999997016, -4.336808689942017736E-16, 0.5699999999999985079 ) ) ;
#2026 = EDGE_LOOP ( 'NONE', ( #1455, #227, #848, #1424 ) ) ;
#2027 = VECTOR ( 'NONE', #607, 1000.000000000000000 ) ;
#2028 = VECTOR ( 'NONE', #40, 1000.000000000000000 ) ;
#2029 = AXIS2_PLACEMENT_3D ( 'NONE', #1645, #2006, #1476 ) ;
#2030 = ORIENTED_EDGE ( 'NONE', *, *, #2109, .F. ) ;
#2031 = AXIS2_PLACEMENT_3D ( 'NONE', #1340, #1769, #1170 ) ;
#2032 = DIRECTION ( 'NONE',  ( 0.000000000000000000, 1.000000000000000000, 0.000000000000000000 ) ) ;
#2033 = DIRECTION ( 'NONE',  ( 0.000000000000000000, 0.9396926207859080948, 0.3420201433256694346 ) ) ;
#2034 = ADVANCED_FACE ( 'NONE', ( #516 ), #1050, .F. ) ;
#2035 = FACE_OUTER_BOUND ( 'NONE', #13, .T. ) ;
#2036 = ORIENTED_EDGE ( 'NONE', *, *, #1042, .T. ) ;
#2037 = CARTESIAN_POINT ( 'NONE',  ( 16.41000000000000014, 0.4999999999999995559, -3.199999999999931344 ) ) ;
#2038 = LINE ( 'NONE', #70, #340 ) ;
#2039 = PRESENTATION_LAYER_ASSIGNMENT (  '', '', ( #289 ) ) ;
#2040 = ORIENTED_EDGE ( 'NONE', *, *, #710, .T. ) ;
#2041 = PLANE ( 'NONE',  #1765 ) ;
#2042 = LINE ( 'NONE', #1223, #1096 ) ;
#2043 = PRODUCT_DEFINITION ( 'UNKNOWN', '', #861, #1652 ) ;
#2044 = VERTEX_POINT ( 'NONE', #1532 ) ;
#2045 = FACE_OUTER_BOUND ( 'NONE', #1679, .T. ) ;
#2046 = DIRECTION ( 'NONE',  ( 0.000000000000000000, 0.000000000000000000, -1.000000000000000000 ) ) ;
#2047 = LINE ( 'NONE', #1939, #1460 ) ;
#2048 = CARTESIAN_POINT ( 'NONE',  ( 11.30999999999999694, -4.336808689942017736E-16, -0.5699999999999998401 ) ) ;
#2049 = CARTESIAN_POINT ( 'NONE',  ( 3.389999999999997016, -4.336808689942017736E-16, -0.5699999999999998401 ) ) ;
#2050 = CARTESIAN_POINT ( 'NONE',  ( 15.26999999999999780, -4.336808689942017736E-16, -0.5699999999999998401 ) ) ;
#2051 = EDGE_LOOP ( 'NONE', ( #1284, #233, #1957, #1310 ) ) ;
#2052 = CARTESIAN_POINT ( 'NONE',  ( 0.000000000000000000, -4.336808689942017736E-16, 0.000000000000000000 ) ) ;
#2053 = DIRECTION ( 'NONE',  ( 1.000000000000000000, 0.000000000000000000, 0.000000000000000000 ) ) ;
#2054 = ORIENTED_EDGE ( 'NONE', *, *, #394, .T. ) ;
#2055 = DIRECTION ( 'NONE',  ( -0.000000000000000000, 0.5000000000000069944, -0.8660254037844344888 ) ) ;
#2056 = DIRECTION ( 'NONE',  ( 1.000000000000000000, 0.000000000000000000, 0.000000000000000000 ) ) ;
#2057 = CARTESIAN_POINT ( 'NONE',  ( -0.5699999999999999512, 10.90000000000000036, 0.5699999999999999512 ) ) ;
#2058 = VECTOR ( 'NONE', #603, 1000.000000000000000 ) ;
#2059 = AXIS2_PLACEMENT_3D ( 'NONE', #45, #538, #987 ) ;
#2060 = SURFACE_STYLE_USAGE ( .BOTH. , #281 ) ;
#2061 = CARTESIAN_POINT ( 'NONE',  ( 28.29000000000000981, 3.199999999999999734, -2.000000000000000000 ) ) ;
#2062 = VECTOR ( 'NONE', #1012, 1000.000000000000000 ) ;
#2063 = EDGE_CURVE ( 'NONE', #375, #257, #1389, .T. ) ;
#2064 = ORIENTED_EDGE ( 'NONE', *, *, #944, .T. ) ;
#2065 = DIRECTION ( 'NONE',  ( 0.000000000000000000, 0.000000000000000000, -1.000000000000000000 ) ) ;
#2066 = AXIS2_PLACEMENT_3D ( 'NONE', #910, #901, #69 ) ;
#2067 = DIRECTION ( 'NONE',  ( 0.000000000000000000, 0.5000000000000069944, -0.8660254037844344888 ) ) ;
#2068 = VERTEX_POINT ( 'NONE', #91 ) ;
#2069 = AXIS2_PLACEMENT_3D ( 'NONE', #2015, #537, #1183 ) ;
#2070 = EDGE_LOOP ( 'NONE', ( #797, #1988, #813, #199 ) ) ;
#2071 = CARTESIAN_POINT ( 'NONE',  ( 23.18999999999999417, 3.199999999999999734, 0.5699999999999985079 ) ) ;
#2072 = LINE ( 'NONE', #601, #249 ) ;
#2073 = DIRECTION ( 'NONE',  ( 0.000000000000000000, 1.000000000000000000, 0.000000000000000000 ) ) ;
#2074 = ADVANCED_FACE ( 'NONE', ( #250 ), #225, .F. ) ;
#2075 = DIRECTION ( 'NONE',  ( 1.000000000000000000, 0.000000000000000000, 0.000000000000000000 ) ) ;
#2076 = ORIENTED_EDGE ( 'NONE', *, *, #2123, .T. ) ;
#2077 = VECTOR ( 'NONE', #1431, 1000.000000000000000 ) ;
#2078 = VERTEX_POINT ( 'NONE', #47 ) ;
#2079 = CARTESIAN_POINT ( 'NONE',  ( -0.5699999999999999512, 0.000000000000000000, 0.000000000000000000 ) ) ;
#2080 = CARTESIAN_POINT ( 'NONE',  ( 3.389999999999997016, 3.199999999999999734, -0.5699999999999998401 ) ) ;
#2081 = ORIENTED_EDGE ( 'NONE', *, *, #1874, .F. ) ;
#2082 = ADVANCED_FACE ( 'NONE', ( #1196 ), #556, .F. ) ;
#2083 = ORIENTED_EDGE ( 'NONE', *, *, #1819, .T. ) ;
#2084 = CARTESIAN_POINT ( 'NONE',  ( 0.5699999999999999512, 10.09999999999999964, -0.5699999999999999512 ) ) ;
#2085 = CARTESIAN_POINT ( 'NONE',  ( 19.22999999999999687, 3.199999999999999734, 0.5699999999999985079 ) ) ;
#2086 = LINE ( 'NONE', #414, #207 ) ;
#2087 = DIRECTION ( 'NONE',  ( 0.000000000000000000, -1.000000000000000000, -5.225070710773516221E-17 ) ) ;
#2088 = CARTESIAN_POINT ( 'NONE',  ( 11.30999999999999694, -4.336808689942017736E-16, 0.5699999999999985079 ) ) ;
#2089 = ORIENTED_EDGE ( 'NONE', *, *, #49, .T. ) ;
#2090 = DIRECTION ( 'NONE',  ( -1.000000000000000000, -0.000000000000000000, -0.000000000000000000 ) ) ;
#2091 = FACE_OUTER_BOUND ( 'NONE', #1000, .T. ) ;
#2092 = LINE ( 'NONE', #789, #996 ) ;
#2093 = ORIENTED_EDGE ( 'NONE', *, *, #300, .F. ) ;
#2094 = ADVANCED_FACE ( 'NONE', ( #731 ), #418, .F. ) ;
#2095 = CARTESIAN_POINT ( 'NONE',  ( 19.22999999999999687, -4.336808689942017736E-16, 0.5699999999999985079 ) ) ;
#2096 = VERTEX_POINT ( 'NONE', #1879 ) ;
#2097 = VECTOR ( 'NONE', #98, 1000.000000000000000 ) ;
#2098 = VERTEX_POINT ( 'NONE', #749 ) ;
#2099 = LINE ( 'NONE', #632, #236 ) ;
#2100 = DIRECTION ( 'NONE',  ( 1.000000000000000000, 0.000000000000000000, 0.000000000000000000 ) ) ;
#2101 = VECTOR ( 'NONE', #1506, 1000.000000000000000 ) ;
#2102 = EDGE_CURVE ( 'NONE', #821, #1321, #1065, .T. ) ;
#2103 = VERTEX_POINT ( 'NONE', #404 ) ;
#2104 = ORIENTED_EDGE ( 'NONE', *, *, #938, .T. ) ;
#2105 = VECTOR ( 'NONE', #1626, 1000.000000000000000 ) ;
#2106 = AXIS2_PLACEMENT_3D ( 'NONE', #1514, #741, #717 ) ;
#2107 = VERTEX_POINT ( 'NONE', #383 ) ;
#2108 = LINE ( 'NONE', #470, #307 ) ;
#2109 = EDGE_CURVE ( 'NONE', #569, #213, #1353, .T. ) ;
#2110 = CARTESIAN_POINT ( 'NONE',  ( 3.389999999999997016, -4.336808689942017736E-16, -0.5699999999999998401 ) ) ;
#2111 = ORIENTED_EDGE ( 'NONE', *, *, #116, .F. ) ;
#2112 = DIRECTION ( 'NONE',  ( -1.000000000000000000, -0.000000000000000000, -0.000000000000000000 ) ) ;
#2113 = DIRECTION ( 'NONE',  ( -1.000000000000000000, -0.000000000000000000, -0.000000000000000000 ) ) ;
#2114 = EDGE_LOOP ( 'NONE', ( #2118, #581, #1774, #985 ) ) ;
#2115 = APPLICATION_PROTOCOL_DEFINITION ( 'draft international standard', 'automotive_design', 1998, #1334 ) ;
#2116 = VECTOR ( 'NONE', #119, 1000.000000000000000 ) ;
#2117 = PRODUCT_RELATED_PRODUCT_CATEGORY ( 'part', '', ( #1027 ) ) ;
#2118 = ORIENTED_EDGE ( 'NONE', *, *, #1798, .F. ) ;
#2119 = DIRECTION ( 'NONE',  ( 0.000000000000000000, 0.000000000000000000, 1.000000000000000000 ) ) ;
#2120 = VERTEX_POINT ( 'NONE', #1175 ) ;
#2121 = ORIENTED_EDGE ( 'NONE', *, *, #1776, .T. ) ;
#2122 = CARTESIAN_POINT ( 'NONE',  ( -0.2975273339210824930, -3.916881833480269748, -0.2975273339210824930 ) ) ;
#2123 = EDGE_CURVE ( 'NONE', #175, #1273, #1867, .T. ) ;
#2124 = CARTESIAN_POINT ( 'NONE',  ( 29.67000000000000881, -4.336808689942017736E-16, 4.799999999999999822 ) ) ;
#2125 = ORIENTED_EDGE ( 'NONE', *, *, #1469, .T. ) ;
#2126 = APPLICATION_PROTOCOL_DEFINITION ( 'draft international standard', 'automotive_design', 1998, #435 ) ;
#2127 = EDGE_CURVE ( 'NONE', #1405, #1293, #1691, .T. ) ;
#2128 = NEXT_ASSEMBLY_USAGE_OCCURRENCE ( 'NAUO1', ' ', ' ', #72, #1792, $ ) ;
#2129 = NEXT_ASSEMBLY_USAGE_OCCURRENCE ( 'NAUO2', ' ', ' ', #72, #2043, $ ) ;
#2130 = NEXT_ASSEMBLY_USAGE_OCCURRENCE ( 'NAUO3', ' ', ' ', #72, #2043, $ ) ;
#2131 = NEXT_ASSEMBLY_USAGE_OCCURRENCE ( 'NAUO4', ' ', ' ', #72, #2043, $ ) ;
#2132 = NEXT_ASSEMBLY_USAGE_OCCURRENCE ( 'NAUO5', ' ', ' ', #72, #2043, $ ) ;
#2133 = NEXT_ASSEMBLY_USAGE_OCCURRENCE ( 'NAUO6', ' ', ' ', #72, #2043, $ ) ;
#2134 = NEXT_ASSEMBLY_USAGE_OCCURRENCE ( 'NAUO7', ' ', ' ', #72, #2043, $ ) ;
#2135 = NEXT_ASSEMBLY_USAGE_OCCURRENCE ( 'NAUO8', ' ', ' ', #72, #2043, $ ) ;
#2136 = NEXT_ASSEMBLY_USAGE_OCCURRENCE ( 'NAUO9', ' ', ' ', #72, #2043, $ ) ;
ENDSEC;
END-ISO-10303-21;
