ISO-10303-21;
HEADER;
FILE_DESCRIPTION (( 'STEP AP214' ),
    '1' );
FILE_NAME ('User Library-B5P-VH.STEP',
    '2026-03-11T13:08:16',
    ( '' ),
    ( '' ),
    'SwSTEP 2.0',
    'SolidWorks 2022',
    '' );
FILE_SCHEMA (( 'AUTOMOTIVE_DESIGN' ));
ENDSEC;

DATA;
#1 = SURFACE_SIDE_STYLE ('',( #719 ) ) ;
#2 = EDGE_LOOP ( 'NONE', ( #16, #89, #1280, #411 ) ) ;
#3 = CARTESIAN_POINT ( 'NONE',  ( -4.529999999999999361, 0.9199999999999995959, 0.0000000000000000000 ) ) ;
#4 = LINE ( 'NONE', #175, #1510 ) ;
#5 = CARTESIAN_POINT ( 'NONE',  ( 8.570000000000000284, 3.750000000000000888, 7.000000000000000000 ) ) ;
#6 = EDGE_CURVE ( 'NONE', #1214, #793, #612, .T. ) ;
#7 = ORIENTED_EDGE ( 'NONE', *, *, #176, .F. ) ;
#8 = LINE ( 'NONE', #1111, #1822 ) ;
#9 = DIRECTION ( 'NONE',  ( 0.0000000000000000000, -0.0000000000000000000, -1.000000000000000000 ) ) ;
#10 = PRODUCT_DEFINITION_CONTEXT ( 'detailed design', #1889, 'design' ) ;
#11 = VERTEX_POINT ( 'NONE', #1782 ) ;
#12 = FILL_AREA_STYLE_COLOUR ( '', #1391 ) ;
#13 = SURFACE_STYLE_FILL_AREA ( #1877 ) ;
#14 = LINE ( 'NONE', #1684, #2286 ) ;
#15 =( GEOMETRIC_REPRESENTATION_CONTEXT ( 3 ) GLOBAL_UNCERTAINTY_ASSIGNED_CONTEXT ( ( #2160 ) ) GLOBAL_UNIT_ASSIGNED_CONTEXT ( ( #1242, #1997, #894 ) ) REPRESENTATION_CONTEXT ( 'NONE', 'WORKASPACE' ) );
#16 = ORIENTED_EDGE ( 'NONE', *, *, #261, .F. ) ;
#17 =( NAMED_UNIT ( * ) SI_UNIT ( $, .STERADIAN. ) SOLID_ANGLE_UNIT ( ) );
#18 = CARTESIAN_POINT ( 'NONE',  ( -8.570000000000000284, 4.250000000000000000, 7.000000000000000000 ) ) ;
#19 = CARTESIAN_POINT ( 'NONE',  ( 0.0000000000000000000, 4.250000000000000000, 7.000000000000000000 ) ) ;
#20 = ORIENTED_EDGE ( 'NONE', *, *, #470, .F. ) ;
#21 = EDGE_CURVE ( 'NONE', #2232, #886, #451, .T. ) ;
#22 = CARTESIAN_POINT ( 'NONE',  ( -8.570000000000003837, 2.349999999999999645, 3.200000000000000622 ) ) ;
#23 = VECTOR ( 'NONE', #2182, 1000.000000000000000 ) ;
#24 = ORIENTED_EDGE ( 'NONE', *, *, #1162, .F. ) ;
#25 = SURFACE_STYLE_USAGE ( .BOTH. , #1894 ) ;
#26 = VECTOR ( 'NONE', #639, 1000.000000000000000 ) ;
#27 = DIRECTION ( 'NONE',  ( 0.0000000000000000000, -1.000000000000000000, -0.0000000000000000000 ) ) ;
#28 = SURFACE_STYLE_USAGE ( .BOTH. , #1121 ) ;
#29 = AXIS2_PLACEMENT_3D ( 'NONE', #2319, #255, #1737 ) ;
#30 = CARTESIAN_POINT ( 'NONE',  ( 9.869999999999999218, 2.349999999999999645, 0.0000000000000000000 ) ) ;
#31 = AXIS2_PLACEMENT_3D ( 'NONE', #494, #2144, #878 ) ;
#32 = EDGE_LOOP ( 'NONE', ( #756, #215, #652, #1820 ) ) ;
#33 = CARTESIAN_POINT ( 'NONE',  ( 0.5699999999999998401, 0.5700000000000001732, 9.899999999999982592 ) ) ;
#34 = CARTESIAN_POINT ( 'NONE',  ( -0.5699999999999992850, 0.9199999999999995959, 3.200000000000000622 ) ) ;
#35 = PRESENTATION_LAYER_ASSIGNMENT (  '', '', ( #105 ) ) ;
#36 =( LENGTH_UNIT ( ) NAMED_UNIT ( * ) SI_UNIT ( .MILLI., .METRE. ) );
#37 = VERTEX_POINT ( 'NONE', #1394 ) ;
#38 =( NAMED_UNIT ( * ) SI_UNIT ( $, .STERADIAN. ) SOLID_ANGLE_UNIT ( ) );
#39 = CARTESIAN_POINT ( 'NONE',  ( -8.570000000000002061, 4.250000000000000000, 7.000000000000000000 ) ) ;
#40 = ADVANCED_FACE ( 'NONE', ( #1921 ), #1374, .F. ) ;
#41 =( NAMED_UNIT ( * ) SI_UNIT ( $, .STERADIAN. ) SOLID_ANGLE_UNIT ( ) );
#42 =( LENGTH_UNIT ( ) NAMED_UNIT ( * ) SI_UNIT ( .MILLI., .METRE. ) );
#43 = LINE ( 'NONE', #738, #1177 ) ;
#44 = DIRECTION ( 'NONE',  ( 0.0000000000000000000, 0.0000000000000000000, 1.000000000000000000 ) ) ;
#45 = ORIENTED_EDGE ( 'NONE', *, *, #1268, .T. ) ;
#46 = SURFACE_STYLE_FILL_AREA ( #1922 ) ;
#47 = FACE_BOUND ( 'NONE', #2, .T. ) ;
#48 = ORIENTED_EDGE ( 'NONE', *, *, #1711, .F. ) ;
#49 = CARTESIAN_POINT ( 'NONE',  ( -0.5699999999999992850, -0.2200000000000003619, 0.0000000000000000000 ) ) ;
#50 = EDGE_LOOP ( 'NONE', ( #2383, #1720, #1511, #392 ) ) ;
#51 = CARTESIAN_POINT ( 'NONE',  ( -0.3020508075688761451, 0.0000000000000000000, 10.90000000000000036 ) ) ;
#52 = EDGE_CURVE ( 'NONE', #37, #2293, #1454, .T. ) ;
#53 = ADVANCED_FACE ( 'NONE', ( #1464 ), #1050, .F. ) ;
#54 = VECTOR ( 'NONE', #1683, 1000.000000000000000 ) ;
#55 = ORIENTED_EDGE ( 'NONE', *, *, #2098, .T. ) ;
#56 = DIRECTION ( 'NONE',  ( 1.000000000000000000, -0.0000000000000000000, 0.0000000000000000000 ) ) ;
#57 = FACE_BOUND ( 'NONE', #1905, .T. ) ;
#58 = EDGE_LOOP ( 'NONE', ( #904, #1825, #266, #226 ) ) ;
#59 = VECTOR ( 'NONE', #1110, 1000.000000000000000 ) ;
#60 = UNCERTAINTY_MEASURE_WITH_UNIT (LENGTH_MEASURE( 1.000000000000000082E-05 ), #1116, 'distance_accuracy_value', 'NONE');
#61 = VECTOR ( 'NONE', #2294, 1000.000000000000000 ) ;
#62 = ORIENTED_EDGE ( 'NONE', *, *, #680, .F. ) ;
#63 = CARTESIAN_POINT ( 'NONE',  ( 7.350000000000000533, 0.9199999999999995959, 0.0000000000000000000 ) ) ;
#64 = ADVANCED_FACE ( 'NONE', ( #153 ), #716, .F. ) ;
#65 = STYLED_ITEM ( 'NONE', ( #528 ), #2382 ) ;
#66 = CARTESIAN_POINT ( 'NONE',  ( 0.5699999999999998401, 0.5700000000000001732, -2.699999999999981970 ) ) ;
#67 =( LENGTH_UNIT ( ) NAMED_UNIT ( * ) SI_UNIT ( .MILLI., .METRE. ) );
#68 = VECTOR ( 'NONE', #1840, 1000.000000000000000 ) ;
#69 = PRODUCT_DEFINITION_FORMATION_WITH_SPECIFIED_SOURCE ( 'ANY', '', #1287, .NOT_KNOWN. ) ;
#70 = AXIS2_PLACEMENT_3D ( 'NONE', #51, #420, #1333 ) ;
#71 = LINE ( 'NONE', #832, #791 ) ;
#72 = EDGE_LOOP ( 'NONE', ( #1702, #1382, #1712, #402 ) ) ;
#73 = DIRECTION ( 'NONE',  ( 0.0000000000000000000, -1.000000000000000000, 0.0000000000000000000 ) ) ;
#74 = CARTESIAN_POINT ( 'NONE',  ( -0.5700000000000000622, 0.5699999999999997291, 9.899999999999982592 ) ) ;
#75 = EDGE_LOOP ( 'NONE', ( #2314, #256, #1517, #241 ) ) ;
#76 = EDGE_CURVE ( 'NONE', #1489, #443, #1988, .T. ) ;
#77 = VERTEX_POINT ( 'NONE', #310 ) ;
#78 =( NAMED_UNIT ( * ) SI_UNIT ( $, .STERADIAN. ) SOLID_ANGLE_UNIT ( ) );
#79 = ORIENTED_EDGE ( 'NONE', *, *, #2272, .F. ) ;
#80 = UNCERTAINTY_MEASURE_WITH_UNIT (LENGTH_MEASURE( 1.000000000000000082E-05 ), #1406, 'distance_accuracy_value', 'NONE');
#81 = SURFACE_SIDE_STYLE ('',( #2358 ) ) ;
#82 = DIRECTION ( 'NONE',  ( -0.0000000000000000000, -1.000000000000000000, -0.0000000000000000000 ) ) ;
#83 = ORIENTED_EDGE ( 'NONE', *, *, #986, .T. ) ;
#84 = DIRECTION ( 'NONE',  ( 0.0000000000000000000, -1.000000000000000000, 0.0000000000000000000 ) ) ;
#85 = DIRECTION ( 'NONE',  ( 1.000000000000000000, 0.0000000000000000000, 0.0000000000000000000 ) ) ;
#86 = FACE_OUTER_BOUND ( 'NONE', #272, .T. ) ;
#87 = ADVANCED_FACE ( 'NONE', ( #1498 ), #1863, .F. ) ;
#88 = PRESENTATION_LAYER_ASSIGNMENT (  '', '', ( #237 ) ) ;
#89 = ORIENTED_EDGE ( 'NONE', *, *, #943, .T. ) ;
#90 = CARTESIAN_POINT ( 'NONE',  ( -4.529999999999999361, 0.9199999999999995959, 0.0000000000000000000 ) ) ;
#91 = MECHANICAL_DESIGN_GEOMETRIC_PRESENTATION_REPRESENTATION (  '', ( #438 ), #2129 ) ;
#92 = VECTOR ( 'NONE', #1748, 1000.000000000000000 ) ;
#93 = LINE ( 'NONE', #285, #555 ) ;
#94 = VECTOR ( 'NONE', #340, 1000.000000000000000 ) ;
#95 = APPLICATION_PROTOCOL_DEFINITION ( 'draft international standard', 'automotive_design', 1998, #602 ) ;
#96 = AXIS2_PLACEMENT_3D ( 'NONE', #428, #1135, #798 ) ;
#97 = STYLED_ITEM ( 'NONE', ( #367 ), #1634 ) ;
#98 =( NAMED_UNIT ( * ) SI_UNIT ( $, .STERADIAN. ) SOLID_ANGLE_UNIT ( ) );
#99 = PRESENTATION_LAYER_ASSIGNMENT (  '', '', ( #848 ) ) ;
#100 = MECHANICAL_DESIGN_GEOMETRIC_PRESENTATION_REPRESENTATION (  '', ( #1357 ), #1469 ) ;
#101 = ORIENTED_EDGE ( 'NONE', *, *, #613, .T. ) ;
#102 = CARTESIAN_POINT ( 'NONE',  ( 0.5699999999999998401, 0.5700000000000001732, -2.699999999999981970 ) ) ;
#103 = EDGE_CURVE ( 'NONE', #746, #478, #2056, .T. ) ;
#104 = UNCERTAINTY_MEASURE_WITH_UNIT (LENGTH_MEASURE( 1.000000000000000082E-05 ), #1128, 'distance_accuracy_value', 'NONE');
#105 = STYLED_ITEM ( 'NONE', ( #1409 ), #2021 ) ;
#106 = SURFACE_STYLE_FILL_AREA ( #1216 ) ;
#107 = DIRECTION ( 'NONE',  ( 0.0000000000000000000, -0.0000000000000000000, 1.000000000000000000 ) ) ;
#108 =( NAMED_UNIT ( * ) SI_UNIT ( $, .STERADIAN. ) SOLID_ANGLE_UNIT ( ) );
#109 =( LENGTH_UNIT ( ) NAMED_UNIT ( * ) SI_UNIT ( .MILLI., .METRE. ) );
#110 = PRODUCT_DEFINITION_SHAPE ( 'NONE', 'NONE',  #2417 ) ;
#111 = CARTESIAN_POINT ( 'NONE',  ( 0.0000000000000000000, 0.0000000000000000000, 0.0000000000000000000 ) ) ;
#112 = FACE_OUTER_BOUND ( 'NONE', #1468, .T. ) ;
#113 = SURFACE_SIDE_STYLE ('',( #1279 ) ) ;
#114 = ORIENTED_EDGE ( 'NONE', *, *, #2305, .T. ) ;
#115 = DIRECTION ( 'NONE',  ( -0.0000000000000000000, -0.0000000000000000000, -1.000000000000000000 ) ) ;
#116 = EDGE_CURVE ( 'NONE', #604, #2118, #766, .T. ) ;
#117 = FACE_OUTER_BOUND ( 'NONE', #1766, .T. ) ;
#118 = SURFACE_STYLE_FILL_AREA ( #1806 ) ;
#119 = EDGE_CURVE ( 'NONE', #2389, #703, #43, .T. ) ;
#120 = PRESENTATION_STYLE_ASSIGNMENT (( #1807 ) ) ;
#121 =( NAMED_UNIT ( * ) PLANE_ANGLE_UNIT ( ) SI_UNIT ( $, .RADIAN. ) );
#122 = VERTEX_POINT ( 'NONE', #2077 ) ;
#123 = PRESENTATION_STYLE_ASSIGNMENT (( #2341 ) ) ;
#124 = ORIENTED_EDGE ( 'NONE', *, *, #1875, .F. ) ;
#125 = CARTESIAN_POINT ( 'NONE',  ( 0.0000000000000000000, -0.2200000000000003619, 0.0000000000000000000 ) ) ;
#126 =( NAMED_UNIT ( * ) PLANE_ANGLE_UNIT ( ) SI_UNIT ( $, .RADIAN. ) );
#127 = CARTESIAN_POINT ( 'NONE',  ( 8.570000000000000284, 4.250000000000000000, 0.0000000000000000000 ) ) ;
#128 = AXIS2_PLACEMENT_3D ( 'NONE', #2350, #1043, #238 ) ;
#129 = CARTESIAN_POINT ( 'NONE',  ( -7.349999999999998757, 0.9199999999999995959, 3.200000000000000622 ) ) ;
#130 = MECHANICAL_DESIGN_GEOMETRIC_PRESENTATION_REPRESENTATION (  '', ( #404 ), #1970 ) ;
#131 = ADVANCED_FACE ( 'NONE', ( #750 ), #1704, .F. ) ;
#132 = ORIENTED_EDGE ( 'NONE', *, *, #1815, .T. ) ;
#133 = CONTEXT_DEPENDENT_SHAPE_REPRESENTATION ( #859, #167 ) ;
#134 = PLANE ( 'NONE',  #442 ) ;
#135 = PLANE ( 'NONE',  #1075 ) ;
#136 =( GEOMETRIC_REPRESENTATION_CONTEXT ( 3 ) GLOBAL_UNCERTAINTY_ASSIGNED_CONTEXT ( ( #1571 ) ) GLOBAL_UNIT_ASSIGNED_CONTEXT ( ( #2376, #1086, #1439 ) ) REPRESENTATION_CONTEXT ( 'NONE', 'WORKASPACE' ) );
#137 = FACE_OUTER_BOUND ( 'NONE', #2081, .T. ) ;
#138 = ORIENTED_EDGE ( 'NONE', *, *, #1144, .T. ) ;
#139 = STYLED_ITEM ( 'NONE', ( #2223 ), #2346 ) ;
#140 =( NAMED_UNIT ( * ) SI_UNIT ( $, .STERADIAN. ) SOLID_ANGLE_UNIT ( ) );
#141 = SURFACE_STYLE_FILL_AREA ( #2347 ) ;
#142 = LINE ( 'NONE', #125, #320 ) ;
#143 = SURFACE_STYLE_USAGE ( .BOTH. , #1989 ) ;
#144 = EDGE_LOOP ( 'NONE', ( #972, #1007, #787, #1473 ) ) ;
#145 = EDGE_CURVE ( 'NONE', #2232, #1436, #777, .T. ) ;
#146 = FACE_OUTER_BOUND ( 'NONE', #1812, .T. ) ;
#147 = SURFACE_SIDE_STYLE ('',( #743 ) ) ;
#148 = FILL_AREA_STYLE_COLOUR ( '', #1660 ) ;
#149 = EDGE_LOOP ( 'NONE', ( #1492, #696, #55, #262 ) ) ;
#150 = SURFACE_SIDE_STYLE ('',( #929 ) ) ;
#151 = SURFACE_SIDE_STYLE ('',( #2197 ) ) ;
#152 = SURFACE_SIDE_STYLE ('',( #2235 ) ) ;
#153 = FACE_OUTER_BOUND ( 'NONE', #398, .T. ) ;
#154 =( LENGTH_UNIT ( ) NAMED_UNIT ( * ) SI_UNIT ( .MILLI., .METRE. ) );
#155 = EDGE_LOOP ( 'NONE', ( #961, #2204, #1746, #2039 ) ) ;
#156 = PRESENTATION_STYLE_ASSIGNMENT (( #2390 ) ) ;
#157 = LINE ( 'NONE', #1881, #1315 ) ;
#158 = LINE ( 'NONE', #2353, #1663 ) ;
#159 = ORIENTED_EDGE ( 'NONE', *, *, #2306, .T. ) ;
#160 = ADVANCED_FACE ( 'NONE', ( #545 ), #553, .F. ) ;
#161 = FILL_AREA_STYLE ('',( #1475 ) ) ;
#162 = LINE ( 'NONE', #1641, #1271 ) ;
#163 = PRESENTATION_LAYER_ASSIGNMENT (  '', '', ( #1028 ) ) ;
#164 = VECTOR ( 'NONE', #1608, 1000.000000000000000 ) ;
#165 =( NAMED_UNIT ( * ) SI_UNIT ( $, .STERADIAN. ) SOLID_ANGLE_UNIT ( ) );
#166 = FILL_AREA_STYLE ('',( #1851 ) ) ;
#167 = PRODUCT_DEFINITION_SHAPE ( 'NONE', 'NONE',  #2418 ) ;
#168 = VERTEX_POINT ( 'NONE', #1197 ) ;
#169 = SURFACE_STYLE_USAGE ( .BOTH. , #1088 ) ;
#170 = PLANE ( 'NONE',  #1384 ) ;
#171 = SURFACE_STYLE_USAGE ( .BOTH. , #147 ) ;
#172 = MECHANICAL_DESIGN_GEOMETRIC_PRESENTATION_REPRESENTATION (  '', ( #1899 ), #1624 ) ;
#173 = ORIENTED_EDGE ( 'NONE', *, *, #2079, .F. ) ;
#174 =( GEOMETRIC_REPRESENTATION_CONTEXT ( 3 ) GLOBAL_UNCERTAINTY_ASSIGNED_CONTEXT ( ( #1982 ) ) GLOBAL_UNIT_ASSIGNED_CONTEXT ( ( #675, #1849, #140 ) ) REPRESENTATION_CONTEXT ( 'NONE', 'WORKASPACE' ) );
#175 = CARTESIAN_POINT ( 'NONE',  ( -0.5699999999999992850, -0.2200000000000003619, 3.200000000000000622 ) ) ;
#176 = EDGE_CURVE ( 'NONE', #271, #642, #1363, .T. ) ;
#177 = MECHANICAL_DESIGN_GEOMETRIC_PRESENTATION_REPRESENTATION (  '', ( #485 ), #336 ) ;
#178 = STYLED_ITEM ( 'NONE', ( #1346 ), #1886 ) ;
#179 = LINE ( 'NONE', #1876, #2102 ) ;
#180 = CARTESIAN_POINT ( 'NONE',  ( -9.869999999999999218, 2.349999999999999645, 0.0000000000000000000 ) ) ;
#181 = CARTESIAN_POINT ( 'NONE',  ( 8.570000000000000284, 4.250000000000001776, 7.000000000000000000 ) ) ;
#182 = VERTEX_POINT ( 'NONE', #1399 ) ;
#183 = VERTEX_POINT ( 'NONE', #856 ) ;
#184 = ORIENTED_EDGE ( 'NONE', *, *, #1788, .F. ) ;
#185 =( NAMED_UNIT ( * ) SI_UNIT ( $, .STERADIAN. ) SOLID_ANGLE_UNIT ( ) );
#186 = FILL_AREA_STYLE_COLOUR ( '', #1254 ) ;
#187 = CARTESIAN_POINT ( 'NONE',  ( -8.489999999999998437, -0.2200000000000003619, 3.200000000000000622 ) ) ;
#188 = ADVANCED_FACE ( 'NONE', ( #1793 ), #700, .F. ) ;
#189 = VERTEX_POINT ( 'NONE', #2155 ) ;
#190 = DIRECTION ( 'NONE',  ( 0.0000000000000000000, 1.000000000000000000, -0.0000000000000000000 ) ) ;
#191 = DIRECTION ( 'NONE',  ( 1.000000000000000000, -0.0000000000000000000, 0.0000000000000000000 ) ) ;
#192 = ORIENTED_EDGE ( 'NONE', *, *, #176, .T. ) ;
#193 = CARTESIAN_POINT ( 'NONE',  ( 0.0000000000000000000, -4.250000000000000000, 0.0000000000000000000 ) ) ;
#194 = ORIENTED_EDGE ( 'NONE', *, *, #1729, .T. ) ;
#195 = PRODUCT_DEFINITION_SHAPE ( 'NONE', 'NONE',  #1726 ) ;
#196 = VECTOR ( 'NONE', #423, 1000.000000000000000 ) ;
#197 = DIRECTION ( 'NONE',  ( 0.0000000000000000000, 0.0000000000000000000, 1.000000000000000000 ) ) ;
#198 = STYLED_ITEM ( 'NONE', ( #689 ), #188 ) ;
#199 = EDGE_CURVE ( 'NONE', #2342, #2191, #1438, .T. ) ;
#200 = CARTESIAN_POINT ( 'NONE',  ( -4.529999999999999361, 0.9199999999999995959, 3.200000000000000622 ) ) ;
#201 = AXIS2_PLACEMENT_3D ( 'NONE', #1935, #84, #2148 ) ;
#202 = VERTEX_POINT ( 'NONE', #1410 ) ;
#203 =( LENGTH_UNIT ( ) NAMED_UNIT ( * ) SI_UNIT ( .MILLI., .METRE. ) );
#204 =( NAMED_UNIT ( * ) PLANE_ANGLE_UNIT ( ) SI_UNIT ( $, .RADIAN. ) );
#205 = PLANE ( 'NONE',  #70 ) ;
#206 =( GEOMETRIC_REPRESENTATION_CONTEXT ( 3 ) GLOBAL_UNCERTAINTY_ASSIGNED_CONTEXT ( ( #441 ) ) GLOBAL_UNIT_ASSIGNED_CONTEXT ( ( #1188, #229, #2282 ) ) REPRESENTATION_CONTEXT ( 'NONE', 'WORKASPACE' ) );
#207 =( GEOMETRIC_REPRESENTATION_CONTEXT ( 3 ) GLOBAL_UNCERTAINTY_ASSIGNED_CONTEXT ( ( #786 ) ) GLOBAL_UNIT_ASSIGNED_CONTEXT ( ( #1564, #1168, #1380 ) ) REPRESENTATION_CONTEXT ( 'NONE', 'WORKASPACE' ) );
#208 = VECTOR ( 'NONE', #391, 1000.000000000000114 ) ;
#209 = ORIENTED_EDGE ( 'NONE', *, *, #261, .T. ) ;
#210 = CARTESIAN_POINT ( 'NONE',  ( 8.570000000000000284, 4.250000000000003553, 0.0000000000000000000 ) ) ;
#211 = LINE ( 'NONE', #1339, #2284 ) ;
#212 = AXIS2_PLACEMENT_3D ( 'NONE', #2245, #360, #1829 ) ;
#213 = DIRECTION ( 'NONE',  ( 0.0000000000000000000, -0.0000000000000000000, -1.000000000000000000 ) ) ;
#214 = EDGE_CURVE ( 'NONE', #1809, #782, #1640, .T. ) ;
#215 = ORIENTED_EDGE ( 'NONE', *, *, #372, .F. ) ;
#216 = LINE ( 'NONE', #2257, #512 ) ;
#217 =( NAMED_UNIT ( * ) SI_UNIT ( $, .STERADIAN. ) SOLID_ANGLE_UNIT ( ) );
#218 = FILL_AREA_STYLE ('',( #1165 ) ) ;
#219 = EDGE_CURVE ( 'NONE', #2118, #771, #2162, .T. ) ;
#220 = SURFACE_STYLE_FILL_AREA ( #788 ) ;
#221 =( REPRESENTATION_RELATIONSHIP ('NONE','NONE', #1482, #1494 ) REPRESENTATION_RELATIONSHIP_WITH_TRANSFORMATION ( #1797 )SHAPE_REPRESENTATION_RELATIONSHIP( ) );
#222 =( NAMED_UNIT ( * ) PLANE_ANGLE_UNIT ( ) SI_UNIT ( $, .RADIAN. ) );
#223 = ORIENTED_EDGE ( 'NONE', *, *, #6, .F. ) ;
#224 = CARTESIAN_POINT ( 'NONE',  ( -8.570000000000000284, 4.250000000000000000, 7.199999999999971756 ) ) ;
#225 = DIRECTION ( 'NONE',  ( 0.0000000000000000000, -1.000000000000000000, 0.0000000000000000000 ) ) ;
#226 = ORIENTED_EDGE ( 'NONE', *, *, #1304, .T. ) ;
#227 = FILL_AREA_STYLE ('',( #1923 ) ) ;
#228 =( NAMED_UNIT ( * ) PLANE_ANGLE_UNIT ( ) SI_UNIT ( $, .RADIAN. ) );
#229 =( NAMED_UNIT ( * ) PLANE_ANGLE_UNIT ( ) SI_UNIT ( $, .RADIAN. ) );
#230 = DIRECTION ( 'NONE',  ( -7.607265679427925216E-16, 0.2631174057921035758, -0.9647638212377336320 ) ) ;
#231 = ADVANCED_FACE ( 'NONE', ( #2334 ), #513, .F. ) ;
#232 = PRESENTATION_STYLE_ASSIGNMENT (( #1372 ) ) ;
#233 = DIRECTION ( 'NONE',  ( 1.000000000000000000, 0.0000000000000000000, 0.0000000000000000000 ) ) ;
#234 = MECHANICAL_DESIGN_GEOMETRIC_PRESENTATION_REPRESENTATION (  '', ( #2045 ), #1736 ) ;
#235 = ORIENTED_EDGE ( 'NONE', *, *, #1875, .T. ) ;
#236 =( NAMED_UNIT ( * ) SI_UNIT ( $, .STERADIAN. ) SOLID_ANGLE_UNIT ( ) );
#237 = STYLED_ITEM ( 'NONE', ( #462 ), #308 ) ;
#238 = DIRECTION ( 'NONE',  ( 1.000000000000000000, 0.0000000000000000000, -0.0000000000000000000 ) ) ;
#239 = VECTOR ( 'NONE', #2097, 1000.000000000000000 ) ;
#240 = UNCERTAINTY_MEASURE_WITH_UNIT (LENGTH_MEASURE( 1.000000000000000082E-05 ), #67, 'distance_accuracy_value', 'NONE');
#241 = ORIENTED_EDGE ( 'NONE', *, *, #1600, .T. ) ;
#242 = PRESENTATION_STYLE_ASSIGNMENT (( #25 ) ) ;
#243 = VECTOR ( 'NONE', #883, 1000.000000000000000 ) ;
#244 = VECTOR ( 'NONE', #1107, 1000.000000000000000 ) ;
#245 = ADVANCED_FACE ( 'NONE', ( #1092 ), #1518, .F. ) ;
#246 = FACE_OUTER_BOUND ( 'NONE', #72, .T. ) ;
#247 = COLOUR_RGB ( '',0.8980392156862745390, 0.8980392156862745390, 0.8980392156862745390 ) ;
#248 = COLOUR_RGB ( '',1.000000000000000000, 1.000000000000000000, 1.000000000000000000 ) ;
#249 = DIRECTION ( 'NONE',  ( 0.0000000000000000000, -0.0000000000000000000, -1.000000000000000000 ) ) ;
#250 = AXIS2_PLACEMENT_3D ( 'NONE', #1212, #1030, #254 ) ;
#251 =( GEOMETRIC_REPRESENTATION_CONTEXT ( 3 ) GLOBAL_UNCERTAINTY_ASSIGNED_CONTEXT ( ( #1055 ) ) GLOBAL_UNIT_ASSIGNED_CONTEXT ( ( #749, #1487, #2032 ) ) REPRESENTATION_CONTEXT ( 'NONE', 'WORKASPACE' ) );
#252 = MECHANICAL_DESIGN_GEOMETRIC_PRESENTATION_REPRESENTATION (  '', ( #1006 ), #1472 ) ;
#253 =( NAMED_UNIT ( * ) SI_UNIT ( $, .STERADIAN. ) SOLID_ANGLE_UNIT ( ) );
#254 = DIRECTION ( 'NONE',  ( 1.000000000000000000, 0.0000000000000000000, 0.0000000000000000000 ) ) ;
#255 = DIRECTION ( 'NONE',  ( 1.000000000000000000, -0.0000000000000000000, 0.0000000000000000000 ) ) ;
#256 = ORIENTED_EDGE ( 'NONE', *, *, #1711, .T. ) ;
#257 = DIRECTION ( 'NONE',  ( 0.0000000000000000000, 1.000000000000000000, 0.0000000000000000000 ) ) ;
#258 = SURFACE_STYLE_USAGE ( .BOTH. , #592 ) ;
#259 = CARTESIAN_POINT ( 'NONE',  ( -9.869999999999999218, 2.349999999999999645, 7.199999999999930012 ) ) ;
#260 = ORIENTED_EDGE ( 'NONE', *, *, #806, .F. ) ;
#261 = EDGE_CURVE ( 'NONE', #2293, #708, #710, .T. ) ;
#262 = ORIENTED_EDGE ( 'NONE', *, *, #888, .T. ) ;
#263 = DIRECTION ( 'NONE',  ( 0.0000000000000000000, 0.0000000000000000000, 1.000000000000000000 ) ) ;
#264 = APPLICATION_PROTOCOL_DEFINITION ( 'draft international standard', 'automotive_design', 1998, #1889 ) ;
#265 = SURFACE_STYLE_FILL_AREA ( #1532 ) ;
#266 = ORIENTED_EDGE ( 'NONE', *, *, #1791, .T. ) ;
#267 = CARTESIAN_POINT ( 'NONE',  ( 0.0000000000000000000, -0.2200000000000003619, 0.0000000000000000000 ) ) ;
#268 = UNCERTAINTY_MEASURE_WITH_UNIT (LENGTH_MEASURE( 1.000000000000000082E-05 ), #342, 'distance_accuracy_value', 'NONE');
#269 = PRESENTATION_STYLE_ASSIGNMENT (( #421 ) ) ;
#270 = CARTESIAN_POINT ( 'NONE',  ( 4.530000000000001137, -0.2200000000000003619, 0.0000000000000000000 ) ) ;
#271 = VERTEX_POINT ( 'NONE', #1907 ) ;
#272 = EDGE_LOOP ( 'NONE', ( #370, #1716, #818, #1415 ) ) ;
#273 = EDGE_CURVE ( 'NONE', #1143, #761, #216, .T. ) ;
#274 = SURFACE_STYLE_USAGE ( .BOTH. , #1416 ) ;
#275 = PRODUCT_CONTEXT ( 'NONE', #1642, 'mechanical' ) ;
#276 =( GEOMETRIC_REPRESENTATION_CONTEXT ( 3 ) GLOBAL_UNCERTAINTY_ASSIGNED_CONTEXT ( ( #1306 ) ) GLOBAL_UNIT_ASSIGNED_CONTEXT ( ( #203, #617, #949 ) ) REPRESENTATION_CONTEXT ( 'NONE', 'WORKASPACE' ) );
#277 = MECHANICAL_DESIGN_GEOMETRIC_PRESENTATION_REPRESENTATION (  '', ( #2091 ), #2281 ) ;
#278 = EDGE_LOOP ( 'NONE', ( #546, #2169, #1883, #2126 ) ) ;
#279 = DIRECTION ( 'NONE',  ( 0.0000000000000000000, -0.9659258262890692004, 0.2588190451025174643 ) ) ;
#280 = STYLED_ITEM ( 'NONE', ( #2172 ), #594 ) ;
#281 = VECTOR ( 'NONE', #390, 1000.000000000000000 ) ;
#282 = FILL_AREA_STYLE_COLOUR ( '', #681 ) ;
#283 = SURFACE_STYLE_FILL_AREA ( #1381 ) ;
#284 = PRESENTATION_LAYER_ASSIGNMENT (  '', '', ( #404 ) ) ;
#285 = CARTESIAN_POINT ( 'NONE',  ( 4.530000000000001137, 0.0000000000000000000, 3.200000000000000622 ) ) ;
#286 =( GEOMETRIC_REPRESENTATION_CONTEXT ( 3 ) GLOBAL_UNCERTAINTY_ASSIGNED_CONTEXT ( ( #60 ) ) GLOBAL_UNIT_ASSIGNED_CONTEXT ( ( #1116, #2088, #950 ) ) REPRESENTATION_CONTEXT ( 'NONE', 'WORKASPACE' ) );
#287 = DIRECTION ( 'NONE',  ( 0.0000000000000000000, -0.2588190451025174643, 0.9659258262890692004 ) ) ;
#288 = STYLED_ITEM ( 'NONE', ( #874 ), #1485 ) ;
#289 = LINE ( 'NONE', #1044, #1710 ) ;
#290 = UNCERTAINTY_MEASURE_WITH_UNIT (LENGTH_MEASURE( 1.000000000000000082E-05 ), #1743, 'distance_accuracy_value', 'NONE');
#291 = ADVANCED_FACE ( 'NONE', ( #1543 ), #1848, .F. ) ;
#292 = CARTESIAN_POINT ( 'NONE',  ( 7.350000000000000533, -0.2200000000000003619, 0.0000000000000000000 ) ) ;
#293 = VECTOR ( 'NONE', #765, 1000.000000000000000 ) ;
#294 = VERTEX_POINT ( 'NONE', #427 ) ;
#295 = EDGE_CURVE ( 'NONE', #793, #364, #530, .T. ) ;
#296 = PLANE ( 'NONE',  #377 ) ;
#297 = CARTESIAN_POINT ( 'NONE',  ( -9.869999999999999218, 2.349999999999999645, 3.200000000000000622 ) ) ;
#298 = DIRECTION ( 'NONE',  ( 0.0000000000000000000, -0.0000000000000000000, -1.000000000000000000 ) ) ;
#299 = DIRECTION ( 'NONE',  ( -0.0000000000000000000, -0.0000000000000000000, -1.000000000000000000 ) ) ;
#300 = ORIENTED_EDGE ( 'NONE', *, *, #728, .F. ) ;
#301 = DIRECTION ( 'NONE',  ( 1.000000000000000000, -0.0000000000000000000, 0.0000000000000000000 ) ) ;
#302 = DIRECTION ( 'NONE',  ( 0.0000000000000000000, 0.0000000000000000000, 1.000000000000000000 ) ) ;
#303 = SURFACE_STYLE_USAGE ( .BOTH. , #1433 ) ;
#304 = CARTESIAN_POINT ( 'NONE',  ( -9.869999999999999218, 2.349999999999999645, 0.0000000000000000000 ) ) ;
#305 = VERTEX_POINT ( 'NONE', #22 ) ;
#306 = DIRECTION ( 'NONE',  ( 0.0000000000000000000, -1.000000000000000000, -0.0000000000000000000 ) ) ;
#307 = SURFACE_STYLE_USAGE ( .BOTH. , #1241 ) ;
#308 = ADVANCED_FACE ( 'NONE', ( #757 ), #575, .T. ) ;
#309 = LINE ( 'NONE', #2360, #1150 ) ;
#310 = CARTESIAN_POINT ( 'NONE',  ( -0.3020508075688761451, -0.3020508075688762561, -3.700000000000000178 ) ) ;
#311 = ORIENTED_EDGE ( 'NONE', *, *, #1805, .T. ) ;
#312 = SURFACE_STYLE_FILL_AREA ( #1246 ) ;
#313 = DIRECTION ( 'NONE',  ( 1.000000000000000000, -0.0000000000000000000, 0.0000000000000000000 ) ) ;
#314 = CARTESIAN_POINT ( 'NONE',  ( 3.390000000000000568, -0.2200000000000003619, 0.0000000000000000000 ) ) ;
#315 = VERTEX_POINT ( 'NONE', #1947 ) ;
#316 = VECTOR ( 'NONE', #324, 1000.000000000000000 ) ;
#317 = UNCERTAINTY_MEASURE_WITH_UNIT (LENGTH_MEASURE( 1.000000000000000082E-05 ), #437, 'distance_accuracy_value', 'NONE');
#318 = CARTESIAN_POINT ( 'NONE',  ( -8.570000000000002061, 3.650000000000000355, 9.400000000000000355 ) ) ;
#319 = FILL_AREA_STYLE_COLOUR ( '', #1960 ) ;
#320 = VECTOR ( 'NONE', #1174, 1000.000000000000000 ) ;
#321 = DIRECTION ( 'NONE',  ( 0.9659258262890692004, 0.0000000000000000000, 0.2588190451025174643 ) ) ;
#322 = EDGE_CURVE ( 'NONE', #122, #1789, #71, .T. ) ;
#323 = VECTOR ( 'NONE', #935, 1000.000000000000000 ) ;
#324 = DIRECTION ( 'NONE',  ( -0.0000000000000000000, 0.0000000000000000000, 1.000000000000000000 ) ) ;
#325 =( NAMED_UNIT ( * ) SI_UNIT ( $, .STERADIAN. ) SOLID_ANGLE_UNIT ( ) );
#326 = VECTOR ( 'NONE', #1323, 1000.000000000000000 ) ;
#327 = ORIENTED_EDGE ( 'NONE', *, *, #547, .F. ) ;
#328 = CARTESIAN_POINT ( 'NONE',  ( 4.530000000000001137, -0.2200000000000003619, 0.0000000000000000000 ) ) ;
#329 = SURFACE_STYLE_FILL_AREA ( #2006 ) ;
#330 = STYLED_ITEM ( 'NONE', ( #1136 ), #1413 ) ;
#331 = FILL_AREA_STYLE ('',( #2008 ) ) ;
#332 = ORIENTED_EDGE ( 'NONE', *, *, #1162, .T. ) ;
#333 = COLOUR_RGB ( '',1.000000000000000000, 1.000000000000000000, 1.000000000000000000 ) ;
#334 = PRESENTATION_LAYER_ASSIGNMENT (  '', '', ( #679 ) ) ;
#335 = CARTESIAN_POINT ( 'NONE',  ( 7.350000000000000533, 0.0000000000000000000, 3.200000000000000622 ) ) ;
#336 =( GEOMETRIC_REPRESENTATION_CONTEXT ( 3 ) GLOBAL_UNCERTAINTY_ASSIGNED_CONTEXT ( ( #1547 ) ) GLOBAL_UNIT_ASSIGNED_CONTEXT ( ( #1699, #228, #1173 ) ) REPRESENTATION_CONTEXT ( 'NONE', 'WORKASPACE' ) );
#337 = AXIS2_PLACEMENT_3D ( 'NONE', #1453, #1477, #2226 ) ;
#338 = VERTEX_POINT ( 'NONE', #2233 ) ;
#339 = COLOUR_RGB ( '',0.8980392156862745390, 0.8980392156862745390, 0.8980392156862745390 ) ;
#340 = DIRECTION ( 'NONE',  ( -1.000000000000000000, -0.0000000000000000000, -0.0000000000000000000 ) ) ;
#341 =( LENGTH_UNIT ( ) NAMED_UNIT ( * ) SI_UNIT ( .MILLI., .METRE. ) );
#342 =( LENGTH_UNIT ( ) NAMED_UNIT ( * ) SI_UNIT ( .MILLI., .METRE. ) );
#343 = ADVANCED_FACE ( 'NONE', ( #1569 ), #862, .F. ) ;
#344 = DIRECTION ( 'NONE',  ( -0.0000000000000000000, -1.000000000000000000, 0.0000000000000000000 ) ) ;
#345 = ORIENTED_EDGE ( 'NONE', *, *, #386, .F. ) ;
#346 = PLANE ( 'NONE',  #2002 ) ;
#347 = EDGE_CURVE ( 'NONE', #380, #315, #810, .T. ) ;
#348 = ORIENTED_EDGE ( 'NONE', *, *, #2320, .F. ) ;
#349 = DIRECTION ( 'NONE',  ( -0.0000000000000000000, -1.000000000000000000, -0.0000000000000000000 ) ) ;
#350 = FACE_OUTER_BOUND ( 'NONE', #50, .T. ) ;
#351 =( NAMED_UNIT ( * ) PLANE_ANGLE_UNIT ( ) SI_UNIT ( $, .RADIAN. ) );
#352 = LINE ( 'NONE', #1094, #244 ) ;
#353 = ORIENTED_EDGE ( 'NONE', *, *, #1118, .F. ) ;
#354 = FILL_AREA_STYLE_COLOUR ( '', #477 ) ;
#355 = FACE_BOUND ( 'NONE', #1083, .T. ) ;
#356 = EDGE_CURVE ( 'NONE', #2191, #1182, #1796, .T. ) ;
#357 = ORIENTED_EDGE ( 'NONE', *, *, #806, .T. ) ;
#358 = LINE ( 'NONE', #1101, #2328 ) ;
#359 = AXIS2_PLACEMENT_3D ( 'NONE', #1817, #1966, #860 ) ;
#360 = DIRECTION ( 'NONE',  ( 1.000000000000000000, -0.0000000000000000000, 0.0000000000000000000 ) ) ;
#361 = PRESENTATION_LAYER_ASSIGNMENT (  '', '', ( #2161 ) ) ;
#362 = DIRECTION ( 'NONE',  ( 0.0000000000000000000, -0.0000000000000000000, -1.000000000000000000 ) ) ;
#363 = VECTOR ( 'NONE', #752, 1000.000000000000000 ) ;
#364 = VERTEX_POINT ( 'NONE', #996 ) ;
#365 = CARTESIAN_POINT ( 'NONE',  ( -4.529999999999999361, 0.0000000000000000000, 3.200000000000000622 ) ) ;
#366 = COLOUR_RGB ( '',1.000000000000000000, 1.000000000000000000, 1.000000000000000000 ) ;
#367 = PRESENTATION_STYLE_ASSIGNMENT (( #171 ) ) ;
#368 = UNCERTAINTY_MEASURE_WITH_UNIT (LENGTH_MEASURE( 1.000000000000000082E-05 ), #2327, 'distance_accuracy_value', 'NONE');
#369 = COLOUR_RGB ( '',1.000000000000000000, 1.000000000000000000, 1.000000000000000000 ) ;
#370 = ORIENTED_EDGE ( 'NONE', *, *, #1098, .T. ) ;
#371 = MECHANICAL_DESIGN_GEOMETRIC_PRESENTATION_REPRESENTATION (  '', ( #330 ), #1312 ) ;
#372 = EDGE_CURVE ( 'NONE', #506, #1370, #1750, .T. ) ;
#373 = PRESENTATION_LAYER_ASSIGNMENT (  '', '', ( #139 ) ) ;
#374 = MECHANICAL_DESIGN_GEOMETRIC_PRESENTATION_REPRESENTATION (  '', ( #527 ), #1975 ) ;
#375 = FILL_AREA_STYLE_COLOUR ( '', #2333 ) ;
#376 = PRESENTATION_LAYER_ASSIGNMENT (  '', '', ( #178 ) ) ;
#377 = AXIS2_PLACEMENT_3D ( 'NONE', #1976, #467, #1048 ) ;
#378 = PRESENTATION_STYLE_ASSIGNMENT (( #2402 ) ) ;
#379 = LINE ( 'NONE', #1122, #2409 ) ;
#380 = VERTEX_POINT ( 'NONE', #1764 ) ;
#381 =( LENGTH_UNIT ( ) NAMED_UNIT ( * ) SI_UNIT ( .MILLI., .METRE. ) );
#382 = CARTESIAN_POINT ( 'NONE',  ( 0.0000000000000000000, -0.3020508075688762561, -3.700000000000000178 ) ) ;
#383 =( LENGTH_UNIT ( ) NAMED_UNIT ( * ) SI_UNIT ( .MILLI., .METRE. ) );
#384 = EDGE_LOOP ( 'NONE', ( #1379, #192, #1611, #1505 ) ) ;
#385 = SURFACE_SIDE_STYLE ('',( #2066 ) ) ;
#386 = EDGE_CURVE ( 'NONE', #1387, #1913, #2317, .T. ) ;
#387 = CARTESIAN_POINT ( 'NONE',  ( 3.390000000000000568, 0.9199999999999995959, 0.0000000000000000000 ) ) ;
#388 = PLANE ( 'NONE',  #1267 ) ;
#389 = VERTEX_POINT ( 'NONE', #2133 ) ;
#390 = DIRECTION ( 'NONE',  ( -1.000000000000000000, -0.0000000000000000000, 0.0000000000000000000 ) ) ;
#391 = DIRECTION ( 'NONE',  ( -7.616428213254051154E-16, -0.2588190451025157990, -0.9659258262890696445 ) ) ;
#392 = ORIENTED_EDGE ( 'NONE', *, *, #1058, .F. ) ;
#393 = CARTESIAN_POINT ( 'NONE',  ( -8.570000000000003837, 2.349999999999999645, 0.0000000000000000000 ) ) ;
#394 = PLANE ( 'NONE',  #2177 ) ;
#395 = FILL_AREA_STYLE ('',( #1140 ) ) ;
#396 = FILL_AREA_STYLE_COLOUR ( '', #637 ) ;
#397 = EDGE_CURVE ( 'NONE', #1873, #1292, #453, .T. ) ;
#398 = EDGE_LOOP ( 'NONE', ( #1723, #824, #1619, #353 ) ) ;
#399 = DIRECTION ( 'NONE',  ( -1.000000000000000000, -0.0000000000000000000, -0.0000000000000000000 ) ) ;
#400 = VECTOR ( 'NONE', #263, 1000.000000000000000 ) ;
#401 = PLANE ( 'NONE',  #2018 ) ;
#402 = ORIENTED_EDGE ( 'NONE', *, *, #1221, .F. ) ;
#403 = DIRECTION ( 'NONE',  ( -0.0000000000000000000, -0.0000000000000000000, 1.000000000000000000 ) ) ;
#404 = STYLED_ITEM ( 'NONE', ( #763 ), #989 ) ;
#405 = ORIENTED_EDGE ( 'NONE', *, *, #857, .T. ) ;
#406 =( NAMED_UNIT ( * ) PLANE_ANGLE_UNIT ( ) SI_UNIT ( $, .RADIAN. ) );
#407 =( NAMED_UNIT ( * ) PLANE_ANGLE_UNIT ( ) SI_UNIT ( $, .RADIAN. ) );
#408 = VECTOR ( 'NONE', #753, 1000.000000000000000 ) ;
#409 = SURFACE_STYLE_FILL_AREA ( #1129 ) ;
#410 = MECHANICAL_DESIGN_GEOMETRIC_PRESENTATION_REPRESENTATION (  '', ( #848 ), #607 ) ;
#411 = ORIENTED_EDGE ( 'NONE', *, *, #1032, .T. ) ;
#412 = EDGE_CURVE ( 'NONE', #37, #506, #1020, .T. ) ;
#413 = LINE ( 'NONE', #33, #515 ) ;
#414 = CARTESIAN_POINT ( 'NONE',  ( -8.489999999999998437, 0.9199999999999995959, 0.0000000000000000000 ) ) ;
#415 = COLOUR_RGB ( '',1.000000000000000000, 1.000000000000000000, 1.000000000000000000 ) ;
#416 = ORIENTED_EDGE ( 'NONE', *, *, #116, .F. ) ;
#417 = ADVANCED_FACE ( 'NONE', ( #2366 ), #346, .F. ) ;
#418 = PRESENTATION_STYLE_ASSIGNMENT (( #1330 ) ) ;
#419 = UNCERTAINTY_MEASURE_WITH_UNIT (LENGTH_MEASURE( 1.000000000000000082E-05 ), #2195, 'distance_accuracy_value', 'NONE');
#420 = DIRECTION ( 'NONE',  ( -0.9659258262890692004, 0.0000000000000000000, 0.2588190451025174643 ) ) ;
#421 = SURFACE_STYLE_USAGE ( .BOTH. , #1952 ) ;
#422 = DIRECTION ( 'NONE',  ( 0.0000000000000000000, 1.000000000000000000, 0.0000000000000000000 ) ) ;
#423 = DIRECTION ( 'NONE',  ( -0.0000000000000000000, 0.0000000000000000000, -1.000000000000000000 ) ) ;
#424 = CARTESIAN_POINT ( 'NONE',  ( 0.0000000000000000000, 2.349999999999999645, 3.200000000000000622 ) ) ;
#425 = LINE ( 'NONE', #974, #1040 ) ;
#426 = VERTEX_POINT ( 'NONE', #730 ) ;
#427 = CARTESIAN_POINT ( 'NONE',  ( 0.5699999999999997291, -0.5699999999999999512, 9.899999999999982592 ) ) ;
#428 = CARTESIAN_POINT ( 'NONE',  ( 0.0000000000000000000, 0.0000000000000000000, 0.0000000000000000000 ) ) ;
#429 =( REPRESENTATION_RELATIONSHIP ('NONE','NONE', #1482, #1494 ) REPRESENTATION_RELATIONSHIP_WITH_TRANSFORMATION ( #2229 )SHAPE_REPRESENTATION_RELATIONSHIP( ) );
#430 = ADVANCED_FACE ( 'NONE', ( #921 ), #2192, .F. ) ;
#431 = EDGE_LOOP ( 'NONE', ( #1674, #1033, #616, #861 ) ) ;
#432 = LINE ( 'NONE', #1554, #1591 ) ;
#433 = DIRECTION ( 'NONE',  ( 0.0000000000000000000, 1.000000000000000000, 0.0000000000000000000 ) ) ;
#434 = AXIS2_PLACEMENT_3D ( 'NONE', #1671, #1478, #1513 ) ;
#435 = AXIS2_PLACEMENT_3D ( 'NONE', #49, #2213, #985 ) ;
#436 = ORIENTED_EDGE ( 'NONE', *, *, #819, .F. ) ;
#437 =( LENGTH_UNIT ( ) NAMED_UNIT ( * ) SI_UNIT ( .MILLI., .METRE. ) );
#438 = STYLED_ITEM ( 'NONE', ( #2138 ), #535 ) ;
#439 = CARTESIAN_POINT ( 'NONE',  ( 7.919999999999999929, 0.3499999999999994782, 0.0000000000000000000 ) ) ;
#440 = PRESENTATION_STYLE_ASSIGNMENT (( #997 ) ) ;
#441 = UNCERTAINTY_MEASURE_WITH_UNIT (LENGTH_MEASURE( 1.000000000000000082E-05 ), #1188, 'distance_accuracy_value', 'NONE');
#442 = AXIS2_PLACEMENT_3D ( 'NONE', #523, #1276, #2239 ) ;
#443 = VERTEX_POINT ( 'NONE', #2228 ) ;
#444 = CARTESIAN_POINT ( 'NONE',  ( -9.869999999999999218, 2.349999999999999645, 3.200000000000000622 ) ) ;
#445 = PRODUCT_DEFINITION ( 'UNKNOWN', '', #2411, #1180 ) ;
#446 = UNCERTAINTY_MEASURE_WITH_UNIT (LENGTH_MEASURE( 1.000000000000000082E-05 ), #473, 'distance_accuracy_value', 'NONE');
#447 = CARTESIAN_POINT ( 'NONE',  ( 8.570000000000002061, 2.349999999999999645, 3.200000000000000622 ) ) ;
#448 = ADVANCED_FACE ( 'NONE', ( #146 ), #704, .F. ) ;
#449 = CARTESIAN_POINT ( 'NONE',  ( 9.869999999999999218, -4.250000000000000000, 3.200000000000000622 ) ) ;
#450 = VECTOR ( 'NONE', #1132, 1000.000000000000000 ) ;
#451 = LINE ( 'NONE', #66, #1575 ) ;
#452 =( NAMED_UNIT ( * ) PLANE_ANGLE_UNIT ( ) SI_UNIT ( $, .RADIAN. ) );
#453 = LINE ( 'NONE', #1201, #400 ) ;
#454 = DIRECTION ( 'NONE',  ( 1.000000000000000000, 0.0000000000000000000, 0.0000000000000000000 ) ) ;
#455 = PLANE ( 'NONE',  #2296 ) ;
#456 = ORIENTED_EDGE ( 'NONE', *, *, #1617, .T. ) ;
#457 = SURFACE_SIDE_STYLE ('',( #854 ) ) ;
#458 = DIRECTION ( 'NONE',  ( -0.0000000000000000000, -0.0000000000000000000, 1.000000000000000000 ) ) ;
#459 = DIRECTION ( 'NONE',  ( -0.0000000000000000000, -1.000000000000000000, 0.0000000000000000000 ) ) ;
#460 = EDGE_CURVE ( 'NONE', #2300, #978, #1300, .T. ) ;
#461 = SURFACE_STYLE_FILL_AREA ( #1761 ) ;
#462 = PRESENTATION_STYLE_ASSIGNMENT (( #274 ) ) ;
#463 = CARTESIAN_POINT ( 'NONE',  ( 0.0000000000000000000, 0.0000000000000000000, 0.0000000000000000000 ) ) ;
#464 = UNCERTAINTY_MEASURE_WITH_UNIT (LENGTH_MEASURE( 1.000000000000000082E-05 ), #1490, 'distance_accuracy_value', 'NONE');
#465 = ORIENTED_EDGE ( 'NONE', *, *, #1290, .F. ) ;
#466 = PLANE ( 'NONE',  #2174 ) ;
#467 = DIRECTION ( 'NONE',  ( 0.0000000000000000000, -1.000000000000000000, 0.0000000000000000000 ) ) ;
#468 = SURFACE_SIDE_STYLE ('',( #1231 ) ) ;
#469 = ORIENTED_EDGE ( 'NONE', *, *, #1558, .T. ) ;
#470 = EDGE_CURVE ( 'NONE', #2050, #380, #413, .T. ) ;
#471 = CARTESIAN_POINT ( 'NONE',  ( 0.5699999999999998401, 0.5700000000000001732, 10.90000000000000036 ) ) ;
#472 = MECHANICAL_DESIGN_GEOMETRIC_PRESENTATION_REPRESENTATION (  '', ( #1531 ), #745 ) ;
#473 =( LENGTH_UNIT ( ) NAMED_UNIT ( * ) SI_UNIT ( .MILLI., .METRE. ) );
#474 = AXIS2_PLACEMENT_3D ( 'NONE', #1590, #1804, #772 ) ;
#475 = DIRECTION ( 'NONE',  ( 1.000000000000000000, -0.0000000000000000000, 0.0000000000000000000 ) ) ;
#476 = PRODUCT_DEFINITION_SHAPE ( 'NONE', 'NONE',  #2415 ) ;
#477 = COLOUR_RGB ( '',1.000000000000000000, 1.000000000000000000, 1.000000000000000000 ) ;
#478 = VERTEX_POINT ( 'NONE', #583 ) ;
#479 = LINE ( 'NONE', #1057, #1973 ) ;
#480 =( GEOMETRIC_REPRESENTATION_CONTEXT ( 3 ) GLOBAL_UNCERTAINTY_ASSIGNED_CONTEXT ( ( #1986 ) ) GLOBAL_UNIT_ASSIGNED_CONTEXT ( ( #1842, #693, #1686 ) ) REPRESENTATION_CONTEXT ( 'NONE', 'WORKASPACE' ) );
#481 = CARTESIAN_POINT ( 'NONE',  ( 0.0000000000000000000, 3.650000000000000355, 9.400000000000000355 ) ) ;
#482 = CARTESIAN_POINT ( 'NONE',  ( -8.570000000000000284, 4.250000000000000000, 0.0000000000000000000 ) ) ;
#483 = CARTESIAN_POINT ( 'NONE',  ( -8.489999999999998437, 0.9199999999999995959, 3.200000000000000622 ) ) ;
#484 = AXIS2_PLACEMENT_3D ( 'NONE', #713, #321, #1452 ) ;
#485 = STYLED_ITEM ( 'NONE', ( #784 ), #1414 ) ;
#486 = VECTOR ( 'NONE', #1843, 1000.000000000000000 ) ;
#487 = ORIENTED_EDGE ( 'NONE', *, *, #2362, .T. ) ;
#488 =( NAMED_UNIT ( * ) PLANE_ANGLE_UNIT ( ) SI_UNIT ( $, .RADIAN. ) );
#489 =( NAMED_UNIT ( * ) PLANE_ANGLE_UNIT ( ) SI_UNIT ( $, .RADIAN. ) );
#490 = EDGE_CURVE ( 'NONE', #2408, #1789, #1914, .T. ) ;
#491 = ORIENTED_EDGE ( 'NONE', *, *, #2230, .T. ) ;
#492 = DIRECTION ( 'NONE',  ( 0.0000000000000000000, -0.2588190451025174643, -0.9659258262890692004 ) ) ;
#493 = UNCERTAINTY_MEASURE_WITH_UNIT (LENGTH_MEASURE( 1.000000000000000082E-05 ), #898, 'distance_accuracy_value', 'NONE');
#494 = CARTESIAN_POINT ( 'NONE',  ( 0.5699999999999998401, -0.5700000000000001732, 10.90000000000000036 ) ) ;
#495 = FILL_AREA_STYLE ('',( #503 ) ) ;
#496 = SURFACE_STYLE_FILL_AREA ( #1614 ) ;
#497 = SURFACE_STYLE_USAGE ( .BOTH. , #2378 ) ;
#498 =( LENGTH_UNIT ( ) NAMED_UNIT ( * ) SI_UNIT ( .MILLI., .METRE. ) );
#499 = VERTEX_POINT ( 'NONE', #829 ) ;
#500 = CARTESIAN_POINT ( 'NONE',  ( 9.869999999999999218, 2.349999999999999645, 9.400000000000000355 ) ) ;
#501 = EDGE_CURVE ( 'NONE', #703, #338, #142, .T. ) ;
#502 = CARTESIAN_POINT ( 'NONE',  ( -0.5699999999999992850, -0.2200000000000003619, 3.200000000000000622 ) ) ;
#503 = FILL_AREA_STYLE_COLOUR ( '', #668 ) ;
#504 = CARTESIAN_POINT ( 'NONE',  ( -8.489999999999998437, -0.2200000000000003619, 0.0000000000000000000 ) ) ;
#505 = DIRECTION ( 'NONE',  ( 0.0000000000000000000, 1.000000000000000000, 0.0000000000000000000 ) ) ;
#506 = VERTEX_POINT ( 'NONE', #2151 ) ;
#507 = FILL_AREA_STYLE ('',( #2392 ) ) ;
#508 = DIRECTION ( 'NONE',  ( -1.000000000000000000, -1.826024711554533223E-15, 0.0000000000000000000 ) ) ;
#509 = EDGE_LOOP ( 'NONE', ( #1159, #132, #1288, #2405 ) ) ;
#510 = CLOSED_SHELL ( 'NONE', ( #1956, #1845, #245, #916, #535, #188, #448, #2198, #1522, #343, #308, #1886, #1401, #2156 ) ) ;
#511 =( NAMED_UNIT ( * ) SI_UNIT ( $, .STERADIAN. ) SOLID_ANGLE_UNIT ( ) );
#512 = VECTOR ( 'NONE', #783, 1000.000000000000000 ) ;
#513 = PLANE ( 'NONE',  #474 ) ;
#514 = PRODUCT_DEFINITION_SHAPE ( 'NONE', 'NONE',  #1996 ) ;
#515 = VECTOR ( 'NONE', #1721, 1000.000000000000000 ) ;
#516 = PLANE ( 'NONE',  #561 ) ;
#517 = MECHANICAL_DESIGN_GEOMETRIC_PRESENTATION_REPRESENTATION (  '', ( #1184 ), #480 ) ;
#518 = CARTESIAN_POINT ( 'NONE',  ( 0.5700000000000010614, -0.2200000000000003619, 0.0000000000000000000 ) ) ;
#519 = PRESENTATION_LAYER_ASSIGNMENT (  '', '', ( #1421 ) ) ;
#520 = COLOUR_RGB ( '',1.000000000000000000, 1.000000000000000000, 1.000000000000000000 ) ;
#521 = EDGE_LOOP ( 'NONE', ( #2152, #7, #1170, #556 ) ) ;
#522 = FILL_AREA_STYLE_COLOUR ( '', #914 ) ;
#523 = CARTESIAN_POINT ( 'NONE',  ( 7.350000000000000533, -0.2200000000000003619, 0.0000000000000000000 ) ) ;
#524 =( NAMED_UNIT ( * ) SI_UNIT ( $, .STERADIAN. ) SOLID_ANGLE_UNIT ( ) );
#525 = SURFACE_STYLE_USAGE ( .BOTH. , #2207 ) ;
#526 = ORIENTED_EDGE ( 'NONE', *, *, #809, .T. ) ;
#527 = STYLED_ITEM ( 'NONE', ( #123 ), #1522 ) ;
#528 = PRESENTATION_STYLE_ASSIGNMENT (( #1084 ) ) ;
#529 = COLOUR_RGB ( '',1.000000000000000000, 1.000000000000000000, 1.000000000000000000 ) ;
#530 = LINE ( 'NONE', #193, #873 ) ;
#531 = PRESENTATION_LAYER_ASSIGNMENT (  '', '', ( #1119 ) ) ;
#532 = PRESENTATION_STYLE_ASSIGNMENT (( #1266 ) ) ;
#533 = SURFACE_STYLE_USAGE ( .BOTH. , #2248 ) ;
#534 = PLANE ( 'NONE',  #1747 ) ;
#535 = ADVANCED_FACE ( 'NONE', ( #1396 ), #1023, .T. ) ;
#536 = ORIENTED_EDGE ( 'NONE', *, *, #145, .F. ) ;
#537 =( LENGTH_UNIT ( ) NAMED_UNIT ( * ) SI_UNIT ( .MILLI., .METRE. ) );
#538 = SURFACE_SIDE_STYLE ('',( #329 ) ) ;
#539 = CARTESIAN_POINT ( 'NONE',  ( 0.3020508075688759231, -0.3020508075688762561, -3.700000000000000178 ) ) ;
#540 = PRODUCT_DEFINITION_SHAPE ( 'NONE', 'NONE',  #2416 ) ;
#541 = EDGE_LOOP ( 'NONE', ( #1550, #1190, #2337, #2279 ) ) ;
#542 = UNCERTAINTY_MEASURE_WITH_UNIT (LENGTH_MEASURE( 1.000000000000000082E-05 ), #2386, 'distance_accuracy_value', 'NONE');
#543 = FACE_OUTER_BOUND ( 'NONE', #900, .T. ) ;
#544 = PRESENTATION_STYLE_ASSIGNMENT (( #931 ) ) ;
#545 = FACE_OUTER_BOUND ( 'NONE', #32, .T. ) ;
#546 = ORIENTED_EDGE ( 'NONE', *, *, #1859, .T. ) ;
#547 = EDGE_CURVE ( 'NONE', #1370, #2365, #1204, .T. ) ;
#548 = FILL_AREA_STYLE ('',( #1077 ) ) ;
#549 = FACE_OUTER_BOUND ( 'NONE', #1644, .T. ) ;
#550 = EDGE_LOOP ( 'NONE', ( #405, #1095, #124, #801, #2252, #1990 ) ) ;
#551 = DIRECTION ( 'NONE',  ( 0.0000000000000000000, 0.0000000000000000000, -1.000000000000000000 ) ) ;
#552 = STYLED_ITEM ( 'NONE', ( #120 ), #64 ) ;
#553 = PLANE ( 'NONE',  #593 ) ;
#554 = LINE ( 'NONE', #1488, #754 ) ;
#555 = VECTOR ( 'NONE', #1762, 1000.000000000000000 ) ;
#556 = ORIENTED_EDGE ( 'NONE', *, *, #103, .F. ) ;
#557 = LINE ( 'NONE', #573, #1347 ) ;
#558 = SURFACE_STYLE_USAGE ( .BOTH. , #1 ) ;
#559 = VECTOR ( 'NONE', #1072, 1000.000000000000000 ) ;
#560 = ORIENTED_EDGE ( 'NONE', *, *, #2040, .T. ) ;
#561 = AXIS2_PLACEMENT_3D ( 'NONE', #1725, #2308, #1714 ) ;
#562 = UNCERTAINTY_MEASURE_WITH_UNIT (LENGTH_MEASURE( 1.000000000000000082E-05 ), #1085, 'distance_accuracy_value', 'NONE');
#563 = EDGE_CURVE ( 'NONE', #1972, #189, #2329, .T. ) ;
#564 = VECTOR ( 'NONE', #306, 1000.000000000000000 ) ;
#565 = VECTOR ( 'NONE', #1774, 1000.000000000000000 ) ;
#566 = STYLED_ITEM ( 'NONE', ( #688 ), #1956 ) ;
#567 = VECTOR ( 'NONE', #1437, 1000.000000000000000 ) ;
#568 = CARTESIAN_POINT ( 'NONE',  ( 0.3020508075688759231, 0.0000000000000000000, 10.90000000000000036 ) ) ;
#569 = LINE ( 'NONE', #581, #2052 ) ;
#570 = ORIENTED_EDGE ( 'NONE', *, *, #836, .F. ) ;
#571 = PRODUCT ( 'User Library-B5P-VH', 'User Library-B5P-VH', '', ( #275 ) ) ;
#572 = DIRECTION ( 'NONE',  ( 0.0000000000000000000, 0.9659258262890692004, 0.2588190451025174643 ) ) ;
#573 = CARTESIAN_POINT ( 'NONE',  ( 0.0000000000000000000, -0.2200000000000003619, 0.0000000000000000000 ) ) ;
#574 = ORIENTED_EDGE ( 'NONE', *, *, #1144, .F. ) ;
#575 = PLANE ( 'NONE',  #2401 ) ;
#576 = FILL_AREA_STYLE ('',( #1724 ) ) ;
#577 = VERTEX_POINT ( 'NONE', #823 ) ;
#578 = CARTESIAN_POINT ( 'NONE',  ( -8.570000000000000284, 4.250000000000000000, 9.400000000000000355 ) ) ;
#579 = EDGE_CURVE ( 'NONE', #828, #1994, #646, .T. ) ;
#580 = LINE ( 'NONE', #2301, #1198 ) ;
#581 = CARTESIAN_POINT ( 'NONE',  ( 0.3020508075688759231, -0.3020508075688762561, 10.90000000000000036 ) ) ;
#582 = EDGE_LOOP ( 'NONE', ( #48, #596, #260, #1348, #647, #1846, #1933, #159, #1235 ) ) ;
#583 = CARTESIAN_POINT ( 'NONE',  ( 0.3020508075688759231, 0.3020508075688762561, 10.90000000000000036 ) ) ;
#584 = DIRECTION ( 'NONE',  ( 0.0000000000000000000, 0.0000000000000000000, -1.000000000000000000 ) ) ;
#585 = LINE ( 'NONE', #781, #450 ) ;
#586 = EDGE_LOOP ( 'NONE', ( #2028, #574, #1857, #1607 ) ) ;
#587 = DIRECTION ( 'NONE',  ( 0.0000000000000000000, 1.000000000000000000, 0.0000000000000000000 ) ) ;
#588 = SURFACE_SIDE_STYLE ('',( #2114 ) ) ;
#589 = CARTESIAN_POINT ( 'NONE',  ( 0.0000000000000000000, -0.2200000000000003619, 0.0000000000000000000 ) ) ;
#590 = FILL_AREA_STYLE ('',( #2311 ) ) ;
#591 = AXIS2_PLACEMENT_3D ( 'NONE', #504, #1220, #298 ) ;
#592 = SURFACE_SIDE_STYLE ('',( #1196 ) ) ;
#593 = AXIS2_PLACEMENT_3D ( 'NONE', #63, #1536, #2288 ) ;
#594 = ADVANCED_FACE ( 'NONE', ( #1031 ), #1844, .F. ) ;
#595 = STYLED_ITEM ( 'NONE', ( #1446 ), #625 ) ;
#596 = ORIENTED_EDGE ( 'NONE', *, *, #1463, .T. ) ;
#597 = CARTESIAN_POINT ( 'NONE',  ( 0.0000000000000000000, -0.3020508075688762561, -3.700000000000000178 ) ) ;
#598 = FILL_AREA_STYLE_COLOUR ( '', #2410 ) ;
#599 =( GEOMETRIC_REPRESENTATION_CONTEXT ( 3 ) GLOBAL_UNCERTAINTY_ASSIGNED_CONTEXT ( ( #1228 ) ) GLOBAL_UNIT_ASSIGNED_CONTEXT ( ( #498, #1800, #1610 ) ) REPRESENTATION_CONTEXT ( 'NONE', 'WORKASPACE' ) );
#600 = VERTEX_POINT ( 'NONE', #1238 ) ;
#601 = FILL_AREA_STYLE_COLOUR ( '', #1544 ) ;
#602 = APPLICATION_CONTEXT ( 'automotive_design' ) ;
#603 = SURFACE_STYLE_FILL_AREA ( #964 ) ;
#604 = VERTEX_POINT ( 'NONE', #304 ) ;
#605 = SURFACE_STYLE_USAGE ( .BOTH. , #774 ) ;
#606 = COLOUR_RGB ( '',1.000000000000000000, 1.000000000000000000, 1.000000000000000000 ) ;
#607 =( GEOMETRIC_REPRESENTATION_CONTEXT ( 3 ) GLOBAL_UNCERTAINTY_ASSIGNED_CONTEXT ( ( #2146 ) ) GLOBAL_UNIT_ASSIGNED_CONTEXT ( ( #1519, #204, #1385 ) ) REPRESENTATION_CONTEXT ( 'NONE', 'WORKASPACE' ) );
#608 = VECTOR ( 'NONE', #1342, 1000.000000000000000 ) ;
#609 = CARTESIAN_POINT ( 'NONE',  ( -8.489999999999998437, -0.2200000000000003619, 0.0000000000000000000 ) ) ;
#610 = MECHANICAL_DESIGN_GEOMETRIC_PRESENTATION_REPRESENTATION (  '', ( #2063 ), #2254 ) ;
#611 = VECTOR ( 'NONE', #1884, 1000.000000000000000 ) ;
#612 = LINE ( 'NONE', #1026, #196 ) ;
#613 = EDGE_CURVE ( 'NONE', #1012, #1436, #1836, .T. ) ;
#614 = CARTESIAN_POINT ( 'NONE',  ( 8.570000000000002061, 2.349999999999999645, 0.0000000000000000000 ) ) ;
#615 = FACE_BOUND ( 'NONE', #155, .T. ) ;
#616 = ORIENTED_EDGE ( 'NONE', *, *, #490, .F. ) ;
#617 =( NAMED_UNIT ( * ) PLANE_ANGLE_UNIT ( ) SI_UNIT ( $, .RADIAN. ) );
#618 = LINE ( 'NONE', #799, #1113 ) ;
#619 = UNCERTAINTY_MEASURE_WITH_UNIT (LENGTH_MEASURE( 1.000000000000000082E-05 ), #1841, 'distance_accuracy_value', 'NONE');
#620 = ORIENTED_EDGE ( 'NONE', *, *, #1741, .F. ) ;
#621 = CARTESIAN_POINT ( 'NONE',  ( -8.570000000000003837, 2.349999999999994760, 0.0000000000000000000 ) ) ;
#622 = DIRECTION ( 'NONE',  ( -0.0000000000000000000, -1.000000000000000000, -0.0000000000000000000 ) ) ;
#623 = EDGE_LOOP ( 'NONE', ( #984, #1316, #1882, #2260 ) ) ;
#624 =( NAMED_UNIT ( * ) SI_UNIT ( $, .STERADIAN. ) SOLID_ANGLE_UNIT ( ) );
#625 = ADVANCED_FACE ( 'NONE', ( #137 ), #707, .F. ) ;
#626 = ORIENTED_EDGE ( 'NONE', *, *, #888, .F. ) ;
#627 =( NAMED_UNIT ( * ) SI_UNIT ( $, .STERADIAN. ) SOLID_ANGLE_UNIT ( ) );
#628 = SURFACE_STYLE_USAGE ( .BOTH. , #1744 ) ;
#629 = MECHANICAL_DESIGN_GEOMETRIC_PRESENTATION_REPRESENTATION (  '', ( #1303 ), #2318 ) ;
#630 = FACE_OUTER_BOUND ( 'NONE', #1879, .T. ) ;
#631 = DIRECTION ( 'NONE',  ( 0.0000000000000000000, -0.0000000000000000000, -1.000000000000000000 ) ) ;
#632 = PRESENTATION_LAYER_ASSIGNMENT (  '', '', ( #2091 ) ) ;
#633 = APPLICATION_PROTOCOL_DEFINITION ( 'draft international standard', 'automotive_design', 1998, #1642 ) ;
#634 = VECTOR ( 'NONE', #399, 1000.000000000000000 ) ;
#635 = ORIENTED_EDGE ( 'NONE', *, *, #1999, .F. ) ;
#636 =( NAMED_UNIT ( * ) SI_UNIT ( $, .STERADIAN. ) SOLID_ANGLE_UNIT ( ) );
#637 = COLOUR_RGB ( '',1.000000000000000000, 1.000000000000000000, 1.000000000000000000 ) ;
#638 =( NAMED_UNIT ( * ) PLANE_ANGLE_UNIT ( ) SI_UNIT ( $, .RADIAN. ) );
#639 = DIRECTION ( 'NONE',  ( -0.0000000000000000000, -0.0000000000000000000, -1.000000000000000000 ) ) ;
#640 = MECHANICAL_DESIGN_GEOMETRIC_PRESENTATION_REPRESENTATION (  '', ( #65 ), #966 ) ;
#641 = MECHANICAL_DESIGN_GEOMETRIC_PRESENTATION_REPRESENTATION (  '', ( #679 ), #1792 ) ;
#642 = VERTEX_POINT ( 'NONE', #1260 ) ;
#643 = SURFACE_STYLE_FILL_AREA ( #2348 ) ;
#644 = MECHANICAL_DESIGN_GEOMETRIC_PRESENTATION_REPRESENTATION (  '', ( #1430 ), #1360 ) ;
#645 = DIRECTION ( 'NONE',  ( 0.0000000000000000000, -0.0000000000000000000, -1.000000000000000000 ) ) ;
#646 = LINE ( 'NONE', #1775, #2049 ) ;
#647 = ORIENTED_EDGE ( 'NONE', *, *, #809, .F. ) ;
#648 = CARTESIAN_POINT ( 'NONE',  ( 8.490000000000000213, -0.2200000000000003619, 3.200000000000000622 ) ) ;
#649 = EDGE_CURVE ( 'NONE', #1436, #294, #158, .T. ) ;
#650 = DIRECTION ( 'NONE',  ( 1.826024711554533223E-15, -1.000000000000000000, 0.0000000000000000000 ) ) ;
#651 = LINE ( 'NONE', #1400, #1108 ) ;
#652 = ORIENTED_EDGE ( 'NONE', *, *, #2291, .T. ) ;
#653 = CARTESIAN_POINT ( 'NONE',  ( 4.530000000000001137, -0.2200000000000003619, 0.0000000000000000000 ) ) ;
#654 =( NAMED_UNIT ( * ) PLANE_ANGLE_UNIT ( ) SI_UNIT ( $, .RADIAN. ) );
#655 = DIRECTION ( 'NONE',  ( 0.0000000000000000000, 0.0000000000000000000, 1.000000000000000000 ) ) ;
#656 = UNCERTAINTY_MEASURE_WITH_UNIT (LENGTH_MEASURE( 1.000000000000000082E-05 ), #36, 'distance_accuracy_value', 'NONE');
#657 = ORIENTED_EDGE ( 'NONE', *, *, #1102, .T. ) ;
#658 = LINE ( 'NONE', #1408, #1466 ) ;
#659 = CARTESIAN_POINT ( 'NONE',  ( -8.489999999999998437, 0.9199999999999995959, 0.0000000000000000000 ) ) ;
#660 = MANIFOLD_SOLID_BREP ( 'Imported1', #510 ) ;
#661 = EDGE_CURVE ( 'NONE', #1130, #1387, #1869, .T. ) ;
#662 = SURFACE_STYLE_USAGE ( .BOTH. , #1604 ) ;
#663 =( LENGTH_UNIT ( ) NAMED_UNIT ( * ) SI_UNIT ( .MILLI., .METRE. ) );
#664 = ADVANCED_FACE ( 'NONE', ( #549 ), #134, .F. ) ;
#665 = COLOUR_RGB ( '',1.000000000000000000, 1.000000000000000000, 1.000000000000000000 ) ;
#666 = ORIENTED_EDGE ( 'NONE', *, *, #2272, .T. ) ;
#667 = SHAPE_DEFINITION_REPRESENTATION ( #514, #1494 ) ;
#668 = COLOUR_RGB ( '',1.000000000000000000, 1.000000000000000000, 1.000000000000000000 ) ;
#669 = SURFACE_STYLE_FILL_AREA ( #2352 ) ;
#670 = DIRECTION ( 'NONE',  ( 0.2505628070857285894, -0.2505628070857285894, 0.9351131265310309582 ) ) ;
#671 = VECTOR ( 'NONE', #1949, 1000.000000000000000 ) ;
#672 = CARTESIAN_POINT ( 'NONE',  ( -0.5700000000000000622, -0.5700000000000001732, -2.699999999999980194 ) ) ;
#673 = PRESENTATION_LAYER_ASSIGNMENT (  '', '', ( #2323 ) ) ;
#674 = SURFACE_STYLE_USAGE ( .BOTH. , #81 ) ;
#675 =( LENGTH_UNIT ( ) NAMED_UNIT ( * ) SI_UNIT ( .MILLI., .METRE. ) );
#676 =( GEOMETRIC_REPRESENTATION_CONTEXT ( 3 ) GLOBAL_UNCERTAINTY_ASSIGNED_CONTEXT ( ( #619 ) ) GLOBAL_UNIT_ASSIGNED_CONTEXT ( ( #1841, #222, #1537 ) ) REPRESENTATION_CONTEXT ( 'NONE', 'WORKASPACE' ) );
#677 = VECTOR ( 'NONE', #1577, 1000.000000000000000 ) ;
#678 = SURFACE_STYLE_FILL_AREA ( #166 ) ;
#679 = STYLED_ITEM ( 'NONE', ( #2171 ), #1588 ) ;
#680 = EDGE_CURVE ( 'NONE', #182, #1370, #8, .T. ) ;
#681 = COLOUR_RGB ( '',0.8980392156862745390, 0.8980392156862745390, 0.8980392156862745390 ) ;
#682 =( NAMED_UNIT ( * ) SI_UNIT ( $, .STERADIAN. ) SOLID_ANGLE_UNIT ( ) );
#683 = AXIS2_PLACEMENT_3D ( 'NONE', #439, #2351, #85 ) ;
#684 = STYLED_ITEM ( 'NONE', ( #1358 ), #2170 ) ;
#685 = EDGE_LOOP ( 'NONE', ( #1019, #436, #235, #2310 ) ) ;
#686 = DIRECTION ( 'NONE',  ( -0.0000000000000000000, 1.000000000000000000, 0.0000000000000000000 ) ) ;
#687 = PRESENTATION_LAYER_ASSIGNMENT (  '', '', ( #1193 ) ) ;
#688 = PRESENTATION_STYLE_ASSIGNMENT (( #307 ) ) ;
#689 = PRESENTATION_STYLE_ASSIGNMENT (( #1068 ) ) ;
#690 = LINE ( 'NONE', #2033, #2290 ) ;
#691 = ORIENTED_EDGE ( 'NONE', *, *, #2291, .F. ) ;
#692 = ITEM_DEFINED_TRANSFORMATION ( 'NONE', 'NONE', #2373,  #96 ) ;
#693 =( NAMED_UNIT ( * ) PLANE_ANGLE_UNIT ( ) SI_UNIT ( $, .RADIAN. ) );
#694 = ADVANCED_FACE ( 'NONE', ( #742, #2221, #2037, #1481, #355, #1301 ), #170, .T. ) ;
#695 =( NAMED_UNIT ( * ) SI_UNIT ( $, .STERADIAN. ) SOLID_ANGLE_UNIT ( ) );
#696 = ORIENTED_EDGE ( 'NONE', *, *, #1211, .F. ) ;
#697 = SURFACE_SIDE_STYLE ('',( #1871 ) ) ;
#698 = EDGE_CURVE ( 'NONE', #2321, #305, #1171, .T. ) ;
#699 = DIRECTION ( 'NONE',  ( 0.0000000000000000000, -1.000000000000000000, 0.0000000000000000000 ) ) ;
#700 = PLANE ( 'NONE',  #911 ) ;
#701 = DIRECTION ( 'NONE',  ( -0.2505628070857285894, -0.2505628070857289780, 0.9351131265310308471 ) ) ;
#702 = CARTESIAN_POINT ( 'NONE',  ( 3.390000000000000568, -0.2200000000000003619, 3.200000000000000622 ) ) ;
#703 = VERTEX_POINT ( 'NONE', #2253 ) ;
#704 = PLANE ( 'NONE',  #1496 ) ;
#705 = FILL_AREA_STYLE_COLOUR ( '', #1895 ) ;
#706 = DIRECTION ( 'NONE',  ( 1.000000000000000000, -1.826024711554533223E-15, 0.0000000000000000000 ) ) ;
#707 = PLANE ( 'NONE',  #837 ) ;
#708 = VERTEX_POINT ( 'NONE', #1131 ) ;
#709 = FACE_OUTER_BOUND ( 'NONE', #1633, .T. ) ;
#710 = LINE ( 'NONE', #2268, #1657 ) ;
#711 = EDGE_CURVE ( 'NONE', #2408, #2208, #2109, .T. ) ;
#712 = COLOUR_RGB ( '',1.000000000000000000, 1.000000000000000000, 1.000000000000000000 ) ;
#713 = CARTESIAN_POINT ( 'NONE',  ( -0.3020508075688761451, 0.0000000000000000000, -3.700000000000000178 ) ) ;
#714 = PRESENTATION_LAYER_ASSIGNMENT (  '', '', ( #595 ) ) ;
#715 = SURFACE_STYLE_FILL_AREA ( #1309 ) ;
#716 = PLANE ( 'NONE',  #591 ) ;
#717 = VECTOR ( 'NONE', #422, 1000.000000000000000 ) ;
#718 = ORIENTED_EDGE ( 'NONE', *, *, #199, .T. ) ;
#719 = SURFACE_STYLE_FILL_AREA ( #923 ) ;
#720 = ORIENTED_EDGE ( 'NONE', *, *, #1211, .T. ) ;
#721 = DIRECTION ( 'NONE',  ( -1.000000000000000000, 0.0000000000000000000, -0.0000000000000000000 ) ) ;
#722 =( GEOMETRIC_REPRESENTATION_CONTEXT ( 3 ) GLOBAL_UNCERTAINTY_ASSIGNED_CONTEXT ( ( #2090 ) ) GLOBAL_UNIT_ASSIGNED_CONTEXT ( ( #42, #406, #627 ) ) REPRESENTATION_CONTEXT ( 'NONE', 'WORKASPACE' ) );
#723 =( REPRESENTATION_RELATIONSHIP ('NONE','NONE', #1482, #1494 ) REPRESENTATION_RELATIONSHIP_WITH_TRANSFORMATION ( #1823 )SHAPE_REPRESENTATION_RELATIONSHIP( ) );
#724 = LINE ( 'NONE', #2385, #1319 ) ;
#725 = EDGE_CURVE ( 'NONE', #761, #1809, #557, .T. ) ;
#726 = DIRECTION ( 'NONE',  ( 0.0000000000000000000, -0.0000000000000000000, 1.000000000000000000 ) ) ;
#727 =( NAMED_UNIT ( * ) PLANE_ANGLE_UNIT ( ) SI_UNIT ( $, .RADIAN. ) );
#728 = EDGE_CURVE ( 'NONE', #642, #2048, #211, .T. ) ;
#729 = ORIENTED_EDGE ( 'NONE', *, *, #649, .F. ) ;
#730 = CARTESIAN_POINT ( 'NONE',  ( -8.570000000000003837, 2.349999999999993427, 7.199999999999930900 ) ) ;
#731 = DIRECTION ( 'NONE',  ( -0.0000000000000000000, -0.0000000000000000000, -1.000000000000000000 ) ) ;
#732 = PRESENTATION_STYLE_ASSIGNMENT (( #558 ) ) ;
#733 = ORIENTED_EDGE ( 'NONE', *, *, #790, .T. ) ;
#734 = DIRECTION ( 'NONE',  ( 0.2505628070857285894, -0.2505628070857285894, -0.9351131265310309582 ) ) ;
#735 = UNCERTAINTY_MEASURE_WITH_UNIT (LENGTH_MEASURE( 1.000000000000000082E-05 ), #537, 'distance_accuracy_value', 'NONE');
#736 = FILL_AREA_STYLE ('',( #375 ) ) ;
#737 = DIRECTION ( 'NONE',  ( 0.0000000000000000000, 1.000000000000000000, -0.0000000000000000000 ) ) ;
#738 = CARTESIAN_POINT ( 'NONE',  ( -4.529999999999999361, -0.2200000000000003619, 0.0000000000000000000 ) ) ;
#739 = DIRECTION ( 'NONE',  ( -0.0000000000000000000, -1.000000000000000000, 0.0000000000000000000 ) ) ;
#740 = ORIENTED_EDGE ( 'NONE', *, *, #1318, .T. ) ;
#741 = EDGE_CURVE ( 'NONE', #1012, #77, #780, .T. ) ;
#742 = FACE_OUTER_BOUND ( 'NONE', #1305, .T. ) ;
#743 = SURFACE_STYLE_FILL_AREA ( #947 ) ;
#744 = ORIENTED_EDGE ( 'NONE', *, *, #698, .T. ) ;
#745 =( GEOMETRIC_REPRESENTATION_CONTEXT ( 3 ) GLOBAL_UNCERTAINTY_ASSIGNED_CONTEXT ( ( #104 ) ) GLOBAL_UNIT_ASSIGNED_CONTEXT ( ( #1128, #351, #165 ) ) REPRESENTATION_CONTEXT ( 'NONE', 'WORKASPACE' ) );
#746 = VERTEX_POINT ( 'NONE', #1887 ) ;
#747 = CARTESIAN_POINT ( 'NONE',  ( 0.5699999999999997291, 0.5699999999999999512, 9.899999999999982592 ) ) ;
#748 = COLOUR_RGB ( '',0.8980392156862745390, 0.8980392156862745390, 0.8980392156862745390 ) ;
#749 =( LENGTH_UNIT ( ) NAMED_UNIT ( * ) SI_UNIT ( .MILLI., .METRE. ) );
#750 = FACE_OUTER_BOUND ( 'NONE', #1163, .T. ) ;
#751 = LINE ( 'NONE', #2251, #326 ) ;
#752 = DIRECTION ( 'NONE',  ( 0.0000000000000000000, -0.0000000000000000000, -1.000000000000000000 ) ) ;
#753 = DIRECTION ( 'NONE',  ( 1.000000000000000000, -0.0000000000000000000, 0.0000000000000000000 ) ) ;
#754 = VECTOR ( 'NONE', #197, 1000.000000000000000 ) ;
#755 = EDGE_CURVE ( 'NONE', #1182, #793, #1915, .T. ) ;
#756 = ORIENTED_EDGE ( 'NONE', *, *, #680, .T. ) ;
#757 = FACE_OUTER_BOUND ( 'NONE', #2096, .T. ) ;
#758 = UNCERTAINTY_MEASURE_WITH_UNIT (LENGTH_MEASURE( 1.000000000000000082E-05 ), #842, 'distance_accuracy_value', 'NONE');
#759 = VECTOR ( 'NONE', #1777, 1000.000000000000000 ) ;
#760 = COLOUR_RGB ( '',1.000000000000000000, 1.000000000000000000, 1.000000000000000000 ) ;
#761 = VERTEX_POINT ( 'NONE', #973 ) ;
#762 = DIRECTION ( 'NONE',  ( 0.0000000000000000000, -0.0000000000000000000, -1.000000000000000000 ) ) ;
#763 = PRESENTATION_STYLE_ASSIGNMENT (( #497 ) ) ;
#764 = VECTOR ( 'NONE', #762, 1000.000000000000000 ) ;
#765 = DIRECTION ( 'NONE',  ( -0.0000000000000000000, -1.000000000000000000, -0.0000000000000000000 ) ) ;
#766 = LINE ( 'NONE', #180, #54 ) ;
#767 =( LENGTH_UNIT ( ) NAMED_UNIT ( * ) SI_UNIT ( .MILLI., .METRE. ) );
#768 = ORIENTED_EDGE ( 'NONE', *, *, #1539, .T. ) ;
#769 = CARTESIAN_POINT ( 'NONE',  ( -0.5699999999999992850, 0.9199999999999995959, 3.200000000000000622 ) ) ;
#770 = DIRECTION ( 'NONE',  ( 0.0000000000000000000, 0.0000000000000000000, -1.000000000000000000 ) ) ;
#771 = VERTEX_POINT ( 'NONE', #794 ) ;
#772 = DIRECTION ( 'NONE',  ( 0.0000000000000000000, 0.0000000000000000000, -1.000000000000000000 ) ) ;
#773 = CARTESIAN_POINT ( 'NONE',  ( -0.3020508075688761451, 0.3020508075688762561, -3.700000000000000178 ) ) ;
#774 = SURFACE_SIDE_STYLE ('',( #1717 ) ) ;
#775 = EDGE_CURVE ( 'NONE', #1299, #1776, #946, .T. ) ;
#776 = SURFACE_STYLE_FILL_AREA ( #1139 ) ;
#777 = LINE ( 'NONE', #1041, #2084 ) ;
#778 = DIRECTION ( 'NONE',  ( -1.000000000000000000, 0.0000000000000000000, 0.0000000000000000000 ) ) ;
#779 = ORIENTED_EDGE ( 'NONE', *, *, #76, .T. ) ;
#780 = LINE ( 'NONE', #382, #281 ) ;
#781 = CARTESIAN_POINT ( 'NONE',  ( -4.529999999999999361, -0.2200000000000003619, 0.0000000000000000000 ) ) ;
#782 = VERTEX_POINT ( 'NONE', #1880 ) ;
#783 = DIRECTION ( 'NONE',  ( -0.0000000000000000000, -1.000000000000000000, 0.0000000000000000000 ) ) ;
#784 = PRESENTATION_STYLE_ASSIGNMENT (( #1164 ) ) ;
#785 = LINE ( 'NONE', #2089, #1673 ) ;
#786 = UNCERTAINTY_MEASURE_WITH_UNIT (LENGTH_MEASURE( 1.000000000000000082E-05 ), #1564, 'distance_accuracy_value', 'NONE');
#787 = ORIENTED_EDGE ( 'NONE', *, *, #1859, .F. ) ;
#788 = FILL_AREA_STYLE ('',( #1137 ) ) ;
#789 = AXIS2_PLACEMENT_3D ( 'NONE', #870, #1270, #2189 ) ;
#790 = EDGE_CURVE ( 'NONE', #828, #1099, #1326, .T. ) ;
#791 = VECTOR ( 'NONE', #1582, 1000.000000000000000 ) ;
#792 =( GEOMETRIC_REPRESENTATION_CONTEXT ( 3 ) GLOBAL_UNCERTAINTY_ASSIGNED_CONTEXT ( ( #446 ) ) GLOBAL_UNIT_ASSIGNED_CONTEXT ( ( #473, #1594, #78 ) ) REPRESENTATION_CONTEXT ( 'NONE', 'WORKASPACE' ) );
#793 = VERTEX_POINT ( 'NONE', #1541 ) ;
#794 = CARTESIAN_POINT ( 'NONE',  ( -8.570000000000002061, 3.750000000000000888, 0.0000000000000000000 ) ) ;
#795 = DIRECTION ( 'NONE',  ( -0.0000000000000000000, 0.0000000000000000000, 1.000000000000000000 ) ) ;
#796 = VERTEX_POINT ( 'NONE', #2099 ) ;
#797 = PRESENTATION_STYLE_ASSIGNMENT (( #1507 ) ) ;
#798 = DIRECTION ( 'NONE',  ( 1.000000000000000000, 0.0000000000000000000, 0.0000000000000000000 ) ) ;
#799 = CARTESIAN_POINT ( 'NONE',  ( 0.5700000000000010614, -0.2200000000000003619, 0.0000000000000000000 ) ) ;
#800 = SURFACE_STYLE_FILL_AREA ( #1752 ) ;
#801 = ORIENTED_EDGE ( 'NONE', *, *, #1558, .F. ) ;
#802 = MECHANICAL_DESIGN_GEOMETRIC_PRESENTATION_REPRESENTATION (  '', ( #1193 ), #1758 ) ;
#803 = PLANE ( 'NONE',  #807 ) ;
#804 = SURFACE_STYLE_FILL_AREA ( #2044 ) ;
#805 =( GEOMETRIC_REPRESENTATION_CONTEXT ( 3 ) GLOBAL_UNCERTAINTY_ASSIGNED_CONTEXT ( ( #290 ) ) GLOBAL_UNIT_ASSIGNED_CONTEXT ( ( #1743, #1535, #1896 ) ) REPRESENTATION_CONTEXT ( 'NONE', 'WORKASPACE' ) );
#806 = EDGE_CURVE ( 'NONE', #2264, #1980, #982, .T. ) ;
#807 = AXIS2_PLACEMENT_3D ( 'NONE', #1919, #1015, #1178 ) ;
#808 = SURFACE_STYLE_USAGE ( .BOTH. , #1209 ) ;
#809 = EDGE_CURVE ( 'NONE', #1540, #1442, #1124, .T. ) ;
#810 = LINE ( 'NONE', #2307, #1618 ) ;
#811 = DIRECTION ( 'NONE',  ( 0.0000000000000000000, 0.0000000000000000000, 1.000000000000000000 ) ) ;
#812 = SURFACE_SIDE_STYLE ('',( #603 ) ) ;
#813 = DIRECTION ( 'NONE',  ( -0.0000000000000000000, -0.0000000000000000000, 1.000000000000000000 ) ) ;
#814 = ORIENTED_EDGE ( 'NONE', *, *, #2117, .T. ) ;
#815 = LINE ( 'NONE', #2261, #1234 ) ;
#816 = EDGE_LOOP ( 'NONE', ( #1313, #1133, #1320, #2354 ) ) ;
#817 = PLANE ( 'NONE',  #1581 ) ;
#818 = ORIENTED_EDGE ( 'NONE', *, *, #1791, .F. ) ;
#819 = EDGE_CURVE ( 'NONE', #1873, #2191, #959, .T. ) ;
#820 = CARTESIAN_POINT ( 'NONE',  ( 3.390000000000000568, -0.2200000000000003619, 0.0000000000000000000 ) ) ;
#821 =( NAMED_UNIT ( * ) SI_UNIT ( $, .STERADIAN. ) SOLID_ANGLE_UNIT ( ) );
#822 = LINE ( 'NONE', #589, #1751 ) ;
#823 = CARTESIAN_POINT ( 'NONE',  ( -7.349999999999998757, -0.2200000000000003619, 3.200000000000000622 ) ) ;
#824 = ORIENTED_EDGE ( 'NONE', *, *, #2305, .F. ) ;
#825 = CARTESIAN_POINT ( 'NONE',  ( 4.530000000000001137, 0.9199999999999995959, 0.0000000000000000000 ) ) ;
#826 = DIRECTION ( 'NONE',  ( 0.0000000000000000000, 1.000000000000000000, -0.0000000000000000000 ) ) ;
#827 = AXIS2_PLACEMENT_3D ( 'NONE', #1310, #971, #726 ) ;
#828 = VERTEX_POINT ( 'NONE', #769 ) ;
#829 = CARTESIAN_POINT ( 'NONE',  ( -7.349999999999998757, -0.2200000000000003619, 0.0000000000000000000 ) ) ;
#830 = LINE ( 'NONE', #847, #1929 ) ;
#831 = VECTOR ( 'NONE', #879, 1000.000000000000000 ) ;
#832 = CARTESIAN_POINT ( 'NONE',  ( -4.529999999999999361, -0.2200000000000003619, 3.200000000000000622 ) ) ;
#833 =( GEOMETRIC_REPRESENTATION_CONTEXT ( 3 ) GLOBAL_UNCERTAINTY_ASSIGNED_CONTEXT ( ( #1014 ) ) GLOBAL_UNIT_ASSIGNED_CONTEXT ( ( #381, #945, #17 ) ) REPRESENTATION_CONTEXT ( 'NONE', 'WORKASPACE' ) );
#834 = SURFACE_SIDE_STYLE ('',( #1247 ) ) ;
#835 = UNCERTAINTY_MEASURE_WITH_UNIT (LENGTH_MEASURE( 1.000000000000000082E-05 ), #383, 'distance_accuracy_value', 'NONE');
#836 = EDGE_CURVE ( 'NONE', #294, #2050, #1350, .T. ) ;
#837 = AXIS2_PLACEMENT_3D ( 'NONE', #909, #508, #1993 ) ;
#838 =( NAMED_UNIT ( * ) SI_UNIT ( $, .STERADIAN. ) SOLID_ANGLE_UNIT ( ) );
#839 = ORIENTED_EDGE ( 'NONE', *, *, #1985, .F. ) ;
#840 = LINE ( 'NONE', #267, #2135 ) ;
#841 = CARTESIAN_POINT ( 'NONE',  ( -3.389999999999998792, 0.9199999999999995959, 0.0000000000000000000 ) ) ;
#842 =( LENGTH_UNIT ( ) NAMED_UNIT ( * ) SI_UNIT ( .MILLI., .METRE. ) );
#843 = MECHANICAL_DESIGN_GEOMETRIC_PRESENTATION_REPRESENTATION (  '', ( #1465 ), #174 ) ;
#844 = AXIS2_PLACEMENT_3D ( 'NONE', #1665, #551, #721 ) ;
#845 = VECTOR ( 'NONE', #2193, 1000.000000000000227 ) ;
#846 = ORIENTED_EDGE ( 'NONE', *, *, #2400, .F. ) ;
#847 = CARTESIAN_POINT ( 'NONE',  ( 0.5700000000000010614, 0.0000000000000000000, 3.200000000000000622 ) ) ;
#848 = STYLED_ITEM ( 'NONE', ( #418 ), #1504 ) ;
#849 = VECTOR ( 'NONE', #1461, 1000.000000000000000 ) ;
#850 = FILL_AREA_STYLE ('',( #1222 ) ) ;
#851 = DIRECTION ( 'NONE',  ( 1.000000000000000000, 0.0000000000000000000, 0.0000000000000000000 ) ) ;
#852 = LINE ( 'NONE', #1596, #1154 ) ;
#853 = ORIENTED_EDGE ( 'NONE', *, *, #1367, .F. ) ;
#854 = SURFACE_STYLE_FILL_AREA ( #2332 ) ;
#855 = LINE ( 'NONE', #841, #2299 ) ;
#856 = CARTESIAN_POINT ( 'NONE',  ( -3.389999999999998792, 0.9199999999999995959, 0.0000000000000000000 ) ) ;
#857 = EDGE_CURVE ( 'NONE', #168, #1214, #1515, .T. ) ;
#858 = LINE ( 'NONE', #270, #1584 ) ;
#859 =( REPRESENTATION_RELATIONSHIP ('NONE','NONE', #1482, #1835 ) REPRESENTATION_RELATIONSHIP_WITH_TRANSFORMATION ( #1675 )SHAPE_REPRESENTATION_RELATIONSHIP( ) );
#860 = DIRECTION ( 'NONE',  ( 0.0000000000000000000, -0.0000000000000000000, -1.000000000000000000 ) ) ;
#861 = ORIENTED_EDGE ( 'NONE', *, *, #711, .T. ) ;
#862 = PLANE ( 'NONE',  #128 ) ;
#863 = PRODUCT_CONTEXT ( 'NONE', #1606, 'mechanical' ) ;
#864 = FILL_AREA_STYLE_COLOUR ( '', #1429 ) ;
#865 = ORIENTED_EDGE ( 'NONE', *, *, #1318, .F. ) ;
#866 = CARTESIAN_POINT ( 'NONE',  ( -8.570000000000002061, 4.250000000000000000, 7.199999999999955769 ) ) ;
#867 =( LENGTH_UNIT ( ) NAMED_UNIT ( * ) SI_UNIT ( .MILLI., .METRE. ) );
#868 = DIRECTION ( 'NONE',  ( -0.0000000000000000000, 1.000000000000000000, 0.0000000000000000000 ) ) ;
#869 = ADVANCED_FACE ( 'NONE', ( #2082 ), #2062, .F. ) ;
#870 = CARTESIAN_POINT ( 'NONE',  ( -3.389999999999998792, -0.2200000000000003619, 0.0000000000000000000 ) ) ;
#871 =( GEOMETRIC_REPRESENTATION_CONTEXT ( 3 ) GLOBAL_UNCERTAINTY_ASSIGNED_CONTEXT ( ( #268 ) ) GLOBAL_UNIT_ASSIGNED_CONTEXT ( ( #342, #2403, #2387 ) ) REPRESENTATION_CONTEXT ( 'NONE', 'WORKASPACE' ) );
#872 = ORIENTED_EDGE ( 'NONE', *, *, #1176, .T. ) ;
#873 = VECTOR ( 'NONE', #1697, 1000.000000000000000 ) ;
#874 = PRESENTATION_STYLE_ASSIGNMENT (( #303 ) ) ;
#875 = EDGE_LOOP ( 'NONE', ( #2158, #2267, #865, #1340 ) ) ;
#876 = SURFACE_STYLE_USAGE ( .BOTH. , #457 ) ;
#877 = VECTOR ( 'NONE', #299, 1000.000000000000000 ) ;
#878 = DIRECTION ( 'NONE',  ( 0.0000000000000000000, 0.0000000000000000000, 1.000000000000000000 ) ) ;
#879 = DIRECTION ( 'NONE',  ( 0.0000000000000000000, 1.000000000000000000, 0.0000000000000000000 ) ) ;
#880 = DIRECTION ( 'NONE',  ( 0.0000000000000000000, 0.0000000000000000000, -1.000000000000000000 ) ) ;
#881 = PRESENTATION_LAYER_ASSIGNMENT (  '', '', ( #1227 ) ) ;
#882 = STYLED_ITEM ( 'NONE', ( #440 ), #1419 ) ;
#883 = DIRECTION ( 'NONE',  ( -0.0000000000000000000, -0.0000000000000000000, 1.000000000000000000 ) ) ;
#884 = VECTOR ( 'NONE', #686, 1000.000000000000000 ) ;
#885 =( GEOMETRIC_REPRESENTATION_CONTEXT ( 3 ) GLOBAL_UNCERTAINTY_ASSIGNED_CONTEXT ( ( #835 ) ) GLOBAL_UNIT_ASSIGNED_CONTEXT ( ( #383, #936, #2266 ) ) REPRESENTATION_CONTEXT ( 'NONE', 'WORKASPACE' ) );
#886 = VERTEX_POINT ( 'NONE', #1210 ) ;
#887 = CARTESIAN_POINT ( 'NONE',  ( -8.489999999999998437, -0.2200000000000003619, 0.0000000000000000000 ) ) ;
#888 = EDGE_CURVE ( 'NONE', #202, #189, #93, .T. ) ;
#889 =( NAMED_UNIT ( * ) SI_UNIT ( $, .STERADIAN. ) SOLID_ANGLE_UNIT ( ) );
#890 = VECTOR ( 'NONE', #1158, 1000.000000000000000 ) ;
#891 = ORIENTED_EDGE ( 'NONE', *, *, #397, .T. ) ;
#892 = SURFACE_STYLE_FILL_AREA ( #2010 ) ;
#893 = LINE ( 'NONE', #1639, #849 ) ;
#894 =( NAMED_UNIT ( * ) SI_UNIT ( $, .STERADIAN. ) SOLID_ANGLE_UNIT ( ) );
#895 = PRESENTATION_STYLE_ASSIGNMENT (( #143 ) ) ;
#896 = ORIENTED_EDGE ( 'NONE', *, *, #1005, .F. ) ;
#897 = CARTESIAN_POINT ( 'NONE',  ( 8.490000000000000213, -0.2200000000000003619, 0.0000000000000000000 ) ) ;
#898 =( LENGTH_UNIT ( ) NAMED_UNIT ( * ) SI_UNIT ( .MILLI., .METRE. ) );
#899 = EDGE_CURVE ( 'NONE', #1890, #1099, #830, .T. ) ;
#900 = EDGE_LOOP ( 'NONE', ( #1114, #814, #469, #891 ) ) ;
#901 = PLANE ( 'NONE',  #1393 ) ;
#902 = FACE_OUTER_BOUND ( 'NONE', #816, .T. ) ;
#903 =( NAMED_UNIT ( * ) PLANE_ANGLE_UNIT ( ) SI_UNIT ( $, .RADIAN. ) );
#904 = ORIENTED_EDGE ( 'NONE', *, *, #741, .T. ) ;
#905 = FILL_AREA_STYLE ('',( #522 ) ) ;
#906 = SURFACE_SIDE_STYLE ('',( #1257 ) ) ;
#907 = DIRECTION ( 'NONE',  ( 1.000000000000000000, -0.0000000000000000000, 0.0000000000000000000 ) ) ;
#908 = PRESENTATION_LAYER_ASSIGNMENT (  '', '', ( #2045 ) ) ;
#909 = CARTESIAN_POINT ( 'NONE',  ( 8.570000000000000284, 4.250000000000000000, 0.0000000000000000000 ) ) ;
#910 = ORIENTED_EDGE ( 'NONE', *, *, #1268, .F. ) ;
#911 = AXIS2_PLACEMENT_3D ( 'NONE', #1427, #2375, #2178 ) ;
#912 =( NAMED_UNIT ( * ) PLANE_ANGLE_UNIT ( ) SI_UNIT ( $, .RADIAN. ) );
#913 = EDGE_CURVE ( 'NONE', #828, #1143, #1568, .T. ) ;
#914 = COLOUR_RGB ( '',0.8980392156862745390, 0.8980392156862745390, 0.8980392156862745390 ) ;
#915 = PRESENTATION_LAYER_ASSIGNMENT (  '', '', ( #2130 ) ) ;
#916 = ADVANCED_FACE ( 'NONE', ( #1783 ), #817, .F. ) ;
#917 = LINE ( 'NONE', #1243, #2211 ) ;
#918 = FILL_AREA_STYLE_COLOUR ( '', #1115 ) ;
#919 = DIRECTION ( 'NONE',  ( 0.0000000000000000000, -0.0000000000000000000, 1.000000000000000000 ) ) ;
#920 = VERTEX_POINT ( 'NONE', #653 ) ;
#921 = FACE_OUTER_BOUND ( 'NONE', #149, .T. ) ;
#922 =( LENGTH_UNIT ( ) NAMED_UNIT ( * ) SI_UNIT ( .MILLI., .METRE. ) );
#923 = FILL_AREA_STYLE ('',( #2407 ) ) ;
#924 = PRESENTATION_LAYER_ASSIGNMENT (  '', '', ( #1465 ) ) ;
#925 = EDGE_LOOP ( 'NONE', ( #1364, #853, #1941, #1585 ) ) ;
#926 = FILL_AREA_STYLE_COLOUR ( '', #1074 ) ;
#927 = AXIS2_PLACEMENT_3D ( 'NONE', #111, #1595, #1773 ) ;
#928 = PRODUCT_RELATED_PRODUCT_CATEGORY ( 'part', '', ( #1872 ) ) ;
#929 = SURFACE_STYLE_FILL_AREA ( #736 ) ;
#930 = ADVANCED_FACE ( 'NONE', ( #630 ), #1403, .F. ) ;
#931 = SURFACE_STYLE_USAGE ( .BOTH. , #152 ) ;
#932 = SURFACE_STYLE_FILL_AREA ( #395 ) ;
#933 = CARTESIAN_POINT ( 'NONE',  ( -0.5699999999999992850, 0.9199999999999995959, 0.0000000000000000000 ) ) ;
#934 = ORIENTED_EDGE ( 'NONE', *, *, #1805, .F. ) ;
#935 = DIRECTION ( 'NONE',  ( -0.0000000000000000000, -1.000000000000000000, -0.0000000000000000000 ) ) ;
#936 =( NAMED_UNIT ( * ) PLANE_ANGLE_UNIT ( ) SI_UNIT ( $, .RADIAN. ) );
#937 = PRODUCT_DEFINITION_CONTEXT ( 'detailed design', #602, 'design' ) ;
#938 = ORIENTED_EDGE ( 'NONE', *, *, #199, .F. ) ;
#939 = SURFACE_STYLE_USAGE ( .BOTH. , #1484 ) ;
#940 = ORIENTED_EDGE ( 'NONE', *, *, #819, .T. ) ;
#941 = CARTESIAN_POINT ( 'NONE',  ( -8.570000000000002061, 2.939488223348471152, 9.400000000000000355 ) ) ;
#942 = DIRECTION ( 'NONE',  ( 1.000000000000000000, 0.0000000000000000000, 0.0000000000000000000 ) ) ;
#943 = EDGE_CURVE ( 'NONE', #2293, #796, #2203, .T. ) ;
#944 = VERTEX_POINT ( 'NONE', #129 ) ;
#945 =( NAMED_UNIT ( * ) PLANE_ANGLE_UNIT ( ) SI_UNIT ( $, .RADIAN. ) );
#946 = LINE ( 'NONE', #414, #634 ) ;
#947 = FILL_AREA_STYLE ('',( #1470 ) ) ;
#948 = ORIENTED_EDGE ( 'NONE', *, *, #295, .T. ) ;
#949 =( NAMED_UNIT ( * ) SI_UNIT ( $, .STERADIAN. ) SOLID_ANGLE_UNIT ( ) );
#950 =( NAMED_UNIT ( * ) SI_UNIT ( $, .STERADIAN. ) SOLID_ANGLE_UNIT ( ) );
#951 = ORIENTED_EDGE ( 'NONE', *, *, #1240, .T. ) ;
#952 = CARTESIAN_POINT ( 'NONE',  ( -9.869999999999999218, -4.250000000000000000, 9.400000000000000355 ) ) ;
#953 = VECTOR ( 'NONE', #650, 1000.000000000000000 ) ;
#954 = DIRECTION ( 'NONE',  ( 0.0000000000000000000, 0.0000000000000000000, 1.000000000000000000 ) ) ;
#955 = PRESENTATION_STYLE_ASSIGNMENT (( #1885 ) ) ;
#956 = VECTOR ( 'NONE', #1314, 1000.000000000000000 ) ;
#957 = ORIENTED_EDGE ( 'NONE', *, *, #2128, .T. ) ;
#958 = MECHANICAL_DESIGN_GEOMETRIC_PRESENTATION_REPRESENTATION (  '', ( #1421 ), #1538 ) ;
#959 = LINE ( 'NONE', #614, #363 ) ;
#960 = VECTOR ( 'NONE', #1912, 1000.000000000000000 ) ;
#961 = ORIENTED_EDGE ( 'NONE', *, *, #1617, .F. ) ;
#962 = EDGE_CURVE ( 'NONE', #338, #183, #1818, .T. ) ;
#963 = SURFACE_STYLE_FILL_AREA ( #1134 ) ;
#964 = FILL_AREA_STYLE ('',( #1978 ) ) ;
#965 = UNCERTAINTY_MEASURE_WITH_UNIT (LENGTH_MEASURE( 1.000000000000000082E-05 ), #767, 'distance_accuracy_value', 'NONE');
#966 =( GEOMETRIC_REPRESENTATION_CONTEXT ( 3 ) GLOBAL_UNCERTAINTY_ASSIGNED_CONTEXT ( ( #419 ) ) GLOBAL_UNIT_ASSIGNED_CONTEXT ( ( #2195, #1680, #511 ) ) REPRESENTATION_CONTEXT ( 'NONE', 'WORKASPACE' ) );
#967 = COLOUR_RGB ( '',0.8980392156862745390, 0.8980392156862745390, 0.8980392156862745390 ) ;
#968 = FACE_OUTER_BOUND ( 'NONE', #75, .T. ) ;
#969 =( GEOMETRIC_REPRESENTATION_CONTEXT ( 3 ) GLOBAL_UNCERTAINTY_ASSIGNED_CONTEXT ( ( #1302 ) ) GLOBAL_UNIT_ASSIGNED_CONTEXT ( ( #1908, #2243, #217 ) ) REPRESENTATION_CONTEXT ( 'NONE', 'WORKASPACE' ) );
#970 = VECTOR ( 'NONE', #1654, 1000.000000000000000 ) ;
#971 = DIRECTION ( 'NONE',  ( -0.0000000000000000000, 1.000000000000000000, 0.0000000000000000000 ) ) ;
#972 = ORIENTED_EDGE ( 'NONE', *, *, #1435, .F. ) ;
#973 = CARTESIAN_POINT ( 'NONE',  ( -0.5699999999999992850, -0.2200000000000003619, 0.0000000000000000000 ) ) ;
#974 = CARTESIAN_POINT ( 'NONE',  ( -0.3020508075688761451, -0.3020508075688762561, -3.700000000000000178 ) ) ;
#975 = ORIENTED_EDGE ( 'NONE', *, *, #460, .F. ) ;
#976 = FILL_AREA_STYLE_COLOUR ( '', #2237 ) ;
#977 = EDGE_CURVE ( 'NONE', #1299, #944, #1060, .T. ) ;
#978 = VERTEX_POINT ( 'NONE', #181 ) ;
#979 = CARTESIAN_POINT ( 'NONE',  ( 8.570000000000000284, 0.0000000000000000000, 7.000000000000000000 ) ) ;
#980 = DIRECTION ( 'NONE',  ( 0.2505628070857285894, -0.2505628070857289780, -0.9351131265310308471 ) ) ;
#981 = ORIENTED_EDGE ( 'NONE', *, *, #490, .T. ) ;
#982 = LINE ( 'NONE', #224, #92 ) ;
#983 = LINE ( 'NONE', #19, #408 ) ;
#984 = ORIENTED_EDGE ( 'NONE', *, *, #1572, .F. ) ;
#985 = DIRECTION ( 'NONE',  ( 0.0000000000000000000, 0.0000000000000000000, 1.000000000000000000 ) ) ;
#986 = EDGE_CURVE ( 'NONE', #202, #1387, #1616, .T. ) ;
#987 = MECHANICAL_DESIGN_GEOMETRIC_PRESENTATION_REPRESENTATION (  '', ( #552 ), #871 ) ;
#988 = CARTESIAN_POINT ( 'NONE',  ( 3.390000000000000568, -0.2200000000000003619, 0.0000000000000000000 ) ) ;
#989 = ADVANCED_FACE ( 'NONE', ( #2001 ), #534, .F. ) ;
#990 = LINE ( 'NONE', #449, #1071 ) ;
#991 = COLOUR_RGB ( '',1.000000000000000000, 1.000000000000000000, 1.000000000000000000 ) ;
#992 = FILL_AREA_STYLE_COLOUR ( '', #2080 ) ;
#993 = DIRECTION ( 'NONE',  ( 1.000000000000000000, 0.0000000000000000000, 0.0000000000000000000 ) ) ;
#994 = COLOUR_RGB ( '',1.000000000000000000, 1.000000000000000000, 1.000000000000000000 ) ;
#995 = ORIENTED_EDGE ( 'NONE', *, *, #857, .F. ) ;
#996 = CARTESIAN_POINT ( 'NONE',  ( -9.869999999999999218, -4.250000000000000000, 0.0000000000000000000 ) ) ;
#997 = SURFACE_STYLE_USAGE ( .BOTH. , #2124 ) ;
#998 = VECTOR ( 'NONE', #1141, 1000.000000000000000 ) ;
#999 = EDGE_LOOP ( 'NONE', ( #1598, #1563, #345, #1123 ) ) ;
#1000 =( NAMED_UNIT ( * ) PLANE_ANGLE_UNIT ( ) SI_UNIT ( $, .RADIAN. ) );
#1001 = AXIS2_PLACEMENT_3D ( 'NONE', #2038, #706, #2240 ) ;
#1002 =( LENGTH_UNIT ( ) NAMED_UNIT ( * ) SI_UNIT ( .MILLI., .METRE. ) );
#1003 = AXIS2_PLACEMENT_3D ( 'NONE', #1561, #1810, #1395 ) ;
#1004 = LINE ( 'NONE', #1760, #1039 ) ;
#1005 = EDGE_CURVE ( 'NONE', #1776, #1090, #690, .T. ) ;
#1006 = STYLED_ITEM ( 'NONE', ( #2030 ), #2111 ) ;
#1007 = ORIENTED_EDGE ( 'NONE', *, *, #725, .F. ) ;
#1008 = AXIS2_PLACEMENT_3D ( 'NONE', #1215, #1790, #1942 ) ;
#1009 = CARTESIAN_POINT ( 'NONE',  ( 9.869999999999999218, 2.349999999999999645, 0.0000000000000000000 ) ) ;
#1010 = CARTESIAN_POINT ( 'NONE',  ( 0.5700000000000001732, -0.5700000000000003952, -2.699999999999981082 ) ) ;
#1011 = UNCERTAINTY_MEASURE_WITH_UNIT (LENGTH_MEASURE( 1.000000000000000082E-05 ), #1377, 'distance_accuracy_value', 'NONE');
#1012 = VERTEX_POINT ( 'NONE', #2020 ) ;
#1013 = CARTESIAN_POINT ( 'NONE',  ( 8.570000000000002061, 3.750000000000000888, 0.0000000000000000000 ) ) ;
#1014 = UNCERTAINTY_MEASURE_WITH_UNIT (LENGTH_MEASURE( 1.000000000000000082E-05 ), #381, 'distance_accuracy_value', 'NONE');
#1015 = DIRECTION ( 'NONE',  ( 0.0000000000000000000, -0.0000000000000000000, 1.000000000000000000 ) ) ;
#1016 = LINE ( 'NONE', #2324, #26 ) ;
#1017 = EDGE_LOOP ( 'NONE', ( #416, #1649, #744, #1076 ) ) ;
#1018 = EDGE_CURVE ( 'NONE', #1436, #600, #1643, .T. ) ;
#1019 = ORIENTED_EDGE ( 'NONE', *, *, #356, .F. ) ;
#1020 = LINE ( 'NONE', #897, #1533 ) ;
#1021 = ITEM_DEFINED_TRANSFORMATION ( 'NONE', 'NONE', #250,  #96 ) ;
#1022 = FILL_AREA_STYLE_COLOUR ( '', #967 ) ;
#1023 = PLANE ( 'NONE',  #1740 ) ;
#1024 = ORIENTED_EDGE ( 'NONE', *, *, #214, .F. ) ;
#1025 = LINE ( 'NONE', #1802, #564 ) ;
#1026 = CARTESIAN_POINT ( 'NONE',  ( 9.869999999999999218, -4.250000000000000000, 9.400000000000000355 ) ) ;
#1027 =( NAMED_UNIT ( * ) PLANE_ANGLE_UNIT ( ) SI_UNIT ( $, .RADIAN. ) );
#1028 = STYLED_ITEM ( 'NONE', ( #2280 ), #291 ) ;
#1029 = MECHANICAL_DESIGN_GEOMETRIC_PRESENTATION_REPRESENTATION (  '', ( #2163 ), #1928 ) ;
#1030 = DIRECTION ( 'NONE',  ( 0.0000000000000000000, 0.0000000000000000000, 1.000000000000000000 ) ) ;
#1031 = FACE_OUTER_BOUND ( 'NONE', #2074, .T. ) ;
#1032 = EDGE_CURVE ( 'NONE', #182, #708, #352, .T. ) ;
#1033 = ORIENTED_EDGE ( 'NONE', *, *, #322, .T. ) ;
#1034 = CARTESIAN_POINT ( 'NONE',  ( 8.570000000000002061, 4.250000000000000888, 7.199999999999958433 ) ) ;
#1035 = STYLED_ITEM ( 'NONE', ( #2315 ), #930 ) ;
#1036 = UNCERTAINTY_MEASURE_WITH_UNIT (LENGTH_MEASURE( 1.000000000000000082E-05 ), #1897, 'distance_accuracy_value', 'NONE');
#1037 = FILL_AREA_STYLE_COLOUR ( '', #1236 ) ;
#1038 = DIRECTION ( 'NONE',  ( 0.0000000000000000000, -0.0000000000000000000, 1.000000000000000000 ) ) ;
#1039 = VECTOR ( 'NONE', #82, 1000.000000000000000 ) ;
#1040 = VECTOR ( 'NONE', #1172, 1000.000000000000000 ) ;
#1041 = CARTESIAN_POINT ( 'NONE',  ( 0.5699999999999998401, -0.5700000000000001732, -2.699999999999981970 ) ) ;
#1042 = MECHANICAL_DESIGN_GEOMETRIC_PRESENTATION_REPRESENTATION (  '', ( #1119 ), #2022 ) ;
#1043 = DIRECTION ( 'NONE',  ( 0.0000000000000000000, -0.0000000000000000000, 1.000000000000000000 ) ) ;
#1044 = CARTESIAN_POINT ( 'NONE',  ( -8.570000000000003837, 3.750000000000000888, 7.000000000000000000 ) ) ;
#1045 = ORIENTED_EDGE ( 'NONE', *, *, #2079, .T. ) ;
#1046 = CARTESIAN_POINT ( 'NONE',  ( 8.570000000000002061, 2.349999999999999645, 0.0000000000000000000 ) ) ;
#1047 = ADVANCED_FACE ( 'NONE', ( #2363 ), #1833, .F. ) ;
#1048 = DIRECTION ( 'NONE',  ( 0.0000000000000000000, -0.0000000000000000000, -1.000000000000000000 ) ) ;
#1049 = CARTESIAN_POINT ( 'NONE',  ( 7.350000000000000533, 0.9199999999999995959, 0.0000000000000000000 ) ) ;
#1050 = PLANE ( 'NONE',  #789 ) ;
#1051 = SURFACE_STYLE_USAGE ( .BOTH. , #1579 ) ;
#1052 = ORIENTED_EDGE ( 'NONE', *, *, #1005, .T. ) ;
#1053 = CONTEXT_DEPENDENT_SHAPE_REPRESENTATION ( #221, #1597 ) ;
#1054 =( LENGTH_UNIT ( ) NAMED_UNIT ( * ) SI_UNIT ( .MILLI., .METRE. ) );
#1055 = UNCERTAINTY_MEASURE_WITH_UNIT (LENGTH_MEASURE( 1.000000000000000082E-05 ), #749, 'distance_accuracy_value', 'NONE');
#1056 = EDGE_LOOP ( 'NONE', ( #1957, #2101, #620, #2009 ) ) ;
#1057 = CARTESIAN_POINT ( 'NONE',  ( -7.349999999999998757, -0.2200000000000003619, 0.0000000000000000000 ) ) ;
#1058 = EDGE_CURVE ( 'NONE', #600, #2048, #554, .T. ) ;
#1059 =( NAMED_UNIT ( * ) SI_UNIT ( $, .STERADIAN. ) SOLID_ANGLE_UNIT ( ) );
#1060 = LINE ( 'NONE', #2190, #243 ) ;
#1061 = ORIENTED_EDGE ( 'NONE', *, *, #775, .T. ) ;
#1062 = CARTESIAN_POINT ( 'NONE',  ( -8.570000000000002061, 3.750000000000000888, 7.000000000000000000 ) ) ;
#1063 = DIRECTION ( 'NONE',  ( 0.0000000000000000000, 0.0000000000000000000, 1.000000000000000000 ) ) ;
#1064 = PRESENTATION_LAYER_ASSIGNMENT (  '', '', ( #280 ) ) ;
#1065 = ORIENTED_EDGE ( 'NONE', *, *, #1367, .T. ) ;
#1066 = DIRECTION ( 'NONE',  ( 0.0000000000000000000, -0.0000000000000000000, -1.000000000000000000 ) ) ;
#1067 = FACE_OUTER_BOUND ( 'NONE', #144, .T. ) ;
#1068 = SURFACE_STYLE_USAGE ( .BOTH. , #151 ) ;
#1069 = FILL_AREA_STYLE_COLOUR ( '', #606 ) ;
#1070 = CARTESIAN_POINT ( 'NONE',  ( 8.490000000000000213, -0.2200000000000003619, 0.0000000000000000000 ) ) ;
#1071 = VECTOR ( 'NONE', #826, 1000.000000000000000 ) ;
#1072 = DIRECTION ( 'NONE',  ( -1.000000000000000000, 0.0000000000000000000, -0.0000000000000000000 ) ) ;
#1073 = EDGE_CURVE ( 'NONE', #389, #1540, #2289, .T. ) ;
#1074 = COLOUR_RGB ( '',1.000000000000000000, 1.000000000000000000, 1.000000000000000000 ) ;
#1075 = AXIS2_PLACEMENT_3D ( 'NONE', #1097, #191, #1080 ) ;
#1076 = ORIENTED_EDGE ( 'NONE', *, *, #2306, .F. ) ;
#1077 = FILL_AREA_STYLE_COLOUR ( '', #712 ) ;
#1078 =( NAMED_UNIT ( * ) PLANE_ANGLE_UNIT ( ) SI_UNIT ( $, .RADIAN. ) );
#1079 =( GEOMETRIC_REPRESENTATION_CONTEXT ( 3 ) GLOBAL_UNCERTAINTY_ASSIGNED_CONTEXT ( ( #1495 ) ) GLOBAL_UNIT_ASSIGNED_CONTEXT ( ( #867, #126, #1613 ) ) REPRESENTATION_CONTEXT ( 'NONE', 'WORKASPACE' ) );
#1080 = DIRECTION ( 'NONE',  ( 0.0000000000000000000, 0.0000000000000000000, -1.000000000000000000 ) ) ;
#1081 = SURFACE_STYLE_FILL_AREA ( #331 ) ;
#1082 = VECTOR ( 'NONE', #1126, 1000.000000000000000 ) ;
#1083 = EDGE_LOOP ( 'NONE', ( #2256, #2194, #720, #1045 ) ) ;
#1084 = SURFACE_STYLE_USAGE ( .BOTH. , #697 ) ;
#1085 =( LENGTH_UNIT ( ) NAMED_UNIT ( * ) SI_UNIT ( .MILLI., .METRE. ) );
#1086 =( NAMED_UNIT ( * ) PLANE_ANGLE_UNIT ( ) SI_UNIT ( $, .RADIAN. ) );
#1087 = EDGE_CURVE ( 'NONE', #271, #294, #569, .T. ) ;
#1088 = SURFACE_SIDE_STYLE ('',( #1991 ) ) ;
#1089 = CARTESIAN_POINT ( 'NONE',  ( 3.390000000000000568, 0.0000000000000000000, 3.200000000000000622 ) ) ;
#1090 = VERTEX_POINT ( 'NONE', #609 ) ;
#1091 = FILL_AREA_STYLE_COLOUR ( '', #333 ) ;
#1092 = FACE_OUTER_BOUND ( 'NONE', #1456, .T. ) ;
#1093 = DIRECTION ( 'NONE',  ( 0.0000000000000000000, -0.0000000000000000000, 1.000000000000000000 ) ) ;
#1094 = CARTESIAN_POINT ( 'NONE',  ( 7.350000000000000533, 0.9199999999999995959, 3.200000000000000622 ) ) ;
#1095 = ORIENTED_EDGE ( 'NONE', *, *, #1251, .T. ) ;
#1096 = CONTEXT_DEPENDENT_SHAPE_REPRESENTATION ( #2064, #476 ) ;
#1097 = CARTESIAN_POINT ( 'NONE',  ( -7.349999999999998757, -0.2200000000000003619, 0.0000000000000000000 ) ) ;
#1098 = EDGE_CURVE ( 'NONE', #315, #2232, #1920, .T. ) ;
#1099 = VERTEX_POINT ( 'NONE', #1878 ) ;
#1100 = PRESENTATION_LAYER_ASSIGNMENT (  '', '', ( #1924 ) ) ;
#1101 = CARTESIAN_POINT ( 'NONE',  ( -0.5700000000000000622, 0.5700000000000001732, -2.699999999999981970 ) ) ;
#1102 = EDGE_CURVE ( 'NONE', #499, #1299, #1311, .T. ) ;
#1103 = FACE_OUTER_BOUND ( 'NONE', #1754, .T. ) ;
#1104 = VECTOR ( 'NONE', #993, 1000.000000000000000 ) ;
#1105 = PLANE ( 'NONE',  #337 ) ;
#1106 =( NAMED_UNIT ( * ) SI_UNIT ( $, .STERADIAN. ) SOLID_ANGLE_UNIT ( ) );
#1107 = DIRECTION ( 'NONE',  ( 1.000000000000000000, 0.0000000000000000000, 0.0000000000000000000 ) ) ;
#1108 = VECTOR ( 'NONE', #459, 1000.000000000000000 ) ;
#1109 = EDGE_LOOP ( 'NONE', ( #1148, #896, #2061, #951 ) ) ;
#1110 = DIRECTION ( 'NONE',  ( -0.0000000000000000000, -1.000000000000000000, -0.0000000000000000000 ) ) ;
#1111 = CARTESIAN_POINT ( 'NONE',  ( 7.350000000000000533, 0.9199999999999995959, 0.0000000000000000000 ) ) ;
#1112 = PLANE ( 'NONE',  #1194 ) ;
#1113 = VECTOR ( 'NONE', #1892, 1000.000000000000000 ) ;
#1114 = ORIENTED_EDGE ( 'NONE', *, *, #1285, .F. ) ;
#1115 = COLOUR_RGB ( '',1.000000000000000000, 1.000000000000000000, 1.000000000000000000 ) ;
#1116 =( LENGTH_UNIT ( ) NAMED_UNIT ( * ) SI_UNIT ( .MILLI., .METRE. ) );
#1117 =( GEOMETRIC_REPRESENTATION_CONTEXT ( 3 ) GLOBAL_UNCERTAINTY_ASSIGNED_CONTEXT ( ( #1331 ) ) GLOBAL_UNIT_ASSIGNED_CONTEXT ( ( #2106, #1000, #41 ) ) REPRESENTATION_CONTEXT ( 'NONE', 'WORKASPACE' ) );
#1118 = EDGE_CURVE ( 'NONE', #577, #11, #2078, .T. ) ;
#1119 = STYLED_ITEM ( 'NONE', ( #1860 ), #2035 ) ;
#1120 = CARTESIAN_POINT ( 'NONE',  ( -0.5699999999999992850, -0.2200000000000003619, 0.0000000000000000000 ) ) ;
#1121 = SURFACE_SIDE_STYLE ('',( #932 ) ) ;
#1122 = CARTESIAN_POINT ( 'NONE',  ( 0.0000000000000000000, 4.250000000000000000, 7.199999999999971756 ) ) ;
#1123 = ORIENTED_EDGE ( 'NONE', *, *, #986, .F. ) ;
#1124 = LINE ( 'NONE', #18, #61 ) ;
#1125 = ORIENTED_EDGE ( 'NONE', *, *, #1600, .F. ) ;
#1126 = DIRECTION ( 'NONE',  ( 0.0000000000000000000, -0.0000000000000000000, -1.000000000000000000 ) ) ;
#1127 = CARTESIAN_POINT ( 'NONE',  ( 0.5699999999999998401, -0.5700000000000001732, 10.90000000000000036 ) ) ;
#1128 =( LENGTH_UNIT ( ) NAMED_UNIT ( * ) SI_UNIT ( .MILLI., .METRE. ) );
#1129 = FILL_AREA_STYLE ('',( #396 ) ) ;
#1130 = VERTEX_POINT ( 'NONE', #1169 ) ;
#1131 = CARTESIAN_POINT ( 'NONE',  ( 8.490000000000000213, 0.9199999999999995959, 3.200000000000000622 ) ) ;
#1132 = DIRECTION ( 'NONE',  ( 0.0000000000000000000, -0.0000000000000000000, -1.000000000000000000 ) ) ;
#1133 = ORIENTED_EDGE ( 'NONE', *, *, #76, .F. ) ;
#1134 = FILL_AREA_STYLE ('',( #1329 ) ) ;
#1135 = DIRECTION ( 'NONE',  ( 0.0000000000000000000, 0.0000000000000000000, 1.000000000000000000 ) ) ;
#1136 = PRESENTATION_STYLE_ASSIGNMENT (( #1368 ) ) ;
#1137 = FILL_AREA_STYLE_COLOUR ( '', #339 ) ;
#1138 = COLOUR_RGB ( '',0.8980392156862745390, 0.8980392156862745390, 0.8980392156862745390 ) ;
#1139 = FILL_AREA_STYLE ('',( #1730 ) ) ;
#1140 = FILL_AREA_STYLE_COLOUR ( '', #1958 ) ;
#1141 = DIRECTION ( 'NONE',  ( -1.000000000000000000, -0.0000000000000000000, -0.0000000000000000000 ) ) ;
#1142 = MECHANICAL_DESIGN_GEOMETRIC_PRESENTATION_REPRESENTATION (  '', ( #2130 ), #2165 ) ;
#1143 = VERTEX_POINT ( 'NONE', #933 ) ;
#1144 = EDGE_CURVE ( 'NONE', #183, #2389, #2095, .T. ) ;
#1145 = FILL_AREA_STYLE_COLOUR ( '', #994 ) ;
#1146 = CARTESIAN_POINT ( 'NONE',  ( -8.489999999999998437, 0.9199999999999995959, 0.0000000000000000000 ) ) ;
#1147 = PRESENTATION_LAYER_ASSIGNMENT (  '', '', ( #1899 ) ) ;
#1148 = ORIENTED_EDGE ( 'NONE', *, *, #1603, .T. ) ;
#1149 = FILL_AREA_STYLE ('',( #976 ) ) ;
#1150 = VECTOR ( 'NONE', #2215, 1000.000000000000000 ) ;
#1151 = LINE ( 'NONE', #1786, #565 ) ;
#1152 = UNCERTAINTY_MEASURE_WITH_UNIT (LENGTH_MEASURE( 1.000000000000000082E-05 ), #1847, 'distance_accuracy_value', 'NONE');
#1153 = VECTOR ( 'NONE', #257, 1000.000000000000000 ) ;
#1154 = VECTOR ( 'NONE', #313, 1000.000000000000000 ) ;
#1155 = COLOUR_RGB ( '',0.7921568627450980005, 0.8196078431372548767, 0.9333333333333333481 ) ;
#1156 = PRESENTATION_LAYER_ASSIGNMENT (  '', '', ( #1357 ) ) ;
#1157 = AXIS2_PLACEMENT_3D ( 'NONE', #2150, #655, #851 ) ;
#1158 = DIRECTION ( 'NONE',  ( -0.0000000000000000000, -0.0000000000000000000, -1.000000000000000000 ) ) ;
#1159 = ORIENTED_EDGE ( 'NONE', *, *, #1378, .T. ) ;
#1160 = SURFACE_STYLE_USAGE ( .BOTH. , #1527 ) ;
#1161 =( NAMED_UNIT ( * ) PLANE_ANGLE_UNIT ( ) SI_UNIT ( $, .RADIAN. ) );
#1162 = EDGE_CURVE ( 'NONE', #2264, #2300, #379, .T. ) ;
#1163 = EDGE_LOOP ( 'NONE', ( #846, #2238, #1622, #1483 ) ) ;
#1164 = SURFACE_STYLE_USAGE ( .BOTH. , #588 ) ;
#1165 = FILL_AREA_STYLE_COLOUR ( '', #1936 ) ;
#1166 = EDGE_CURVE ( 'NONE', #1837, #1913, #14, .T. ) ;
#1167 = ORIENTED_EDGE ( 'NONE', *, *, #219, .T. ) ;
#1168 =( NAMED_UNIT ( * ) PLANE_ANGLE_UNIT ( ) SI_UNIT ( $, .RADIAN. ) );
#1169 = CARTESIAN_POINT ( 'NONE',  ( 3.390000000000000568, 0.9199999999999995959, 3.200000000000000622 ) ) ;
#1170 = ORIENTED_EDGE ( 'NONE', *, *, #1815, .F. ) ;
#1171 = LINE ( 'NONE', #424, #1703 ) ;
#1172 = DIRECTION ( 'NONE',  ( -0.2505628070857282008, -0.2505628070857285894, 0.9351131265310310692 ) ) ;
#1173 =( NAMED_UNIT ( * ) SI_UNIT ( $, .STERADIAN. ) SOLID_ANGLE_UNIT ( ) );
#1174 = DIRECTION ( 'NONE',  ( 1.000000000000000000, -0.0000000000000000000, 0.0000000000000000000 ) ) ;
#1175 = ORIENTED_EDGE ( 'NONE', *, *, #1102, .F. ) ;
#1176 = EDGE_CURVE ( 'NONE', #364, #604, #751, .T. ) ;
#1177 = VECTOR ( 'NONE', #2262, 1000.000000000000000 ) ;
#1178 = DIRECTION ( 'NONE',  ( 1.000000000000000000, 0.0000000000000000000, -0.0000000000000000000 ) ) ;
#1179 =( NAMED_UNIT ( * ) SI_UNIT ( $, .STERADIAN. ) SOLID_ANGLE_UNIT ( ) );
#1180 = PRODUCT_DEFINITION_CONTEXT ( 'detailed design', #1769, 'design' ) ;
#1181 = MECHANICAL_DESIGN_GEOMETRIC_PRESENTATION_REPRESENTATION (  '', ( #1963 ), #833 ) ;
#1182 = VERTEX_POINT ( 'NONE', #30 ) ;
#1183 = DIRECTION ( 'NONE',  ( 0.0000000000000000000, 1.000000000000000000, 0.0000000000000000000 ) ) ;
#1184 = STYLED_ITEM ( 'NONE', ( #1659 ), #664 ) ;
#1185 = COLOUR_RGB ( '',1.000000000000000000, 1.000000000000000000, 1.000000000000000000 ) ;
#1186 = DIRECTION ( 'NONE',  ( -1.000000000000000000, -0.0000000000000000000, -0.0000000000000000000 ) ) ;
#1187 = DIRECTION ( 'NONE',  ( 1.000000000000000000, 0.0000000000000000000, 0.0000000000000000000 ) ) ;
#1188 =( LENGTH_UNIT ( ) NAMED_UNIT ( * ) SI_UNIT ( .MILLI., .METRE. ) );
#1189 = SURFACE_SIDE_STYLE ('',( #800 ) ) ;
#1190 = ORIENTED_EDGE ( 'NONE', *, *, #1692, .T. ) ;
#1191 = PRESENTATION_LAYER_ASSIGNMENT (  '', '', ( #2368 ) ) ;
#1192 = LINE ( 'NONE', #2153, #1153 ) ;
#1193 = STYLED_ITEM ( 'NONE', ( #1574 ), #2198 ) ;
#1194 = AXIS2_PLACEMENT_3D ( 'NONE', #1516, #225, #213 ) ;
#1195 = ADVANCED_FACE ( 'NONE', ( #2068 ), #388, .F. ) ;
#1196 = SURFACE_STYLE_FILL_AREA ( #2287 ) ;
#1197 = CARTESIAN_POINT ( 'NONE',  ( -9.869999999999999218, -4.250000000000000000, 3.200000000000000622 ) ) ;
#1198 = VECTOR ( 'NONE', #1930, 1000.000000000000000 ) ;
#1199 = PRESENTATION_STYLE_ASSIGNMENT (( #808 ) ) ;
#1200 = FILL_AREA_STYLE ('',( #1967 ) ) ;
#1201 = CARTESIAN_POINT ( 'NONE',  ( 8.570000000000003837, 2.349999999999999645, 0.0000000000000000000 ) ) ;
#1202 = SHAPE_DEFINITION_REPRESENTATION ( #2234, #1482 ) ;
#1203 = UNCERTAINTY_MEASURE_WITH_UNIT (LENGTH_MEASURE( 1.000000000000000082E-05 ), #2231, 'distance_accuracy_value', 'NONE');
#1204 = LINE ( 'NONE', #292, #671 ) ;
#1205 = ORIENTED_EDGE ( 'NONE', *, *, #1906, .T. ) ;
#1206 = PLANE ( 'NONE',  #1627 ) ;
#1207 = FILL_AREA_STYLE ('',( #1390 ) ) ;
#1208 = LINE ( 'NONE', #1953, #1355 ) ;
#1209 = SURFACE_SIDE_STYLE ('',( #461 ) ) ;
#1210 = CARTESIAN_POINT ( 'NONE',  ( 0.3020508075688759231, 0.3020508075688762561, -3.700000000000000178 ) ) ;
#1211 = EDGE_CURVE ( 'NONE', #920, #1972, #858, .T. ) ;
#1212 = CARTESIAN_POINT ( 'NONE',  ( -7.919999999999999929, 0.3499999999999994782, 0.0000000000000000000 ) ) ;
#1213 = CARTESIAN_POINT ( 'NONE',  ( 0.3020508075688759231, 0.0000000000000000000, 10.90000000000000036 ) ) ;
#1214 = VERTEX_POINT ( 'NONE', #2313 ) ;
#1215 = CARTESIAN_POINT ( 'NONE',  ( -9.869999999999999218, 2.349999999999999645, 7.199999999999968203 ) ) ;
#1216 = FILL_AREA_STYLE ('',( #1037 ) ) ;
#1217 = SURFACE_STYLE_USAGE ( .BOTH. , #468 ) ;
#1218 =( GEOMETRIC_REPRESENTATION_CONTEXT ( 3 ) GLOBAL_UNCERTAINTY_ASSIGNED_CONTEXT ( ( #1036 ) ) GLOBAL_UNIT_ASSIGNED_CONTEXT ( ( #1897, #2227, #1106 ) ) REPRESENTATION_CONTEXT ( 'NONE', 'WORKASPACE' ) );
#1219 = AXIS2_PLACEMENT_3D ( 'NONE', #2073, #2399, #2298 ) ;
#1220 = DIRECTION ( 'NONE',  ( 0.0000000000000000000, -1.000000000000000000, 0.0000000000000000000 ) ) ;
#1221 = EDGE_CURVE ( 'NONE', #1274, #944, #1780, .T. ) ;
#1222 = FILL_AREA_STYLE_COLOUR ( '', #748 ) ;
#1223 = VECTOR ( 'NONE', #1708, 1000.000000000000000 ) ;
#1224 = DIRECTION ( 'NONE',  ( 0.0000000000000000000, -0.9659258262890692004, 0.2588190451025174643 ) ) ;
#1225 = UNCERTAINTY_MEASURE_WITH_UNIT (LENGTH_MEASURE( 1.000000000000000082E-05 ), #341, 'distance_accuracy_value', 'NONE');
#1226 = ORIENTED_EDGE ( 'NONE', *, *, #386, .T. ) ;
#1227 = STYLED_ITEM ( 'NONE', ( #955 ), #1195 ) ;
#1228 = UNCERTAINTY_MEASURE_WITH_UNIT (LENGTH_MEASURE( 1.000000000000000082E-05 ), #498, 'distance_accuracy_value', 'NONE');
#1229 = VECTOR ( 'NONE', #1337, 1000.000000000000000 ) ;
#1230 = LINE ( 'NONE', #1601, #1979 ) ;
#1231 = SURFACE_STYLE_FILL_AREA ( #495 ) ;
#1232 = VECTOR ( 'NONE', #1293, 1000.000000000000000 ) ;
#1233 =( GEOMETRIC_REPRESENTATION_CONTEXT ( 3 ) GLOBAL_UNCERTAINTY_ASSIGNED_CONTEXT ( ( #1727 ) ) GLOBAL_UNIT_ASSIGNED_CONTEXT ( ( #1054, #1969, #98 ) ) REPRESENTATION_CONTEXT ( 'NONE', 'WORKASPACE' ) );
#1234 = VECTOR ( 'NONE', #1718, 1000.000000000000000 ) ;
#1235 = ORIENTED_EDGE ( 'NONE', *, *, #2117, .F. ) ;
#1236 = COLOUR_RGB ( '',1.000000000000000000, 1.000000000000000000, 1.000000000000000000 ) ;
#1237 = ADVANCED_FACE ( 'NONE', ( #246 ), #2120, .F. ) ;
#1238 = CARTESIAN_POINT ( 'NONE',  ( -0.5700000000000000622, -0.5700000000000000622, -2.699999999999981082 ) ) ;
#1239 = ORIENTED_EDGE ( 'NONE', *, *, #356, .T. ) ;
#1240 = EDGE_CURVE ( 'NONE', #1274, #11, #1004, .T. ) ;
#1241 = SURFACE_SIDE_STYLE ('',( #2344 ) ) ;
#1242 =( LENGTH_UNIT ( ) NAMED_UNIT ( * ) SI_UNIT ( .MILLI., .METRE. ) );
#1243 = CARTESIAN_POINT ( 'NONE',  ( 0.5699999999999993960, 0.5700000000000001732, 9.899999999999982592 ) ) ;
#1244 = CARTESIAN_POINT ( 'NONE',  ( 0.5699999999999998401, -0.5700000000000001732, -2.699999999999981970 ) ) ;
#1245 = EDGE_LOOP ( 'NONE', ( #1423, #560, #1557, #733 ) ) ;
#1246 = FILL_AREA_STYLE ('',( #354 ) ) ;
#1247 = SURFACE_STYLE_FILL_AREA ( #1811 ) ;
#1248 = SURFACE_STYLE_USAGE ( .BOTH. , #1662 ) ;
#1249 = ORIENTED_EDGE ( 'NONE', *, *, #1788, .T. ) ;
#1250 = LINE ( 'NONE', #335, #1321 ) ;
#1251 = EDGE_CURVE ( 'NONE', #1214, #1983, #990, .T. ) ;
#1252 = FILL_AREA_STYLE_COLOUR ( '', #665 ) ;
#1253 = CARTESIAN_POINT ( 'NONE',  ( 3.390000000000000568, 0.9199999999999995959, 0.0000000000000000000 ) ) ;
#1254 = COLOUR_RGB ( '',1.000000000000000000, 1.000000000000000000, 1.000000000000000000 ) ;
#1255 = ORIENTED_EDGE ( 'NONE', *, *, #2335, .T. ) ;
#1256 = CONTEXT_DEPENDENT_SHAPE_REPRESENTATION ( #429, #110 ) ;
#1257 = SURFACE_STYLE_FILL_AREA ( #507 ) ;
#1258 = PRESENTATION_LAYER_ASSIGNMENT (  '', '', ( #2000 ) ) ;
#1259 = PLANE ( 'NONE',  #1001 ) ;
#1260 = CARTESIAN_POINT ( 'NONE',  ( -0.3020508075688761451, -0.3020508075688762561, 10.90000000000000036 ) ) ;
#1261 = AXIS2_PLACEMENT_3D ( 'NONE', #328, #301, #1981 ) ;
#1262 = ORIENTED_EDGE ( 'NONE', *, *, #1018, .T. ) ;
#1263 = DIRECTION ( 'NONE',  ( -0.0000000000000000000, -0.0000000000000000000, -1.000000000000000000 ) ) ;
#1264 = MECHANICAL_DESIGN_GEOMETRIC_PRESENTATION_REPRESENTATION (  '', ( #2323 ), #1620 ) ;
#1265 = VECTOR ( 'NONE', #505, 1000.000000000000000 ) ;
#1266 = SURFACE_STYLE_USAGE ( .BOTH. , #2180 ) ;
#1267 = AXIS2_PLACEMENT_3D ( 'NONE', #1794, #1964, #107 ) ;
#1268 = EDGE_CURVE ( 'NONE', #380, #746, #1944, .T. ) ;
#1269 = LINE ( 'NONE', #2043, #68 ) ;
#1270 = DIRECTION ( 'NONE',  ( 1.000000000000000000, -0.0000000000000000000, 0.0000000000000000000 ) ) ;
#1271 = VECTOR ( 'NONE', #1669, 1000.000000000000000 ) ;
#1272 = FILL_AREA_STYLE ('',( #1631 ) ) ;
#1273 = PRESENTATION_LAYER_ASSIGNMENT (  '', '', ( #1467 ) ) ;
#1274 = VERTEX_POINT ( 'NONE', #483 ) ;
#1275 = SURFACE_STYLE_FILL_AREA ( #905 ) ;
#1276 = DIRECTION ( 'NONE',  ( -1.000000000000000000, 0.0000000000000000000, 0.0000000000000000000 ) ) ;
#1277 = COLOUR_RGB ( '',0.8980392156862745390, 0.8980392156862745390, 0.8980392156862745390 ) ;
#1278 = CARTESIAN_POINT ( 'NONE',  ( -8.489999999999998437, -0.2200000000000003619, 0.0000000000000000000 ) ) ;
#1279 = SURFACE_STYLE_FILL_AREA ( #2381 ) ;
#1280 = ORIENTED_EDGE ( 'NONE', *, *, #2362, .F. ) ;
#1281 = SURFACE_STYLE_USAGE ( .BOTH. , #2212 ) ;
#1282 = LINE ( 'NONE', #1428, #94 ) ;
#1283 = CARTESIAN_POINT ( 'NONE',  ( -4.529999999999999361, -0.2200000000000003619, 3.200000000000000622 ) ) ;
#1284 = PRESENTATION_STYLE_ASSIGNMENT (( #28 ) ) ;
#1285 = EDGE_CURVE ( 'NONE', #426, #1292, #1566, .T. ) ;
#1286 = DIRECTION ( 'NONE',  ( 0.0000000000000000000, -1.000000000000000000, 0.0000000000000000000 ) ) ;
#1287 = PRODUCT ( 'PinVH', 'PinVH', '', ( #863 ) ) ;
#1288 = ORIENTED_EDGE ( 'NONE', *, *, #1087, .T. ) ;
#1289 = DIRECTION ( 'NONE',  ( 0.0000000000000000000, 1.000000000000000000, 0.0000000000000000000 ) ) ;
#1290 = EDGE_CURVE ( 'NONE', #2050, #2232, #1016, .T. ) ;
#1291 = SURFACE_STYLE_USAGE ( .BOTH. , #538 ) ;
#1292 = VERTEX_POINT ( 'NONE', #1392 ) ;
#1293 = DIRECTION ( 'NONE',  ( 1.000000000000000000, -0.0000000000000000000, 0.0000000000000000000 ) ) ;
#1294 = SURFACE_STYLE_USAGE ( .BOTH. , #150 ) ;
#1295 = PLANE ( 'NONE',  #29 ) ;
#1296 = LINE ( 'NONE', #568, #970 ) ;
#1297 = FILL_AREA_STYLE_COLOUR ( '', #1814 ) ;
#1298 = DIRECTION ( 'NONE',  ( -1.000000000000000000, -0.0000000000000000000, -0.0000000000000000000 ) ) ;
#1299 = VERTEX_POINT ( 'NONE', #2145 ) ;
#1300 = LINE ( 'NONE', #210, #239 ) ;
#1301 = FACE_BOUND ( 'NONE', #1731, .T. ) ;
#1302 = UNCERTAINTY_MEASURE_WITH_UNIT (LENGTH_MEASURE( 1.000000000000000082E-05 ), #1908, 'distance_accuracy_value', 'NONE');
#1303 = STYLED_ITEM ( 'NONE', ( #1199 ), #40 ) ;
#1304 = EDGE_CURVE ( 'NONE', #886, #1012, #651, .T. ) ;
#1305 = EDGE_LOOP ( 'NONE', ( #2069, #1167, #768, #718, #1239, #2023, #948, #872 ) ) ;
#1306 = UNCERTAINTY_MEASURE_WITH_UNIT (LENGTH_MEASURE( 1.000000000000000082E-05 ), #203, 'distance_accuracy_value', 'NONE');
#1307 =( GEOMETRIC_REPRESENTATION_CONTEXT ( 3 ) GLOBAL_UNCERTAINTY_ASSIGNED_CONTEXT ( ( #2141 ) ) GLOBAL_UNIT_ASSIGNED_CONTEXT ( ( #1471, #489, #695 ) ) REPRESENTATION_CONTEXT ( 'NONE', 'WORKASPACE' ) );
#1308 =( NAMED_UNIT ( * ) PLANE_ANGLE_UNIT ( ) SI_UNIT ( $, .RADIAN. ) );
#1309 = FILL_AREA_STYLE ('',( #918 ) ) ;
#1310 = CARTESIAN_POINT ( 'NONE',  ( -0.5699999999999992850, 0.9199999999999995959, 0.0000000000000000000 ) ) ;
#1311 = LINE ( 'NONE', #2107, #717 ) ;
#1312 =( GEOMETRIC_REPRESENTATION_CONTEXT ( 3 ) GLOBAL_UNCERTAINTY_ASSIGNED_CONTEXT ( ( #1011 ) ) GLOBAL_UNIT_ASSIGNED_CONTEXT ( ( #1377, #2103, #2115 ) ) REPRESENTATION_CONTEXT ( 'NONE', 'WORKASPACE' ) );
#1313 = ORIENTED_EDGE ( 'NONE', *, *, #1334, .T. ) ;
#1314 = DIRECTION ( 'NONE',  ( 1.000000000000000000, 0.0000000000000000000, -0.0000000000000000000 ) ) ;
#1315 = VECTOR ( 'NONE', #907, 1000.000000000000000 ) ;
#1316 = ORIENTED_EDGE ( 'NONE', *, *, #1073, .F. ) ;
#1317 = PRESENTATION_LAYER_ASSIGNMENT (  '', '', ( #1753 ) ) ;
#1318 = EDGE_CURVE ( 'NONE', #168, #364, #1208, .T. ) ;
#1319 = VECTOR ( 'NONE', #1451, 1000.000000000000000 ) ;
#1320 = ORIENTED_EDGE ( 'NONE', *, *, #1985, .T. ) ;
#1321 = VECTOR ( 'NONE', #349, 1000.000000000000000 ) ;
#1322 = ADVANCED_FACE ( 'NONE', ( #543 ), #2016, .F. ) ;
#1323 = DIRECTION ( 'NONE',  ( 0.0000000000000000000, 1.000000000000000000, 0.0000000000000000000 ) ) ;
#1324 = ORIENTED_EDGE ( 'NONE', *, *, #741, .F. ) ;
#1325 = DIRECTION ( 'NONE',  ( 0.0000000000000000000, -0.2588190451025174643, 0.9659258262890692004 ) ) ;
#1326 = LINE ( 'NONE', #34, #1104 ) ;
#1327 = LINE ( 'NONE', #2071, #208 ) ;
#1328 = EDGE_LOOP ( 'NONE', ( #1052, #114, #657, #1061 ) ) ;
#1329 = FILL_AREA_STYLE_COLOUR ( '', #1138 ) ;
#1330 = SURFACE_STYLE_USAGE ( .BOTH. , #385 ) ;
#1331 = UNCERTAINTY_MEASURE_WITH_UNIT (LENGTH_MEASURE( 1.000000000000000082E-05 ), #2106, 'distance_accuracy_value', 'NONE');
#1332 = ORIENTED_EDGE ( 'NONE', *, *, #1304, .F. ) ;
#1333 = DIRECTION ( 'NONE',  ( 0.2588190451025174643, 0.0000000000000000000, 0.9659258262890692004 ) ) ;
#1334 = EDGE_CURVE ( 'NONE', #2072, #443, #309, .T. ) ;
#1335 = LINE ( 'NONE', #1362, #890 ) ;
#1336 = PRESENTATION_STYLE_ASSIGNMENT (( #533 ) ) ;
#1337 = DIRECTION ( 'NONE',  ( 1.000000000000000000, 0.0000000000000000000, 0.0000000000000000000 ) ) ;
#1338 = ORIENTED_EDGE ( 'NONE', *, *, #2396, .F. ) ;
#1339 = CARTESIAN_POINT ( 'NONE',  ( -0.3020508075688761451, -0.3020508075688762561, 10.90000000000000036 ) ) ;
#1340 = ORIENTED_EDGE ( 'NONE', *, *, #2219, .F. ) ;
#1341 = VECTOR ( 'NONE', #2181, 1000.000000000000000 ) ;
#1342 = DIRECTION ( 'NONE',  ( 0.0000000000000000000, 1.000000000000000000, 0.0000000000000000000 ) ) ;
#1343 = MECHANICAL_DESIGN_GEOMETRIC_PRESENTATION_REPRESENTATION (  '', ( #2161 ), #792 ) ;
#1344 = ORIENTED_EDGE ( 'NONE', *, *, #1971, .F. ) ;
#1345 = PRESENTATION_LAYER_ASSIGNMENT (  '', '', ( #438 ) ) ;
#1346 = PRESENTATION_STYLE_ASSIGNMENT (( #258 ) ) ;
#1347 = VECTOR ( 'NONE', #1902, 1000.000000000000000 ) ;
#1348 = ORIENTED_EDGE ( 'NONE', *, *, #2143, .T. ) ;
#1349 = AXIS2_PLACEMENT_3D ( 'NONE', #1253, #1441, #919 ) ;
#1350 = LINE ( 'NONE', #2070, #2005 ) ;
#1351 = SURFACE_STYLE_USAGE ( .BOTH. , #1694 ) ;
#1352 = EDGE_CURVE ( 'NONE', #1130, #1837, #162, .T. ) ;
#1353 = ORIENTED_EDGE ( 'NONE', *, *, #347, .F. ) ;
#1354 = SURFACE_STYLE_USAGE ( .BOTH. , #1530 ) ;
#1355 = VECTOR ( 'NONE', #880, 1000.000000000000000 ) ;
#1356 = UNCERTAINTY_MEASURE_WITH_UNIT (LENGTH_MEASURE( 1.000000000000000082E-05 ), #2029, 'distance_accuracy_value', 'NONE');
#1357 = STYLED_ITEM ( 'NONE', ( #2255 ), #1771 ) ;
#1358 = PRESENTATION_STYLE_ASSIGNMENT (( #605 ) ) ;
#1359 = AXIS2_PLACEMENT_3D ( 'NONE', #463, #1937, #454 ) ;
#1360 =( GEOMETRIC_REPRESENTATION_CONTEXT ( 3 ) GLOBAL_UNCERTAINTY_ASSIGNED_CONTEXT ( ( #1225 ) ) GLOBAL_UNIT_ASSIGNED_CONTEXT ( ( #341, #2217, #1850 ) ) REPRESENTATION_CONTEXT ( 'NONE', 'WORKASPACE' ) );
#1361 = COLOUR_RGB ( '',1.000000000000000000, 1.000000000000000000, 1.000000000000000000 ) ;
#1362 = CARTESIAN_POINT ( 'NONE',  ( -8.489999999999998437, 0.9199999999999995959, 0.0000000000000000000 ) ) ;
#1363 = LINE ( 'NONE', #1555, #1698 ) ;
#1364 = ORIENTED_EDGE ( 'NONE', *, *, #913, .T. ) ;
#1365 = CARTESIAN_POINT ( 'NONE',  ( -9.869999999999999218, -4.250000000000000000, 3.200000000000000622 ) ) ;
#1366 = LINE ( 'NONE', #1733, #1503 ) ;
#1367 = EDGE_CURVE ( 'NONE', #782, #1143, #1282, .T. ) ;
#1368 = SURFACE_STYLE_USAGE ( .BOTH. , #812 ) ;
#1369 = DIRECTION ( 'NONE',  ( 0.2588190451025174643, 0.0000000000000000000, -0.9659258262890692004 ) ) ;
#1370 = VERTEX_POINT ( 'NONE', #1049 ) ;
#1371 = LINE ( 'NONE', #1755, #1678 ) ;
#1372 = SURFACE_STYLE_USAGE ( .BOTH. , #2119 ) ;
#1373 =( NAMED_UNIT ( * ) PLANE_ANGLE_UNIT ( ) SI_UNIT ( $, .RADIAN. ) );
#1374 = PLANE ( 'NONE',  #359 ) ;
#1375 = SURFACE_SIDE_STYLE ('',( #1784 ) ) ;
#1376 = CARTESIAN_POINT ( 'NONE',  ( 0.0000000000000000000, 0.3499999999999994782, 0.0000000000000000000 ) ) ;
#1377 =( LENGTH_UNIT ( ) NAMED_UNIT ( * ) SI_UNIT ( .MILLI., .METRE. ) );
#1378 = EDGE_CURVE ( 'NONE', #2050, #478, #917, .T. ) ;
#1379 = ORIENTED_EDGE ( 'NONE', *, *, #1087, .F. ) ;
#1380 =( NAMED_UNIT ( * ) SI_UNIT ( $, .STERADIAN. ) SOLID_ANGLE_UNIT ( ) );
#1381 = FILL_AREA_STYLE ('',( #2303 ) ) ;
#1382 = ORIENTED_EDGE ( 'NONE', *, *, #775, .F. ) ;
#1383 =( NAMED_UNIT ( * ) SI_UNIT ( $, .STERADIAN. ) SOLID_ANGLE_UNIT ( ) );
#1384 = AXIS2_PLACEMENT_3D ( 'NONE', #2265, #584, #1559 ) ;
#1385 =( NAMED_UNIT ( * ) SI_UNIT ( $, .STERADIAN. ) SOLID_ANGLE_UNIT ( ) );
#1386 = DIRECTION ( 'NONE',  ( 0.0000000000000000000, -0.2588190451025174643, -0.9659258262890692004 ) ) ;
#1387 = VERTEX_POINT ( 'NONE', #1476 ) ;
#1388 = LINE ( 'NONE', #90, #1389 ) ;
#1389 = VECTOR ( 'NONE', #115, 1000.000000000000000 ) ;
#1390 = FILL_AREA_STYLE_COLOUR ( '', #415 ) ;
#1391 = COLOUR_RGB ( '',0.8980392156862745390, 0.8980392156862745390, 0.8980392156862745390 ) ;
#1392 = CARTESIAN_POINT ( 'NONE',  ( 8.570000000000003837, 2.349999999999997868, 7.199999999999939782 ) ) ;
#1393 = AXIS2_PLACEMENT_3D ( 'NONE', #952, #2075, #1911 ) ;
#1394 = CARTESIAN_POINT ( 'NONE',  ( 8.490000000000000213, -0.2200000000000003619, 0.0000000000000000000 ) ) ;
#1395 = DIRECTION ( 'NONE',  ( 1.000000000000000000, 0.0000000000000000000, 0.0000000000000000000 ) ) ;
#1396 = FACE_OUTER_BOUND ( 'NONE', #509, .T. ) ;
#1397 = ORIENTED_EDGE ( 'NONE', *, *, #1290, .T. ) ;
#1398 = LINE ( 'NONE', #672, #884 ) ;
#1399 = CARTESIAN_POINT ( 'NONE',  ( 7.350000000000000533, 0.9199999999999995959, 3.200000000000000622 ) ) ;
#1400 = CARTESIAN_POINT ( 'NONE',  ( 0.3020508075688759231, 0.0000000000000000000, -3.700000000000000178 ) ) ;
#1401 = ADVANCED_FACE ( 'NONE', ( #2225 ), #1653, .F. ) ;
#1402 = DIRECTION ( 'NONE',  ( -0.2505628070857285894, -0.2505628070857285894, -0.9351131265310309582 ) ) ;
#1403 = PLANE ( 'NONE',  #1349 ) ;
#1404 = CONTEXT_DEPENDENT_SHAPE_REPRESENTATION ( #1523, #2338 ) ;
#1405 = CARTESIAN_POINT ( 'NONE',  ( 0.0000000000000000000, 2.349999999999999645, 3.200000000000000622 ) ) ;
#1406 =( LENGTH_UNIT ( ) NAMED_UNIT ( * ) SI_UNIT ( .MILLI., .METRE. ) );
#1407 = ORIENTED_EDGE ( 'NONE', *, *, #1073, .T. ) ;
#1408 = CARTESIAN_POINT ( 'NONE',  ( -8.570000000000003837, 2.349999999999999645, 0.0000000000000000000 ) ) ;
#1409 = PRESENTATION_STYLE_ASSIGNMENT (( #674 ) ) ;
#1410 = CARTESIAN_POINT ( 'NONE',  ( 4.530000000000001137, -0.2200000000000003619, 3.200000000000000622 ) ) ;
#1411 = DIRECTION ( 'NONE',  ( -0.0000000000000000000, 1.000000000000000000, 0.0000000000000000000 ) ) ;
#1412 = MECHANICAL_DESIGN_GEOMETRIC_PRESENTATION_REPRESENTATION (  '', ( #237 ), #1816 ) ;
#1413 = ADVANCED_FACE ( 'NONE', ( #2199 ), #516, .F. ) ;
#1414 = ADVANCED_BREP_SHAPE_REPRESENTATION ( '', ( #660, #96 ), #286 ) ;
#1415 = ORIENTED_EDGE ( 'NONE', *, *, #2179, .F. ) ;
#1416 = SURFACE_SIDE_STYLE ('',( #963 ) ) ;
#1417 = PRESENTATION_LAYER_ASSIGNMENT (  '', '', ( #2241 ) ) ;
#1418 = SHAPE_REPRESENTATION_RELATIONSHIP ( 'NONE' , 'NONE' ,  #1835, #1504 ) ;
#1419 = ADVANCED_FACE ( 'NONE', ( #1546 ), #1295, .F. ) ;
#1420 = SURFACE_STYLE_USAGE ( .BOTH. , #1636 ) ;
#1421 = STYLED_ITEM ( 'NONE', ( #1955 ), #916 ) ;
#1422 = SURFACE_STYLE_USAGE ( .BOTH. , #113 ) ;
#1423 = ORIENTED_EDGE ( 'NONE', *, *, #899, .F. ) ;
#1424 = DIRECTION ( 'NONE',  ( 1.000000000000000000, -0.0000000000000000000, 0.0000000000000000000 ) ) ;
#1425 = UNCERTAINTY_MEASURE_WITH_UNIT (LENGTH_MEASURE( 1.000000000000000082E-05 ), #2019, 'distance_accuracy_value', 'NONE');
#1426 = MECHANICAL_DESIGN_GEOMETRIC_PRESENTATION_REPRESENTATION (  '', ( #2368 ), #136 ) ;
#1427 = CARTESIAN_POINT ( 'NONE',  ( -0.5700000000000000622, -0.5700000000000001732, 10.90000000000000036 ) ) ;
#1428 = CARTESIAN_POINT ( 'NONE',  ( -0.5699999999999992850, 0.9199999999999995959, 0.0000000000000000000 ) ) ;
#1429 = COLOUR_RGB ( '',1.000000000000000000, 1.000000000000000000, 1.000000000000000000 ) ;
#1430 = STYLED_ITEM ( 'NONE', ( #378 ), #1861 ) ;
#1431 = COLOUR_RGB ( '',1.000000000000000000, 1.000000000000000000, 1.000000000000000000 ) ;
#1432 = DIRECTION ( 'NONE',  ( 0.0000000000000000000, 0.0000000000000000000, 1.000000000000000000 ) ) ;
#1433 = SURFACE_SIDE_STYLE ('',( #265 ) ) ;
#1434 = SURFACE_STYLE_FILL_AREA ( #1648 ) ;
#1435 = EDGE_CURVE ( 'NONE', #1809, #1890, #618, .T. ) ;
#1436 = VERTEX_POINT ( 'NONE', #1010 ) ;
#1437 = DIRECTION ( 'NONE',  ( -1.000000000000000000, 0.0000000000000000000, -0.0000000000000000000 ) ) ;
#1438 = LINE ( 'NONE', #127, #953 ) ;
#1439 =( NAMED_UNIT ( * ) SI_UNIT ( $, .STERADIAN. ) SOLID_ANGLE_UNIT ( ) );
#1440 = SURFACE_STYLE_FILL_AREA ( #2377 ) ;
#1441 = DIRECTION ( 'NONE',  ( -0.0000000000000000000, 1.000000000000000000, 0.0000000000000000000 ) ) ;
#1442 = VERTEX_POINT ( 'NONE', #39 ) ;
#1443 = DIRECTION ( 'NONE',  ( -1.000000000000000000, 0.0000000000000000000, 0.0000000000000000000 ) ) ;
#1444 =( NAMED_UNIT ( * ) SI_UNIT ( $, .STERADIAN. ) SOLID_ANGLE_UNIT ( ) );
#1445 =( NAMED_UNIT ( * ) SI_UNIT ( $, .STERADIAN. ) SOLID_ANGLE_UNIT ( ) );
#1446 = PRESENTATION_STYLE_ASSIGNMENT (( #1248 ) ) ;
#1447 = ORIENTED_EDGE ( 'NONE', *, *, #1945, .F. ) ;
#1448 =( NAMED_UNIT ( * ) SI_UNIT ( $, .STERADIAN. ) SOLID_ANGLE_UNIT ( ) );
#1449 = EDGE_CURVE ( 'NONE', #1913, #920, #822, .T. ) ;
#1450 = UNCERTAINTY_MEASURE_WITH_UNIT (LENGTH_MEASURE( 1.000000000000000082E-05 ), #1002, 'distance_accuracy_value', 'NONE');
#1451 = DIRECTION ( 'NONE',  ( -0.0000000000000000000, 0.0000000000000000000, 1.000000000000000000 ) ) ;
#1452 = DIRECTION ( 'NONE',  ( 0.2588190451025174643, 0.0000000000000000000, -0.9659258262890692004 ) ) ;
#1453 = CARTESIAN_POINT ( 'NONE',  ( 0.0000000000000000000, 0.0000000000000000000, 9.400000000000000355 ) ) ;
#1454 = LINE ( 'NONE', #1070, #316 ) ;
#1455 = MECHANICAL_DESIGN_GEOMETRIC_PRESENTATION_REPRESENTATION (  '', ( #2123 ), #1738 ) ;
#1456 = EDGE_LOOP ( 'NONE', ( #1853, #1870, #1332, #2105 ) ) ;
#1457 = DIRECTION ( 'NONE',  ( 0.0000000000000000000, 0.0000000000000000000, 1.000000000000000000 ) ) ;
#1458 = VECTOR ( 'NONE', #670, 1000.000000000000000 ) ;
#1459 = VERTEX_POINT ( 'NONE', #773 ) ;
#1460 = COLOUR_RGB ( '',0.8980392156862745390, 0.8980392156862745390, 0.8980392156862745390 ) ;
#1461 = DIRECTION ( 'NONE',  ( -1.000000000000000000, -0.0000000000000000000, -0.0000000000000000000 ) ) ;
#1462 = SURFACE_STYLE_USAGE ( .BOTH. , #2188 ) ;
#1463 = EDGE_CURVE ( 'NONE', #2072, #1980, #2042, .T. ) ;
#1464 = FACE_OUTER_BOUND ( 'NONE', #2220, .T. ) ;
#1465 = STYLED_ITEM ( 'NONE', ( #1831 ), #1322 ) ;
#1466 = VECTOR ( 'NONE', #2372, 1000.000000000000000 ) ;
#1467 = STYLED_ITEM ( 'NONE', ( #732 ), #1668 ) ;
#1468 = EDGE_LOOP ( 'NONE', ( #1679, #1175, #491, #456 ) ) ;
#1469 =( GEOMETRIC_REPRESENTATION_CONTEXT ( 3 ) GLOBAL_UNCERTAINTY_ASSIGNED_CONTEXT ( ( #656 ) ) GLOBAL_UNIT_ASSIGNED_CONTEXT ( ( #36, #1161, #236 ) ) REPRESENTATION_CONTEXT ( 'NONE', 'WORKASPACE' ) );
#1470 = FILL_AREA_STYLE_COLOUR ( '', #2371 ) ;
#1471 =( LENGTH_UNIT ( ) NAMED_UNIT ( * ) SI_UNIT ( .MILLI., .METRE. ) );
#1472 =( GEOMETRIC_REPRESENTATION_CONTEXT ( 3 ) GLOBAL_UNCERTAINTY_ASSIGNED_CONTEXT ( ( #1152 ) ) GLOBAL_UNIT_ASSIGNED_CONTEXT ( ( #1847, #2127, #1926 ) ) REPRESENTATION_CONTEXT ( 'NONE', 'WORKASPACE' ) );
#1473 = ORIENTED_EDGE ( 'NONE', *, *, #2040, .F. ) ;
#1474 = FILL_AREA_STYLE ('',( #926 ) ) ;
#1475 = FILL_AREA_STYLE_COLOUR ( '', #1361 ) ;
#1476 = CARTESIAN_POINT ( 'NONE',  ( 3.390000000000000568, -0.2200000000000003619, 3.200000000000000622 ) ) ;
#1477 = DIRECTION ( 'NONE',  ( 0.0000000000000000000, 0.0000000000000000000, -1.000000000000000000 ) ) ;
#1478 = DIRECTION ( 'NONE',  ( -1.000000000000000000, 0.0000000000000000000, 0.0000000000000000000 ) ) ;
#1479 = EDGE_CURVE ( 'NONE', #604, #2321, #785, .T. ) ;
#1480 = ORIENTED_EDGE ( 'NONE', *, *, #1435, .T. ) ;
#1481 = FACE_BOUND ( 'NONE', #1917, .T. ) ;
#1482 = SHAPE_REPRESENTATION ( 'User Library-B5P-VH', ( #927, #250, #1003, #2373, #1157, #683, #1359 ), #1868 ) ;
#1483 = ORIENTED_EDGE ( 'NONE', *, *, #755, .F. ) ;
#1484 = SURFACE_SIDE_STYLE ('',( #892 ) ) ;
#1485 = MANIFOLD_SOLID_BREP ( 'Imported1', #1695 ) ;
#1486 = SURFACE_STYLE_USAGE ( .BOTH. , #2014 ) ;
#1487 =( NAMED_UNIT ( * ) PLANE_ANGLE_UNIT ( ) SI_UNIT ( $, .RADIAN. ) );
#1488 = CARTESIAN_POINT ( 'NONE',  ( -0.5700000000000000622, -0.5700000000000001732, 10.90000000000000036 ) ) ;
#1489 = VERTEX_POINT ( 'NONE', #2367 ) ;
#1490 =( LENGTH_UNIT ( ) NAMED_UNIT ( * ) SI_UNIT ( .MILLI., .METRE. ) );
#1491 = PRESENTATION_LAYER_ASSIGNMENT (  '', '', ( #1531 ) ) ;
#1492 = ORIENTED_EDGE ( 'NONE', *, *, #563, .F. ) ;
#1493 = MECHANICAL_DESIGN_GEOMETRIC_PRESENTATION_REPRESENTATION (  '', ( #1028 ), #276 ) ;
#1494 = SHAPE_REPRESENTATION ( 'PinVH', ( #96 ), #286 ) ;
#1495 = UNCERTAINTY_MEASURE_WITH_UNIT (LENGTH_MEASURE( 1.000000000000000082E-05 ), #867, 'distance_accuracy_value', 'NONE');
#1496 = AXIS2_PLACEMENT_3D ( 'NONE', #597, #572, #1325 ) ;
#1497 = PLANE ( 'NONE',  #212 ) ;
#1498 = FACE_OUTER_BOUND ( 'NONE', #925, .T. ) ;
#1499 = ORIENTED_EDGE ( 'NONE', *, *, #295, .F. ) ;
#1500 = DIRECTION ( 'NONE',  ( -0.2505628070857289780, -0.2505628070857285894, -0.9351131265310308471 ) ) ;
#1501 = FILL_AREA_STYLE ('',( #598 ) ) ;
#1502 = MECHANICAL_DESIGN_GEOMETRIC_PRESENTATION_REPRESENTATION (  '', ( #139 ), #1672 ) ;
#1503 = VECTOR ( 'NONE', #795, 1000.000000000000000 ) ;
#1504 = ADVANCED_BREP_SHAPE_REPRESENTATION ( '', ( #1485, #96 ), #969 ) ;
#1505 = ORIENTED_EDGE ( 'NONE', *, *, #1651, .T. ) ;
#1506 = MECHANICAL_DESIGN_GEOMETRIC_PRESENTATION_REPRESENTATION (  '', ( #566 ), #1079 ) ;
#1507 = SURFACE_STYLE_USAGE ( .BOTH. , #1735 ) ;
#1508 = FILL_AREA_STYLE ('',( #601 ) ) ;
#1509 = EDGE_CURVE ( 'NONE', #338, #122, #1151, .T. ) ;
#1510 = VECTOR ( 'NONE', #1689, 1000.000000000000000 ) ;
#1511 = ORIENTED_EDGE ( 'NONE', *, *, #1651, .F. ) ;
#1512 = LINE ( 'NONE', #979, #293 ) ;
#1513 = DIRECTION ( 'NONE',  ( 0.0000000000000000000, 0.0000000000000000000, 1.000000000000000000 ) ) ;
#1514 = EDGE_LOOP ( 'NONE', ( #332, #1685, #1691, #1901 ) ) ;
#1515 = LINE ( 'NONE', #1365, #956 ) ;
#1516 = CARTESIAN_POINT ( 'NONE',  ( 9.869999999999999218, 2.349999999999999645, 0.0000000000000000000 ) ) ;
#1517 = ORIENTED_EDGE ( 'NONE', *, *, #1285, .T. ) ;
#1518 = PLANE ( 'NONE',  #1219 ) ;
#1519 =( LENGTH_UNIT ( ) NAMED_UNIT ( * ) SI_UNIT ( .MILLI., .METRE. ) );
#1520 = SURFACE_STYLE_FILL_AREA ( #218 ) ;
#1521 = UNCERTAINTY_MEASURE_WITH_UNIT (LENGTH_MEASURE( 1.000000000000000082E-05 ), #663, 'distance_accuracy_value', 'NONE');
#1522 = ADVANCED_FACE ( 'NONE', ( #86 ), #455, .F. ) ;
#1523 =( REPRESENTATION_RELATIONSHIP ('NONE','NONE', #1482, #1494 ) REPRESENTATION_RELATIONSHIP_WITH_TRANSFORMATION ( #1021 )SHAPE_REPRESENTATION_RELATIONSHIP( ) );
#1524 = CARTESIAN_POINT ( 'NONE',  ( 0.0000000000000000000, 0.3020508075688762561, 10.90000000000000036 ) ) ;
#1525 = CARTESIAN_POINT ( 'NONE',  ( -4.529999999999999361, 0.9199999999999995959, 0.0000000000000000000 ) ) ;
#1526 = ORIENTED_EDGE ( 'NONE', *, *, #1352, .T. ) ;
#1527 = SURFACE_SIDE_STYLE ('',( #46 ) ) ;
#1528 = FACE_BOUND ( 'NONE', #1245, .T. ) ;
#1529 = ORIENTED_EDGE ( 'NONE', *, *, #1906, .F. ) ;
#1530 = SURFACE_SIDE_STYLE ('',( #2031 ) ) ;
#1531 = STYLED_ITEM ( 'NONE', ( #1336 ), #131 ) ;
#1532 = FILL_AREA_STYLE ('',( #1909 ) ) ;
#1533 = VECTOR ( 'NONE', #1289, 1000.000000000000000 ) ;
#1534 = COLOUR_RGB ( '',0.8980392156862745390, 0.8980392156862745390, 0.8980392156862745390 ) ;
#1535 =( NAMED_UNIT ( * ) PLANE_ANGLE_UNIT ( ) SI_UNIT ( $, .RADIAN. ) );
#1536 = DIRECTION ( 'NONE',  ( -0.0000000000000000000, 1.000000000000000000, 0.0000000000000000000 ) ) ;
#1537 =( NAMED_UNIT ( * ) SI_UNIT ( $, .STERADIAN. ) SOLID_ANGLE_UNIT ( ) );
#1538 =( GEOMETRIC_REPRESENTATION_CONTEXT ( 3 ) GLOBAL_UNCERTAINTY_ASSIGNED_CONTEXT ( ( #2309 ) ) GLOBAL_UNIT_ASSIGNED_CONTEXT ( ( #109, #1027, #1808 ) ) REPRESENTATION_CONTEXT ( 'NONE', 'WORKASPACE' ) );
#1539 = EDGE_CURVE ( 'NONE', #771, #2342, #852, .T. ) ;
#1540 = VERTEX_POINT ( 'NONE', #1062 ) ;
#1541 = CARTESIAN_POINT ( 'NONE',  ( 9.869999999999999218, -4.250000000000000000, 0.0000000000000000000 ) ) ;
#1542 = EDGE_LOOP ( 'NONE', ( #526, #2184, #1205, #1407 ) ) ;
#1543 = FACE_OUTER_BOUND ( 'NONE', #278, .T. ) ;
#1544 = COLOUR_RGB ( '',0.7921568627450980005, 0.8196078431372548767, 0.9333333333333333481 ) ;
#1545 = AXIS2_PLACEMENT_3D ( 'NONE', #297, #868, #1093 ) ;
#1546 = FACE_OUTER_BOUND ( 'NONE', #2270, .T. ) ;
#1547 = UNCERTAINTY_MEASURE_WITH_UNIT (LENGTH_MEASURE( 1.000000000000000082E-05 ), #1699, 'distance_accuracy_value', 'NONE');
#1548 = SURFACE_STYLE_USAGE ( .BOTH. , #1189 ) ;
#1549 = PRESENTATION_LAYER_ASSIGNMENT (  '', '', ( #97 ) ) ;
#1550 = ORIENTED_EDGE ( 'NONE', *, *, #1918, .T. ) ;
#1551 = PLANE ( 'NONE',  #1008 ) ;
#1552 = MECHANICAL_DESIGN_GEOMETRIC_PRESENTATION_REPRESENTATION (  '', ( #178 ), #722 ) ;
#1553 = PRESENTATION_LAYER_ASSIGNMENT (  '', '', ( #2104 ) ) ;
#1554 = CARTESIAN_POINT ( 'NONE',  ( -0.3020508075688761451, 0.0000000000000000000, 10.90000000000000036 ) ) ;
#1555 = CARTESIAN_POINT ( 'NONE',  ( 0.0000000000000000000, -0.3020508075688762561, 10.90000000000000036 ) ) ;
#1556 =( NAMED_UNIT ( * ) PLANE_ANGLE_UNIT ( ) SI_UNIT ( $, .RADIAN. ) );
#1557 = ORIENTED_EDGE ( 'NONE', *, *, #579, .F. ) ;
#1558 = EDGE_CURVE ( 'NONE', #305, #1873, #1824, .T. ) ;
#1559 = DIRECTION ( 'NONE',  ( -1.000000000000000000, 0.0000000000000000000, -0.0000000000000000000 ) ) ;
#1560 = DIRECTION ( 'NONE',  ( -0.0000000000000000000, 0.9659258262890692004, 0.2588190451025174643 ) ) ;
#1561 = CARTESIAN_POINT ( 'NONE',  ( -3.959999999999999964, 0.3499999999999994782, 0.0000000000000000000 ) ) ;
#1562 = DIRECTION ( 'NONE',  ( -0.0000000000000000000, -1.000000000000000000, -0.0000000000000000000 ) ) ;
#1563 = ORIENTED_EDGE ( 'NONE', *, *, #1449, .F. ) ;
#1564 =( LENGTH_UNIT ( ) NAMED_UNIT ( * ) SI_UNIT ( .MILLI., .METRE. ) );
#1565 = CARTESIAN_POINT ( 'NONE',  ( 0.5700000000000010614, -0.2200000000000003619, 3.200000000000000622 ) ) ;
#1566 = LINE ( 'NONE', #259, #2054 ) ;
#1567 = ORIENTED_EDGE ( 'NONE', *, *, #501, .T. ) ;
#1568 = LINE ( 'NONE', #1770, #877 ) ;
#1569 = FACE_OUTER_BOUND ( 'NONE', #58, .T. ) ;
#1570 = DIRECTION ( 'NONE',  ( 1.000000000000000000, -0.0000000000000000000, 0.0000000000000000000 ) ) ;
#1571 = UNCERTAINTY_MEASURE_WITH_UNIT (LENGTH_MEASURE( 1.000000000000000082E-05 ), #2376, 'distance_accuracy_value', 'NONE');
#1572 = EDGE_CURVE ( 'NONE', #1540, #771, #289, .T. ) ;
#1573 = ORIENTED_EDGE ( 'NONE', *, *, #1058, .T. ) ;
#1574 = PRESENTATION_STYLE_ASSIGNMENT (( #876 ) ) ;
#1575 = VECTOR ( 'NONE', #1402, 1000.000000000000000 ) ;
#1576 =( LENGTH_UNIT ( ) NAMED_UNIT ( * ) SI_UNIT ( .MILLI., .METRE. ) );
#1577 = DIRECTION ( 'NONE',  ( 0.2505628070857289780, -0.2505628070857285894, 0.9351131265310308471 ) ) ;
#1578 = EDGE_LOOP ( 'NONE', ( #1739, #1353, #20, #1397 ) ) ;
#1579 = SURFACE_SIDE_STYLE ('',( #643 ) ) ;
#1580 = COLOUR_RGB ( '',1.000000000000000000, 1.000000000000000000, 1.000000000000000000 ) ;
#1581 = AXIS2_PLACEMENT_3D ( 'NONE', #471, #1593, #249 ) ;
#1582 = DIRECTION ( 'NONE',  ( -1.000000000000000000, -0.0000000000000000000, -0.0000000000000000000 ) ) ;
#1583 =( LENGTH_UNIT ( ) NAMED_UNIT ( * ) SI_UNIT ( .MILLI., .METRE. ) );
#1584 = VECTOR ( 'NONE', #433, 1000.000000000000000 ) ;
#1585 = ORIENTED_EDGE ( 'NONE', *, *, #790, .F. ) ;
#1586 = PRESENTATION_LAYER_ASSIGNMENT (  '', '', ( #882 ) ) ;
#1587 =( LENGTH_UNIT ( ) NAMED_UNIT ( * ) SI_UNIT ( .MILLI., .METRE. ) );
#1588 = ADVANCED_FACE ( 'NONE', ( #112 ), #135, .F. ) ;
#1589 = FACE_OUTER_BOUND ( 'NONE', #2316, .T. ) ;
#1590 = CARTESIAN_POINT ( 'NONE',  ( -9.869999999999999218, -4.250000000000000000, 9.400000000000000355 ) ) ;
#1591 = VECTOR ( 'NONE', #622, 1000.000000000000000 ) ;
#1592 =( NAMED_UNIT ( * ) SI_UNIT ( $, .STERADIAN. ) SOLID_ANGLE_UNIT ( ) );
#1593 = DIRECTION ( 'NONE',  ( 0.0000000000000000000, -1.000000000000000000, 0.0000000000000000000 ) ) ;
#1594 =( NAMED_UNIT ( * ) PLANE_ANGLE_UNIT ( ) SI_UNIT ( $, .RADIAN. ) );
#1595 = DIRECTION ( 'NONE',  ( 0.0000000000000000000, 0.0000000000000000000, 1.000000000000000000 ) ) ;
#1596 = CARTESIAN_POINT ( 'NONE',  ( 0.0000000000000000000, 3.750000000000000888, 0.0000000000000000000 ) ) ;
#1597 = PRODUCT_DEFINITION_SHAPE ( 'NONE', 'NONE',  #2414 ) ;
#1598 = ORIENTED_EDGE ( 'NONE', *, *, #2098, .F. ) ;
#1599 = UNCERTAINTY_MEASURE_WITH_UNIT (LENGTH_MEASURE( 1.000000000000000082E-05 ), #2004, 'distance_accuracy_value', 'NONE');
#1600 = EDGE_CURVE ( 'NONE', #1292, #443, #2007, .T. ) ;
#1601 = CARTESIAN_POINT ( 'NONE',  ( 0.5700000000000010614, 0.9199999999999995959, 0.0000000000000000000 ) ) ;
#1602 = CARTESIAN_POINT ( 'NONE',  ( 0.5700000000000010614, -0.2200000000000003619, 0.0000000000000000000 ) ) ;
#1603 = EDGE_CURVE ( 'NONE', #11, #1090, #2206, .T. ) ;
#1604 = SURFACE_SIDE_STYLE ('',( #1440 ) ) ;
#1605 = SURFACE_STYLE_USAGE ( .BOTH. , #2326 ) ;
#1606 = APPLICATION_CONTEXT ( 'automotive_design' ) ;
#1607 = ORIENTED_EDGE ( 'NONE', *, *, #711, .F. ) ;
#1608 = DIRECTION ( 'NONE',  ( 1.000000000000000000, 0.0000000000000000000, 0.0000000000000000000 ) ) ;
#1609 = SHAPE_DEFINITION_REPRESENTATION ( #195, #1835 ) ;
#1610 =( NAMED_UNIT ( * ) SI_UNIT ( $, .STERADIAN. ) SOLID_ANGLE_UNIT ( ) );
#1611 = ORIENTED_EDGE ( 'NONE', *, *, #728, .T. ) ;
#1612 = DIRECTION ( 'NONE',  ( 0.0000000000000000000, -0.0000000000000000000, -1.000000000000000000 ) ) ;
#1613 =( NAMED_UNIT ( * ) SI_UNIT ( $, .STERADIAN. ) SOLID_ANGLE_UNIT ( ) );
#1614 = FILL_AREA_STYLE ('',( #1069 ) ) ;
#1615 = VECTOR ( 'NONE', #2187, 1000.000000000000000 ) ;
#1616 = LINE ( 'NONE', #702, #1932 ) ;
#1617 = EDGE_CURVE ( 'NONE', #577, #944, #1687, .T. ) ;
#1618 = VECTOR ( 'NONE', #645, 1000.000000000000000 ) ;
#1619 = ORIENTED_EDGE ( 'NONE', *, *, #1603, .F. ) ;
#1620 =( GEOMETRIC_REPRESENTATION_CONTEXT ( 3 ) GLOBAL_UNCERTAINTY_ASSIGNED_CONTEXT ( ( #240 ) ) GLOBAL_UNIT_ASSIGNED_CONTEXT ( ( #67, #121, #624 ) ) REPRESENTATION_CONTEXT ( 'NONE', 'WORKASPACE' ) );
#1621 =( GEOMETRIC_REPRESENTATION_CONTEXT ( 3 ) GLOBAL_UNCERTAINTY_ASSIGNED_CONTEXT ( ( #1521 ) ) GLOBAL_UNIT_ASSIGNED_CONTEXT ( ( #663, #452, #1383 ) ) REPRESENTATION_CONTEXT ( 'NONE', 'WORKASPACE' ) );
#1622 = ORIENTED_EDGE ( 'NONE', *, *, #6, .T. ) ;
#1623 = CARTESIAN_POINT ( 'NONE',  ( 7.350000000000000533, -0.2200000000000003619, 0.0000000000000000000 ) ) ;
#1624 =( GEOMETRIC_REPRESENTATION_CONTEXT ( 3 ) GLOBAL_UNCERTAINTY_ASSIGNED_CONTEXT ( ( #758 ) ) GLOBAL_UNIT_ASSIGNED_CONTEXT ( ( #842, #1373, #1931 ) ) REPRESENTATION_CONTEXT ( 'NONE', 'WORKASPACE' ) );
#1625 = DIRECTION ( 'NONE',  ( -0.0000000000000000000, -0.0000000000000000000, 1.000000000000000000 ) ) ;
#1626 =( NAMED_UNIT ( * ) SI_UNIT ( $, .STERADIAN. ) SOLID_ANGLE_UNIT ( ) );
#1627 = AXIS2_PLACEMENT_3D ( 'NONE', #1959, #279, #492 ) ;
#1628 = MECHANICAL_DESIGN_GEOMETRIC_PRESENTATION_REPRESENTATION (  '', ( #1467 ), #885 ) ;
#1629 = PRESENTATION_LAYER_ASSIGNMENT (  '', '', ( #1676 ) ) ;
#1630 = FILL_AREA_STYLE_COLOUR ( '', #1778 ) ;
#1631 = FILL_AREA_STYLE_COLOUR ( '', #1185 ) ;
#1632 = PRESENTATION_LAYER_ASSIGNMENT (  '', '', ( #2063 ) ) ;
#1633 = EDGE_LOOP ( 'NONE', ( #691, #2003, #2242, #209 ) ) ;
#1634 = ADVANCED_FACE ( 'NONE', ( #2026 ), #1259, .F. ) ;
#1635 =( NAMED_UNIT ( * ) PLANE_ANGLE_UNIT ( ) SI_UNIT ( $, .RADIAN. ) );
#1636 = SURFACE_SIDE_STYLE ('',( #669 ) ) ;
#1637 = DIRECTION ( 'NONE',  ( -1.000000000000000000, 0.0000000000000000000, 0.0000000000000000000 ) ) ;
#1638 = ORIENTED_EDGE ( 'NONE', *, *, #661, .F. ) ;
#1639 = CARTESIAN_POINT ( 'NONE',  ( 3.390000000000000568, 0.9199999999999995959, 0.0000000000000000000 ) ) ;
#1640 = LINE ( 'NONE', #1602, #831 ) ;
#1641 = CARTESIAN_POINT ( 'NONE',  ( 3.390000000000000568, 0.9199999999999995959, 0.0000000000000000000 ) ) ;
#1642 = APPLICATION_CONTEXT ( 'automotive_design' ) ;
#1643 = LINE ( 'NONE', #1244, #559 ) ;
#1644 = EDGE_LOOP ( 'NONE', ( #666, #327, #62, #487 ) ) ;
#1645 = PRESENTATION_STYLE_ASSIGNMENT (( #169 ) ) ;
#1646 =( NAMED_UNIT ( * ) PLANE_ANGLE_UNIT ( ) SI_UNIT ( $, .RADIAN. ) );
#1647 = PRODUCT_RELATED_PRODUCT_CATEGORY ( 'part', '', ( #1287 ) ) ;
#1648 = FILL_AREA_STYLE ('',( #148 ) ) ;
#1649 = ORIENTED_EDGE ( 'NONE', *, *, #1479, .T. ) ;
#1650 = FACE_OUTER_BOUND ( 'NONE', #1542, .T. ) ;
#1651 = EDGE_CURVE ( 'NONE', #2048, #294, #157, .T. ) ;
#1652 =( NAMED_UNIT ( * ) SI_UNIT ( $, .STERADIAN. ) SOLID_ANGLE_UNIT ( ) );
#1653 = PLANE ( 'NONE',  #484 ) ;
#1654 = DIRECTION ( 'NONE',  ( 0.0000000000000000000, -1.000000000000000000, -0.0000000000000000000 ) ) ;
#1655 = SURFACE_SIDE_STYLE ('',( #141 ) ) ;
#1656 = STYLED_ITEM ( 'NONE', ( #1284 ), #87 ) ;
#1657 = VECTOR ( 'NONE', #587, 1000.000000000000000 ) ;
#1658 = SURFACE_STYLE_USAGE ( .BOTH. , #2024 ) ;
#1659 = PRESENTATION_STYLE_ASSIGNMENT (( #2025 ) ) ;
#1660 = COLOUR_RGB ( '',1.000000000000000000, 1.000000000000000000, 1.000000000000000000 ) ;
#1661 = CARTESIAN_POINT ( 'NONE',  ( 8.570000000000003837, 2.349999999999994316, 7.199999999999930012 ) ) ;
#1662 = SURFACE_SIDE_STYLE ('',( #1434 ) ) ;
#1663 = VECTOR ( 'NONE', #1063, 1000.000000000000000 ) ;
#1664 = ORIENTED_EDGE ( 'NONE', *, *, #1352, .F. ) ;
#1665 = CARTESIAN_POINT ( 'NONE',  ( 0.0000000000000000000, 0.0000000000000000000, 7.000000000000000000 ) ) ;
#1666 = PRESENTATION_LAYER_ASSIGNMENT (  '', '', ( #1184 ) ) ;
#1667 = PRESENTATION_STYLE_ASSIGNMENT (( #1294 ) ) ;
#1668 = ADVANCED_FACE ( 'NONE', ( #1677 ), #1112, .F. ) ;
#1669 = DIRECTION ( 'NONE',  ( -0.0000000000000000000, -0.0000000000000000000, -1.000000000000000000 ) ) ;
#1670 = AXIS2_PLACEMENT_3D ( 'NONE', #2263, #778, #44 ) ;
#1671 = CARTESIAN_POINT ( 'NONE',  ( 9.869999999999999218, -4.250000000000000000, 9.400000000000000355 ) ) ;
#1672 =( GEOMETRIC_REPRESENTATION_CONTEXT ( 3 ) GLOBAL_UNCERTAINTY_ASSIGNED_CONTEXT ( ( #1356 ) ) GLOBAL_UNIT_ASSIGNED_CONTEXT ( ( #2029, #912, #1448 ) ) REPRESENTATION_CONTEXT ( 'NONE', 'WORKASPACE' ) );
#1673 = VECTOR ( 'NONE', #403, 1000.000000000000000 ) ;
#1674 = ORIENTED_EDGE ( 'NONE', *, *, #2335, .F. ) ;
#1675 = ITEM_DEFINED_TRANSFORMATION ( 'NONE', 'NONE', #1359,  #96 ) ;
#1676 = STYLED_ITEM ( 'NONE', ( #232 ), #1954 ) ;
#1677 = FACE_OUTER_BOUND ( 'NONE', #685, .T. ) ;
#1678 = VECTOR ( 'NONE', #230, 999.9999999999998863 ) ;
#1679 = ORIENTED_EDGE ( 'NONE', *, *, #977, .F. ) ;
#1680 =( NAMED_UNIT ( * ) PLANE_ANGLE_UNIT ( ) SI_UNIT ( $, .RADIAN. ) );
#1681 = DIRECTION ( 'NONE',  ( 0.0000000000000000000, -0.0000000000000000000, -1.000000000000000000 ) ) ;
#1682 = EDGE_CURVE ( 'NONE', #1442, #978, #983, .T. ) ;
#1683 = DIRECTION ( 'NONE',  ( 1.000000000000000000, 0.0000000000000000000, 0.0000000000000000000 ) ) ;
#1684 = CARTESIAN_POINT ( 'NONE',  ( 3.390000000000000568, -0.2200000000000003619, 0.0000000000000000000 ) ) ;
#1685 = ORIENTED_EDGE ( 'NONE', *, *, #460, .T. ) ;
#1686 =( NAMED_UNIT ( * ) SI_UNIT ( $, .STERADIAN. ) SOLID_ANGLE_UNIT ( ) );
#1687 = LINE ( 'NONE', #2393, #486 ) ;
#1688 = ORIENTED_EDGE ( 'NONE', *, *, #943, .F. ) ;
#1689 = DIRECTION ( 'NONE',  ( -1.000000000000000000, -0.0000000000000000000, -0.0000000000000000000 ) ) ;
#1690 = CARTESIAN_POINT ( 'NONE',  ( 0.5699999999999998401, 0.5700000000000001732, -2.699999999999981970 ) ) ;
#1691 = ORIENTED_EDGE ( 'NONE', *, *, #1682, .F. ) ;
#1692 = EDGE_CURVE ( 'NONE', #77, #600, #425, .T. ) ;
#1693 = DIRECTION ( 'NONE',  ( 1.000000000000000000, 0.0000000000000000000, 0.0000000000000000000 ) ) ;
#1694 = SURFACE_SIDE_STYLE ('',( #2110 ) ) ;
#1695 = CLOSED_SHELL ( 'NONE', ( #694, #231, #2111, #131, #1954, #64, #869, #2021, #40, #2035, #1771, #989, #1668, #1634, #2382, #625, #1588, #417, #53, #1047, #1419, #291, #430, #594, #2051, #664, #1322, #2170, #1413, #2346, #1237, #1195, #87, #930, #160, #1861 ) ) ;
#1696 = ORIENTED_EDGE ( 'NONE', *, *, #119, .T. ) ;
#1697 = DIRECTION ( 'NONE',  ( -1.000000000000000000, 0.0000000000000000000, -0.0000000000000000000 ) ) ;
#1698 = VECTOR ( 'NONE', #2302, 1000.000000000000000 ) ;
#1699 =( LENGTH_UNIT ( ) NAMED_UNIT ( * ) SI_UNIT ( .MILLI., .METRE. ) );
#1700 = UNCERTAINTY_MEASURE_WITH_UNIT (LENGTH_MEASURE( 1.000000000000000082E-05 ), #154, 'distance_accuracy_value', 'NONE');
#1701 = VECTOR ( 'NONE', #813, 1000.000000000000000 ) ;
#1702 = ORIENTED_EDGE ( 'NONE', *, *, #1927, .T. ) ;
#1703 = VECTOR ( 'NONE', #56, 1000.000000000000000 ) ;
#1704 = PLANE ( 'NONE',  #434 ) ;
#1705 = STYLED_ITEM ( 'NONE', ( #895 ), #1047 ) ;
#1706 = PRESENTATION_LAYER_ASSIGNMENT (  '', '', ( #330 ) ) ;
#1707 = ORIENTED_EDGE ( 'NONE', *, *, #397, .F. ) ;
#1708 = DIRECTION ( 'NONE',  ( -0.0000000000000000000, -1.000000000000000000, -0.0000000000000000000 ) ) ;
#1709 = FACE_OUTER_BOUND ( 'NONE', #550, .T. ) ;
#1710 = VECTOR ( 'NONE', #1798, 1000.000000000000000 ) ;
#1711 = EDGE_CURVE ( 'NONE', #2072, #426, #1327, .T. ) ;
#1712 = ORIENTED_EDGE ( 'NONE', *, *, #977, .T. ) ;
#1713 = PRESENTATION_LAYER_ASSIGNMENT (  '', '', ( #1430 ) ) ;
#1714 = DIRECTION ( 'NONE',  ( 0.0000000000000000000, 0.2631174057921055742, -0.9647638212377330769 ) ) ;
#1715 = AXIS2_PLACEMENT_3D ( 'NONE', #1838, #699, #1681 ) ;
#1716 = ORIENTED_EDGE ( 'NONE', *, *, #21, .T. ) ;
#1717 = SURFACE_STYLE_FILL_AREA ( #590 ) ;
#1718 = DIRECTION ( 'NONE',  ( 1.000000000000000000, -0.0000000000000000000, 0.0000000000000000000 ) ) ;
#1719 = DIRECTION ( 'NONE',  ( 1.000000000000000000, 0.0000000000000000000, 0.0000000000000000000 ) ) ;
#1720 = ORIENTED_EDGE ( 'NONE', *, *, #649, .T. ) ;
#1721 = DIRECTION ( 'NONE',  ( -1.000000000000000000, -0.0000000000000000000, -0.0000000000000000000 ) ) ;
#1722 = LINE ( 'NONE', #1916, #2060 ) ;
#1723 = ORIENTED_EDGE ( 'NONE', *, *, #2230, .F. ) ;
#1724 = FILL_AREA_STYLE_COLOUR ( '', #1155 ) ;
#1725 = CARTESIAN_POINT ( 'NONE',  ( 0.0000000000000000000, 3.650000000000000355, 9.400000000000000355 ) ) ;
#1726 = PRODUCT_DEFINITION ( 'UNKNOWN', '', #1977, #937 ) ;
#1727 = UNCERTAINTY_MEASURE_WITH_UNIT (LENGTH_MEASURE( 1.000000000000000082E-05 ), #1054, 'distance_accuracy_value', 'NONE');
#1728 = LINE ( 'NONE', #621, #764 ) ;
#1729 = EDGE_CURVE ( 'NONE', #2342, #389, #1366, .T. ) ;
#1730 = FILL_AREA_STYLE_COLOUR ( '', #529 ) ;
#1731 = EDGE_LOOP ( 'NONE', ( #2112, #1749, #2325, #1801 ) ) ;
#1732 = CARTESIAN_POINT ( 'NONE',  ( 9.869999999999999218, 0.0000000000000000000, 0.0000000000000000000 ) ) ;
#1733 = CARTESIAN_POINT ( 'NONE',  ( 8.570000000000000284, 3.750000000000000888, 7.000000000000000000 ) ) ;
#1734 = EDGE_LOOP ( 'NONE', ( #348, #1573, #184, #2222 ) ) ;
#1735 = SURFACE_SIDE_STYLE ('',( #1891 ) ) ;
#1736 =( GEOMETRIC_REPRESENTATION_CONTEXT ( 3 ) GLOBAL_UNCERTAINTY_ASSIGNED_CONTEXT ( ( #1425 ) ) GLOBAL_UNIT_ASSIGNED_CONTEXT ( ( #2019, #903, #108 ) ) REPRESENTATION_CONTEXT ( 'NONE', 'WORKASPACE' ) );
#1737 = DIRECTION ( 'NONE',  ( 0.0000000000000000000, 0.0000000000000000000, -1.000000000000000000 ) ) ;
#1738 =( GEOMETRIC_REPRESENTATION_CONTEXT ( 3 ) GLOBAL_UNCERTAINTY_ASSIGNED_CONTEXT ( ( #1450 ) ) GLOBAL_UNIT_ASSIGNED_CONTEXT ( ( #1002, #407, #1179 ) ) REPRESENTATION_CONTEXT ( 'NONE', 'WORKASPACE' ) );
#1739 = ORIENTED_EDGE ( 'NONE', *, *, #1098, .F. ) ;
#1740 = AXIS2_PLACEMENT_3D ( 'NONE', #1213, #2125, #1369 ) ;
#1741 = EDGE_CURVE ( 'NONE', #1789, #703, #585, .T. ) ;
#1742 = VECTOR ( 'NONE', #1693, 1000.000000000000000 ) ;
#1743 =( LENGTH_UNIT ( ) NAMED_UNIT ( * ) SI_UNIT ( .MILLI., .METRE. ) );
#1744 = SURFACE_SIDE_STYLE ('',( #283 ) ) ;
#1745 = MECHANICAL_DESIGN_GEOMETRIC_PRESENTATION_REPRESENTATION (  '', ( #1035 ), #1621 ) ;
#1746 = ORIENTED_EDGE ( 'NONE', *, *, #1240, .F. ) ;
#1747 = AXIS2_PLACEMENT_3D ( 'NONE', #2046, #1286, #362 ) ;
#1748 = DIRECTION ( 'NONE',  ( -7.607265679428025796E-16, -0.2631174057921055742, 0.9647638212377330769 ) ) ;
#1749 = ORIENTED_EDGE ( 'NONE', *, *, #2396, .T. ) ;
#1750 = LINE ( 'NONE', #2121, #2404 ) ;
#1751 = VECTOR ( 'NONE', #1570, 1000.000000000000000 ) ;
#1752 = FILL_AREA_STYLE ('',( #1765 ) ) ;
#1753 = STYLED_ITEM ( 'NONE', ( #544 ), #1845 ) ;
#1754 = EDGE_LOOP ( 'NONE', ( #995, #740, #1499, #223 ) ) ;
#1755 = CARTESIAN_POINT ( 'NONE',  ( 8.570000000000002061, 3.650000000000000355, 9.400000000000000355 ) ) ;
#1756 = MECHANICAL_DESIGN_GEOMETRIC_PRESENTATION_REPRESENTATION (  '', ( #1753 ), #251 ) ;
#1757 = MECHANICAL_DESIGN_GEOMETRIC_PRESENTATION_REPRESENTATION (  '', ( #105 ), #2142 ) ;
#1758 =( GEOMETRIC_REPRESENTATION_CONTEXT ( 3 ) GLOBAL_UNCERTAINTY_ASSIGNED_CONTEXT ( ( #2283 ) ) GLOBAL_UNIT_ASSIGNED_CONTEXT ( ( #1587, #1974, #636 ) ) REPRESENTATION_CONTEXT ( 'NONE', 'WORKASPACE' ) );
#1759 = CARTESIAN_POINT ( 'NONE',  ( 8.570000000000000284, 3.750000000000000888, 7.000000000000000000 ) ) ;
#1760 = CARTESIAN_POINT ( 'NONE',  ( -8.489999999999998437, 0.0000000000000000000, 3.200000000000000622 ) ) ;
#1761 = FILL_AREA_STYLE ('',( #992 ) ) ;
#1762 = DIRECTION ( 'NONE',  ( 0.0000000000000000000, 1.000000000000000000, 0.0000000000000000000 ) ) ;
#1763 = ORIENTED_EDGE ( 'NONE', *, *, #273, .T. ) ;
#1764 = CARTESIAN_POINT ( 'NONE',  ( -0.5699999999999999512, 0.5700000000000000622, 9.899999999999982592 ) ) ;
#1765 = FILL_AREA_STYLE_COLOUR ( '', #1819 ) ;
#1766 = EDGE_LOOP ( 'NONE', ( #536, #465, #570, #729 ) ) ;
#1767 = FACE_OUTER_BOUND ( 'NONE', #1514, .T. ) ;
#1768 = ORIENTED_EDGE ( 'NONE', *, *, #1692, .F. ) ;
#1769 = APPLICATION_CONTEXT ( 'automotive_design' ) ;
#1770 = CARTESIAN_POINT ( 'NONE',  ( -0.5699999999999992850, 0.9199999999999995959, 0.0000000000000000000 ) ) ;
#1771 = ADVANCED_FACE ( 'NONE', ( #1709, #615, #2083, #1528, #57, #47 ), #401, .F. ) ;
#1772 = PRESENTATION_STYLE_ASSIGNMENT (( #2149 ) ) ;
#1773 = DIRECTION ( 'NONE',  ( 1.000000000000000000, 0.0000000000000000000, 0.0000000000000000000 ) ) ;
#1774 = DIRECTION ( 'NONE',  ( -0.0000000000000000000, 0.0000000000000000000, 1.000000000000000000 ) ) ;
#1775 = CARTESIAN_POINT ( 'NONE',  ( -0.5699999999999992850, 0.0000000000000000000, 3.200000000000000622 ) ) ;
#1776 = VERTEX_POINT ( 'NONE', #1146 ) ;
#1777 = DIRECTION ( 'NONE',  ( -0.0000000000000000000, -0.0000000000000000000, 1.000000000000000000 ) ) ;
#1778 = COLOUR_RGB ( '',1.000000000000000000, 1.000000000000000000, 1.000000000000000000 ) ;
#1779 = MECHANICAL_DESIGN_GEOMETRIC_PRESENTATION_REPRESENTATION (  '', ( #1924 ), #2047 ) ;
#1780 = LINE ( 'NONE', #2164, #2210 ) ;
#1781 = PRESENTATION_LAYER_ASSIGNMENT (  '', '', ( #2163 ) ) ;
#1782 = CARTESIAN_POINT ( 'NONE',  ( -8.489999999999998437, -0.2200000000000003619, 3.200000000000000622 ) ) ;
#1783 = FACE_OUTER_BOUND ( 'NONE', #1578, .T. ) ;
#1784 = SURFACE_STYLE_FILL_AREA ( #850 ) ;
#1785 = APPLICATION_PROTOCOL_DEFINITION ( 'draft international standard', 'automotive_design', 1998, #2011 ) ;
#1786 = CARTESIAN_POINT ( 'NONE',  ( -3.389999999999998792, -0.2200000000000003619, 0.0000000000000000000 ) ) ;
#1787 = MECHANICAL_DESIGN_GEOMETRIC_PRESENTATION_REPRESENTATION (  '', ( #1705 ), #676 ) ;
#1788 = EDGE_CURVE ( 'NONE', #380, #2048, #1722, .T. ) ;
#1789 = VERTEX_POINT ( 'NONE', #1283 ) ;
#1790 = DIRECTION ( 'NONE',  ( 0.0000000000000000000, 0.9659258262890690894, -0.2588190451025180194 ) ) ;
#1791 = EDGE_CURVE ( 'NONE', #1459, #886, #179, .T. ) ;
#1792 =( GEOMETRIC_REPRESENTATION_CONTEXT ( 3 ) GLOBAL_UNCERTAINTY_ASSIGNED_CONTEXT ( ( #464 ) ) GLOBAL_UNIT_ASSIGNED_CONTEXT ( ( #1490, #1646, #524 ) ) REPRESENTATION_CONTEXT ( 'NONE', 'WORKASPACE' ) );
#1793 = FACE_OUTER_BOUND ( 'NONE', #1734, .T. ) ;
#1794 = CARTESIAN_POINT ( 'NONE',  ( -4.529999999999999361, 0.9199999999999995959, 0.0000000000000000000 ) ) ;
#1795 = MECHANICAL_DESIGN_GEOMETRIC_PRESENTATION_REPRESENTATION (  '', ( #2104 ), #1117 ) ;
#1796 = LINE ( 'NONE', #1009, #164 ) ;
#1797 = ITEM_DEFINED_TRANSFORMATION ( 'NONE', 'NONE', #1003,  #96 ) ;
#1798 = DIRECTION ( 'NONE',  ( 0.0000000000000000000, -0.0000000000000000000, -1.000000000000000000 ) ) ;
#1799 = UNCERTAINTY_MEASURE_WITH_UNIT (LENGTH_MEASURE( 1.000000000000000082E-05 ), #1576, 'distance_accuracy_value', 'NONE');
#1800 =( NAMED_UNIT ( * ) PLANE_ANGLE_UNIT ( ) SI_UNIT ( $, .RADIAN. ) );
#1801 = ORIENTED_EDGE ( 'NONE', *, *, #372, .T. ) ;
#1802 = CARTESIAN_POINT ( 'NONE',  ( -9.869999999999999218, -4.250000000000000000, 3.200000000000000622 ) ) ;
#1803 = PLANE ( 'NONE',  #1715 ) ;
#1804 = DIRECTION ( 'NONE',  ( 1.000000000000000000, 0.0000000000000000000, 0.0000000000000000000 ) ) ;
#1805 = EDGE_CURVE ( 'NONE', #1130, #189, #1269, .T. ) ;
#1806 = FILL_AREA_STYLE ('',( #1839 ) ) ;
#1807 = SURFACE_STYLE_USAGE ( .BOTH. , #1655 ) ;
#1808 =( NAMED_UNIT ( * ) SI_UNIT ( $, .STERADIAN. ) SOLID_ANGLE_UNIT ( ) );
#1809 = VERTEX_POINT ( 'NONE', #518 ) ;
#1810 = DIRECTION ( 'NONE',  ( 0.0000000000000000000, 0.0000000000000000000, 1.000000000000000000 ) ) ;
#1811 = FILL_AREA_STYLE ('',( #1022 ) ) ;
#1812 = EDGE_LOOP ( 'NONE', ( #1262, #1768, #1324, #101 ) ) ;
#1813 = DIRECTION ( 'NONE',  ( -0.0000000000000000000, 0.0000000000000000000, 1.000000000000000000 ) ) ;
#1814 = COLOUR_RGB ( '',1.000000000000000000, 1.000000000000000000, 1.000000000000000000 ) ;
#1815 = EDGE_CURVE ( 'NONE', #478, #271, #1296, .T. ) ;
#1816 =( GEOMETRIC_REPRESENTATION_CONTEXT ( 3 ) GLOBAL_UNCERTAINTY_ASSIGNED_CONTEXT ( ( #317 ) ) GLOBAL_UNIT_ASSIGNED_CONTEXT ( ( #437, #654, #253 ) ) REPRESENTATION_CONTEXT ( 'NONE', 'WORKASPACE' ) );
#1817 = CARTESIAN_POINT ( 'NONE',  ( 3.390000000000000568, -0.2200000000000003619, 0.0000000000000000000 ) ) ;
#1818 = LINE ( 'NONE', #2218, #1265 ) ;
#1819 = COLOUR_RGB ( '',0.8980392156862745390, 0.8980392156862745390, 0.8980392156862745390 ) ;
#1820 = ORIENTED_EDGE ( 'NONE', *, *, #1032, .F. ) ;
#1821 =( NAMED_UNIT ( * ) PLANE_ANGLE_UNIT ( ) SI_UNIT ( $, .RADIAN. ) );
#1822 = VECTOR ( 'NONE', #731, 1000.000000000000000 ) ;
#1823 = ITEM_DEFINED_TRANSFORMATION ( 'NONE', 'NONE', #1157,  #96 ) ;
#1824 = LINE ( 'NONE', #1405, #1864 ) ;
#1825 = ORIENTED_EDGE ( 'NONE', *, *, #1918, .F. ) ;
#1826 = CARTESIAN_POINT ( 'NONE',  ( 7.350000000000000533, -0.2200000000000003619, 0.0000000000000000000 ) ) ;
#1827 = PRESENTATION_LAYER_ASSIGNMENT (  '', '', ( #1705 ) ) ;
#1828 = UNCERTAINTY_MEASURE_WITH_UNIT (LENGTH_MEASURE( 1.000000000000000082E-05 ), #922, 'distance_accuracy_value', 'NONE');
#1829 = DIRECTION ( 'NONE',  ( 0.0000000000000000000, 0.0000000000000000000, -1.000000000000000000 ) ) ;
#1830 = FILL_AREA_STYLE ('',( #319 ) ) ;
#1831 = PRESENTATION_STYLE_ASSIGNMENT (( #1462 ) ) ;
#1832 = PRESENTATION_STYLE_ASSIGNMENT (( #662 ) ) ;
#1833 = PLANE ( 'NONE',  #1670 ) ;
#1834 =( NAMED_UNIT ( * ) PLANE_ANGLE_UNIT ( ) SI_UNIT ( $, .RADIAN. ) );
#1835 = SHAPE_REPRESENTATION ( 'B5P-body white', ( #96 ), #969 ) ;
#1836 = LINE ( 'NONE', #539, #1458 ) ;
#1837 = VERTEX_POINT ( 'NONE', #387 ) ;
#1838 = CARTESIAN_POINT ( 'NONE',  ( 7.350000000000000533, -0.2200000000000003619, 0.0000000000000000000 ) ) ;
#1839 = FILL_AREA_STYLE_COLOUR ( '', #247 ) ;
#1840 = DIRECTION ( 'NONE',  ( 1.000000000000000000, 0.0000000000000000000, 0.0000000000000000000 ) ) ;
#1841 =( LENGTH_UNIT ( ) NAMED_UNIT ( * ) SI_UNIT ( .MILLI., .METRE. ) );
#1842 =( LENGTH_UNIT ( ) NAMED_UNIT ( * ) SI_UNIT ( .MILLI., .METRE. ) );
#1843 = DIRECTION ( 'NONE',  ( 0.0000000000000000000, 1.000000000000000000, 0.0000000000000000000 ) ) ;
#1844 = PLANE ( 'NONE',  #1893 ) ;
#1845 = ADVANCED_FACE ( 'NONE', ( #350 ), #2067, .F. ) ;
#1846 = ORIENTED_EDGE ( 'NONE', *, *, #1572, .T. ) ;
#1847 =( LENGTH_UNIT ( ) NAMED_UNIT ( * ) SI_UNIT ( .MILLI., .METRE. ) );
#1848 = PLANE ( 'NONE',  #435 ) ;
#1849 =( NAMED_UNIT ( * ) PLANE_ANGLE_UNIT ( ) SI_UNIT ( $, .RADIAN. ) );
#1850 =( NAMED_UNIT ( * ) SI_UNIT ( $, .STERADIAN. ) SOLID_ANGLE_UNIT ( ) );
#1851 = FILL_AREA_STYLE_COLOUR ( '', #369 ) ;
#1852 = COLOUR_RGB ( '',1.000000000000000000, 1.000000000000000000, 1.000000000000000000 ) ;
#1853 = ORIENTED_EDGE ( 'NONE', *, *, #145, .T. ) ;
#1854 = SURFACE_SIDE_STYLE ('',( #312 ) ) ;
#1855 = PRESENTATION_STYLE_ASSIGNMENT (( #1291 ) ) ;
#1856 = PRESENTATION_LAYER_ASSIGNMENT (  '', '', ( #1963 ) ) ;
#1857 = ORIENTED_EDGE ( 'NONE', *, *, #1971, .T. ) ;
#1858 = DIRECTION ( 'NONE',  ( 0.0000000000000000000, -1.000000000000000000, 0.0000000000000000000 ) ) ;
#1859 = EDGE_CURVE ( 'NONE', #1994, #761, #2247, .T. ) ;
#1860 = PRESENTATION_STYLE_ASSIGNMENT (( #1486 ) ) ;
#1861 = ADVANCED_FACE ( 'N', ( #902 ), #1105, .F. ) ;
#1862 = COLOUR_RGB ( '',1.000000000000000000, 1.000000000000000000, 1.000000000000000000 ) ;
#1863 = PLANE ( 'NONE',  #827 ) ;
#1864 = VECTOR ( 'NONE', #475, 1000.000000000000000 ) ;
#1865 = CARTESIAN_POINT ( 'NONE',  ( 7.350000000000000533, -0.2200000000000003619, 3.200000000000000622 ) ) ;
#1866 = VECTOR ( 'NONE', #9, 1000.000000000000000 ) ;
#1867 = ORIENTED_EDGE ( 'NONE', *, *, #470, .T. ) ;
#1868 =( GEOMETRIC_REPRESENTATION_CONTEXT ( 3 ) GLOBAL_UNCERTAINTY_ASSIGNED_CONTEXT ( ( #368 ) ) GLOBAL_UNIT_ASSIGNED_CONTEXT ( ( #2327, #2157, #821 ) ) REPRESENTATION_CONTEXT ( 'NONE', 'WORKASPACE' ) );
#1869 = LINE ( 'NONE', #1089, #323 ) ;
#1870 = ORIENTED_EDGE ( 'NONE', *, *, #613, .F. ) ;
#1871 = SURFACE_STYLE_FILL_AREA ( #1474 ) ;
#1872 = PRODUCT ( 'B5P-body white', 'B5P-body white', '', ( #2340 ) ) ;
#1873 = VERTEX_POINT ( 'NONE', #447 ) ;
#1874 = PRODUCT_RELATED_PRODUCT_CATEGORY ( 'part', '', ( #571 ) ) ;
#1875 = EDGE_CURVE ( 'NONE', #1873, #1983, #815, .T. ) ;
#1876 = CARTESIAN_POINT ( 'NONE',  ( 0.0000000000000000000, 0.3020508075688762561, -3.700000000000000178 ) ) ;
#1877 = FILL_AREA_STYLE ('',( #186 ) ) ;
#1878 = CARTESIAN_POINT ( 'NONE',  ( 0.5700000000000010614, 0.9199999999999995959, 3.200000000000000622 ) ) ;
#1879 = EDGE_LOOP ( 'NONE', ( #1526, #173, #2244, #934 ) ) ;
#1880 = CARTESIAN_POINT ( 'NONE',  ( 0.5700000000000010614, 0.9199999999999995959, 0.0000000000000000000 ) ) ;
#1881 = CARTESIAN_POINT ( 'NONE',  ( 0.5699999999999998401, -0.5700000000000001732, 9.899999999999982592 ) ) ;
#1882 = ORIENTED_EDGE ( 'NONE', *, *, #1729, .F. ) ;
#1883 = ORIENTED_EDGE ( 'NONE', *, *, #913, .F. ) ;
#1884 = DIRECTION ( 'NONE',  ( 0.0000000000000000000, -0.0000000000000000000, -1.000000000000000000 ) ) ;
#1885 = SURFACE_STYLE_USAGE ( .BOTH. , #1898 ) ;
#1886 = ADVANCED_FACE ( 'NONE', ( #2312 ), #803, .T. ) ;
#1887 = CARTESIAN_POINT ( 'NONE',  ( -0.3020508075688761451, 0.3020508075688762561, 10.90000000000000036 ) ) ;
#1888 = PRESENTATION_LAYER_ASSIGNMENT (  '', '', ( #552 ) ) ;
#1889 = APPLICATION_CONTEXT ( 'automotive_design' ) ;
#1890 = VERTEX_POINT ( 'NONE', #1565 ) ;
#1891 = SURFACE_STYLE_FILL_AREA ( #1149 ) ;
#1892 = DIRECTION ( 'NONE',  ( -0.0000000000000000000, 0.0000000000000000000, 1.000000000000000000 ) ) ;
#1893 = AXIS2_PLACEMENT_3D ( 'NONE', #314, #1637, #1457 ) ;
#1894 = SURFACE_SIDE_STYLE ('',( #220 ) ) ;
#1895 = COLOUR_RGB ( '',1.000000000000000000, 1.000000000000000000, 1.000000000000000000 ) ;
#1896 =( NAMED_UNIT ( * ) SI_UNIT ( $, .STERADIAN. ) SOLID_ANGLE_UNIT ( ) );
#1897 =( LENGTH_UNIT ( ) NAMED_UNIT ( * ) SI_UNIT ( .MILLI., .METRE. ) );
#1898 = SURFACE_SIDE_STYLE ('',( #409 ) ) ;
#1899 = STYLED_ITEM ( 'NONE', ( #2345 ), #1237 ) ;
#1900 = AXIS2_PLACEMENT_3D ( 'NONE', #659, #1411, #1038 ) ;
#1901 = ORIENTED_EDGE ( 'NONE', *, *, #2143, .F. ) ;
#1902 = DIRECTION ( 'NONE',  ( 1.000000000000000000, -0.0000000000000000000, 0.0000000000000000000 ) ) ;
#1903 = CARTESIAN_POINT ( 'NONE',  ( 0.0000000000000000000, 0.0000000000000000000, 3.200000000000000622 ) ) ;
#1904 = COLOUR_RGB ( '',0.8980392156862745390, 0.8980392156862745390, 0.8980392156862745390 ) ;
#1905 = EDGE_LOOP ( 'NONE', ( #626, #83, #1638, #311 ) ) ;
#1906 = EDGE_CURVE ( 'NONE', #978, #389, #1512, .T. ) ;
#1907 = CARTESIAN_POINT ( 'NONE',  ( 0.3020508075688759231, -0.3020508075688762561, 10.90000000000000036 ) ) ;
#1908 =( LENGTH_UNIT ( ) NAMED_UNIT ( * ) SI_UNIT ( .MILLI., .METRE. ) );
#1909 = FILL_AREA_STYLE_COLOUR ( '', #760 ) ;
#1910 = PRESENTATION_LAYER_ASSIGNMENT (  '', '', ( #1006 ) ) ;
#1911 = DIRECTION ( 'NONE',  ( 0.0000000000000000000, -0.0000000000000000000, 1.000000000000000000 ) ) ;
#1912 = DIRECTION ( 'NONE',  ( -1.000000000000000000, -0.0000000000000000000, -0.0000000000000000000 ) ) ;
#1913 = VERTEX_POINT ( 'NONE', #988 ) ;
#1914 = LINE ( 'NONE', #365, #59 ) ;
#1915 = LINE ( 'NONE', #1732, #1223 ) ;
#1916 = CARTESIAN_POINT ( 'NONE',  ( -0.5700000000000000622, -0.5700000000000001732, 9.899999999999982592 ) ) ;
#1917 = EDGE_LOOP ( 'NONE', ( #1763, #1946, #2147, #1065 ) ) ;
#1918 = EDGE_CURVE ( 'NONE', #1459, #77, #580, .T. ) ;
#1919 = CARTESIAN_POINT ( 'NONE',  ( 0.0000000000000000000, 0.0000000000000000000, 10.90000000000000036 ) ) ;
#1920 = LINE ( 'NONE', #1690, #1229 ) ;
#1921 = FACE_OUTER_BOUND ( 'NONE', #999, .T. ) ;
#1922 = FILL_AREA_STYLE ('',( #1145 ) ) ;
#1923 = FILL_AREA_STYLE_COLOUR ( '', #1852 ) ;
#1924 = STYLED_ITEM ( 'NONE', ( #797 ), #245 ) ;
#1925 = EDGE_LOOP ( 'NONE', ( #1696, #1567, #2285, #138 ) ) ;
#1926 =( NAMED_UNIT ( * ) SI_UNIT ( $, .STERADIAN. ) SOLID_ANGLE_UNIT ( ) );
#1927 = EDGE_CURVE ( 'NONE', #1274, #1776, #1335, .T. ) ;
#1928 =( GEOMETRIC_REPRESENTATION_CONTEXT ( 3 ) GLOBAL_UNCERTAINTY_ASSIGNED_CONTEXT ( ( #735 ) ) GLOBAL_UNIT_ASSIGNED_CONTEXT ( ( #537, #1821, #2412 ) ) REPRESENTATION_CONTEXT ( 'NONE', 'WORKASPACE' ) );
#1929 = VECTOR ( 'NONE', #1183, 1000.000000000000000 ) ;
#1930 = DIRECTION ( 'NONE',  ( -0.0000000000000000000, -1.000000000000000000, -0.0000000000000000000 ) ) ;
#1931 =( NAMED_UNIT ( * ) SI_UNIT ( $, .STERADIAN. ) SOLID_ANGLE_UNIT ( ) );
#1932 = VECTOR ( 'NONE', #1298, 1000.000000000000000 ) ;
#1933 = ORIENTED_EDGE ( 'NONE', *, *, #219, .F. ) ;
#1934 = VECTOR ( 'NONE', #2058, 1000.000000000000000 ) ;
#1935 = CARTESIAN_POINT ( 'NONE',  ( -4.529999999999999361, -0.2200000000000003619, 0.0000000000000000000 ) ) ;
#1936 = COLOUR_RGB ( '',1.000000000000000000, 1.000000000000000000, 1.000000000000000000 ) ;
#1937 = DIRECTION ( 'NONE',  ( 0.0000000000000000000, 0.0000000000000000000, 1.000000000000000000 ) ) ;
#1938 = VECTOR ( 'NONE', #1612, 1000.000000000000000 ) ;
#1939 =( NAMED_UNIT ( * ) PLANE_ANGLE_UNIT ( ) SI_UNIT ( $, .RADIAN. ) );
#1940 = PRESENTATION_LAYER_ASSIGNMENT (  '', '', ( #566 ) ) ;
#1941 = ORIENTED_EDGE ( 'NONE', *, *, #1999, .T. ) ;
#1942 = DIRECTION ( 'NONE',  ( 0.0000000000000000000, 0.2588190451025180194, 0.9659258262890690894 ) ) ;
#1943 = FILL_AREA_STYLE_COLOUR ( '', #1277 ) ;
#1944 = LINE ( 'NONE', #74, #677 ) ;
#1945 = EDGE_CURVE ( 'NONE', #746, #642, #432, .T. ) ;
#1946 = ORIENTED_EDGE ( 'NONE', *, *, #725, .T. ) ;
#1947 = CARTESIAN_POINT ( 'NONE',  ( -0.5700000000000001732, 0.5700000000000001732, -2.699999999999981526 ) ) ;
#1948 = APPLICATION_PROTOCOL_DEFINITION ( 'draft international standard', 'automotive_design', 1998, #1606 ) ;
#1949 = DIRECTION ( 'NONE',  ( -0.0000000000000000000, -1.000000000000000000, 0.0000000000000000000 ) ) ;
#1950 = ORIENTED_EDGE ( 'NONE', *, *, #1509, .T. ) ;
#1951 = LINE ( 'NONE', #2355, #759 ) ;
#1952 = SURFACE_SIDE_STYLE ('',( #804 ) ) ;
#1953 = CARTESIAN_POINT ( 'NONE',  ( -9.869999999999999218, -4.250000000000000000, 9.400000000000000355 ) ) ;
#1954 = ADVANCED_FACE ( 'NONE', ( #2076 ), #394, .F. ) ;
#1955 = PRESENTATION_STYLE_ASSIGNMENT (( #1051 ) ) ;
#1956 = ADVANCED_FACE ( 'NONE', ( #117 ), #1961, .F. ) ;
#1957 = ORIENTED_EDGE ( 'NONE', *, *, #1509, .F. ) ;
#1958 = COLOUR_RGB ( '',1.000000000000000000, 1.000000000000000000, 1.000000000000000000 ) ;
#1959 = CARTESIAN_POINT ( 'NONE',  ( 0.0000000000000000000, -0.3020508075688762561, 10.90000000000000036 ) ) ;
#1960 = COLOUR_RGB ( '',0.8980392156862745390, 0.8980392156862745390, 0.8980392156862745390 ) ;
#1961 = PLANE ( 'NONE',  #31 ) ;
#1962 = PRESENTATION_STYLE_ASSIGNMENT (( #1217 ) ) ;
#1963 = STYLED_ITEM ( 'NONE', ( #2406 ), #448 ) ;
#1964 = DIRECTION ( 'NONE',  ( -0.0000000000000000000, 1.000000000000000000, 0.0000000000000000000 ) ) ;
#1965 =( GEOMETRIC_REPRESENTATION_CONTEXT ( 3 ) GLOBAL_UNCERTAINTY_ASSIGNED_CONTEXT ( ( #493 ) ) GLOBAL_UNIT_ASSIGNED_CONTEXT ( ( #898, #1834, #1444 ) ) REPRESENTATION_CONTEXT ( 'NONE', 'WORKASPACE' ) );
#1966 = DIRECTION ( 'NONE',  ( 0.0000000000000000000, -1.000000000000000000, 0.0000000000000000000 ) ) ;
#1967 = FILL_AREA_STYLE_COLOUR ( '', #366 ) ;
#1968 = CARTESIAN_POINT ( 'NONE',  ( 0.0000000000000000000, 0.0000000000000000000, 0.0000000000000000000 ) ) ;
#1969 =( NAMED_UNIT ( * ) PLANE_ANGLE_UNIT ( ) SI_UNIT ( $, .RADIAN. ) );
#1970 =( GEOMETRIC_REPRESENTATION_CONTEXT ( 3 ) GLOBAL_UNCERTAINTY_ASSIGNED_CONTEXT ( ( #1700 ) ) GLOBAL_UNIT_ASSIGNED_CONTEXT ( ( #154, #727, #325 ) ) REPRESENTATION_CONTEXT ( 'NONE', 'WORKASPACE' ) );
#1971 = EDGE_CURVE ( 'NONE', #183, #2208, #855, .T. ) ;
#1972 = VERTEX_POINT ( 'NONE', #825 ) ;
#1973 = VECTOR ( 'NONE', #1813, 1000.000000000000000 ) ;
#1974 =( NAMED_UNIT ( * ) PLANE_ANGLE_UNIT ( ) SI_UNIT ( $, .RADIAN. ) );
#1975 =( GEOMETRIC_REPRESENTATION_CONTEXT ( 3 ) GLOBAL_UNCERTAINTY_ASSIGNED_CONTEXT ( ( #2137 ) ) GLOBAL_UNIT_ASSIGNED_CONTEXT ( ( #1583, #488, #682 ) ) REPRESENTATION_CONTEXT ( 'NONE', 'WORKASPACE' ) );
#1976 = CARTESIAN_POINT ( 'NONE',  ( -0.5699999999999992850, -0.2200000000000003619, 0.0000000000000000000 ) ) ;
#1977 = PRODUCT_DEFINITION_FORMATION_WITH_SPECIFIED_SOURCE ( 'ANY', '', #1872, .NOT_KNOWN. ) ;
#1978 = FILL_AREA_STYLE_COLOUR ( '', #1862 ) ;
#1979 = VECTOR ( 'NONE', #458, 1000.000000000000000 ) ;
#1980 = VERTEX_POINT ( 'NONE', #318 ) ;
#1981 = DIRECTION ( 'NONE',  ( 0.0000000000000000000, 0.0000000000000000000, -1.000000000000000000 ) ) ;
#1982 = UNCERTAINTY_MEASURE_WITH_UNIT (LENGTH_MEASURE( 1.000000000000000082E-05 ), #675, 'distance_accuracy_value', 'NONE');
#1983 = VERTEX_POINT ( 'NONE', #2186 ) ;
#1984 = CARTESIAN_POINT ( 'NONE',  ( -3.389999999999998792, 0.9199999999999995959, 3.200000000000000622 ) ) ;
#1985 = EDGE_CURVE ( 'NONE', #1489, #1980, #2374, .T. ) ;
#1986 = UNCERTAINTY_MEASURE_WITH_UNIT (LENGTH_MEASURE( 1.000000000000000082E-05 ), #1842, 'distance_accuracy_value', 'NONE');
#1987 = FILL_AREA_STYLE ('',( #282 ) ) ;
#1988 = LINE ( 'NONE', #2361, #1341 ) ;
#1989 = SURFACE_SIDE_STYLE ('',( #678 ) ) ;
#1990 = ORIENTED_EDGE ( 'NONE', *, *, #2219, .T. ) ;
#1991 = SURFACE_STYLE_FILL_AREA ( #548 ) ;
#1992 = CARTESIAN_POINT ( 'NONE',  ( 0.0000000000000000000, 0.3020508075688762561, -3.700000000000000178 ) ) ;
#1993 = DIRECTION ( 'NONE',  ( 1.826024711554533223E-15, -1.000000000000000000, 0.0000000000000000000 ) ) ;
#1994 = VERTEX_POINT ( 'NONE', #502 ) ;
#1995 = CARTESIAN_POINT ( 'NONE',  ( 0.0000000000000000000, -0.2200000000000003619, 0.0000000000000000000 ) ) ;
#1996 = PRODUCT_DEFINITION ( 'UNKNOWN', '', #69, #10 ) ;
#1997 =( NAMED_UNIT ( * ) PLANE_ANGLE_UNIT ( ) SI_UNIT ( $, .RADIAN. ) );
#1998 = VECTOR ( 'NONE', #1719, 1000.000000000000000 ) ;
#1999 = EDGE_CURVE ( 'NONE', #782, #1099, #1230, .T. ) ;
#2000 = STYLED_ITEM ( 'NONE', ( #1962 ), #231 ) ;
#2001 = FACE_OUTER_BOUND ( 'NONE', #1017, .T. ) ;
#2002 = AXIS2_PLACEMENT_3D ( 'NONE', #887, #1443, #1432 ) ;
#2003 = ORIENTED_EDGE ( 'NONE', *, *, #412, .F. ) ;
#2004 =( LENGTH_UNIT ( ) NAMED_UNIT ( * ) SI_UNIT ( .MILLI., .METRE. ) );
#2005 = VECTOR ( 'NONE', #190, 1000.000000000000000 ) ;
#2006 = FILL_AREA_STYLE ('',( #705 ) ) ;
#2007 = LINE ( 'NONE', #1661, #845 ) ;
#2008 = FILL_AREA_STYLE_COLOUR ( '', #1534 ) ;
#2009 = ORIENTED_EDGE ( 'NONE', *, *, #322, .F. ) ;
#2010 = FILL_AREA_STYLE ('',( #1091 ) ) ;
#2011 = APPLICATION_CONTEXT ( 'automotive_design' ) ;
#2012 =( GEOMETRIC_REPRESENTATION_CONTEXT ( 3 ) GLOBAL_UNCERTAINTY_ASSIGNED_CONTEXT ( ( #965 ) ) GLOBAL_UNIT_ASSIGNED_CONTEXT ( ( #767, #1556, #1592 ) ) REPRESENTATION_CONTEXT ( 'NONE', 'WORKASPACE' ) );
#2013 = UNCERTAINTY_MEASURE_WITH_UNIT (LENGTH_MEASURE( 1.000000000000000082E-05 ), #2086, 'distance_accuracy_value', 'NONE');
#2014 = SURFACE_SIDE_STYLE ('',( #106 ) ) ;
#2015 =( NAMED_UNIT ( * ) PLANE_ANGLE_UNIT ( ) SI_UNIT ( $, .RADIAN. ) );
#2016 = PLANE ( 'NONE',  #1545 ) ;
#2017 = MECHANICAL_DESIGN_GEOMETRIC_PRESENTATION_REPRESENTATION (  '', ( #97 ), #2136 ) ;
#2018 = AXIS2_PLACEMENT_3D ( 'NONE', #1903, #770, #2295 ) ;
#2019 =( LENGTH_UNIT ( ) NAMED_UNIT ( * ) SI_UNIT ( .MILLI., .METRE. ) );
#2020 = CARTESIAN_POINT ( 'NONE',  ( 0.3020508075688759231, -0.3020508075688762561, -3.700000000000000178 ) ) ;
#2021 = ADVANCED_FACE ( 'NONE', ( #1067 ), #296, .F. ) ;
#2022 =( GEOMETRIC_REPRESENTATION_CONTEXT ( 3 ) GLOBAL_UNCERTAINTY_ASSIGNED_CONTEXT ( ( #562 ) ) GLOBAL_UNIT_ASSIGNED_CONTEXT ( ( #1085, #2196, #185 ) ) REPRESENTATION_CONTEXT ( 'NONE', 'WORKASPACE' ) );
#2023 = ORIENTED_EDGE ( 'NONE', *, *, #755, .T. ) ;
#2024 = SURFACE_SIDE_STYLE ('',( #1275 ) ) ;
#2025 = SURFACE_STYLE_USAGE ( .BOTH. , #906 ) ;
#2026 = FACE_OUTER_BOUND ( 'NONE', #582, .T. ) ;
#2027 = PRESENTATION_STYLE_ASSIGNMENT (( #525 ) ) ;
#2028 = ORIENTED_EDGE ( 'NONE', *, *, #2216, .T. ) ;
#2029 =( LENGTH_UNIT ( ) NAMED_UNIT ( * ) SI_UNIT ( .MILLI., .METRE. ) );
#2030 = PRESENTATION_STYLE_ASSIGNMENT (( #1281 ) ) ;
#2031 = SURFACE_STYLE_FILL_AREA ( #227 ) ;
#2032 =( NAMED_UNIT ( * ) SI_UNIT ( $, .STERADIAN. ) SOLID_ANGLE_UNIT ( ) );
#2033 = CARTESIAN_POINT ( 'NONE',  ( -8.489999999999998437, -0.2200000000000003619, 0.0000000000000000000 ) ) ;
#2034 = ORIENTED_EDGE ( 'NONE', *, *, #899, .T. ) ;
#2035 = ADVANCED_FACE ( 'NONE', ( #1589 ), #1803, .F. ) ;
#2036 =( NAMED_UNIT ( * ) SI_UNIT ( $, .STERADIAN. ) SOLID_ANGLE_UNIT ( ) );
#2037 = FACE_BOUND ( 'NONE', #1925, .T. ) ;
#2038 = CARTESIAN_POINT ( 'NONE',  ( -8.570000000000000284, 4.250000000000000000, 0.0000000000000000000 ) ) ;
#2039 = ORIENTED_EDGE ( 'NONE', *, *, #1221, .T. ) ;
#2040 = EDGE_CURVE ( 'NONE', #1890, #1994, #4, .T. ) ;
#2041 = CARTESIAN_POINT ( 'NONE',  ( -4.529999999999999361, 0.9199999999999995959, 3.200000000000000622 ) ) ;
#2042 = LINE ( 'NONE', #2269, #608 ) ;
#2043 = CARTESIAN_POINT ( 'NONE',  ( 3.390000000000000568, 0.9199999999999995959, 3.200000000000000622 ) ) ;
#2044 = FILL_AREA_STYLE ('',( #1297 ) ) ;
#2045 = STYLED_ITEM ( 'NONE', ( #1832 ), #53 ) ;
#2046 = CARTESIAN_POINT ( 'NONE',  ( -9.869999999999999218, 2.349999999999999645, 0.0000000000000000000 ) ) ;
#2047 =( GEOMETRIC_REPRESENTATION_CONTEXT ( 3 ) GLOBAL_UNCERTAINTY_ASSIGNED_CONTEXT ( ( #2013 ) ) GLOBAL_UNIT_ASSIGNED_CONTEXT ( ( #2086, #2113, #38 ) ) REPRESENTATION_CONTEXT ( 'NONE', 'WORKASPACE' ) );
#2048 = VERTEX_POINT ( 'NONE', #2224 ) ;
#2049 = VECTOR ( 'NONE', #1562, 1000.000000000000000 ) ;
#2050 = VERTEX_POINT ( 'NONE', #747 ) ;
#2051 = ADVANCED_FACE ( 'NONE', ( #709 ), #1497, .F. ) ;
#2052 = VECTOR ( 'NONE', #980, 1000.000000000000000 ) ;
#2053 =( LENGTH_UNIT ( ) NAMED_UNIT ( * ) SI_UNIT ( .MILLI., .METRE. ) );
#2054 = VECTOR ( 'NONE', #233, 1000.000000000000000 ) ;
#2055 = FILL_AREA_STYLE ('',( #12 ) ) ;
#2056 = LINE ( 'NONE', #1524, #1998 ) ;
#2057 = PRESENTATION_LAYER_ASSIGNMENT (  '', '', ( #485 ) ) ;
#2058 = DIRECTION ( 'NONE',  ( -1.000000000000000000, -0.0000000000000000000, -0.0000000000000000000 ) ) ;
#2059 = AXIS2_PLACEMENT_3D ( 'NONE', #1968, #302, #1187 ) ;
#2060 = VECTOR ( 'NONE', #27, 1000.000000000000000 ) ;
#2061 = ORIENTED_EDGE ( 'NONE', *, *, #1927, .F. ) ;
#2062 = PLANE ( 'NONE',  #201 ) ;
#2063 = STYLED_ITEM ( 'NONE', ( #1667 ), #2051 ) ;
#2064 =( REPRESENTATION_RELATIONSHIP ('NONE','NONE', #1482, #1494 ) REPRESENTATION_RELATIONSHIP_WITH_TRANSFORMATION ( #692 )SHAPE_REPRESENTATION_RELATIONSHIP( ) );
#2065 = ORIENTED_EDGE ( 'NONE', *, *, #962, .F. ) ;
#2066 = SURFACE_STYLE_FILL_AREA ( #576 ) ;
#2067 = PLANE ( 'NONE',  #2330 ) ;
#2068 = FACE_OUTER_BOUND ( 'NONE', #586, .T. ) ;
#2069 = ORIENTED_EDGE ( 'NONE', *, *, #116, .T. ) ;
#2070 = CARTESIAN_POINT ( 'NONE',  ( 0.5699999999999998401, -0.5700000000000001732, 9.899999999999982592 ) ) ;
#2071 = CARTESIAN_POINT ( 'NONE',  ( -8.570000000000002061, 2.939488223348471152, 9.400000000000000355 ) ) ;
#2072 = VERTEX_POINT ( 'NONE', #941 ) ;
#2073 = CARTESIAN_POINT ( 'NONE',  ( 0.3020508075688759231, 0.0000000000000000000, -3.700000000000000178 ) ) ;
#2074 = EDGE_LOOP ( 'NONE', ( #1226, #2349, #1664, #2173 ) ) ;
#2075 = DIRECTION ( 'NONE',  ( 0.0000000000000000000, 1.000000000000000000, 0.0000000000000000000 ) ) ;
#2076 = FACE_OUTER_BOUND ( 'NONE', #623, .T. ) ;
#2077 = CARTESIAN_POINT ( 'NONE',  ( -3.389999999999998792, -0.2200000000000003619, 3.200000000000000622 ) ) ;
#2078 = LINE ( 'NONE', #187, #998 ) ;
#2079 = EDGE_CURVE ( 'NONE', #1972, #1837, #893, .T. ) ;
#2080 = COLOUR_RGB ( '',1.000000000000000000, 1.000000000000000000, 1.000000000000000000 ) ;
#2081 = EDGE_LOOP ( 'NONE', ( #1125, #1707, #940, #938, #194, #1529, #975, #2331, #779 ) ) ;
#2082 = FACE_OUTER_BOUND ( 'NONE', #1056, .T. ) ;
#2083 = FACE_BOUND ( 'NONE', #431, .T. ) ;
#2084 = VECTOR ( 'NONE', #2236, 1000.000000000000000 ) ;
#2085 = ORIENTED_EDGE ( 'NONE', *, *, #103, .T. ) ;
#2086 =( LENGTH_UNIT ( ) NAMED_UNIT ( * ) SI_UNIT ( .MILLI., .METRE. ) );
#2087 =( GEOMETRIC_REPRESENTATION_CONTEXT ( 3 ) GLOBAL_UNCERTAINTY_ASSIGNED_CONTEXT ( ( #542 ) ) GLOBAL_UNIT_ASSIGNED_CONTEXT ( ( #2386, #2015, #1626 ) ) REPRESENTATION_CONTEXT ( 'NONE', 'WORKASPACE' ) );
#2088 =( NAMED_UNIT ( * ) PLANE_ANGLE_UNIT ( ) SI_UNIT ( $, .RADIAN. ) );
#2089 = CARTESIAN_POINT ( 'NONE',  ( -9.869999999999999218, 2.349999999999999645, 9.400000000000000355 ) ) ;
#2090 = UNCERTAINTY_MEASURE_WITH_UNIT (LENGTH_MEASURE( 1.000000000000000082E-05 ), #42, 'distance_accuracy_value', 'NONE');
#2091 = STYLED_ITEM ( 'NONE', ( #1645 ), #417 ) ;
#2092 = EDGE_LOOP ( 'NONE', ( #910, #1249, #300, #1447 ) ) ;
#2093 = LINE ( 'NONE', #578, #1082 ) ;
#2094 = MECHANICAL_DESIGN_GEOMETRIC_PRESENTATION_REPRESENTATION (  '', ( #595 ), #599 ) ;
#2095 = LINE ( 'NONE', #1525, #1934 ) ;
#2096 = EDGE_LOOP ( 'NONE', ( #45, #2085, #2131, #1867 ) ) ;
#2097 = DIRECTION ( 'NONE',  ( -0.0000000000000000000, -0.0000000000000000000, -1.000000000000000000 ) ) ;
#2098 = EDGE_CURVE ( 'NONE', #920, #202, #724, .T. ) ;
#2099 = CARTESIAN_POINT ( 'NONE',  ( 7.350000000000000533, -0.2200000000000003619, 3.200000000000000622 ) ) ;
#2100 = PRESENTATION_LAYER_ASSIGNMENT (  '', '', ( #288 ) ) ;
#2101 = ORIENTED_EDGE ( 'NONE', *, *, #501, .F. ) ;
#2102 = VECTOR ( 'NONE', #942, 1000.000000000000000 ) ;
#2103 =( NAMED_UNIT ( * ) PLANE_ANGLE_UNIT ( ) SI_UNIT ( $, .RADIAN. ) );
#2104 = STYLED_ITEM ( 'NONE', ( #242 ), #2156 ) ;
#2105 = ORIENTED_EDGE ( 'NONE', *, *, #21, .F. ) ;
#2106 =( LENGTH_UNIT ( ) NAMED_UNIT ( * ) SI_UNIT ( .MILLI., .METRE. ) );
#2107 = CARTESIAN_POINT ( 'NONE',  ( -7.349999999999998757, -0.2200000000000003619, 0.0000000000000000000 ) ) ;
#2108 = ORIENTED_EDGE ( 'NONE', *, *, #52, .F. ) ;
#2109 = LINE ( 'NONE', #200, #1742 ) ;
#2110 = SURFACE_STYLE_FILL_AREA ( #1501 ) ;
#2111 = ADVANCED_FACE ( 'NONE', ( #1103 ), #901, .F. ) ;
#2112 = ORIENTED_EDGE ( 'NONE', *, *, #547, .T. ) ;
#2113 =( NAMED_UNIT ( * ) PLANE_ANGLE_UNIT ( ) SI_UNIT ( $, .RADIAN. ) );
#2114 = SURFACE_STYLE_FILL_AREA ( #1508 ) ;
#2115 =( NAMED_UNIT ( * ) SI_UNIT ( $, .STERADIAN. ) SOLID_ANGLE_UNIT ( ) );
#2116 = CARTESIAN_POINT ( 'NONE',  ( 4.530000000000001137, 0.9199999999999995959, 0.0000000000000000000 ) ) ;
#2117 = EDGE_CURVE ( 'NONE', #426, #305, #1728, .T. ) ;
#2118 = VERTEX_POINT ( 'NONE', #393 ) ;
#2119 = SURFACE_SIDE_STYLE ('',( #776 ) ) ;
#2120 = PLANE ( 'NONE',  #1900 ) ;
#2121 = CARTESIAN_POINT ( 'NONE',  ( 7.350000000000000533, 0.9199999999999995959, 0.0000000000000000000 ) ) ;
#2122 = DIRECTION ( 'NONE',  ( 1.000000000000000000, 0.0000000000000000000, 0.0000000000000000000 ) ) ;
#2123 = STYLED_ITEM ( 'NONE', ( #269 ), #160 ) ;
#2124 = SURFACE_SIDE_STYLE ('',( #1520 ) ) ;
#2125 = DIRECTION ( 'NONE',  ( 0.9659258262890692004, 0.0000000000000000000, 0.2588190451025174643 ) ) ;
#2126 = ORIENTED_EDGE ( 'NONE', *, *, #579, .T. ) ;
#2127 =( NAMED_UNIT ( * ) PLANE_ANGLE_UNIT ( ) SI_UNIT ( $, .RADIAN. ) );
#2128 = EDGE_CURVE ( 'NONE', #1489, #2300, #1371, .T. ) ;
#2129 =( GEOMETRIC_REPRESENTATION_CONTEXT ( 3 ) GLOBAL_UNCERTAINTY_ASSIGNED_CONTEXT ( ( #80 ) ) GLOBAL_UNIT_ASSIGNED_CONTEXT ( ( #1406, #1939, #838 ) ) REPRESENTATION_CONTEXT ( 'NONE', 'WORKASPACE' ) );
#2130 = STYLED_ITEM ( 'NONE', ( #1855 ), #694 ) ;
#2131 = ORIENTED_EDGE ( 'NONE', *, *, #1378, .F. ) ;
#2132 = FILL_AREA_STYLE_COLOUR ( '', #1460 ) ;
#2133 = CARTESIAN_POINT ( 'NONE',  ( 8.570000000000002061, 3.750000000000000888, 7.000000000000000000 ) ) ;
#2134 = APPLICATION_PROTOCOL_DEFINITION ( 'draft international standard', 'automotive_design', 1998, #1769 ) ;
#2135 = VECTOR ( 'NONE', #1424, 1000.000000000000000 ) ;
#2136 =( GEOMETRIC_REPRESENTATION_CONTEXT ( 3 ) GLOBAL_UNCERTAINTY_ASSIGNED_CONTEXT ( ( #1203 ) ) GLOBAL_UNIT_ASSIGNED_CONTEXT ( ( #2231, #2380, #1445 ) ) REPRESENTATION_CONTEXT ( 'NONE', 'WORKASPACE' ) );
#2137 = UNCERTAINTY_MEASURE_WITH_UNIT (LENGTH_MEASURE( 1.000000000000000082E-05 ), #1583, 'distance_accuracy_value', 'NONE');
#2138 = PRESENTATION_STYLE_ASSIGNMENT (( #1548 ) ) ;
#2139 = EDGE_LOOP ( 'NONE', ( #2276, #2369, #2394, #981 ) ) ;
#2140 = FILL_AREA_STYLE_COLOUR ( '', #1904 ) ;
#2141 = UNCERTAINTY_MEASURE_WITH_UNIT (LENGTH_MEASURE( 1.000000000000000082E-05 ), #1471, 'distance_accuracy_value', 'NONE');
#2142 =( GEOMETRIC_REPRESENTATION_CONTEXT ( 3 ) GLOBAL_UNCERTAINTY_ASSIGNED_CONTEXT ( ( #1799 ) ) GLOBAL_UNIT_ASSIGNED_CONTEXT ( ( #1576, #638, #2154 ) ) REPRESENTATION_CONTEXT ( 'NONE', 'WORKASPACE' ) );
#2143 = EDGE_CURVE ( 'NONE', #2264, #1442, #2093, .T. ) ;
#2144 = DIRECTION ( 'NONE',  ( -1.000000000000000000, 0.0000000000000000000, 0.0000000000000000000 ) ) ;
#2145 = CARTESIAN_POINT ( 'NONE',  ( -7.349999999999998757, 0.9199999999999995959, 0.0000000000000000000 ) ) ;
#2146 = UNCERTAINTY_MEASURE_WITH_UNIT (LENGTH_MEASURE( 1.000000000000000082E-05 ), #1519, 'distance_accuracy_value', 'NONE');
#2147 = ORIENTED_EDGE ( 'NONE', *, *, #214, .T. ) ;
#2148 = DIRECTION ( 'NONE',  ( 0.0000000000000000000, -0.0000000000000000000, -1.000000000000000000 ) ) ;
#2149 = SURFACE_STYLE_USAGE ( .BOTH. , #1375 ) ;
#2150 = CARTESIAN_POINT ( 'NONE',  ( 3.959999999999999964, 0.3499999999999994782, 0.0000000000000000000 ) ) ;
#2151 = CARTESIAN_POINT ( 'NONE',  ( 8.490000000000000213, 0.9199999999999995959, 0.0000000000000000000 ) ) ;
#2152 = ORIENTED_EDGE ( 'NONE', *, *, #1945, .T. ) ;
#2153 = CARTESIAN_POINT ( 'NONE',  ( -3.389999999999998792, 0.0000000000000000000, 3.200000000000000622 ) ) ;
#2154 =( NAMED_UNIT ( * ) SI_UNIT ( $, .STERADIAN. ) SOLID_ANGLE_UNIT ( ) );
#2155 = CARTESIAN_POINT ( 'NONE',  ( 4.530000000000001137, 0.9199999999999995959, 3.200000000000000622 ) ) ;
#2156 = ADVANCED_FACE ( 'N', ( #2271 ), #205, .T. ) ;
#2157 =( NAMED_UNIT ( * ) PLANE_ANGLE_UNIT ( ) SI_UNIT ( $, .RADIAN. ) );
#2158 = ORIENTED_EDGE ( 'NONE', *, *, #1479, .F. ) ;
#2159 = MECHANICAL_DESIGN_GEOMETRIC_PRESENTATION_REPRESENTATION (  '', ( #1656 ), #1218 ) ;
#2160 = UNCERTAINTY_MEASURE_WITH_UNIT (LENGTH_MEASURE( 1.000000000000000082E-05 ), #1242, 'distance_accuracy_value', 'NONE');
#2161 = STYLED_ITEM ( 'NONE', ( #1772 ), #343 ) ;
#2162 = LINE ( 'NONE', #482, #1615 ) ;
#2163 = STYLED_ITEM ( 'NONE', ( #156 ), #430 ) ;
#2164 = CARTESIAN_POINT ( 'NONE',  ( -8.489999999999998437, 0.9199999999999995959, 3.200000000000000622 ) ) ;
#2165 =( GEOMETRIC_REPRESENTATION_CONTEXT ( 3 ) GLOBAL_UNCERTAINTY_ASSIGNED_CONTEXT ( ( #1828 ) ) GLOBAL_UNIT_ASSIGNED_CONTEXT ( ( #922, #1078, #889 ) ) REPRESENTATION_CONTEXT ( 'NONE', 'WORKASPACE' ) );
#2166 =( NAMED_UNIT ( * ) PLANE_ANGLE_UNIT ( ) SI_UNIT ( $, .RADIAN. ) );
#2167 = SURFACE_STYLE_FILL_AREA ( #1200 ) ;
#2168 = MECHANICAL_DESIGN_GEOMETRIC_PRESENTATION_REPRESENTATION (  '', ( #1227 ), #2012 ) ;
#2169 = ORIENTED_EDGE ( 'NONE', *, *, #273, .F. ) ;
#2170 = ADVANCED_FACE ( 'NONE', ( #968 ), #1551, .F. ) ;
#2171 = PRESENTATION_STYLE_ASSIGNMENT (( #1420 ) ) ;
#2172 = PRESENTATION_STYLE_ASSIGNMENT (( #1422 ) ) ;
#2173 = ORIENTED_EDGE ( 'NONE', *, *, #661, .T. ) ;
#2174 = AXIS2_PLACEMENT_3D ( 'NONE', #2384, #1858, #1066 ) ;
#2175 = PRESENTATION_LAYER_ASSIGNMENT (  '', '', ( #527 ) ) ;
#2176 = FACE_OUTER_BOUND ( 'NONE', #384, .T. ) ;
#2177 = AXIS2_PLACEMENT_3D ( 'NONE', #1759, #73, #2273 ) ;
#2178 = DIRECTION ( 'NONE',  ( 0.0000000000000000000, 0.0000000000000000000, -1.000000000000000000 ) ) ;
#2179 = EDGE_CURVE ( 'NONE', #315, #1459, #358, .T. ) ;
#2180 = SURFACE_SIDE_STYLE ('',( #118 ) ) ;
#2181 = DIRECTION ( 'NONE',  ( -0.0000000000000000000, -1.000000000000000000, -0.0000000000000000000 ) ) ;
#2182 = DIRECTION ( 'NONE',  ( -1.000000000000000000, -0.0000000000000000000, -0.0000000000000000000 ) ) ;
#2183 = FILL_AREA_STYLE_COLOUR ( '', #991 ) ;
#2184 = ORIENTED_EDGE ( 'NONE', *, *, #1682, .T. ) ;
#2185 = PLANE ( 'NONE',  #844 ) ;
#2186 = CARTESIAN_POINT ( 'NONE',  ( 9.869999999999999218, 2.349999999999999645, 3.200000000000000622 ) ) ;
#2187 = DIRECTION ( 'NONE',  ( 1.826024711554533223E-15, 1.000000000000000000, 0.0000000000000000000 ) ) ;
#2188 = SURFACE_SIDE_STYLE ('',( #496 ) ) ;
#2189 = DIRECTION ( 'NONE',  ( 0.0000000000000000000, 0.0000000000000000000, -1.000000000000000000 ) ) ;
#2190 = CARTESIAN_POINT ( 'NONE',  ( -7.349999999999998757, 0.9199999999999995959, 0.0000000000000000000 ) ) ;
#2191 = VERTEX_POINT ( 'NONE', #1046 ) ;
#2192 = PLANE ( 'NONE',  #1261 ) ;
#2193 = DIRECTION ( 'NONE',  ( -7.616428213254044251E-16, 0.2588190451025159100, 0.9659258262890695335 ) ) ;
#2194 = ORIENTED_EDGE ( 'NONE', *, *, #1449, .T. ) ;
#2195 =( LENGTH_UNIT ( ) NAMED_UNIT ( * ) SI_UNIT ( .MILLI., .METRE. ) );
#2196 =( NAMED_UNIT ( * ) PLANE_ANGLE_UNIT ( ) SI_UNIT ( $, .RADIAN. ) );
#2197 = SURFACE_STYLE_FILL_AREA ( #1830 ) ;
#2198 = ADVANCED_FACE ( 'NONE', ( #2176 ), #1206, .T. ) ;
#2199 = FACE_OUTER_BOUND ( 'NONE', #2379, .T. ) ;
#2200 = PRESENTATION_LAYER_ASSIGNMENT (  '', '', ( #2123 ) ) ;
#2201 = PRESENTATION_LAYER_ASSIGNMENT (  '', '', ( #198 ) ) ;
#2202 = SURFACE_SIDE_STYLE ('',( #715 ) ) ;
#2203 = LINE ( 'NONE', #1865, #23 ) ;
#2204 = ORIENTED_EDGE ( 'NONE', *, *, #1118, .T. ) ;
#2205 = MECHANICAL_DESIGN_GEOMETRIC_PRESENTATION_REPRESENTATION (  '', ( #2241 ), #1965 ) ;
#2206 = LINE ( 'NONE', #1278, #1866 ) ;
#2207 = SURFACE_SIDE_STYLE ('',( #1081 ) ) ;
#2208 = VERTEX_POINT ( 'NONE', #1984 ) ;
#2209 = LINE ( 'NONE', #1995, #1232 ) ;
#2210 = VECTOR ( 'NONE', #2336, 1000.000000000000000 ) ;
#2211 = VECTOR ( 'NONE', #701, 1000.000000000000000 ) ;
#2212 = SURFACE_SIDE_STYLE ('',( #2398 ) ) ;
#2213 = DIRECTION ( 'NONE',  ( -1.000000000000000000, 0.0000000000000000000, 0.0000000000000000000 ) ) ;
#2214 = VECTOR ( 'NONE', #1263, 1000.000000000000000 ) ;
#2215 = DIRECTION ( 'NONE',  ( 1.000000000000000000, -0.0000000000000000000, 0.0000000000000000000 ) ) ;
#2216 = EDGE_CURVE ( 'NONE', #2408, #2389, #1388, .T. ) ;
#2217 =( NAMED_UNIT ( * ) PLANE_ANGLE_UNIT ( ) SI_UNIT ( $, .RADIAN. ) );
#2218 = CARTESIAN_POINT ( 'NONE',  ( -3.389999999999998792, -0.2200000000000003619, 0.0000000000000000000 ) ) ;
#2219 = EDGE_CURVE ( 'NONE', #2321, #168, #1025, .T. ) ;
#2220 = EDGE_LOOP ( 'NONE', ( #1344, #2065, #1950, #1255 ) ) ;
#2221 = FACE_BOUND ( 'NONE', #1328, .T. ) ;
#2222 = ORIENTED_EDGE ( 'NONE', *, *, #347, .T. ) ;
#2223 = PRESENTATION_STYLE_ASSIGNMENT (( #939 ) ) ;
#2224 = CARTESIAN_POINT ( 'NONE',  ( -0.5699999999999997291, -0.5700000000000000622, 9.899999999999982592 ) ) ;
#2225 = FACE_OUTER_BOUND ( 'NONE', #541, .T. ) ;
#2226 = DIRECTION ( 'NONE',  ( -1.000000000000000000, 0.0000000000000000000, -0.0000000000000000000 ) ) ;
#2227 =( NAMED_UNIT ( * ) PLANE_ANGLE_UNIT ( ) SI_UNIT ( $, .RADIAN. ) );
#2228 = CARTESIAN_POINT ( 'NONE',  ( 8.570000000000002061, 2.939488223348471152, 9.400000000000002132 ) ) ;
#2229 = ITEM_DEFINED_TRANSFORMATION ( 'NONE', 'NONE', #683,  #96 ) ;
#2230 = EDGE_CURVE ( 'NONE', #499, #577, #479, .T. ) ;
#2231 =( LENGTH_UNIT ( ) NAMED_UNIT ( * ) SI_UNIT ( .MILLI., .METRE. ) );
#2232 = VERTEX_POINT ( 'NONE', #102 ) ;
#2233 = CARTESIAN_POINT ( 'NONE',  ( -3.389999999999998792, -0.2200000000000003619, 0.0000000000000000000 ) ) ;
#2234 = PRODUCT_DEFINITION_SHAPE ( 'NONE', 'NONE',  #445 ) ;
#2235 = SURFACE_STYLE_FILL_AREA ( #2055 ) ;
#2236 = DIRECTION ( 'NONE',  ( -0.0000000000000000000, -1.000000000000000000, 0.0000000000000000000 ) ) ;
#2237 = COLOUR_RGB ( '',0.8980392156862745390, 0.8980392156862745390, 0.8980392156862745390 ) ;
#2238 = ORIENTED_EDGE ( 'NONE', *, *, #1251, .F. ) ;
#2239 = DIRECTION ( 'NONE',  ( 0.0000000000000000000, 0.0000000000000000000, 1.000000000000000000 ) ) ;
#2240 = DIRECTION ( 'NONE',  ( 1.826024711554533223E-15, 1.000000000000000000, 0.0000000000000000000 ) ) ;
#2241 = STYLED_ITEM ( 'NONE', ( #2027 ), #660 ) ;
#2242 = ORIENTED_EDGE ( 'NONE', *, *, #52, .T. ) ;
#2243 =( NAMED_UNIT ( * ) PLANE_ANGLE_UNIT ( ) SI_UNIT ( $, .RADIAN. ) );
#2244 = ORIENTED_EDGE ( 'NONE', *, *, #563, .T. ) ;
#2245 = CARTESIAN_POINT ( 'NONE',  ( 8.490000000000000213, -0.2200000000000003619, 0.0000000000000000000 ) ) ;
#2246 = MECHANICAL_DESIGN_GEOMETRIC_PRESENTATION_REPRESENTATION (  '', ( #882 ), #206 ) ;
#2247 = LINE ( 'NONE', #1120, #611 ) ;
#2248 = SURFACE_SIDE_STYLE ('',( #13 ) ) ;
#2249 = MECHANICAL_DESIGN_GEOMETRIC_PRESENTATION_REPRESENTATION (  '', ( #684 ), #207 ) ;
#2250 = MECHANICAL_DESIGN_GEOMETRIC_PRESENTATION_REPRESENTATION (  '', ( #288 ), #1233 ) ;
#2251 = CARTESIAN_POINT ( 'NONE',  ( -9.869999999999999218, 0.0000000000000000000, 0.0000000000000000000 ) ) ;
#2252 = ORIENTED_EDGE ( 'NONE', *, *, #698, .F. ) ;
#2253 = CARTESIAN_POINT ( 'NONE',  ( -4.529999999999999361, -0.2200000000000003619, 0.0000000000000000000 ) ) ;
#2254 =( GEOMETRIC_REPRESENTATION_CONTEXT ( 3 ) GLOBAL_UNCERTAINTY_ASSIGNED_CONTEXT ( ( #2259 ) ) GLOBAL_UNIT_ASSIGNED_CONTEXT ( ( #2053, #1308, #1652 ) ) REPRESENTATION_CONTEXT ( 'NONE', 'WORKASPACE' ) );
#2255 = PRESENTATION_STYLE_ASSIGNMENT (( #1351 ) ) ;
#2256 = ORIENTED_EDGE ( 'NONE', *, *, #1166, .T. ) ;
#2257 = CARTESIAN_POINT ( 'NONE',  ( -0.5699999999999992850, -0.2200000000000003619, 0.0000000000000000000 ) ) ;
#2258 = SHAPE_REPRESENTATION_RELATIONSHIP ( 'NONE' , 'NONE' ,  #1494, #1414 ) ;
#2259 = UNCERTAINTY_MEASURE_WITH_UNIT (LENGTH_MEASURE( 1.000000000000000082E-05 ), #2053, 'distance_accuracy_value', 'NONE');
#2260 = ORIENTED_EDGE ( 'NONE', *, *, #1539, .F. ) ;
#2261 = CARTESIAN_POINT ( 'NONE',  ( 0.0000000000000000000, 2.349999999999999645, 3.200000000000000622 ) ) ;
#2262 = DIRECTION ( 'NONE',  ( -0.0000000000000000000, -1.000000000000000000, 0.0000000000000000000 ) ) ;
#2263 = CARTESIAN_POINT ( 'NONE',  ( -4.529999999999999361, -0.2200000000000003619, 0.0000000000000000000 ) ) ;
#2264 = VERTEX_POINT ( 'NONE', #866 ) ;
#2265 = CARTESIAN_POINT ( 'NONE',  ( 0.0000000000000000000, 0.0000000000000000000, 0.0000000000000000000 ) ) ;
#2266 =( NAMED_UNIT ( * ) SI_UNIT ( $, .STERADIAN. ) SOLID_ANGLE_UNIT ( ) );
#2267 = ORIENTED_EDGE ( 'NONE', *, *, #1176, .F. ) ;
#2268 = CARTESIAN_POINT ( 'NONE',  ( 8.490000000000000213, 0.0000000000000000000, 3.200000000000000622 ) ) ;
#2269 = CARTESIAN_POINT ( 'NONE',  ( -8.570000000000002061, 0.0000000000000000000, 9.400000000000000355 ) ) ;
#2270 = EDGE_LOOP ( 'NONE', ( #635, #1024, #1480, #2034 ) ) ;
#2271 = FACE_OUTER_BOUND ( 'NONE', #2092, .T. ) ;
#2272 = EDGE_CURVE ( 'NONE', #796, #2365, #2343, .T. ) ;
#2273 = DIRECTION ( 'NONE',  ( 0.0000000000000000000, -0.0000000000000000000, -1.000000000000000000 ) ) ;
#2274 = DIRECTION ( 'NONE',  ( 1.000000000000000000, -0.0000000000000000000, 0.0000000000000000000 ) ) ;
#2275 = PRESENTATION_LAYER_ASSIGNMENT (  '', '', ( #1656 ) ) ;
#2276 = ORIENTED_EDGE ( 'NONE', *, *, #1741, .T. ) ;
#2277 = PRESENTATION_STYLE_ASSIGNMENT (( #1160 ) ) ;
#2278 = MECHANICAL_DESIGN_GEOMETRIC_PRESENTATION_REPRESENTATION (  '', ( #198 ), #2087 ) ;
#2279 = ORIENTED_EDGE ( 'NONE', *, *, #2179, .T. ) ;
#2280 = PRESENTATION_STYLE_ASSIGNMENT (( #1354 ) ) ;
#2281 =( GEOMETRIC_REPRESENTATION_CONTEXT ( 3 ) GLOBAL_UNCERTAINTY_ASSIGNED_CONTEXT ( ( #1599 ) ) GLOBAL_UNIT_ASSIGNED_CONTEXT ( ( #2004, #1635, #2036 ) ) REPRESENTATION_CONTEXT ( 'NONE', 'WORKASPACE' ) );
#2282 =( NAMED_UNIT ( * ) SI_UNIT ( $, .STERADIAN. ) SOLID_ANGLE_UNIT ( ) );
#2283 = UNCERTAINTY_MEASURE_WITH_UNIT (LENGTH_MEASURE( 1.000000000000000082E-05 ), #1587, 'distance_accuracy_value', 'NONE');
#2284 = VECTOR ( 'NONE', #1500, 1000.000000000000000 ) ;
#2285 = ORIENTED_EDGE ( 'NONE', *, *, #962, .T. ) ;
#2286 = VECTOR ( 'NONE', #739, 1000.000000000000000 ) ;
#2287 = FILL_AREA_STYLE ('',( #1943 ) ) ;
#2288 = DIRECTION ( 'NONE',  ( 0.0000000000000000000, -0.0000000000000000000, 1.000000000000000000 ) ) ;
#2289 = LINE ( 'NONE', #5, #960 ) ;
#2290 = VECTOR ( 'NONE', #344, 1000.000000000000000 ) ;
#2291 = EDGE_CURVE ( 'NONE', #506, #708, #1951, .T. ) ;
#2292 = PRESENTATION_LAYER_ASSIGNMENT (  '', '', ( #65 ) ) ;
#2293 = VERTEX_POINT ( 'NONE', #648 ) ;
#2294 = DIRECTION ( 'NONE',  ( 1.826024711554533223E-15, 1.000000000000000000, 0.0000000000000000000 ) ) ;
#2295 = DIRECTION ( 'NONE',  ( -1.000000000000000000, 0.0000000000000000000, -0.0000000000000000000 ) ) ;
#2296 = AXIS2_PLACEMENT_3D ( 'NONE', #1992, #1224, #1386 ) ;
#2297 = MECHANICAL_DESIGN_GEOMETRIC_PRESENTATION_REPRESENTATION (  '', ( #1676 ), #805 ) ;
#2298 = DIRECTION ( 'NONE',  ( 0.2588190451025174643, 0.0000000000000000000, 0.9659258262890692004 ) ) ;
#2299 = VECTOR ( 'NONE', #1625, 1000.000000000000000 ) ;
#2300 = VERTEX_POINT ( 'NONE', #1034 ) ;
#2301 = CARTESIAN_POINT ( 'NONE',  ( -0.3020508075688761451, 0.0000000000000000000, -3.700000000000000178 ) ) ;
#2302 = DIRECTION ( 'NONE',  ( -1.000000000000000000, -0.0000000000000000000, -0.0000000000000000000 ) ) ;
#2303 = FILL_AREA_STYLE_COLOUR ( '', #520 ) ;
#2304 =( LENGTH_UNIT ( ) NAMED_UNIT ( * ) SI_UNIT ( .MILLI., .METRE. ) );
#2305 = EDGE_CURVE ( 'NONE', #1090, #499, #840, .T. ) ;
#2306 = EDGE_CURVE ( 'NONE', #2118, #305, #658, .T. ) ;
#2307 = CARTESIAN_POINT ( 'NONE',  ( -0.5700000000000000622, 0.5700000000000001732, 10.90000000000000036 ) ) ;
#2308 = DIRECTION ( 'NONE',  ( 0.0000000000000000000, -0.9647638212377330769, -0.2631174057921055742 ) ) ;
#2309 = UNCERTAINTY_MEASURE_WITH_UNIT (LENGTH_MEASURE( 1.000000000000000082E-05 ), #109, 'distance_accuracy_value', 'NONE');
#2310 = ORIENTED_EDGE ( 'NONE', *, *, #2400, .T. ) ;
#2311 = FILL_AREA_STYLE_COLOUR ( '', #1431 ) ;
#2312 = FACE_OUTER_BOUND ( 'NONE', #521, .T. ) ;
#2313 = CARTESIAN_POINT ( 'NONE',  ( 9.869999999999999218, -4.250000000000000000, 3.200000000000000622 ) ) ;
#2314 = ORIENTED_EDGE ( 'NONE', *, *, #1334, .F. ) ;
#2315 = PRESENTATION_STYLE_ASSIGNMENT (( #1605 ) ) ;
#2316 = EDGE_LOOP ( 'NONE', ( #2108, #1338, #79, #1688 ) ) ;
#2317 = LINE ( 'NONE', #820, #2322 ) ;
#2318 =( GEOMETRIC_REPRESENTATION_CONTEXT ( 3 ) GLOBAL_UNCERTAINTY_ASSIGNED_CONTEXT ( ( #2356 ) ) GLOBAL_UNIT_ASSIGNED_CONTEXT ( ( #2304, #2166, #1059 ) ) REPRESENTATION_CONTEXT ( 'NONE', 'WORKASPACE' ) );
#2319 = CARTESIAN_POINT ( 'NONE',  ( 0.5700000000000010614, -0.2200000000000003619, 0.0000000000000000000 ) ) ;
#2320 = EDGE_CURVE ( 'NONE', #600, #315, #1398, .T. ) ;
#2321 = VERTEX_POINT ( 'NONE', #444 ) ;
#2322 = VECTOR ( 'NONE', #631, 1000.000000000000000 ) ;
#2323 = STYLED_ITEM ( 'NONE', ( #2277 ), #869 ) ;
#2324 = CARTESIAN_POINT ( 'NONE',  ( 0.5699999999999998401, 0.5700000000000001732, 10.90000000000000036 ) ) ;
#2325 = ORIENTED_EDGE ( 'NONE', *, *, #412, .T. ) ;
#2326 = SURFACE_SIDE_STYLE ('',( #2167 ) ) ;
#2327 =( LENGTH_UNIT ( ) NAMED_UNIT ( * ) SI_UNIT ( .MILLI., .METRE. ) );
#2328 = VECTOR ( 'NONE', #734, 1000.000000000000000 ) ;
#2329 = LINE ( 'NONE', #2116, #1701 ) ;
#2330 = AXIS2_PLACEMENT_3D ( 'NONE', #1127, #737, #954 ) ;
#2331 = ORIENTED_EDGE ( 'NONE', *, *, #2128, .F. ) ;
#2332 = FILL_AREA_STYLE ('',( #2140 ) ) ;
#2333 = COLOUR_RGB ( '',1.000000000000000000, 1.000000000000000000, 1.000000000000000000 ) ;
#2334 = FACE_OUTER_BOUND ( 'NONE', #875, .T. ) ;
#2335 = EDGE_CURVE ( 'NONE', #122, #2208, #1192, .T. ) ;
#2336 = DIRECTION ( 'NONE',  ( 1.000000000000000000, 0.0000000000000000000, 0.0000000000000000000 ) ) ;
#2337 = ORIENTED_EDGE ( 'NONE', *, *, #2320, .T. ) ;
#2338 = PRODUCT_DEFINITION_SHAPE ( 'NONE', 'NONE',  #2413 ) ;
#2339 = CARTESIAN_POINT ( 'NONE',  ( 0.0000000000000000000, 0.3020508075688762561, 10.90000000000000036 ) ) ;
#2340 = PRODUCT_CONTEXT ( 'NONE', #2011, 'mechanical' ) ;
#2341 = SURFACE_STYLE_USAGE ( .BOTH. , #834 ) ;
#2342 = VERTEX_POINT ( 'NONE', #1013 ) ;
#2343 = LINE ( 'NONE', #1623, #1938 ) ;
#2344 = SURFACE_STYLE_FILL_AREA ( #1987 ) ;
#2345 = PRESENTATION_STYLE_ASSIGNMENT (( #628 ) ) ;
#2346 = ADVANCED_FACE ( 'NONE', ( #1767 ), #466, .F. ) ;
#2347 = FILL_AREA_STYLE ('',( #1252 ) ) ;
#2348 = FILL_AREA_STYLE ('',( #2132 ) ) ;
#2349 = ORIENTED_EDGE ( 'NONE', *, *, #1166, .F. ) ;
#2350 = CARTESIAN_POINT ( 'NONE',  ( 0.0000000000000000000, 0.0000000000000000000, -3.700000000000000178 ) ) ;
#2351 = DIRECTION ( 'NONE',  ( 0.0000000000000000000, 0.0000000000000000000, 1.000000000000000000 ) ) ;
#2352 = FILL_AREA_STYLE ('',( #864 ) ) ;
#2353 = CARTESIAN_POINT ( 'NONE',  ( 0.5699999999999998401, -0.5700000000000001732, 10.90000000000000036 ) ) ;
#2354 = ORIENTED_EDGE ( 'NONE', *, *, #1463, .F. ) ;
#2355 = CARTESIAN_POINT ( 'NONE',  ( 8.490000000000000213, 0.9199999999999995959, 0.0000000000000000000 ) ) ;
#2356 = UNCERTAINTY_MEASURE_WITH_UNIT (LENGTH_MEASURE( 1.000000000000000082E-05 ), #2304, 'distance_accuracy_value', 'NONE');
#2357 = MECHANICAL_DESIGN_GEOMETRIC_PRESENTATION_REPRESENTATION (  '', ( #2000 ), #15 ) ;
#2358 = SURFACE_STYLE_FILL_AREA ( #1207 ) ;
#2359 = MECHANICAL_DESIGN_GEOMETRIC_PRESENTATION_REPRESENTATION (  '', ( #280 ), #1307 ) ;
#2360 = CARTESIAN_POINT ( 'NONE',  ( -9.869999999999999218, 2.939488223348471152, 9.400000000000000355 ) ) ;
#2361 = CARTESIAN_POINT ( 'NONE',  ( 8.570000000000002061, 0.0000000000000000000, 9.400000000000000355 ) ) ;
#2362 = EDGE_CURVE ( 'NONE', #182, #796, #1250, .T. ) ;
#2363 = FACE_OUTER_BOUND ( 'NONE', #2139, .T. ) ;
#2364 = PRESENTATION_LAYER_ASSIGNMENT (  '', '', ( #1035 ) ) ;
#2365 = VERTEX_POINT ( 'NONE', #1826 ) ;
#2366 = FACE_OUTER_BOUND ( 'NONE', #1109, .T. ) ;
#2367 = CARTESIAN_POINT ( 'NONE',  ( 8.570000000000002061, 3.650000000000000355, 9.400000000000002132 ) ) ;
#2368 = STYLED_ITEM ( 'NONE', ( #532 ), #1401 ) ;
#2369 = ORIENTED_EDGE ( 'NONE', *, *, #119, .F. ) ;
#2370 = PRESENTATION_LAYER_ASSIGNMENT (  '', '', ( #684 ) ) ;
#2371 = COLOUR_RGB ( '',1.000000000000000000, 1.000000000000000000, 1.000000000000000000 ) ;
#2372 = DIRECTION ( 'NONE',  ( -0.0000000000000000000, 0.0000000000000000000, 1.000000000000000000 ) ) ;
#2373 = AXIS2_PLACEMENT_3D ( 'NONE', #1376, #811, #2122 ) ;
#2374 = LINE ( 'NONE', #481, #567 ) ;
#2375 = DIRECTION ( 'NONE',  ( 1.000000000000000000, 0.0000000000000000000, 0.0000000000000000000 ) ) ;
#2376 =( LENGTH_UNIT ( ) NAMED_UNIT ( * ) SI_UNIT ( .MILLI., .METRE. ) );
#2377 = FILL_AREA_STYLE ('',( #1630 ) ) ;
#2378 = SURFACE_SIDE_STYLE ('',( #2388 ) ) ;
#2379 = EDGE_LOOP ( 'NONE', ( #24, #357, #839, #957 ) ) ;
#2380 =( NAMED_UNIT ( * ) PLANE_ANGLE_UNIT ( ) SI_UNIT ( $, .RADIAN. ) );
#2381 = FILL_AREA_STYLE ('',( #2183 ) ) ;
#2382 = ADVANCED_FACE ( 'NONE', ( #1650 ), #2185, .T. ) ;
#2383 = ORIENTED_EDGE ( 'NONE', *, *, #1018, .F. ) ;
#2384 = CARTESIAN_POINT ( 'NONE',  ( -9.869999999999999218, 4.250000000000000000, 9.400000000000000355 ) ) ;
#2385 = CARTESIAN_POINT ( 'NONE',  ( 4.530000000000001137, -0.2200000000000003619, 0.0000000000000000000 ) ) ;
#2386 =( LENGTH_UNIT ( ) NAMED_UNIT ( * ) SI_UNIT ( .MILLI., .METRE. ) );
#2387 =( NAMED_UNIT ( * ) SI_UNIT ( $, .STERADIAN. ) SOLID_ANGLE_UNIT ( ) );
#2388 = SURFACE_STYLE_FILL_AREA ( #1272 ) ;
#2389 = VERTEX_POINT ( 'NONE', #3 ) ;
#2390 = SURFACE_STYLE_USAGE ( .BOTH. , #1854 ) ;
#2391 = CONTEXT_DEPENDENT_SHAPE_REPRESENTATION ( #723, #540 ) ;
#2392 = FILL_AREA_STYLE_COLOUR ( '', #1580 ) ;
#2393 = CARTESIAN_POINT ( 'NONE',  ( -7.349999999999998757, 0.0000000000000000000, 3.200000000000000622 ) ) ;
#2394 = ORIENTED_EDGE ( 'NONE', *, *, #2216, .F. ) ;
#2395 = LINE ( 'NONE', #500, #2214 ) ;
#2396 = EDGE_CURVE ( 'NONE', #2365, #37, #2209, .T. ) ;
#2397 = PRESENTATION_LAYER_ASSIGNMENT (  '', '', ( #1303 ) ) ;
#2398 = SURFACE_STYLE_FILL_AREA ( #161 ) ;
#2399 = DIRECTION ( 'NONE',  ( -0.9659258262890692004, 0.0000000000000000000, 0.2588190451025174643 ) ) ;
#2400 = EDGE_CURVE ( 'NONE', #1983, #1182, #2395, .T. ) ;
#2401 = AXIS2_PLACEMENT_3D ( 'NONE', #2339, #1560, #287 ) ;
#2402 = SURFACE_STYLE_USAGE ( .BOTH. , #2202 ) ;
#2403 =( NAMED_UNIT ( * ) PLANE_ANGLE_UNIT ( ) SI_UNIT ( $, .RADIAN. ) );
#2404 = VECTOR ( 'NONE', #1186, 1000.000000000000000 ) ;
#2405 = ORIENTED_EDGE ( 'NONE', *, *, #836, .T. ) ;
#2406 = PRESENTATION_STYLE_ASSIGNMENT (( #1658 ) ) ;
#2407 = FILL_AREA_STYLE_COLOUR ( '', #248 ) ;
#2408 = VERTEX_POINT ( 'NONE', #2041 ) ;
#2409 = VECTOR ( 'NONE', #2274, 1000.000000000000000 ) ;
#2410 = COLOUR_RGB ( '',1.000000000000000000, 1.000000000000000000, 1.000000000000000000 ) ;
#2411 = PRODUCT_DEFINITION_FORMATION_WITH_SPECIFIED_SOURCE ( 'ANY', '', #571, .NOT_KNOWN. ) ;
#2412 =( NAMED_UNIT ( * ) SI_UNIT ( $, .STERADIAN. ) SOLID_ANGLE_UNIT ( ) );
#2413 = NEXT_ASSEMBLY_USAGE_OCCURRENCE ( 'NAUO1', ' ', ' ', #445, #1996, $ ) ;
#2414 = NEXT_ASSEMBLY_USAGE_OCCURRENCE ( 'NAUO2', ' ', ' ', #445, #1996, $ ) ;
#2415 = NEXT_ASSEMBLY_USAGE_OCCURRENCE ( 'NAUO3', ' ', ' ', #445, #1996, $ ) ;
#2416 = NEXT_ASSEMBLY_USAGE_OCCURRENCE ( 'NAUO4', ' ', ' ', #445, #1996, $ ) ;
#2417 = NEXT_ASSEMBLY_USAGE_OCCURRENCE ( 'NAUO5', ' ', ' ', #445, #1996, $ ) ;
#2418 = NEXT_ASSEMBLY_USAGE_OCCURRENCE ( 'NAUO6', ' ', ' ', #445, #1726, $ ) ;
ENDSEC;
END-ISO-10303-21;
